feature_text,actual,predicted
"Phenylphosphine [Basis for listing changed effective June 6, 2014] cross-category developmental male OEHHA California, USA Listed developmental male",warning_or_hazard_listed,warning_or_hazard_listed
"Thiophanate methyl cross-category female reproductive toxicity OEHHA California, USA Listed female reproductive toxicity",restricted_or_thresholded,warning_or_hazard_listed
"Benzo[b]fluoranthene cross-category REACH SVHC candidate list ECHA European Union Candidate list PBT (Article 57d)""vPvB (Article 57e)",source_context_only,source_context_only
Phenol cross-category REACH SVHC candidate list ECHA European Union Candidate list Toxic for reproduction (Article 57c),source_context_only,source_context_only
"Saccharin, sodium Delisted January 17, 2003 [Click here for the basis for delisting] cross-category cancer OEHHA California, USA Listed cancer",warning_or_hazard_listed,warning_or_hazard_listed
"Emissions from combustion of coal cross-category cancer OEHHA California, USA Listed cancer",warning_or_hazard_listed,restricted_or_thresholded
Chloral cosmetics all cosmetic products Health Canada Canada Prohibited,banned_or_prohibited,banned_or_prohibited
"Monocrotaline cross-category cancer OEHHA California, USA Listed cancer",restricted_or_thresholded,restricted_or_thresholded
"2,3,7,8-Tetrachlorodibenzo-p-dioxin (TCDD) cosmetics all cosmetic products Health Canada Canada Prohibited",banned_or_prohibited,banned_or_prohibited
"Cadmium and its compounds Cadmium sulfoselenide red This substance is identified in the Colour Index by Colour Index Constitution Number, C.I. 77202. EC / List no: 261-218-1 | CAS no: 58339-34-7 Cadmium, diethyl- EC / List no: 804-213-7 | CAS no: 592-02-9 Cadmium sulfide (CdS), aluminum and copper-doped EC / List no: 272-539-1 | CAS no: 68876-98-2 Potassium sulfate cadmium hexahydrate EC / List no: - | CAS no: 30623-04-2 Bis[N,N-bis(carboxymethyl)glycinato(3-)]tricadmium EC / List no: 256-679-0 | CAS no: 50648-02-7 Cadmium distearate EC / List no: 218-743-6 | CAS no: 2223-93-0 Cadmium iodate EC / List no: 232-224-1 | CAS no: 7790-81-0 Cadmium selenide (CdSe), solid soln. with cadmium sulfide EC / List no: 275-290-7 | CAS no: 71243-75-9 Naphthenic acids, cadmium salts EC / List no: 263-053-0 | CAS no: 61789-34-2 Cadmium bis(heptadecanoate) EC / List no: 263-434-1 | CAS no: 62149-56-8 Cadmium bromide EC / List no: 232-165-1 | CAS no: 7789-42-6 Cadmium borate oxide (Cd3(BO2)4O), manganese-doped EC / List no: - | CAS no: 68784-58-7 Cadmium 3,5,5-trimethylhexanoate EC / List no: 252-918-8 | CAS no: 36211-44-6 Propanoic acid, cadmium salt, basic EC / List no: 292-013-5 | CAS no: 90529-78-5 Cadmium hydrogen phosphate EC / List no: 237-920-9 | CAS no: 14067-62-0 Selenic acid, cadmium salt (1:1), dihydrate EC / List no: - | CAS no: 10060-09-0 Cadmium zinc sulfide yellow This substance is identified in the Colour Index by Colour Index Constitution Number, C.I. 77205. EC / List no: 232-466-8 | CAS no: 8048-07-5 Tricadmium bis(phosphate) EC / List no: 236-764-9 | CAS no: 13477-17-3 Cadmium, dichlorotetrakis(1H-imidazole-kappaN3)- EC / List no: - | CAS no: 72275-93-5 Cadmium bis(4-cyclohexylbutyrate) EC / List no: 259-767-7 | CAS no: 55700-14-6 Bis(5-oxo-DL-prolinato-N1,O2)cadmium EC / List no: 289-081-3 | CAS no: 85994-31-6 Sulfuric acid, cadmium salt, hydrate (3:3:8) EC / List no: 616-572-5 | CAS no: 7790-84-3 Barium cadmium tetrastearate EC / List no: 214-740-9 | CAS no: 1191-79-3 Cadmium bis(octylphenolate) EC / List no: 284-444-2 | CAS no: 84878-51-3 Barium cadmium zinc sulfide (Ba2(Cd,Zn)S3), manganese-doped EC / List no: - | CAS no: 68876-90-4 Fatty acids, rape-oil, cadmium salts EC / List no: 296-454-4 | CAS no: 92704-24-0 (T-4)-Bis[1,1,2,2-tetramethyl-1,2-bis(sulfanylidene-kappaS)-1lambda(5),2lambda(5)-diphosphane]cadmium(2+) diperchlorate EC / List no: - | CAS no: 71231-59-9 Cadmium isooctanoate EC / List no: 250-118-3 | CAS no: 30304-32-6 Cadmium sulphate EC / List no: 233-331-6 | CAS no: 10124-36-4 Potassium sulfate cadmium EC / List no: - | CAS no: 28038-25-7 Cadmium, chloro(1,10-phenanthroline-2-carboxylato)-, polymers EC / List no: - | CAS no: 25685-75-0 Cadmium [R-(R*,R*)]-tartrate EC / List no: 251-827-0 | CAS no: 34100-40-8 Bis(propane-1,2-diyldiamine-N,N')cadmium(2+) bis[bis(cyano-C)aurate(1-)] EC / List no: 267-692-6 | CAS no: 67906-19-8 Cadmium isononanoate EC / List no: 283-660-4 | CAS no: 84696-56-0 Bis(2-ethylhexyl mercaptoacetato -O',S)cadmium EC / List no: 299-281-2 | CAS no: 93858-50-5 Chlorous acid, cadmium salt EC / List no: - | CAS no: 125687-98-1 Cadmium octyl phthalate (1:2:2) EC / List no: 304-483-1 | CAS no: 94275-94-2 Cadmium bis(2-ethylhexanoate) EC / List no: 219-346-0 | CAS no: 2420-98-6 Cadmium didecanoate EC / List no: 220-650-0 | CAS no: 2847-16-7 Cadmium 4-(1,1-dimethylethyl)benzoate EC / List no: 224-022-7 | CAS no: 4167-05-9 Cadmium trichloride monopotassium EC / List no: - | CAS no: 14429-85-7 Cadmium sulfide (CdS), silver chloride-doped EC / List no: 272-542-8 | CAS no: 68877-01-0 Flue dust, copper-lead blast furnace, cadmium-indium-enriched A cadmium-indium-enriched product obtained from the recirculation of copper-lead blast furnace flue dusts. Composed primarily of cadmium, indium and lead. EC / List no: 309-645-5 | CAS no: 100656-55-1 Potassium [N,N-bis(carboxymethyl)glycinato(3-)-N,O,O',O'']cadmate(1-) EC / List no: 256-488-2 | CAS no: 49784-42-1 Cadmium diisobutyl dimaleate EC / List no: 306-446-5 | CAS no: 97259-82-0 Disodium tetrakis(cyano-C)cadmate(2-) EC / List no: 239-765-2 | CAS no: 15682-87-8 Leach residues, zinc refining flue dust, cadmium-thallium ppt. Sponge produced by leaching and precipitating cadmium and thallium fumes and flue dusts from lead/zinc smelting operations. EC / List no: 296-097-4 | CAS no: 92257-11-9 Cadmium dodecylbenzenesulphonate EC / List no: 250-433-6 | CAS no: 31017-44-4 Cadmium dinitrite EC / List no: 232-225-7 | CAS no: 7790-83-2 Cadmium dipotassium tetracyanide EC / List no: 238-371-8 | CAS no: 14402-75-6 Fatty acids, C10-18, cadmium salts EC / List no: 268-620-6 | CAS no: 68131-58-8 Cadmium lithopone yellow This substance is identified in the Colour Index by Colour Index Constitution Number, C.I. 77199:1. EC / List no: 292-386-4 | CAS no: 90604-90-3 Cadmium tellurium tetraoxide EC / List no: 239-973-3 | CAS no: 15852-14-9 Cadmium sulfate, tetrahydrate EC / List no: - | CAS no: 13477-21-9 Fatty acids, C8-18 and C18-unsatd., cadmium salts EC / List no: 272-529-7 | CAS no: 68876-84-6 Cadmium selenide EC / List no: 215-148-3 | CAS no: 1306-24-7 (T-4)-Tetrakis(3-methyl-1H-pyrazole-kappaN(2))cadmium(2+) monosulfate EC / List no: - | CAS no: 55060-82-7 Cadmium sulfoselenide orange This substance is identified in the Colour Index by Colour Index Constitution Number, C.I. 77202. EC / List no: 235-758-3 | CAS no: 12656-57-4 Cadmium zirconium trioxide EC / List no: 235-251-7 | CAS no: 12139-23-0 Cadmium bis(piperidine-1-carbodithioate) EC / List no: 239-025-9 | CAS no: 14949-59-8 Cadmium hexafluorosilicate(2-) EC / List no: 241-084-0 | CAS no: 17010-21-8 Cadmium potassium 1-(hydroxyethylidene)bisphosphonate(1:2:1) EC / List no: 273-906-9 | CAS no: 69190-99-4 Cadmium epoxyoctadecanoate EC / List no: 247-560-4 | CAS no: 26264-48-2 Cadmium tetrapentyl bis(phosphate) EC / List no: 303-977-4 | CAS no: 94232-49-2 Tris(ethylenediamine)cadmium dihydroxide EC / List no: 238-945-8 | CAS no: 14874-24-9 Cadmium laurate, palmitate, stearate EC / List no: - | CAS no: 68954-18-7 Cadmium, dross A scum formed on the surface of molten cadmium. EC / List no: 273-707-7 | CAS no: 69011-69-4 Fatty acids, castor-oil, hydrogenated, cadmium salts EC / List no: 294-296-0 | CAS no: 91697-35-7 Cadmium chloride magnesium dodecahydrate EC / List no: - | CAS no: 77289-75-9 Cadmium zinc sulphide EC / List no: 235-672-6 | CAS no: 12442-27-2 Cadmium bis(azanide) EC / List no: - | CAS no: 22750-53-4 Cadmium (1-ethylhexyl) phthalate (1:2:2) EC / List no: 304-482-6 | CAS no: 94275-93-1 Octadecanoic acid, cadmium salt, basic EC / List no: 309-794-6 | CAS no: 101012-93-5 Fatty acids, peanut-oil, cadmium salts EC / List no: 296-449-7 | CAS no: 92704-19-3 Cadmium oxide EC / List no: 215-146-2 | CAS no: 1306-19-0 Cadmium sulfide (CdS), solid soln. with zinc sulfide, nickel and silver-doped EC / List no: 271-512-1 | CAS no: 68583-44-8 Cadmium mercury sulfide EC / List no: 215-717-6 | CAS no: 1345-09-1 Cadmium toluate EC / List no: 248-480-2 | CAS no: 27476-27-3 Cadmium methacrylate EC / List no: 246-183-2 | CAS no: 24345-60-6 Cadmium(2+) (R)-12-hydroxyoctadecanoate EC / List no: 253-979-3 | CAS no: 38517-19-0 Nonanoic acid, branched, cadmium salt EC / List no: 297-692-1 | CAS no: 93686-40-9 Hexanoic acid, 2-ethyl-, cadmium salt, basic EC / List no: 291-438-3 | CAS no: 90411-62-4 Dimethylcadmium EC / List no: 208-055-4 | CAS no: 506-82-1 Cadmium chloride potassium hydrate EC / List no: - | CAS no: 28302-54-7 Bis(dimethyldithiocarbamato-S,S')cadmium EC / List no: 239-026-4 | CAS no: 14949-60-1 Cadmium sodium tetrachloride EC / List no: - | CAS no: 21360-94-1 Cesium sulfate cadmium EC / List no: - | CAS no: 28041-77-2 Benzenesulfonic acid, mono-C10-13-alkyl derivs., cadmium salts EC / List no: 290-645-6 | CAS no: 90194-35-7 Cadmium p-toluate EC / List no: 219-345-5 | CAS no: 2420-97-5 Cadmium sulfate octahydrate EC / List no: - | CAS no: 22465-18-5 Cadmium pyrophosphate EC / List no: - | CAS no: 19262-93-2 Cadmium tetrafluoroborate EC / List no: 238-490-5 | CAS no: 14486-19-2 Cadmium chloride phosphate (Cd5Cl(PO4)3), manganese-doped EC / List no: 309-489-8 | CAS no: 100402-53-7 Diboron tricadmium hexaoxide EC / List no: 237-225-0 | CAS no: 13701-66-1 Tricadmium dinitride EC / List no: - | CAS no: 12380-95-9 Cadmium diformate EC / List no: 224-729-0 | CAS no: 4464-23-7 Cadmium sulfide (CdS), solid soln. with zinc sulfide, copper chloride-doped EC / List no: 270-977-8 | CAS no: 68512-49-2 Barium tetrachlorocadmate(2-) EC / List no: 308-988-8 | CAS no: 99587-10-7 Hydrogen [4-[(5-chloro-4-methyl-2-sulphophenyl)azo]-3-hydroxynaphthalene-2-carboxylato(3-)]cadmate(1-) EC / List no: 273-461-0 | CAS no: 68966-97-2 Cadmium neodecanoate EC / List no: 263-352-6 | CAS no: 61951-96-0 Cadmium oxide (CdO), solid soln. with calcium oxide and titanium oxide (TiO2), praseodymium-doped EC / List no: 309-896-0 | CAS no: 101356-99-4 Disodium ethylenediaminetetraacetate cadmium EC / List no: - | CAS no: 30363-28-1 Cadmium wolframate EC / List no: 232-226-2 | CAS no: 7790-85-4 Flue dust, cadmium-refining By-product of refining of cadmium consisting primarily of oxides and chlorides of cadmium, lead, arsenic and zinc. EC / List no: 273-754-3 | CAS no: 69012-57-3 (R)-12-hydroxyoleic acid, barium cadmium salt EC / List no: 275-370-1 | CAS no: 71411-66-0 Lauric acid, barium cadmium salt EC / List no: 239-371-0 | CAS no: 15337-60-7 Cadmium divanadium hexoxide EC / List no: 240-203-3 | CAS no: 16056-72-7 Cadmium bis(nonylphenolate) EC / List no: 284-441-6 | CAS no: 84878-48-8 Cadmium sulfide (CdS), solid soln. with zinc sulfide, aluminum and cobalt and copper and silver-doped EC / List no: 272-220-7 | CAS no: 68784-10-1 5-oxo-L-proline, cadmium salt EC / List no: 240-269-3 | CAS no: 16105-06-9 Cadmium nitrate EC / List no: 233-710-6 | CAS no: 10325-94-7 Cadmium carbonate EC / List no: 208-168-9 | CAS no: 513-78-0 Cadmium EC / List no: 231-152-8 | CAS no: 7440-43-9 Fatty acids, tallow, hydrogenated, cadmium salts EC / List no: 273-203-7 | CAS no: 68953-39-9 Cadmium myristate EC / List no: 233-489-6 | CAS no: 10196-67-5 Cadmium zinc sulfide ((Cd,Zn)S), cobalt and copper-doped EC / List no: - | CAS no: 72869-26-2 Fatty acids, C8-10-branched, cadmium salts EC / List no: 296-092-7 | CAS no: 92257-06-2 Fatty acids, coco, cadmium salts EC / List no: 276-952-8 | CAS no: 72869-63-7 Antimony, compound with cadmium (2:3) EC / List no: 234-596-0 | CAS no: 12014-29-8 Cadmium sulfide (CdS), solid soln. with zinc sulfide, copper and lead-doped EC / List no: 269-773-1 | CAS no: 68332-81-0 Phosphorous acid, bis(2-ethylhexyl) ester, cadmium salt EC / List no: - | CAS no: 7495-93-4 Cadmium diricinoleate EC / List no: 237-544-5 | CAS no: 13832-25-2 Carbonic acid, cadmium salt EC / List no: 298-586-8 | CAS no: 93820-02-1 Cadmium sulfate caesium hexahydrate EC / List no: - | CAS no: 34345-39-6 Cadmium sulfide (CdS), solid soln. with zinc sulfide, silver chloride-doped EC / List no: 271-513-7 | CAS no: 68583-45-9 Dipotassium [[N,N'-ethylenebis[N-(carboxymethyl)glycinato]](4-)-N,N',O,O',ON,ON']cadmate(2-) EC / List no: 239-801-7 | CAS no: 15708-29-9 Cadmium tert-decanoate EC / List no: 284-429-0 | CAS no: 84878-37-5 Cadmium nonan-1-oate EC / List no: 225-839-1 | CAS no: 5112-16-3 Cadmium sebacate EC / List no: 224-754-7 | CAS no: 4476-04-4 Cadmium molybdenum tetroxide EC / List no: 237-752-6 | CAS no: 13972-68-4 Benzyltriphenylphosphonium tetrachlorocadmate EC / List no: 269-289-0 | CAS no: 68214-25-5 Barium di-μ-chlorotetrachlorodicadmate(2-) EC / List no: 262-618-9 | CAS no: 61129-40-6 Sulfuric acid, cadmium salt (1:1), hydrate EC / List no: 626-360-4 | CAS no: 15244-35-6 Zircon, cadmium red EC / List no: 691-407-8 | CAS no: 72828-62-7 Tetrapotassium [[[nitrilotris(methylene)]tris[phosphonato]](6-)-N,O,O'',O'''']cadmate(6-) EC / List no: 268-020-4 | CAS no: 67989-93-9 Cadmium potassium hexachloride EC / List no: - | CAS no: 15276-40-1 Cadmium hydroxide EC / List no: 244-168-5 | CAS no: 21041-95-2 Benzenediazonium, 4-(phenylamino)-, sulfate (1:1), polymer with formaldehyde, cadmium chloride complexes EC / List no: - | CAS no: 68441-39-4 Cadmium disulphamate EC / List no: 237-832-0 | CAS no: 14017-36-8 Bis(5-oxo-L-prolinato-N1,O2)cadmium EC / List no: 288-974-5 | CAS no: 85958-86-7 Waste solids, cadmium-electrolysis, thallium-rich Residue obtained in the electrolysis of cadmium, composed primarily of thallium chromate. Other non-ferrous metals or metal compounds may also be present. EC / List no: 285-572-1 | CAS no: 85117-20-0 Calcines, cadmium residue Product of the roasting of cadmium-enriched lead smelting dusts to remove cadmium. Consists primarily of oxides and sulfates of lead and zinc. EC / List no: 273-806-5 | CAS no: 69029-63-6 Cadmium pentadecanoate EC / List no: 264-124-9 | CAS no: 63400-09-9 (S)-dichloro[2-[[(2,3-dihydroxypropoxy)hydroxyphosphinyl]oxy]triethylmethylammoniumato]cadmium EC / List no: 265-010-1 | CAS no: 64681-08-9 Fatty acids, olive-oil, cadmium salts EC / List no: 296-445-5 | CAS no: 92704-15-9 Cadmium oxalate EC / List no: 212-408-8 | CAS no: 814-88-0 Boric acid, cadmium salt EC / List no: 257-067-6 | CAS no: 51222-60-7 Cadmium divalerate EC / List no: 260-498-2 | CAS no: 56982-42-4 Fatty acids, C12-18, barium cadmium salts EC / List no: 274-304-9 | CAS no: 70084-75-2 Flue dust, lead-manufg., cadmium-rich Residue obtained in the metallurgical treatment of lead concentrate in a lead blast furnace. The substance is composed of cadmium oxides, lead oxides, and impurities containing compounds of arsenic, chlorine, indium and tellurium. EC / List no: 285-554-3 | CAS no: 85117-02-8 Cadmium sulfide (CdS), solid soln. with zinc sulfide, aluminum and copper-doped EC / List no: 270-979-9 | CAS no: 68512-51-6 Cadmium diicosanoate EC / List no: 238-994-5 | CAS no: 14923-81-0 Cadmium dilaurate EC / List no: 220-017-9 | CAS no: 2605-44-9 Cadmium sulfide (CdS), solid soln. with zinc sulfide, copper and silver-doped EC / List no: 271-511-6 | CAS no: 68583-43-7 Cadmium(2+) 12-hydroxyoctadecanoate EC / List no: 273-881-4 | CAS no: 69121-20-6 Fatty acids, C14-18, cadmium salts EC / List no: 270-067-0 | CAS no: 68409-82-5 Cadmium cyanide EC / List no: 208-829-1 | CAS no: 542-83-6 [[N,N'-ethylenebis[glycinato]](2-)-N,N',O,O']cadmium EC / List no: 249-987-1 | CAS no: 29977-13-7 Pentapotassium hydrogen [[[ethylenebis[nitrilobis(methylene)]]tetrakis[phosphonato]](8-)]cadmate(6-) EC / List no: 269-685-3 | CAS no: 68309-98-8 tetraamminecadmium permanganate EC / List no: - | CAS no: 34410-88-3 Cadmium dioleate EC / List no: 233-954-3 | CAS no: 10468-30-1 Dipotassium tetrachlorocadmate(2-) EC / List no: 243-938-8 | CAS no: 20648-91-3 Octadecanoic acid, 12-hydroxy-, cadmium salt, basic EC / List no: 309-795-1 | CAS no: 101012-94-6 Ammonium cadmium chloride (Ammonium cadmium trichloride) EC / List no: - | CAS no: 18532-52-0 Cadmium isodecanoate EC / List no: 300-973-4 | CAS no: 93965-24-3 Leach residues, cadmium-contg. flue dust The substance formed during oxidative leaching of cadmium containing flue dust. Consists primarily of cadmium, lead and zinc compounds with chlorine, oxygen and sulfur and contains other nonferrous metal compounds. EC / List no: 305-417-4 | CAS no: 94551-70-9 Cadmium sulphide EC / List no: 215-147-8 | CAS no: 1306-23-6 Cadmium sponge EC / List no: - | CAS no: 69011-70-7 Cadmium sulfide (CdS), solid soln. with zinc sulfide, copper and manganese-doped EC / List no: 270-978-3 | CAS no: 68512-50-5 Cadmium cinnamate EC / List no: 224-509-4 | CAS no: 4390-97-0 reaction products of (Z)-octadeca-9-enoic acid and zinc selenide and cadmium selenide and zinc sulfide EC / List no: - | CAS no: 1926976-90-0 Cadmium bis[p-(1,1,3,3-tetramethylbutyl)phenolate] EC / List no: 299-704-0 | CAS no: 93894-09-8 Cadmium dipalmitate EC / List no: 229-199-4 | CAS no: 6427-86-7 Dicadmium selenide sulphide EC / List no: 235-392-4 | CAS no: 12214-12-9 Fatty acids, C9-11-branched, cadmium salts EC / List no: 287-817-8 | CAS no: 85586-15-8 Dodecanoic acid, cadmium salt, basic EC / List no: 309-789-9 | CAS no: 101012-89-9 Bis(dibutyldithiocarbamato-S,S')cadmium EC / List no: 238-609-0 | CAS no: 14566-86-0 Cadmium tellurium trioxide EC / List no: 239-963-9 | CAS no: 15851-44-2 Cadmium disalicylate EC / List no: 242-749-8 | CAS no: 19010-79-8 Cadmium titanium trioxide EC / List no: 234-593-4 | CAS no: 12014-14-1 Phosphoric acid, ammonium cadmium salt (1:1:1) EC / List no: - | CAS no: 14520-70-8 Cadmium selenide (CdSe), solid soln. with cadmium sulfide, zinc selenide and zinc sulfide, aluminum and copper-doped EC / List no: 309-897-6 | CAS no: 101357-00-0 Cadmium sulfide (CdS), solid soln. with zinc sulfide, copper and nickel-doped EC / List no: 271-539-9 | CAS no: 68584-42-9 Cadmium silicate EC / List no: 236-765-4 | CAS no: 13477-19-5 Cadmium bis(isoundecanoate) EC / List no: 300-980-2 | CAS no: 93965-30-1 Cadmium chloride hydrate EC / List no: 629-592-4 | CAS no: 654054-66-7 Cadmium isohexadecanoate EC / List no: 306-072-2 | CAS no: 95892-12-9 Tetraiodide diammonium cadmium EC / List no: - | CAS no: 105034-60-4 Cadmium dimethylhexanoate EC / List no: 301-320-6 | CAS no: 93983-65-4 Fatty acids, C12-18, cadmium salts EC / List no: 268-621-1 | CAS no: 68131-59-9 Cadmium trichloride 1 sodium EC / List no: - | CAS no: 55425-74-6 Cadmium chromate EC / List no: 238-252-0 | CAS no: 14312-00-6 Cadmium zinc lithopone yellow This substance is identified in the Colour Index by Colour Index Constitution Number, C.I. 77205:1. EC / List no: 292-385-9 | CAS no: 90604-89-0 Leach residues, zinc ore-calcine, cadmium-copper ppt. Insoluble material precipitated by hydrolysis during hydrometallurgical treatment of crude zinc sulfate solution. Consists primarily of cadmium, cobalt, copper, lead, manganese, nickel, thallium, tin and zinc. EC / List no: 293-311-8 | CAS no: 91053-46-2 Tetra-μ-chlorodichlorobis[2-[[(2,3-dihydroxypropoxy)hydroxyphosphinyl]oxy]triethylmethylammoniumato]tricadmium, stereoisomer EC / List no: 276-100-5 | CAS no: 71861-27-3 Dicadmium hexakis(cyano-C)ferrate(4-) EC / List no: 237-341-1 | CAS no: 13755-33-4 Fatty acids, C9-13-neo-, cadmium salts EC / List no: 296-441-3 | CAS no: 92704-12-6 Fatty acids, C14-18 and C18-unsatd., branched and linear, hydrogenated, cadmium salts EC / List no: 296-564-2 | CAS no: 92797-28-9 Decanoic acid, branched, cadmium salts EC / List no: 291-155-5 | CAS no: 90342-19-1 Fatty acids, tall-oil, cadmium salts EC / List no: 272-499-5 | CAS no: 68855-80-1 Cadmium acrylate EC / List no: 239-835-2 | CAS no: 15743-19-8 Cadmium selenide (CdSe), solid soln. with cadmium sulfide, zinc selenide and zinc sulfide, manganese and silver-doped EC / List no: 309-901-6 | CAS no: 101357-04-4 Cadmium selenide sulfide EC / List no: 235-724-8 | CAS no: 12626-36-7 Cadmium succinate EC / List no: 205-446-1 | CAS no: 141-00-4 Cadmium diphenolate EC / List no: 242-727-8 | CAS no: 18991-05-4 Cadmium sulfide (CdS), copper and lead-doped EC / List no: 272-581-0 | CAS no: 68891-87-2 Cadmium selenide sulfide, (Cd2SeS) EC / List no: - | CAS no: 12213-70-6 Fatty acids, C6-12, cadmium salts EC / List no: - | CAS no: 135742-32-4 Cadmium selenite EC / List no: 237-480-8 | CAS no: 13814-59-0 Leach residues, cadmium-refining Product of leaching calcine and sump tank mud from lead ore refining with sulfuric acid. Consists primarily of lead sulfate and cadmium arsenate. EC / List no: 273-811-2 | CAS no: 69029-70-5 Cadmium dithiocyanate EC / List no: 212-738-2 | CAS no: 865-38-3 Slimes and Sludges, cadmium electrolytic EC / List no: - | CAS no: 69029-89-6 Phosphonic acid, P-tetradecyl-, reaction products with cadmium selenide (CdSe) EC / List no: - | CAS no: 1773514-66-1 Cadmium, benzoate p-tert-butylbenzoate complexes EC / List no: 270-824-5 | CAS no: 68478-53-5 Dicadmium niobate EC / List no: 235-357-3 | CAS no: 12187-14-3 Cadmium oxide (CdO), solid soln. with magnesium oxide, tungsten oxide (WO3) and zinc oxide EC / List no: 310-029-3 | CAS no: 102110-30-5 Cadmium selenide (CdSe), solid soln. with cadmium sulfide, zinc selenide and zinc sulfide, gold and manganese-doped EC / List no: 309-900-0 | CAS no: 101357-03-3 Slimes and Sludges, cadmium-refining, oxidized Product of adding oxidizer to solution in the cadmium plant. Consists primarily of hydroxides of cadmium, thallium and indium and cadmium arsenate. EC / List no: 273-831-1 | CAS no: 69029-90-9 Cadmium iodide EC / List no: 232-223-6 | CAS no: 7790-80-9 Cadmium sulphite EC / List no: 236-767-5 | CAS no: 13477-23-1 Disodium [[N,N'-ethylenebis[N-(carboxymethyl)glycinato]](4-)-N,N',O,O',ON,ON']cadmate(2-) EC / List no: 252-736-9 | CAS no: 35803-35-1 Pyrochlore, bismuth cadmium ruthenium An inorganic pigment that is the reaction product of high temperature calcination in which bismuth oxide, cadmium oxide, and ruthenium oxide in varying amounts are homogeneously and ionically interdiffused to form a crystalline matrix of pyrochlore. EC / List no: 270-855-4 | CAS no: 68479-13-0 Cadmium sulfide (CdS), aluminum and silver-doped EC / List no: 272-540-7 | CAS no: 68876-99-3 Benzoic acid, cadmium salt, basic EC / List no: 290-764-3 | CAS no: 90218-85-2 Cadmium chloride rubidium EC / List no: - | CAS no: 18532-58-6 Cadmium sulfide (CdS), solid soln. with zinc sulfide, aluminum and silver-doped EC / List no: 271-538-3 | CAS no: 68584-41-8 Cadmium selenide (CdSe), solid soln. with cadmium sulfide, zinc selenide and zinc sulfide, europium-doped EC / List no: 309-899-7 | CAS no: 101357-02-2 Monoammonium cadmium triiodide EC / List no: - | CAS no: 32593-99-0 Cadmium telluride EC / List no: 215-149-9 | CAS no: 1306-25-8 Cadmium selenide (CdSe), solid soln. with cadmium sulfide, zinc selenide and zinc sulfide, copper and manganese-doped EC / List no: 309-898-1 | CAS no: 101357-01-1 Cadmium acetate hydrate EC / List no: 628-590-0 | CAS no: 89759-80-8 Bis(pentane-2,4-dionato-O,O')cadmium EC / List no: 238-730-9 | CAS no: 14689-45-3 Cadmium zinc sulfide EC / List no: 234-372-2 | CAS no: 11129-14-9 Tricadmium diarsenide EC / List no: 234-484-1 | CAS no: 12006-15-4 Cadmium bis[benzoate] EC / List no: 221-187-7 | CAS no: 3026-22-0 Cadmium propionate EC / List no: 241-066-2 | CAS no: 16986-83-7 Cadmium dianthranilate EC / List no: 230-343-3 | CAS no: 7058-55-1 Leach residues, cadmium cake Residues obtained by cementation of cadmium by iron dust out of cadmium sulfate solutions. Composed primarily of metallic cadmium and zinc. EC / List no: 293-309-7 | CAS no: 91053-44-0 Pentacadmium chloridetriphosphate EC / List no: 235-353-1 | CAS no: 12185-64-7 Potassium sulfate cadmium dihydrate EC / List no: - | CAS no: 38386-25-3 Silicic acid, zirconium salt, cadmium pigment-encapsulated EC / List no: 310-077-5 | CAS no: 102184-95-2 Hydrogen [N,N-bis(carboxymethyl)glycinato(3-)-N,O,O',O'']cadmate EC / List no: 256-489-8 | CAS no: 49784-44-3 Cadmium bis(dipentyldithiocarbamate) EC / List no: 242-747-7 | CAS no: 19010-65-2 Cadmium sulfide (CdS), copper chloride-doped EC / List no: 272-541-2 | CAS no: 68877-00-9 Cadmium di(octanoate) EC / List no: 218-585-8 | CAS no: 2191-10-8 Cadmium bromide rubidium EC / List no: - | CAS no: 16593-57-0 Cadmium (1,1-dimethylethyl)benzoate EC / List no: 250-515-1 | CAS no: 31215-94-8 Wastewater, cadmium sulfate electrolytic, acid Electrolytic solution from electrolysis of cadmium sulfate consisting primarily of cadmium sulfate and sulfuric acid. EC / List no: 273-721-3 | CAS no: 69012-21-1 Cadmium dilactate EC / List no: 240-181-5 | CAS no: 16039-55-7 Cadmium didocosanoate EC / List no: 251-927-4 | CAS no: 34303-23-6 Cadmium mercury telluride EC / List no: 249-914-3 | CAS no: 29870-72-2 Cadmium ditantalum hexaoxide EC / List no: 235-561-2 | CAS no: 12292-07-8 Zircon, cadmium orange EC / List no: 309-029-6 | CAS no: 99749-34-5 Tricadmium diphosphide EC / List no: 234-595-5 | CAS no: 12014-28-7 Barium cadmium calcium chloride fluoride phosphate, antimony and manganese-doped EC / List no: 272-257-9 | CAS no: 68784-55-4 Cadmium m-toluate EC / List no: 268-458-6 | CAS no: 68092-45-5 Cadmium orthophosphate EC / List no: 237-581-7 | CAS no: 13847-17-1 Cadmium bis(p-nonylphenolate) EC / List no: 299-703-5 | CAS no: 93894-08-7 Slimes and Sludges, cadmium sump tank Product of adding sodium carbonate to solutions in the cadmium plant. Consists primarily of cadmium carbonate with lesser amounts of carbonates and hydroxides of other nonferrous metals. EC / List no: 273-832-7 | CAS no: 69029-91-0 Siloxanes and Silicones, 3-[(2-aminoethyl)amino]propyl Me, di-Me, reaction products with cadmium zinc selenide sulfide, lauric acid and oleylamine EC / List no: - | CAS no: 1623456-05-2 Cadmium di(acetate) EC / List no: 208-853-2 | CAS no: 543-90-8 Cadmium selenate EC / List no: 237-481-3 | CAS no: 13814-62-5 Cadmium dilinoleate EC / List no: 267-845-7 | CAS no: 67939-62-2 Octadecanoic acid, barium cadmium salt EC / List no: - | CAS no: 17033-07-7 Cadmium sulfate sodium EC / List no: - | CAS no: 28038-18-8 Cadmium bis(o-nonylphenolate) EC / List no: 299-701-4 | CAS no: 93894-07-6 Cadmium isooctadecanoate EC / List no: 284-428-5 | CAS no: 84878-36-4 Dodecanoic acid, reaction products with cadmium zinc selenide sulfide and oleylamine EC / List no: - | CAS no: 1773514-92-3 Residues, cadmium-refining Product from the washing of sweeps and cleanings from a cadmium plant. Consists primarily of metallic cadmium and iron. EC / List no: 273-819-6 | CAS no: 69029-77-2 Cadmium fluoride EC / List no: 232-222-0 | CAS no: 7790-79-6 Cadmium peroxide EC / List no: - | CAS no: 12139-22-9 Cadmium chloride EC / List no: 233-296-7 | CAS no: 10108-64-2 Cadmium bis(diethyldithiocarbamate) EC / List no: 238-113-4 | CAS no: 14239-68-0 Cadmium (Z)-hexadec-9-enoate EC / List no: 299-705-6 | CAS no: 93894-10-1 Dihydrogen bis[hydroxysuccinato(2-)-O1,O2,O4]cadmate(2-) EC / List no: 275-459-5 | CAS no: 71436-99-2 Resin acids and Rosin acids, cadmium salts EC / List no: 273-320-3 | CAS no: 68956-81-0 Bis(ethylenediamine)cadmium(2+) bis[dicyanoaurate(1-)] EC / List no: 242-708-4 | CAS no: 18974-20-4 Cadmium o-toluate EC / List no: 257-860-7 | CAS no: 52337-78-7 Cadmium isooctyl phthalate (1:2:2) EC / List no: 304-193-5 | CAS no: 94247-16-2 cross-category REACH SVHC candidate list ECHA European Union Candidate list Carcinogenic (Article 57a)""Mutagenic (Article 57b)""Toxic for reproduction (Article 57c)""Specific target organ toxicity after repeated exposure (Article 57(f) - human health)",source_context_only,source_context_only
Phenol cross-category REACH SVHC candidate list ECHA European Union Candidate list Endocrine disrupting properties (Article 57(f) - environment),source_context_only,source_context_only
"Molybdenum trioxide cross-category cancer OEHHA California, USA Listed cancer",warning_or_hazard_listed,restricted_or_thresholded
"2,4-Diaminoanisole cross-category cancer OEHHA California, USA Listed cancer",restricted_or_thresholded,restricted_or_thresholded
"Nitrapyrin [Basis for listing changed effective on November 4, 2015] cross-category developmental toxicity OEHHA California, USA Listed developmental toxicity",warning_or_hazard_listed,warning_or_hazard_listed
Strontium and its compounds toys; child care Liquid or sticky toy material ECHA / European Commission European Union banned if exceeded limit Chemical restriction in toy materials under the EU Toy Safety Directive,banned_or_prohibited,banned_or_prohibited
"2-Naphthylamine cross-category cancer OEHHA California, USA Listed cancer",restricted_or_thresholded,restricted_or_thresholded
Methyleugenol cosmetics b) Eau de toilette Health Canada Canada Restricted,restricted_or_thresholded,restricted_or_thresholded
"Infant boys, age 29 days to 24 monthsb cross-category OEHHA California, USA Listed",restricted_or_thresholded,restricted_or_thresholded
"Uracil mustard cross-category developmental toxicity OEHHA California, USA Listed developmental toxicity",warning_or_hazard_listed,warning_or_hazard_listed
"para-Nitroanisole cross-category cancer OEHHA California, USA Listed cancer",warning_or_hazard_listed,restricted_or_thresholded
"Vinclozolin [basis for listing changed on November 16, 2006] cross-category developmental toxicity OEHHA California, USA Listed developmental toxicity",warning_or_hazard_listed,warning_or_hazard_listed
"Chloroprene cross-category cancer OEHHA California, USA Listed cancer",warning_or_hazard_listed,restricted_or_thresholded
"Dibenz[a,j]acridine cross-category cancer OEHHA California, USA Listed cancer",warning_or_hazard_listed,warning_or_hazard_listed
Formaldehyde toys; child care Toys intended for use by children under 36 months or in other toys intended to be placed in the mouth ECHA / European Commission European Union allowed if comply with limit Chemical restriction in toy materials under the EU Toy Safety Directive,restricted_or_thresholded,restricted_or_thresholded
"Tetrahydrofuran cross-category cancer OEHHA California, USA Listed cancer",warning_or_hazard_listed,restricted_or_thresholded
p-Nitrosodiphenylamine cosmetics all cosmetic products Health Canada Canada Prohibited,banned_or_prohibited,banned_or_prohibited
"Phenol cross-category REACH SVHC candidate list ECHA European Union Candidate list Toxic for reproduction (Article 57c)""Endocrine disrupting properties (Article 57(f) - environment)""Endocrine disrupting properties (Article 57(f) - human health)",source_context_only,source_context_only
Methanol cross-category REACH SVHC candidate list ECHA European Union Candidate list Carcinogenic (Article 57a),source_context_only,source_context_only
"2,4-Dinitrotoluene cross-category cancer OEHHA California, USA Listed cancer",restricted_or_thresholded,warning_or_hazard_listed
"N-Nitrosomethyl-n-decylamine cross-category cancer OEHHA California, USA Listed cancer",warning_or_hazard_listed,warning_or_hazard_listed
Talc containing asbestiform fibers cosmetics a) Not permitted in products intended solely for use in the genital area of those who have ovaries Health Canada Canada Restricted,restricted_or_thresholded,restricted_or_thresholded
"Benzidine [and its salts] cross-category cancer OEHHA California, USA Listed cancer",restricted_or_thresholded,warning_or_hazard_listed
"Cadmium and cadmium compounds cross-category cancer OEHHA California, USA Listed cancer",warning_or_hazard_listed,restricted_or_thresholded
"Sulindac cross-category developmental toxicity OEHHA California, USA Listed developmental toxicity",warning_or_hazard_listed,warning_or_hazard_listed
"Sedaxane cross-category cancer OEHHA California, USA Listed cancer",warning_or_hazard_listed,restricted_or_thresholded
"Polychlorinated biphenyls (containing 60 or more percent chlorine by molecular weight) cross-category cancer OEHHA California, USA Listed cancer",warning_or_hazard_listed,restricted_or_thresholded
"Lactofen cross-category cancer OEHHA California, USA Listed cancer",warning_or_hazard_listed,restricted_or_thresholded
"Leuprolide acetate cross-category female reproductive toxicity OEHHA California, USA Listed female reproductive toxicity",warning_or_hazard_listed,warning_or_hazard_listed
"Doxycycline calcium (internal use) cross-category developmental toxicity OEHHA California, USA Listed developmental toxicity",warning_or_hazard_listed,warning_or_hazard_listed
"Heptachlor epoxide cross-category cancer OEHHA California, USA Listed cancer",restricted_or_thresholded,restricted_or_thresholded
"Perfluorononan-1-oic-acid cross-category REACH SVHC candidate list ECHA European Union Candidate list Toxic for reproduction (Article 57c)""PBT (Article 57d)",source_context_only,source_context_only
"Uracil mustard cross-category cancer OEHHA California, USA Listed cancer",warning_or_hazard_listed,warning_or_hazard_listed
"Chlordimeform cross-category cancer OEHHA California, USA Listed cancer",warning_or_hazard_listed,restricted_or_thresholded
"2-Chloropropionic acid [Basis for listing changed effective December 20, 2013] cross-category male reproductive toxicity OEHHA California, USA Listed male reproductive toxicity",warning_or_hazard_listed,warning_or_hazard_listed
"4,4'-isopropylidenediphenol toys; child care Toys intended for use by children under 36 months or in other toys intended to be placed in the mouth ECHA / European Commission European Union allowed if comply with limit Chemical restriction in toy materials under the EU Toy Safety Directive",restricted_or_thresholded,restricted_or_thresholded
"Bisphenol S (BPS) cross-category male reproductive toxicity OEHHA California, USA Listed male reproductive toxicity",warning_or_hazard_listed,warning_or_hazard_listed
"Thioguanine cross-category developmental toxicity OEHHA California, USA Listed developmental toxicity",warning_or_hazard_listed,warning_or_hazard_listed
"Epichlorohydrin cross-category male reproductive toxicity OEHHA California, USA Listed male reproductive toxicity",warning_or_hazard_listed,warning_or_hazard_listed
Phenol cross-category REACH SVHC candidate list ECHA European Union Candidate list Endocrine disrupting properties (Article 57(f) - environment),source_context_only,source_context_only
"Naphthalene cross-category cancer OEHHA California, USA Listed cancer",restricted_or_thresholded,restricted_or_thresholded
"Propylene oxide cross-category cancer OEHHA California, USA Listed cancer",warning_or_hazard_listed,restricted_or_thresholded
Benzyl chloride cosmetics all cosmetic products Health Canada Canada Prohibited,banned_or_prohibited,banned_or_prohibited
"Metiram cross-category developmental toxicity OEHHA California, USA Listed developmental toxicity",warning_or_hazard_listed,warning_or_hazard_listed
"Nickel (soluble compounds) cross-category male reproductive toxicity OEHHA California, USA Listed male reproductive toxicity",warning_or_hazard_listed,warning_or_hazard_listed
"Carbon-black extracts cross-category cancer OEHHA California, USA Listed cancer",warning_or_hazard_listed,restricted_or_thresholded
"Aluminium and its compounds toys; child care Dry, brittle, powder-like or pliable toy material ECHA / European Commission European Union banned if exceeded limit Chemical restriction in toy materials under the EU Toy Safety Directive",banned_or_prohibited,banned_or_prohibited
"3,3'-Dichlorobenzidine dihydrochloride cross-category cancer OEHHA California, USA Listed cancer",warning_or_hazard_listed,restricted_or_thresholded
"Cobalt sulfate heptahydrate cross-category cancer OEHHA California, USA Listed cancer",warning_or_hazard_listed,warning_or_hazard_listed
C.I. Solvent Yellow 14 food contact materials food-contact materials; packaging; containers; cookware; processing equipment FDA United States tor exemption,restricted_or_thresholded,source_context_only
"TCEP cross-category cancer OEHHA California, USA Listed cancer",warning_or_hazard_listed,restricted_or_thresholded
"Cumene cross-category cancer OEHHA California, USA Listed cancer",warning_or_hazard_listed,restricted_or_thresholded
Lindane and other hexachlorocyclohexane isomers cosmetics all cosmetic products Health Canada Canada Prohibited,banned_or_prohibited,banned_or_prohibited
"N-Nitrosodiethanolamine cross-category cancer OEHHA California, USA Listed cancer",restricted_or_thresholded,restricted_or_thresholded
"Aminopterin cross-category female reproductive toxicity OEHHA California, USA Listed female reproductive toxicity",warning_or_hazard_listed,warning_or_hazard_listed
"4-Vinylcyclohexene cross-category cancer OEHHA California, USA Listed cancer",warning_or_hazard_listed,restricted_or_thresholded
"Gyromitrin (Acetaldehyde methylformylhydrazone) cross-category cancer OEHHA California, USA Listed cancer",restricted_or_thresholded,restricted_or_thresholded
Benzophenone cosmetics Health Canada Canada Restricted,restricted_or_thresholded,restricted_or_thresholded
"Hexachlorocyclohexane (technical grade) cross-category cancer OEHHA California, USA Listed cancer",restricted_or_thresholded,restricted_or_thresholded
Phenol cross-category REACH SVHC candidate list ECHA European Union Candidate list Endocrine disrupting properties (Article 57(f) - environment),source_context_only,source_context_only
Acetone cosmetics all cosmetic products Health Canada Canada Prohibited,banned_or_prohibited,banned_or_prohibited
"TRIM® VX cross-category cancer OEHHA California, USA Listed cancer",warning_or_hazard_listed,restricted_or_thresholded
"Dichlorphenamide cross-category developmental toxicity OEHHA California, USA Listed developmental toxicity",warning_or_hazard_listed,warning_or_hazard_listed
"Methylthiouracil cross-category cancer OEHHA California, USA Listed cancer",restricted_or_thresholded,restricted_or_thresholded
Benzene food contact materials food-contact materials; packaging; containers; cookware; processing equipment FDA United States tor exemption,restricted_or_thresholded,source_context_only
"Ponceau 3R cross-category cancer OEHHA California, USA Listed cancer",restricted_or_thresholded,restricted_or_thresholded
"6-Nitrochrysene cross-category cancer OEHHA California, USA Listed cancer",warning_or_hazard_listed,restricted_or_thresholded
"Strontium and its compounds toys; child care Dry, brittle, powder-like or pliable toy material ECHA / European Commission European Union banned if exceeded limit Chemical restriction in toy materials under the EU Toy Safety Directive",banned_or_prohibited,banned_or_prohibited
Lead cross-category REACH SVHC candidate list ECHA European Union Candidate list Toxic for reproduction (Article 57c),source_context_only,source_context_only
"4-Dimethylaminoazobenzene cross-category cancer OEHHA California, USA Listed cancer",restricted_or_thresholded,restricted_or_thresholded
Benzene cross-category REACH SVHC candidate list ECHA European Union Candidate list vPvB (Article 57e),source_context_only,source_context_only
"Bis(2-chloro-1-methylethyl)ether, technical grade cross-category cancer OEHHA California, USA Listed cancer",warning_or_hazard_listed,restricted_or_thresholded
"Ethylene oxide cross-category developmental toxicity OEHHA California, USA Listed developmental toxicity",restricted_or_thresholded,restricted_or_thresholded
"Doxorubicin hydrochloride (Adriamycin) cross-category developmental toxicity OEHHA California, USA Listed developmental toxicity",warning_or_hazard_listed,warning_or_hazard_listed
Dibutyl phthalate toys; child care children's toys and child care articles - accessible plasticized component parts U.S. Consumer Product Safety Commission (CPSC) United States banned if exceeded reproductive and developmental hazard basis for CPSC restriction,banned_or_prohibited,banned_or_prohibited
"N-Nitroso-N-ethylurea cross-category cancer OEHHA California, USA Listed cancer",restricted_or_thresholded,restricted_or_thresholded
"Oxymetholone cross-category developmental toxicity OEHHA California, USA Listed developmental toxicity",warning_or_hazard_listed,warning_or_hazard_listed
"Cadmium and its compounds Cadmium sulfoselenide red This substance is identified in the Colour Index by Colour Index Constitution Number, C.I. 77202. EC / List no: 261-218-1 | CAS no: 58339-34-7 Cadmium, diethyl- EC / List no: 804-213-7 | CAS no: 592-02-9 Cadmium sulfide (CdS), aluminum and copper-doped EC / List no: 272-539-1 | CAS no: 68876-98-2 Potassium sulfate cadmium hexahydrate EC / List no: - | CAS no: 30623-04-2 Bis[N,N-bis(carboxymethyl)glycinato(3-)]tricadmium EC / List no: 256-679-0 | CAS no: 50648-02-7 Cadmium distearate EC / List no: 218-743-6 | CAS no: 2223-93-0 Cadmium iodate EC / List no: 232-224-1 | CAS no: 7790-81-0 Cadmium selenide (CdSe), solid soln. with cadmium sulfide EC / List no: 275-290-7 | CAS no: 71243-75-9 Naphthenic acids, cadmium salts EC / List no: 263-053-0 | CAS no: 61789-34-2 Cadmium bis(heptadecanoate) EC / List no: 263-434-1 | CAS no: 62149-56-8 Cadmium bromide EC / List no: 232-165-1 | CAS no: 7789-42-6 Cadmium borate oxide (Cd3(BO2)4O), manganese-doped EC / List no: - | CAS no: 68784-58-7 Cadmium 3,5,5-trimethylhexanoate EC / List no: 252-918-8 | CAS no: 36211-44-6 Propanoic acid, cadmium salt, basic EC / List no: 292-013-5 | CAS no: 90529-78-5 Cadmium hydrogen phosphate EC / List no: 237-920-9 | CAS no: 14067-62-0 Selenic acid, cadmium salt (1:1), dihydrate EC / List no: - | CAS no: 10060-09-0 Cadmium zinc sulfide yellow This substance is identified in the Colour Index by Colour Index Constitution Number, C.I. 77205. EC / List no: 232-466-8 | CAS no: 8048-07-5 Tricadmium bis(phosphate) EC / List no: 236-764-9 | CAS no: 13477-17-3 Cadmium, dichlorotetrakis(1H-imidazole-kappaN3)- EC / List no: - | CAS no: 72275-93-5 Cadmium bis(4-cyclohexylbutyrate) EC / List no: 259-767-7 | CAS no: 55700-14-6 Bis(5-oxo-DL-prolinato-N1,O2)cadmium EC / List no: 289-081-3 | CAS no: 85994-31-6 Sulfuric acid, cadmium salt, hydrate (3:3:8) EC / List no: 616-572-5 | CAS no: 7790-84-3 Barium cadmium tetrastearate EC / List no: 214-740-9 | CAS no: 1191-79-3 Cadmium bis(octylphenolate) EC / List no: 284-444-2 | CAS no: 84878-51-3 Barium cadmium zinc sulfide (Ba2(Cd,Zn)S3), manganese-doped EC / List no: - | CAS no: 68876-90-4 Fatty acids, rape-oil, cadmium salts EC / List no: 296-454-4 | CAS no: 92704-24-0 (T-4)-Bis[1,1,2,2-tetramethyl-1,2-bis(sulfanylidene-kappaS)-1lambda(5),2lambda(5)-diphosphane]cadmium(2+) diperchlorate EC / List no: - | CAS no: 71231-59-9 Cadmium isooctanoate EC / List no: 250-118-3 | CAS no: 30304-32-6 Cadmium sulphate EC / List no: 233-331-6 | CAS no: 10124-36-4 Potassium sulfate cadmium EC / List no: - | CAS no: 28038-25-7 Cadmium, chloro(1,10-phenanthroline-2-carboxylato)-, polymers EC / List no: - | CAS no: 25685-75-0 Cadmium [R-(R*,R*)]-tartrate EC / List no: 251-827-0 | CAS no: 34100-40-8 Bis(propane-1,2-diyldiamine-N,N')cadmium(2+) bis[bis(cyano-C)aurate(1-)] EC / List no: 267-692-6 | CAS no: 67906-19-8 Cadmium isononanoate EC / List no: 283-660-4 | CAS no: 84696-56-0 Bis(2-ethylhexyl mercaptoacetato -O',S)cadmium EC / List no: 299-281-2 | CAS no: 93858-50-5 Chlorous acid, cadmium salt EC / List no: - | CAS no: 125687-98-1 Cadmium octyl phthalate (1:2:2) EC / List no: 304-483-1 | CAS no: 94275-94-2 Cadmium bis(2-ethylhexanoate) EC / List no: 219-346-0 | CAS no: 2420-98-6 Cadmium didecanoate EC / List no: 220-650-0 | CAS no: 2847-16-7 Cadmium 4-(1,1-dimethylethyl)benzoate EC / List no: 224-022-7 | CAS no: 4167-05-9 Cadmium trichloride monopotassium EC / List no: - | CAS no: 14429-85-7 Cadmium sulfide (CdS), silver chloride-doped EC / List no: 272-542-8 | CAS no: 68877-01-0 Flue dust, copper-lead blast furnace, cadmium-indium-enriched A cadmium-indium-enriched product obtained from the recirculation of copper-lead blast furnace flue dusts. Composed primarily of cadmium, indium and lead. EC / List no: 309-645-5 | CAS no: 100656-55-1 Potassium [N,N-bis(carboxymethyl)glycinato(3-)-N,O,O',O'']cadmate(1-) EC / List no: 256-488-2 | CAS no: 49784-42-1 Cadmium diisobutyl dimaleate EC / List no: 306-446-5 | CAS no: 97259-82-0 Disodium tetrakis(cyano-C)cadmate(2-) EC / List no: 239-765-2 | CAS no: 15682-87-8 Leach residues, zinc refining flue dust, cadmium-thallium ppt. Sponge produced by leaching and precipitating cadmium and thallium fumes and flue dusts from lead/zinc smelting operations. EC / List no: 296-097-4 | CAS no: 92257-11-9 Cadmium dodecylbenzenesulphonate EC / List no: 250-433-6 | CAS no: 31017-44-4 Cadmium dinitrite EC / List no: 232-225-7 | CAS no: 7790-83-2 Cadmium dipotassium tetracyanide EC / List no: 238-371-8 | CAS no: 14402-75-6 Fatty acids, C10-18, cadmium salts EC / List no: 268-620-6 | CAS no: 68131-58-8 Cadmium lithopone yellow This substance is identified in the Colour Index by Colour Index Constitution Number, C.I. 77199:1. EC / List no: 292-386-4 | CAS no: 90604-90-3 Cadmium tellurium tetraoxide EC / List no: 239-973-3 | CAS no: 15852-14-9 Cadmium sulfate, tetrahydrate EC / List no: - | CAS no: 13477-21-9 Fatty acids, C8-18 and C18-unsatd., cadmium salts EC / List no: 272-529-7 | CAS no: 68876-84-6 Cadmium selenide EC / List no: 215-148-3 | CAS no: 1306-24-7 (T-4)-Tetrakis(3-methyl-1H-pyrazole-kappaN(2))cadmium(2+) monosulfate EC / List no: - | CAS no: 55060-82-7 Cadmium sulfoselenide orange This substance is identified in the Colour Index by Colour Index Constitution Number, C.I. 77202. EC / List no: 235-758-3 | CAS no: 12656-57-4 Cadmium zirconium trioxide EC / List no: 235-251-7 | CAS no: 12139-23-0 Cadmium bis(piperidine-1-carbodithioate) EC / List no: 239-025-9 | CAS no: 14949-59-8 Cadmium hexafluorosilicate(2-) EC / List no: 241-084-0 | CAS no: 17010-21-8 Cadmium potassium 1-(hydroxyethylidene)bisphosphonate(1:2:1) EC / List no: 273-906-9 | CAS no: 69190-99-4 Cadmium epoxyoctadecanoate EC / List no: 247-560-4 | CAS no: 26264-48-2 Cadmium tetrapentyl bis(phosphate) EC / List no: 303-977-4 | CAS no: 94232-49-2 Tris(ethylenediamine)cadmium dihydroxide EC / List no: 238-945-8 | CAS no: 14874-24-9 Cadmium laurate, palmitate, stearate EC / List no: - | CAS no: 68954-18-7 Cadmium, dross A scum formed on the surface of molten cadmium. EC / List no: 273-707-7 | CAS no: 69011-69-4 Fatty acids, castor-oil, hydrogenated, cadmium salts EC / List no: 294-296-0 | CAS no: 91697-35-7 Cadmium chloride magnesium dodecahydrate EC / List no: - | CAS no: 77289-75-9 Cadmium zinc sulphide EC / List no: 235-672-6 | CAS no: 12442-27-2 Cadmium bis(azanide) EC / List no: - | CAS no: 22750-53-4 Cadmium (1-ethylhexyl) phthalate (1:2:2) EC / List no: 304-482-6 | CAS no: 94275-93-1 Octadecanoic acid, cadmium salt, basic EC / List no: 309-794-6 | CAS no: 101012-93-5 Fatty acids, peanut-oil, cadmium salts EC / List no: 296-449-7 | CAS no: 92704-19-3 Cadmium oxide EC / List no: 215-146-2 | CAS no: 1306-19-0 Cadmium sulfide (CdS), solid soln. with zinc sulfide, nickel and silver-doped EC / List no: 271-512-1 | CAS no: 68583-44-8 Cadmium mercury sulfide EC / List no: 215-717-6 | CAS no: 1345-09-1 Cadmium toluate EC / List no: 248-480-2 | CAS no: 27476-27-3 Cadmium methacrylate EC / List no: 246-183-2 | CAS no: 24345-60-6 Cadmium(2+) (R)-12-hydroxyoctadecanoate EC / List no: 253-979-3 | CAS no: 38517-19-0 Nonanoic acid, branched, cadmium salt EC / List no: 297-692-1 | CAS no: 93686-40-9 Hexanoic acid, 2-ethyl-, cadmium salt, basic EC / List no: 291-438-3 | CAS no: 90411-62-4 Dimethylcadmium EC / List no: 208-055-4 | CAS no: 506-82-1 Cadmium chloride potassium hydrate EC / List no: - | CAS no: 28302-54-7 Bis(dimethyldithiocarbamato-S,S')cadmium EC / List no: 239-026-4 | CAS no: 14949-60-1 Cadmium sodium tetrachloride EC / List no: - | CAS no: 21360-94-1 Cesium sulfate cadmium EC / List no: - | CAS no: 28041-77-2 Benzenesulfonic acid, mono-C10-13-alkyl derivs., cadmium salts EC / List no: 290-645-6 | CAS no: 90194-35-7 Cadmium p-toluate EC / List no: 219-345-5 | CAS no: 2420-97-5 Cadmium sulfate octahydrate EC / List no: - | CAS no: 22465-18-5 Cadmium pyrophosphate EC / List no: - | CAS no: 19262-93-2 Cadmium tetrafluoroborate EC / List no: 238-490-5 | CAS no: 14486-19-2 Cadmium chloride phosphate (Cd5Cl(PO4)3), manganese-doped EC / List no: 309-489-8 | CAS no: 100402-53-7 Diboron tricadmium hexaoxide EC / List no: 237-225-0 | CAS no: 13701-66-1 Tricadmium dinitride EC / List no: - | CAS no: 12380-95-9 Cadmium diformate EC / List no: 224-729-0 | CAS no: 4464-23-7 Cadmium sulfide (CdS), solid soln. with zinc sulfide, copper chloride-doped EC / List no: 270-977-8 | CAS no: 68512-49-2 Barium tetrachlorocadmate(2-) EC / List no: 308-988-8 | CAS no: 99587-10-7 Hydrogen [4-[(5-chloro-4-methyl-2-sulphophenyl)azo]-3-hydroxynaphthalene-2-carboxylato(3-)]cadmate(1-) EC / List no: 273-461-0 | CAS no: 68966-97-2 Cadmium neodecanoate EC / List no: 263-352-6 | CAS no: 61951-96-0 Cadmium oxide (CdO), solid soln. with calcium oxide and titanium oxide (TiO2), praseodymium-doped EC / List no: 309-896-0 | CAS no: 101356-99-4 Disodium ethylenediaminetetraacetate cadmium EC / List no: - | CAS no: 30363-28-1 Cadmium wolframate EC / List no: 232-226-2 | CAS no: 7790-85-4 Flue dust, cadmium-refining By-product of refining of cadmium consisting primarily of oxides and chlorides of cadmium, lead, arsenic and zinc. EC / List no: 273-754-3 | CAS no: 69012-57-3 (R)-12-hydroxyoleic acid, barium cadmium salt EC / List no: 275-370-1 | CAS no: 71411-66-0 Lauric acid, barium cadmium salt EC / List no: 239-371-0 | CAS no: 15337-60-7 Cadmium divanadium hexoxide EC / List no: 240-203-3 | CAS no: 16056-72-7 Cadmium bis(nonylphenolate) EC / List no: 284-441-6 | CAS no: 84878-48-8 Cadmium sulfide (CdS), solid soln. with zinc sulfide, aluminum and cobalt and copper and silver-doped EC / List no: 272-220-7 | CAS no: 68784-10-1 5-oxo-L-proline, cadmium salt EC / List no: 240-269-3 | CAS no: 16105-06-9 Cadmium nitrate EC / List no: 233-710-6 | CAS no: 10325-94-7 Cadmium carbonate EC / List no: 208-168-9 | CAS no: 513-78-0 Cadmium EC / List no: 231-152-8 | CAS no: 7440-43-9 Fatty acids, tallow, hydrogenated, cadmium salts EC / List no: 273-203-7 | CAS no: 68953-39-9 Cadmium myristate EC / List no: 233-489-6 | CAS no: 10196-67-5 Cadmium zinc sulfide ((Cd,Zn)S), cobalt and copper-doped EC / List no: - | CAS no: 72869-26-2 Fatty acids, C8-10-branched, cadmium salts EC / List no: 296-092-7 | CAS no: 92257-06-2 Fatty acids, coco, cadmium salts EC / List no: 276-952-8 | CAS no: 72869-63-7 Antimony, compound with cadmium (2:3) EC / List no: 234-596-0 | CAS no: 12014-29-8 Cadmium sulfide (CdS), solid soln. with zinc sulfide, copper and lead-doped EC / List no: 269-773-1 | CAS no: 68332-81-0 Phosphorous acid, bis(2-ethylhexyl) ester, cadmium salt EC / List no: - | CAS no: 7495-93-4 Cadmium diricinoleate EC / List no: 237-544-5 | CAS no: 13832-25-2 Carbonic acid, cadmium salt EC / List no: 298-586-8 | CAS no: 93820-02-1 Cadmium sulfate caesium hexahydrate EC / List no: - | CAS no: 34345-39-6 Cadmium sulfide (CdS), solid soln. with zinc sulfide, silver chloride-doped EC / List no: 271-513-7 | CAS no: 68583-45-9 Dipotassium [[N,N'-ethylenebis[N-(carboxymethyl)glycinato]](4-)-N,N',O,O',ON,ON']cadmate(2-) EC / List no: 239-801-7 | CAS no: 15708-29-9 Cadmium tert-decanoate EC / List no: 284-429-0 | CAS no: 84878-37-5 Cadmium nonan-1-oate EC / List no: 225-839-1 | CAS no: 5112-16-3 Cadmium sebacate EC / List no: 224-754-7 | CAS no: 4476-04-4 Cadmium molybdenum tetroxide EC / List no: 237-752-6 | CAS no: 13972-68-4 Benzyltriphenylphosphonium tetrachlorocadmate EC / List no: 269-289-0 | CAS no: 68214-25-5 Barium di-μ-chlorotetrachlorodicadmate(2-) EC / List no: 262-618-9 | CAS no: 61129-40-6 Sulfuric acid, cadmium salt (1:1), hydrate EC / List no: 626-360-4 | CAS no: 15244-35-6 Zircon, cadmium red EC / List no: 691-407-8 | CAS no: 72828-62-7 Tetrapotassium [[[nitrilotris(methylene)]tris[phosphonato]](6-)-N,O,O'',O'''']cadmate(6-) EC / List no: 268-020-4 | CAS no: 67989-93-9 Cadmium potassium hexachloride EC / List no: - | CAS no: 15276-40-1 Cadmium hydroxide EC / List no: 244-168-5 | CAS no: 21041-95-2 Benzenediazonium, 4-(phenylamino)-, sulfate (1:1), polymer with formaldehyde, cadmium chloride complexes EC / List no: - | CAS no: 68441-39-4 Cadmium disulphamate EC / List no: 237-832-0 | CAS no: 14017-36-8 Bis(5-oxo-L-prolinato-N1,O2)cadmium EC / List no: 288-974-5 | CAS no: 85958-86-7 Waste solids, cadmium-electrolysis, thallium-rich Residue obtained in the electrolysis of cadmium, composed primarily of thallium chromate. Other non-ferrous metals or metal compounds may also be present. EC / List no: 285-572-1 | CAS no: 85117-20-0 Calcines, cadmium residue Product of the roasting of cadmium-enriched lead smelting dusts to remove cadmium. Consists primarily of oxides and sulfates of lead and zinc. EC / List no: 273-806-5 | CAS no: 69029-63-6 Cadmium pentadecanoate EC / List no: 264-124-9 | CAS no: 63400-09-9 (S)-dichloro[2-[[(2,3-dihydroxypropoxy)hydroxyphosphinyl]oxy]triethylmethylammoniumato]cadmium EC / List no: 265-010-1 | CAS no: 64681-08-9 Fatty acids, olive-oil, cadmium salts EC / List no: 296-445-5 | CAS no: 92704-15-9 Cadmium oxalate EC / List no: 212-408-8 | CAS no: 814-88-0 Boric acid, cadmium salt EC / List no: 257-067-6 | CAS no: 51222-60-7 Cadmium divalerate EC / List no: 260-498-2 | CAS no: 56982-42-4 Fatty acids, C12-18, barium cadmium salts EC / List no: 274-304-9 | CAS no: 70084-75-2 Flue dust, lead-manufg., cadmium-rich Residue obtained in the metallurgical treatment of lead concentrate in a lead blast furnace. The substance is composed of cadmium oxides, lead oxides, and impurities containing compounds of arsenic, chlorine, indium and tellurium. EC / List no: 285-554-3 | CAS no: 85117-02-8 Cadmium sulfide (CdS), solid soln. with zinc sulfide, aluminum and copper-doped EC / List no: 270-979-9 | CAS no: 68512-51-6 Cadmium diicosanoate EC / List no: 238-994-5 | CAS no: 14923-81-0 Cadmium dilaurate EC / List no: 220-017-9 | CAS no: 2605-44-9 Cadmium sulfide (CdS), solid soln. with zinc sulfide, copper and silver-doped EC / List no: 271-511-6 | CAS no: 68583-43-7 Cadmium(2+) 12-hydroxyoctadecanoate EC / List no: 273-881-4 | CAS no: 69121-20-6 Fatty acids, C14-18, cadmium salts EC / List no: 270-067-0 | CAS no: 68409-82-5 Cadmium cyanide EC / List no: 208-829-1 | CAS no: 542-83-6 [[N,N'-ethylenebis[glycinato]](2-)-N,N',O,O']cadmium EC / List no: 249-987-1 | CAS no: 29977-13-7 Pentapotassium hydrogen [[[ethylenebis[nitrilobis(methylene)]]tetrakis[phosphonato]](8-)]cadmate(6-) EC / List no: 269-685-3 | CAS no: 68309-98-8 tetraamminecadmium permanganate EC / List no: - | CAS no: 34410-88-3 Cadmium dioleate EC / List no: 233-954-3 | CAS no: 10468-30-1 Dipotassium tetrachlorocadmate(2-) EC / List no: 243-938-8 | CAS no: 20648-91-3 Octadecanoic acid, 12-hydroxy-, cadmium salt, basic EC / List no: 309-795-1 | CAS no: 101012-94-6 Ammonium cadmium chloride (Ammonium cadmium trichloride) EC / List no: - | CAS no: 18532-52-0 Cadmium isodecanoate EC / List no: 300-973-4 | CAS no: 93965-24-3 Leach residues, cadmium-contg. flue dust The substance formed during oxidative leaching of cadmium containing flue dust. Consists primarily of cadmium, lead and zinc compounds with chlorine, oxygen and sulfur and contains other nonferrous metal compounds. EC / List no: 305-417-4 | CAS no: 94551-70-9 Cadmium sulphide EC / List no: 215-147-8 | CAS no: 1306-23-6 Cadmium sponge EC / List no: - | CAS no: 69011-70-7 Cadmium sulfide (CdS), solid soln. with zinc sulfide, copper and manganese-doped EC / List no: 270-978-3 | CAS no: 68512-50-5 Cadmium cinnamate EC / List no: 224-509-4 | CAS no: 4390-97-0 reaction products of (Z)-octadeca-9-enoic acid and zinc selenide and cadmium selenide and zinc sulfide EC / List no: - | CAS no: 1926976-90-0 Cadmium bis[p-(1,1,3,3-tetramethylbutyl)phenolate] EC / List no: 299-704-0 | CAS no: 93894-09-8 Cadmium dipalmitate EC / List no: 229-199-4 | CAS no: 6427-86-7 Dicadmium selenide sulphide EC / List no: 235-392-4 | CAS no: 12214-12-9 Fatty acids, C9-11-branched, cadmium salts EC / List no: 287-817-8 | CAS no: 85586-15-8 Dodecanoic acid, cadmium salt, basic EC / List no: 309-789-9 | CAS no: 101012-89-9 Bis(dibutyldithiocarbamato-S,S')cadmium EC / List no: 238-609-0 | CAS no: 14566-86-0 Cadmium tellurium trioxide EC / List no: 239-963-9 | CAS no: 15851-44-2 Cadmium disalicylate EC / List no: 242-749-8 | CAS no: 19010-79-8 Cadmium titanium trioxide EC / List no: 234-593-4 | CAS no: 12014-14-1 Phosphoric acid, ammonium cadmium salt (1:1:1) EC / List no: - | CAS no: 14520-70-8 Cadmium selenide (CdSe), solid soln. with cadmium sulfide, zinc selenide and zinc sulfide, aluminum and copper-doped EC / List no: 309-897-6 | CAS no: 101357-00-0 Cadmium sulfide (CdS), solid soln. with zinc sulfide, copper and nickel-doped EC / List no: 271-539-9 | CAS no: 68584-42-9 Cadmium silicate EC / List no: 236-765-4 | CAS no: 13477-19-5 Cadmium bis(isoundecanoate) EC / List no: 300-980-2 | CAS no: 93965-30-1 Cadmium chloride hydrate EC / List no: 629-592-4 | CAS no: 654054-66-7 Cadmium isohexadecanoate EC / List no: 306-072-2 | CAS no: 95892-12-9 Tetraiodide diammonium cadmium EC / List no: - | CAS no: 105034-60-4 Cadmium dimethylhexanoate EC / List no: 301-320-6 | CAS no: 93983-65-4 Fatty acids, C12-18, cadmium salts EC / List no: 268-621-1 | CAS no: 68131-59-9 Cadmium trichloride 1 sodium EC / List no: - | CAS no: 55425-74-6 Cadmium chromate EC / List no: 238-252-0 | CAS no: 14312-00-6 Cadmium zinc lithopone yellow This substance is identified in the Colour Index by Colour Index Constitution Number, C.I. 77205:1. EC / List no: 292-385-9 | CAS no: 90604-89-0 Leach residues, zinc ore-calcine, cadmium-copper ppt. Insoluble material precipitated by hydrolysis during hydrometallurgical treatment of crude zinc sulfate solution. Consists primarily of cadmium, cobalt, copper, lead, manganese, nickel, thallium, tin and zinc. EC / List no: 293-311-8 | CAS no: 91053-46-2 Tetra-μ-chlorodichlorobis[2-[[(2,3-dihydroxypropoxy)hydroxyphosphinyl]oxy]triethylmethylammoniumato]tricadmium, stereoisomer EC / List no: 276-100-5 | CAS no: 71861-27-3 Dicadmium hexakis(cyano-C)ferrate(4-) EC / List no: 237-341-1 | CAS no: 13755-33-4 Fatty acids, C9-13-neo-, cadmium salts EC / List no: 296-441-3 | CAS no: 92704-12-6 Fatty acids, C14-18 and C18-unsatd., branched and linear, hydrogenated, cadmium salts EC / List no: 296-564-2 | CAS no: 92797-28-9 Decanoic acid, branched, cadmium salts EC / List no: 291-155-5 | CAS no: 90342-19-1 Fatty acids, tall-oil, cadmium salts EC / List no: 272-499-5 | CAS no: 68855-80-1 Cadmium acrylate EC / List no: 239-835-2 | CAS no: 15743-19-8 Cadmium selenide (CdSe), solid soln. with cadmium sulfide, zinc selenide and zinc sulfide, manganese and silver-doped EC / List no: 309-901-6 | CAS no: 101357-04-4 Cadmium selenide sulfide EC / List no: 235-724-8 | CAS no: 12626-36-7 Cadmium succinate EC / List no: 205-446-1 | CAS no: 141-00-4 Cadmium diphenolate EC / List no: 242-727-8 | CAS no: 18991-05-4 Cadmium sulfide (CdS), copper and lead-doped EC / List no: 272-581-0 | CAS no: 68891-87-2 Cadmium selenide sulfide, (Cd2SeS) EC / List no: - | CAS no: 12213-70-6 Fatty acids, C6-12, cadmium salts EC / List no: - | CAS no: 135742-32-4 Cadmium selenite EC / List no: 237-480-8 | CAS no: 13814-59-0 Leach residues, cadmium-refining Product of leaching calcine and sump tank mud from lead ore refining with sulfuric acid. Consists primarily of lead sulfate and cadmium arsenate. EC / List no: 273-811-2 | CAS no: 69029-70-5 Cadmium dithiocyanate EC / List no: 212-738-2 | CAS no: 865-38-3 Slimes and Sludges, cadmium electrolytic EC / List no: - | CAS no: 69029-89-6 Phosphonic acid, P-tetradecyl-, reaction products with cadmium selenide (CdSe) EC / List no: - | CAS no: 1773514-66-1 Cadmium, benzoate p-tert-butylbenzoate complexes EC / List no: 270-824-5 | CAS no: 68478-53-5 Dicadmium niobate EC / List no: 235-357-3 | CAS no: 12187-14-3 Cadmium oxide (CdO), solid soln. with magnesium oxide, tungsten oxide (WO3) and zinc oxide EC / List no: 310-029-3 | CAS no: 102110-30-5 Cadmium selenide (CdSe), solid soln. with cadmium sulfide, zinc selenide and zinc sulfide, gold and manganese-doped EC / List no: 309-900-0 | CAS no: 101357-03-3 Slimes and Sludges, cadmium-refining, oxidized Product of adding oxidizer to solution in the cadmium plant. Consists primarily of hydroxides of cadmium, thallium and indium and cadmium arsenate. EC / List no: 273-831-1 | CAS no: 69029-90-9 Cadmium iodide EC / List no: 232-223-6 | CAS no: 7790-80-9 Cadmium sulphite EC / List no: 236-767-5 | CAS no: 13477-23-1 Disodium [[N,N'-ethylenebis[N-(carboxymethyl)glycinato]](4-)-N,N',O,O',ON,ON']cadmate(2-) EC / List no: 252-736-9 | CAS no: 35803-35-1 Pyrochlore, bismuth cadmium ruthenium An inorganic pigment that is the reaction product of high temperature calcination in which bismuth oxide, cadmium oxide, and ruthenium oxide in varying amounts are homogeneously and ionically interdiffused to form a crystalline matrix of pyrochlore. EC / List no: 270-855-4 | CAS no: 68479-13-0 Cadmium sulfide (CdS), aluminum and silver-doped EC / List no: 272-540-7 | CAS no: 68876-99-3 Benzoic acid, cadmium salt, basic EC / List no: 290-764-3 | CAS no: 90218-85-2 Cadmium chloride rubidium EC / List no: - | CAS no: 18532-58-6 Cadmium sulfide (CdS), solid soln. with zinc sulfide, aluminum and silver-doped EC / List no: 271-538-3 | CAS no: 68584-41-8 Cadmium selenide (CdSe), solid soln. with cadmium sulfide, zinc selenide and zinc sulfide, europium-doped EC / List no: 309-899-7 | CAS no: 101357-02-2 Monoammonium cadmium triiodide EC / List no: - | CAS no: 32593-99-0 Cadmium telluride EC / List no: 215-149-9 | CAS no: 1306-25-8 Cadmium selenide (CdSe), solid soln. with cadmium sulfide, zinc selenide and zinc sulfide, copper and manganese-doped EC / List no: 309-898-1 | CAS no: 101357-01-1 Cadmium acetate hydrate EC / List no: 628-590-0 | CAS no: 89759-80-8 Bis(pentane-2,4-dionato-O,O')cadmium EC / List no: 238-730-9 | CAS no: 14689-45-3 Cadmium zinc sulfide EC / List no: 234-372-2 | CAS no: 11129-14-9 Tricadmium diarsenide EC / List no: 234-484-1 | CAS no: 12006-15-4 Cadmium bis[benzoate] EC / List no: 221-187-7 | CAS no: 3026-22-0 Cadmium propionate EC / List no: 241-066-2 | CAS no: 16986-83-7 Cadmium dianthranilate EC / List no: 230-343-3 | CAS no: 7058-55-1 Leach residues, cadmium cake Residues obtained by cementation of cadmium by iron dust out of cadmium sulfate solutions. Composed primarily of metallic cadmium and zinc. EC / List no: 293-309-7 | CAS no: 91053-44-0 Pentacadmium chloridetriphosphate EC / List no: 235-353-1 | CAS no: 12185-64-7 Potassium sulfate cadmium dihydrate EC / List no: - | CAS no: 38386-25-3 Silicic acid, zirconium salt, cadmium pigment-encapsulated EC / List no: 310-077-5 | CAS no: 102184-95-2 Hydrogen [N,N-bis(carboxymethyl)glycinato(3-)-N,O,O',O'']cadmate EC / List no: 256-489-8 | CAS no: 49784-44-3 Cadmium bis(dipentyldithiocarbamate) EC / List no: 242-747-7 | CAS no: 19010-65-2 Cadmium sulfide (CdS), copper chloride-doped EC / List no: 272-541-2 | CAS no: 68877-00-9 Cadmium di(octanoate) EC / List no: 218-585-8 | CAS no: 2191-10-8 Cadmium bromide rubidium EC / List no: - | CAS no: 16593-57-0 Cadmium (1,1-dimethylethyl)benzoate EC / List no: 250-515-1 | CAS no: 31215-94-8 Wastewater, cadmium sulfate electrolytic, acid Electrolytic solution from electrolysis of cadmium sulfate consisting primarily of cadmium sulfate and sulfuric acid. EC / List no: 273-721-3 | CAS no: 69012-21-1 Cadmium dilactate EC / List no: 240-181-5 | CAS no: 16039-55-7 Cadmium didocosanoate EC / List no: 251-927-4 | CAS no: 34303-23-6 Cadmium mercury telluride EC / List no: 249-914-3 | CAS no: 29870-72-2 Cadmium ditantalum hexaoxide EC / List no: 235-561-2 | CAS no: 12292-07-8 Zircon, cadmium orange EC / List no: 309-029-6 | CAS no: 99749-34-5 Tricadmium diphosphide EC / List no: 234-595-5 | CAS no: 12014-28-7 Barium cadmium calcium chloride fluoride phosphate, antimony and manganese-doped EC / List no: 272-257-9 | CAS no: 68784-55-4 Cadmium m-toluate EC / List no: 268-458-6 | CAS no: 68092-45-5 Cadmium orthophosphate EC / List no: 237-581-7 | CAS no: 13847-17-1 Cadmium bis(p-nonylphenolate) EC / List no: 299-703-5 | CAS no: 93894-08-7 Slimes and Sludges, cadmium sump tank Product of adding sodium carbonate to solutions in the cadmium plant. Consists primarily of cadmium carbonate with lesser amounts of carbonates and hydroxides of other nonferrous metals. EC / List no: 273-832-7 | CAS no: 69029-91-0 Siloxanes and Silicones, 3-[(2-aminoethyl)amino]propyl Me, di-Me, reaction products with cadmium zinc selenide sulfide, lauric acid and oleylamine EC / List no: - | CAS no: 1623456-05-2 Cadmium di(acetate) EC / List no: 208-853-2 | CAS no: 543-90-8 Cadmium selenate EC / List no: 237-481-3 | CAS no: 13814-62-5 Cadmium dilinoleate EC / List no: 267-845-7 | CAS no: 67939-62-2 Octadecanoic acid, barium cadmium salt EC / List no: - | CAS no: 17033-07-7 Cadmium sulfate sodium EC / List no: - | CAS no: 28038-18-8 Cadmium bis(o-nonylphenolate) EC / List no: 299-701-4 | CAS no: 93894-07-6 Cadmium isooctadecanoate EC / List no: 284-428-5 | CAS no: 84878-36-4 Dodecanoic acid, reaction products with cadmium zinc selenide sulfide and oleylamine EC / List no: - | CAS no: 1773514-92-3 Residues, cadmium-refining Product from the washing of sweeps and cleanings from a cadmium plant. Consists primarily of metallic cadmium and iron. EC / List no: 273-819-6 | CAS no: 69029-77-2 Cadmium fluoride EC / List no: 232-222-0 | CAS no: 7790-79-6 Cadmium peroxide EC / List no: - | CAS no: 12139-22-9 Cadmium chloride EC / List no: 233-296-7 | CAS no: 10108-64-2 Cadmium bis(diethyldithiocarbamate) EC / List no: 238-113-4 | CAS no: 14239-68-0 Cadmium (Z)-hexadec-9-enoate EC / List no: 299-705-6 | CAS no: 93894-10-1 Dihydrogen bis[hydroxysuccinato(2-)-O1,O2,O4]cadmate(2-) EC / List no: 275-459-5 | CAS no: 71436-99-2 Resin acids and Rosin acids, cadmium salts EC / List no: 273-320-3 | CAS no: 68956-81-0 Bis(ethylenediamine)cadmium(2+) bis[dicyanoaurate(1-)] EC / List no: 242-708-4 | CAS no: 18974-20-4 Cadmium o-toluate EC / List no: 257-860-7 | CAS no: 52337-78-7 Cadmium isooctyl phthalate (1:2:2) EC / List no: 304-193-5 | CAS no: 94247-16-2 cosmetics all cosmetic products Health Canada Canada Prohibited",banned_or_prohibited,source_context_only
"Lead and its compounds Sulfuric acid, lead(2+) salt, basic EC / List no: 292-204-3 | CAS no: 90583-07-6 7-methyloctanoic acid, lead salt EC / List no: 308-331-5 | CAS no: 97952-39-1 Flue dust, lead-manufg., cadmium-rich Residue obtained in the metallurgical treatment of lead concentrate in a lead blast furnace. The substance is composed of cadmium oxides, lead oxides, and impurities containing compounds of arsenic, chlorine, indium and tellurium. EC / List no: 285-554-3 | CAS no: 85117-02-8 Neodecanoic acid, lead salt EC / List no: 248-369-9 | CAS no: 27253-28-7 Silicic acid, lead salt EC / List no: 234-363-3 | CAS no: 11120-22-2 Resin acids and Rosin acids, lead salts EC / List no: 232-714-5 | CAS no: 9008-26-8 Leach residues, copper-lead Substance formed by the oxidative leaching of lead- and copper-containing materials with sulfuric acid. Consists primarily of lead sulfates and other lead compounds with lesser amounts of other non-ferrous compounds. EC / List no: 305-420-0 | CAS no: 94551-72-1 Lead, isononanoate naphthenate complexes EC / List no: 284-577-6 | CAS no: 84929-97-5 Lauric acid, lead salt EC / List no: 239-344-3 | CAS no: 15306-30-6 Lead, C5-23-branched carboxylate C4-10-fatty acid complexes EC / List no: 281-934-8 | CAS no: 84066-98-8 Lead, C5-23-branched carboxylate C4-10-fatty acid naphthenate complexes EC / List no: 280-541-9 | CAS no: 83711-45-9 Lead fumarate EC / List no: 237-220-3 | CAS no: 13698-55-0 Trilead diarsenate EC / List no: 222-979-5 | CAS no: 3687-31-8 Hexanoic acid, dimethyl-, lead(2+) salt, basic EC / List no: 270-498-4 | CAS no: 68442-95-5 Gum rosin, litharge polymer EC / List no: - | CAS no: 68952-91-0 Lead naphthenate EC / List no: 256-790-4 | CAS no: 50825-29-1 Phosphoric acid, calcium salt (1:1), solid soln. with calcium chloride, calcium fluoride, calcium oxide, phosphorus oxide (P2O5) and strontium oxide, lead and manganese-doped EC / List no: 310-002-6 | CAS no: 102047-25-6 Lead chloride silicate EC / List no: 254-443-1 | CAS no: 39390-00-6 Lead, C4-10-fatty acid naphthenate complexes EC / List no: 281-936-9 | CAS no: 84067-00-5 Lead tungsten oxide EC / List no: 235-792-9 | CAS no: 12737-98-3 Isoundecanoic acid, lead(2+) salt, basic EC / List no: 293-986-9 | CAS no: 91671-84-0 3,5,5-trimethylhexanoic acid, lead salt EC / List no: 245-788-9 | CAS no: 23621-79-6 Lead cyanamide EC / List no: 252-377-8 | CAS no: 35112-70-0 Fatty acids, C14-26, lead salts EC / List no: 296-911-8 | CAS no: 93165-26-5 Bis(pentane-2,4-dionato-O,O')lead EC / List no: 239-323-9 | CAS no: 15282-88-9 Lead diperchlorate EC / List no: 237-125-7 | CAS no: 13637-76-8 Acetoxytrimethylplumbane EC / List no: 227-200-2 | CAS no: 5711-19-3 Isononanoic acid, lead salt, basic EC / List no: 291-543-4 | CAS no: 90431-21-3 Lead dipropionate EC / List no: 212-400-4 | CAS no: 814-70-0 Lead, C5-23-branched carboxylate octanoate complexes EC / List no: 281-935-3 | CAS no: 84066-99-9 (2-ethylhexanoato-O)(isodecanoato-O)lead EC / List no: 304-166-8 | CAS no: 94246-92-1 Residues, lead smelting Residues from processing equipment used in a lead refinery. Consist primarily of lead and lead oxide. EC / List no: 273-821-7 | CAS no: 69029-79-4 Lead, bis[bis(2-methylpropyl)carbamodithioato-S,S']-, (T-4)- EC / List no: - | CAS no: 69090-73-9 Barium oxide (BaO), solid soln. with calcium oxide, strontium oxide and tungsten oxide (WO3), lead-doped EC / List no: 310-023-0 | CAS no: 102110-24-7 Lead titanium zirconium oxide EC / List no: 235-727-4 | CAS no: 12626-81-2 Lead chloride (PbCl) EC / List no: - | CAS no: 13931-84-5 Lead chromate molybdate sulfate red This substance is identified in the Colour Index by Colour Index Constitution Number, C.I. 77605. EC / List no: 235-759-9 | CAS no: 12656-85-8 Boric acid (H3BO3), solid soln. with barium oxide, calcium oxide and strontium oxide, lead and manganese-doped EC / List no: 310-025-1 | CAS no: 102110-26-9 Dibismuth dilead tetraruthenium tridecaoxide EC / List no: 234-358-6 | CAS no: 11116-83-9 Antimonial lead EC / List no: - | CAS no: 69029-50-1 Lead, bullion EC / List no: 308-011-5 | CAS no: 97808-88-3 Lead(2+) ethylphenyldithiocarbamate EC / List no: 299-550-4 | CAS no: 93892-65-0 Fatty acids, tallow, reaction products with lead oxide EC / List no: 305-196-4 | CAS no: 94349-78-7 Silicic acid, chromium lead salt EC / List no: 234-347-6 | CAS no: 11113-70-5 1H-1,2,3-Triazole-5-methanol, .alpha.,.alpha.-dimethyl-1-[4-(triphenylplumbyl)butyl]- EC / List no: - | CAS no: 73826-06-9 Dioxobis(stearato)trilead EC / List no: 235-702-8 | CAS no: 12578-12-0 Plumbane, (4-bromobutyl)triphenyl- EC / List no: - | CAS no: 16035-34-0 Bismuth alloy, Bi 50,Pb 25,Cd 12,Sn 12 (L-pbbi50Sn12.5Cd12.5) EC / List no: - | CAS no: 76093-98-6 Lead benzoate EC / List no: 240-049-7 | CAS no: 15907-04-7 Lead succinate EC / List no: 214-732-5 | CAS no: 1191-18-0 Lead dicyanide EC / List no: 209-742-1 | CAS no: 592-05-2 Lead(2+) isooctadecanoate EC / List no: 274-822-5 | CAS no: 70727-02-5 Lead(2+) (Z)-hexadec-9-enoate EC / List no: 299-256-6 | CAS no: 93858-24-3 (2-ethylhexanoato-O)(neodecanoato-O)lead EC / List no: 304-167-3 | CAS no: 94246-93-2 Lead dibutyrate EC / List no: 212-462-2 | CAS no: 819-73-8 Lead, isooctanoate neodecanoate complexes EC / List no: 309-808-0 | CAS no: 101013-06-3 Bismuth, compound with lead (1:1) EC / List no: 234-980-8 | CAS no: 12048-28-1 Dilead dioxide EC / List no: - | CAS no: 35229-41-5 Lead bis(2-ethylhexanoate) EC / List no: 206-107-0 | CAS no: 301-08-6 Flue dust, lead blast furnace EC / List no: 274-633-8 | CAS no: 70514-05-5 Lead sulfite EC / List no: - | CAS no: 25666-92-6 Lead oxide (PbO), retort Oxidation product of metals in lead refinery retort. Consists primarily of oxides of lead, antimony and zinc. EC / List no: 273-797-8 | CAS no: 69029-53-4 Lead ores, concs., leached The residue obtained from leaching of a lead concentrate or ore to remove some of the soluble elements such as arsenic or iron. Composed primarily of lead but also containing other non-ferrous metals and gangue constituents. EC / List no: 310-049-2 | CAS no: 102110-48-5 (maleato)trioxotetralead EC / List no: 235-549-7 | CAS no: 12275-07-9 Lead dithiocyanate EC / List no: 209-774-6 | CAS no: 592-87-0 Lead(2+) acrylate EC / List no: 212-760-2 | CAS no: 867-47-0 Naphthenic acids, lead salts EC / List no: 263-109-4 | CAS no: 61790-14-5 Sulphuric acid, lead salt EC / List no: 239-831-0 | CAS no: 15739-80-7 Calcines, lead ore conc. Sinter formed by heating finely divided lead concentrates and fluxes to a softening condition to agglomerate without fusion. EC / List no: 273-815-4 | CAS no: 69029-74-9 Thiosulphuric acid, lead salt EC / List no: 247-566-7 | CAS no: 26265-65-6 Lead selenate EC / List no: 231-199-4 | CAS no: 7446-15-3 Trinitrophloroglucinol, lead salt EC / List no: 257-135-5 | CAS no: 51325-28-1 Lead icosanoate EC / List no: 304-439-1 | CAS no: 94266-32-7 Lead bis(tricosanoate) EC / List no: 300-988-6 | CAS no: 93966-37-1 Lead disulphamidate EC / List no: 237-379-9 | CAS no: 13767-78-7 [phthalato(2-)]dioxotrilead EC / List no: 273-688-5 | CAS no: 69011-06-9 Diantimony trilead octaoxide EC / List no: 236-845-9 | CAS no: 13510-89-9 Lead, C4-10-fatty acid octanoate complexes EC / List no: 295-918-3 | CAS no: 92200-92-5 Lead oxalate EC / List no: 212-413-5 | CAS no: 814-93-7 Lead, C6-19-branched carboxylate naphthenate complexes EC / List no: 274-302-8 | CAS no: 70084-67-2 Slimes and Sludges, battery scrap, antimony- and lead-rich A product obtained by the treatment of battery scraps to recover lead. Composed primarily of oxides and sulfates of antimony and lead. EC / List no: 310-061-8 | CAS no: 102110-60-1 Bismuth, refinery lead chloride residues By-product of the refining of bismuth. Principally lead chloride with salts and compounds of various metals. EC / List no: 273-803-9 | CAS no: 69029-61-4 Lead titanium trioxide EC / List no: 235-038-9 | CAS no: 12060-00-3 Naphthenic acids, lead manganese salts EC / List no: 262-983-4 | CAS no: 61788-52-1 Lead diphosphinate EC / List no: 233-664-7 | CAS no: 10294-58-3 Isodecanoic acid, lead salt, basic EC / List no: 291-536-6 | CAS no: 90431-14-4 2-[carboxylatomethyl(carboxymethyl)amino]acetate;lead(2+) EC / List no: - | CAS no: 79849-02-8 [phthalato(2-)]oxodilead EC / List no: 260-590-2 | CAS no: 57142-78-6 Hexaphenyldiplumbane EC / List no: 221-505-4 | CAS no: 3124-01-4 198Pb EC / List no: - | CAS no: 16646-00-7 Octanoic acid, lead salt EC / List no: 239-790-9 | CAS no: 15696-43-2 Lead chromate EC / List no: 231-846-0 | CAS no: 7758-97-6 Lead 3-(acetamido)phthalate EC / List no: 298-872-2 | CAS no: 93839-98-6 Lead diniobium hexaoxide EC / List no: 234-814-4 | CAS no: 12034-88-7 Petrolatum (petroleum), oxidized, lead salt EC / List no: 266-853-8 | CAS no: 67674-14-0 Lead C3-13-alkanecarboxylate naphthenate complexes EC / List no: 616-735-0 | CAS no: 79803-79-5 Octadecanoic acid, lead salt, basic EC / List no: 291-695-1 | CAS no: 90459-51-1 Lead, bis(dipropylcarbamodithioato-S,S')-, (T-4)- EC / List no: - | CAS no: 70995-63-0 Lead(IV) fluoride EC / List no: 232-012-9 | CAS no: 7783-59-7 Lead dipicrate EC / List no: 229-335-2 | CAS no: 6477-64-1 Dilead chromate dihydroxide EC / List no: 234-628-3 | CAS no: 12017-86-6 Lead propionate EC / List no: 255-883-7 | CAS no: 42558-73-6 Lead(2+) dodecylphenolate EC / List no: 271-610-4 | CAS no: 68586-21-0 Isooctanoic acid, lead salt, basic EC / List no: 291-549-7 | CAS no: 90431-26-8 Lanthanum lead titanium zirconium oxide EC / List no: - | CAS no: 1227908-26-0 Pigment Lightfast Lead-Molybdate Orange OS (9CI) EC / List no: - | CAS no: 78690-68-3 Phosphoric acid, lead salt EC / List no: - | CAS no: 16040-38-3 Lead bis(2-ethylhexanolate) EC / List no: 298-879-0 | CAS no: 93840-04-1 Spinels, lead silicon tin zinc white An inorganic pigment that is the reaction product of high temperature calcination in which lead (II) oxide, silicon oxide, tin (IV) oxide, and zinc oxide in varying amounts are homogeneously and ionically interdiffused to form a crystalline matrix of spinel. EC / List no: 271-412-8 | CAS no: 68555-07-7 Silicic acid (H2Si2O5), barium salt (1:1), lead-doped EC / List no: 272-271-5 | CAS no: 68784-75-8 Cadmium sulfide (CdS), solid soln. with zinc sulfide, copper and lead-doped EC / List no: 269-773-1 | CAS no: 68332-81-0 Lead(II) isooctanoate EC / List no: 301-153-9 | CAS no: 93981-67-0 Tetraphenyllead EC / List no: 209-871-3 | CAS no: 595-89-1 Lead bis[didodecylbenzenesulphonate] EC / List no: 288-692-2 | CAS no: 85865-92-5 Lead nitrite EC / List no: 237-528-8 | CAS no: 13826-65-8 Bismuth lead ruthenium oxide EC / List no: 265-645-4 | CAS no: 65229-22-3 Fatty acids, C8-10-branched, lead salts EC / List no: 285-212-3 | CAS no: 85049-42-9 9-Octadecenoic acid (Z)-, lead salt, basic EC / List no: 291-735-8 | CAS no: 90459-88-4 Lead hydroxide oxide (Pb2(OH)2O) EC / List no: - | CAS no: 1311-11-1 Disodium lead N,N'-ethylenebis[N-(carboxylatomethyl)aminoacetate] EC / List no: 245-314-0 | CAS no: 22904-40-1 Lead, tetrapropyl- EC / List no: - | CAS no: 3440-75-3 Lead dibutanolate EC / List no: 265-457-2 | CAS no: 65119-94-0 Phosphoric acid, lead(2+) salt (2:1) EC / List no: - | CAS no: 16180-04-4 Lead dilaurate EC / List no: 239-869-8 | CAS no: 15773-55-4 Fatty acids, C4-20-branched, lead salts EC / List no: - | CAS no: 125328-49-6 Residues, lead roaster Roaster hearth cleanings or barrings from lead refining. Consist primarily of cadmium, thallium and lead and oxides of cadmium, thallium, calcium and arsenic. EC / List no: 273-820-1 | CAS no: 69029-78-3 Dodecanoic acid, lead salt, basic EC / List no: 291-195-3 | CAS no: 90342-56-6 Dihydroxy[styphnato(2-)]dilead EC / List no: 235-642-2 | CAS no: 12403-82-6 Nitric acid, lead(2+) salt, reaction products with sodium tin oxide EC / List no: 308-406-2 | CAS no: 97953-08-7 Leach residues, zinc ore-calcine, zinc cobalt Residue from treatment of calcined zinc ore concentrates with antimony trioxide, zinc dust, lead oxide and copper sulfate. Consists primarily of zinc and a composite of metallics: cobalt, copper and lead. EC / List no: 273-769-5 | CAS no: 69012-72-2 Lead arsenite EC / List no: 233-083-9 | CAS no: 10031-13-7 Linseed oil, polymer with tung oil, lead salt EC / List no: - | CAS no: 68990-75-0 Hexaethyldiplumbane EC / List no: 219-216-3 | CAS no: 2388-00-3 Fatty acids, castor-oil, hydrogenated, lead salts EC / List no: 294-297-6 | CAS no: 91697-36-8 Lead(2+) methacrylate EC / List no: 213-949-2 | CAS no: 1068-61-7 α-d-Glucopyranose, 1-(dihydrogen phosphate), lead salt EC / List no: 272-655-2 | CAS no: 68901-12-2 Dilead pyrophosphate EC / List no: 236-629-4 | CAS no: 13453-66-2 Lead isophthalate EC / List no: 254-128-9 | CAS no: 38787-87-0 Lead, isononanoate neodecanoate complexes, basic EC / List no: 291-564-9 | CAS no: 90431-41-7 Lead, zinc dross EC / List no: 305-409-0 | CAS no: 94551-60-7 Fatty acids, C8-12, lead salts EC / List no: 283-980-4 | CAS no: 84776-53-4 Hexacosanoic acid, lead salt EC / List no: 301-357-8 | CAS no: 94006-20-9 Residues, lead-zinc smelting wastewater treatment Product of hydrolysis and neutralisation of zinc/lead smelter waste waters. Consists primarily of cadmium hydroxide, calcium sulfate, calcium sulfite, iron hydroxide, lead hydroxide and zinc hydroxide. EC / List no: 305-425-8 | CAS no: 94551-79-8 Lead, naphthenate neodecanoate complexes, basic EC / List no: 284-576-0 | CAS no: 84929-96-4 Phenol, tetrapropylene-, lead(2+) salt EC / List no: - | CAS no: 122332-23-4 Lead germanate EC / List no: 235-666-3 | CAS no: 12435-47-1 Tetradecanoic acid, lead salt, basic EC / List no: 292-267-7 | CAS no: 90583-65-6 Lead bis(5-oxo-DL-prolinate) EC / List no: 286-936-2 | CAS no: 85392-78-5 Lead, triethyl-, oleate EC / List no: - | CAS no: 63916-98-3 Lead malate EC / List no: 212-436-0 | CAS no: 816-68-2 Lead thiosulphate EC / List no: 236-780-6 | CAS no: 13478-50-7 Lead carbonate EC / List no: 247-054-3 | CAS no: 25510-11-6 Diacetoxydiphenylplumbane EC / List no: 230-052-1 | CAS no: 6928-68-3 Lead maleate EC / List no: 242-832-9 | CAS no: 19136-34-6 Lead hexafluoro-silicate EC / List no: 677-594-9 | CAS no: 1310-03-8 (isononanoato-O)(isooctanoato-O)lead EC / List no: 304-157-9 | CAS no: 94246-84-1 Lead bis(diisononylnaphthalenesulphonate) EC / List no: 264-316-2 | CAS no: 63568-30-9 Lead(2+) (R)-12-hydroxyoleate EC / List no: 236-010-9 | CAS no: 13094-04-7 Lead sulphide EC / List no: 215-246-6 | CAS no: 1314-87-0 Castor oil, dehydrated, polymer with rosin, calcium lead zinc salt EC / List no: - | CAS no: 68604-05-7 Lead, isooctanoate naphthenate complexes, basic EC / List no: 291-565-4 | CAS no: 90431-42-8 Dilead chromate oxide EC / List no: 242-339-9 | CAS no: 18454-12-1 Lead(2+) tellurium tetraoxide EC / List no: 237-573-3 | CAS no: 13845-35-7 Wastes, lead battery reprocessing Material obtained during the recycling of exhausted lead storage batteries. Consists primarily of oxides and sulfates of lead and lead alloys. EC / List no: 305-445-7 | CAS no: 94551-99-2 Chlorotrimethylplumbane EC / List no: 216-187-9 | CAS no: 1520-78-1 Flue dust, lead-refining By-product of refining lead ores obtained from baghouse and electro-static precipitator and as slurry from scrubbers. EC / List no: 273-809-1 | CAS no: 69029-67-0 Lead EC / List no: 231-100-4 | CAS no: 7439-92-1 Lead, dross, antimony-rich A scum or slag formed on the surface of molten lead during the process of removing antimony along with arsenic by oxidation with air. It consists of antimony, arsenic and lead oxides. EC / List no: 273-791-5 | CAS no: 69029-45-4 Lead dipalmitate EC / List no: 239-870-3 | CAS no: 15773-56-5 Oils, menhaden, lead salts EC / List no: 270-321-0 | CAS no: 68424-76-0 Silicic acid (H6Si2O7), barium zinc salt (1:1:2), lead-doped EC / List no: - | CAS no: 71799-66-1 Lead dilinoleate EC / List no: 251-602-7 | CAS no: 33627-12-2 Lead dioxide EC / List no: 215-174-5 | CAS no: 1309-60-0 1,2-Benzenedicarboxylic acid, lead(2+) salt EC / List no: - | CAS no: 18608-34-9 2-ethylhexanoic acid, lead salt EC / List no: 241-076-7 | CAS no: 16996-40-0 2-Propenoic acid, 2-methyl-, lead salt, basic EC / List no: 292-141-1 | CAS no: 90552-19-5 Lead hydrogen arsenate EC / List no: 232-064-2 | CAS no: 7784-40-9 (isodecanoato-O)(neodecanoato-O)lead EC / List no: 304-161-0 | CAS no: 94246-87-4 Resin acids and Rosin acids, calcium salts, polymers with lead resinates and sapond. linseed oil EC / List no: - | CAS no: 68139-27-5 Plumbylium, trimethyl- EC / List no: - | CAS no: 14570-16-2 Residues, precious metal recovery lead refining Residues from treating lead refinery ores and residues containing precious metals with sodium boroplumbate followed by thermal fusion. EC / List no: 273-822-2 | CAS no: 69029-80-7 Lead, diacetoxydiethyl- (7CI) EC / List no: - | CAS no: 15773-47-4 Lead hydroxide EC / List no: 243-310-3 | CAS no: 19783-14-3 Grounding oil EC / List no: - | CAS no: 68152-99-8 Neononanoic acid, lead salt, basic EC / List no: 291-668-4 | CAS no: 90459-26-0 Sulfurous acid, lead(2+) salt, basic EC / List no: 292-237-3 | CAS no: 90583-37-2 Lead bis(3,5,5-trimethylhexanoate) EC / List no: 252-746-3 | CAS no: 35837-70-8 Trilead dioxide phosphonate EC / List no: 235-252-2 | CAS no: 12141-20-7 Chromic acid (H2CrO4), lead(2+) potassium salt (2:1:2) EC / List no: - | CAS no: 13845-31-3 Lead oxide sulfate EC / List no: 235-803-7 | CAS no: 12765-51-4 Tin alloy EC / List no: - | CAS no: 39412-44-7 Plumbane, [(4-aminobenzoyl)oxy]triethyl- EC / List no: - | CAS no: 73928-17-3 Acetoxytriphenylplumbane EC / List no: 214-601-2 | CAS no: 1162-06-7 Lead, isodecanoate isononanoate complexes, basic EC / List no: 291-559-1 | CAS no: 90431-36-0 Lead bis(isononanoate) EC / List no: 258-222-0 | CAS no: 52847-85-5 Triethyllead acetate EC / List no: 624-392-3 | CAS no: 2587-81-7 Speiss, lead, nickel-contg. Product obtained and separated during the melting of nickel and other non-ferrous metals containing raw materials. Consists primarily of antimonides and arsenides of copper and nickel. EC / List no: 308-765-5 | CAS no: 98246-91-4 5,5,13,13-tetradehydro-4,5-dihydro-4,8,10,15-tetranitro-7,11-metheno-11H,13H-tetrazolo[1,5-c][1,7,3,5,2,6]dioxadiazadiplumbacyclododecine EC / List no: 243-204-7 | CAS no: 19651-80-0 Lead bis(nonylphenolate) EC / List no: 276-725-3 | CAS no: 72586-00-6 Tetralead trioxide sulphate EC / List no: 235-380-9 | CAS no: 12202-17-4 Lead bis(dipentyldithiocarbamate) EC / List no: 253-068-0 | CAS no: 36501-84-5 Fatty acids, C18-24, lead salts EC / List no: 283-982-5 | CAS no: 84776-54-5 2-Propenoic acid, 2-methyl-, methyl ester, polymer with ethenylbenzene, lead(2+) 2-methyl-2-propenoate (1:2) and alpha-(2-methyl-1-oxo-2-propen-1-yl)-omega-((2-methyl-1-oxo-2-propen-1-yl)oxy)poly(oxy-1,2-ethanediyl) EC / List no: - | CAS no: 68155-47-5 Neodecanoic acid, lead salt, basic EC / List no: 291-667-9 | CAS no: 90459-25-9 Lead(2+) neodecanoate EC / List no: 275-836-4 | CAS no: 71684-29-2 Lead(2+) 4-(1,1-dimethylethyl)benzoate EC / List no: 286-637-7 | CAS no: 85292-77-9 Lead, isononanoate naphthenate complexes, basic EC / List no: 291-563-3 | CAS no: 90431-40-6 Dioxobis(stearato)dilead EC / List no: 260-043-8 | CAS no: 56189-09-4 1H-Imidazole, 1-(tributylplumbyl)- EC / List no: - | CAS no: 16128-42-0 Lead dibenzoate EC / List no: 212-841-2 | CAS no: 873-54-1 2-(2,4,5,7-tetrabromo-3,6-dihydroxyxanthen-9-yl)benzoic acid, lead salt EC / List no: 215-415-4 | CAS no: 1326-05-2 Fatty acids, C12-18, lead salts EC / List no: 268-622-7 | CAS no: 68131-60-2 Acetic acid, lead(2+) salt, monohydrate EC / List no: - | CAS no: 15773-48-5 Lead, bis(acetato-O)tetrahydroxytri- EC / List no: 215-630-3 | CAS no: 1335-32-6 Lead dichloride EC / List no: 231-845-5 | CAS no: 7758-95-4 Lead(2+) 4,4'-isopropylidenebisphenolate EC / List no: 299-255-0 | CAS no: 93858-23-2 Lead sulphate EC / List no: 231-198-9 | CAS no: 7446-14-2 Lead dihexanoate EC / List no: 239-868-2 | CAS no: 15773-53-2 Lead silicate EC / List no: 240-047-6 | CAS no: 15906-71-5 Lead didocosanoate EC / List no: 249-719-3 | CAS no: 29597-84-0 Matte, copper-lead, tellurium-contg. A matte obtained from reduction of copper electrolysis sludge from which selenium has been removed with coal. Composed primarily of copper, lead and tellurium. EC / List no: 309-642-9 | CAS no: 100656-53-9 Plumbane dichlorodiethyl- EC / List no: 621-088-2 | CAS no: 13231-90-8 Silicic acid (H2SiO3), calcium salt (1:1), lead and manganese-doped EC / List no: 309-535-7 | CAS no: 100402-96-8 Lead, triphenyl(phenylthio)- (7CI) EC / List no: 654-801-0 | CAS no: 15590-77-9 Naphthenic acids, lead salts, basic EC / List no: 295-449-4 | CAS no: 92045-67-5 Phosphorodithioate O,O-bis(1,3-dimethylbutyl), lead salt EC / List no: 243-777-3 | CAS no: 20383-42-0 Lead molybdate EC / List no: 233-459-2 | CAS no: 10190-55-3 Lead, decanoate octanoate complexes EC / List no: 274-558-0 | CAS no: 70321-55-0 Leach residues, lead slag Residues from leaching slag from a lead refinery with caustic soda and sulfuric acid. Consists primarily of sodium sulfate, tellurium compounds and lead sulfate. EC / List no: 273-812-8 | CAS no: 69029-71-6 Lead divanadium hexaoxide EC / List no: 233-248-5 | CAS no: 10099-79-3 Dilead silicate sulphate EC / List no: 266-962-0 | CAS no: 67711-86-8 Lead(2+) decanoate EC / List no: 239-867-7 | CAS no: 15773-52-1 Lead, isodecanoate naphthenate complexes, basic EC / List no: 309-793-0 | CAS no: 101012-92-4 Leach residues, zinc ore, lead-contg. Insoluble substance obtained during dissolution of zinc ores or concentrate in sulfuric acid for the production of zinc sulfate solutions after physical separation such as flotation and filtration. EC / List no: 293-314-4 | CAS no: 91053-49-5 Tetraethyllead EC / List no: 201-075-4 | CAS no: 78-00-2 Lead palmitate EC / List no: 243-135-2 | CAS no: 19528-55-3 Lead dilactate EC / List no: 242-666-7 | CAS no: 18917-82-3 (isodecanoato-O)(isononanoato-O)lead EC / List no: 304-160-5 | CAS no: 94246-86-3 1,2-Benzenedicarboxylic acid, lead(2+) salt, basic EC / List no: 290-588-7 | CAS no: 90193-83-2 Chlorotriethylplumbane EC / List no: 213-925-1 | CAS no: 1067-14-7 Lead silicate EC / List no: 245-090-4 | CAS no: 22569-74-0 Zinc sulfide (ZnS), copper and lead-doped EC / List no: 271-598-0 | CAS no: 68585-90-0 Octadecanoic acid, barium lead salt EC / List no: - | CAS no: 73105-55-2 Silicic acid (H4SiO4), magnesium manganese(2+) zinc salt, arsenic and lead-doped EC / List no: - | CAS no: 68784-76-9 Ethyltrimethylplumbane EC / List no: 217-169-3 | CAS no: 1762-26-1 Chromic acid lead salt with lead molybdate EC / List no: - | CAS no: 12709-98-7 3-(triphenylplumbyl)-1H-pyrazole EC / List no: 256-968-1 | CAS no: 51105-45-4 Basic lead chromate orange This substance is identified in the Colour Index by Colour Index Constitution Number, C.I. 77601. EC / List no: 215-694-2 | CAS no: 1344-38-3 Hexafluorosilicate(2-), lead(2+) (1:1), tetrahydrate EC / List no: - | CAS no: 83689-82-1 Fatty acids, C16-18, lead salts EC / List no: 292-966-7 | CAS no: 91031-62-8 Lead hydroxide nitrate EC / List no: 235-543-4 | CAS no: 12268-84-7 Slimes and Sludges, copper conc. roasting off gas scrubbing, lead-mercury-selenium-contg. The product obtained by the purification of copper ore concentrate roasting offgas. Composed primarily of lead, mercury and selenium. EC / List no: 310-062-3 | CAS no: 102110-61-2 Lead ditantalum hexaoxide EC / List no: 235-065-6 | CAS no: 12065-68-8 lead(II) perchlorate trihydrate EC / List no: 638-754-3 | CAS no: 13453-62-8 Leach residues, precious metal recovery lead refining Salt extract from the treatment of speiss refining residue with aqua regia followed by alkali fusion. Consists of precious metals and their salts. EC / List no: 273-813-3 | CAS no: 69029-72-7 Slimes and Sludges, lead-zinc blast furnace, offgas wet cleaning Product generated from the wet cleaning of off-gases from the zinc/lead blast furnace. Consists primarily of zinc and lead in metallic or oxide form with varying amounts of other elements and compounds. EC / List no: 298-758-2 | CAS no: 93821-70-6 Acetic acid, capric acid, caprylic acid, coconut oil, hydrogenated tallow fatty acids, calcium-lead complex salt EC / List no: - | CAS no: 69103-04-4 Lead(2+) selenite EC / List no: 231-300-1 | CAS no: 7488-51-9 9H-Carbazole, 9-(triphenylplumbyl)- EC / List no: - | CAS no: 56240-91-6 Lead, dross EC / List no: 273-796-2 | CAS no: 69029-52-3 Sulfuric acid, lead salt, tetrabasic EC / List no: 258-142-6 | CAS no: 52732-72-6 Plumbane, chlorotripropyl- EC / List no: - | CAS no: 1520-71-4 2-Butenedioic acid (E)-, lead(2+) salt, basic EC / List no: 290-862-6 | CAS no: 90268-59-0 Bis(diethyldithiocarbamato-S,S')lead EC / List no: 241-534-6 | CAS no: 17549-30-3 Calcines, lead-zinc ore conc. A thermally agglomerated substance formed by heating a mixture of metal sulfide concentrates, limestone, sand, furnace dross, miscellaneous zinc, lead and copper bearing materials, together with already roasted material to a temperature of 1000°C to 1200°C (538°F to 649°F). EC / List no: 305-411-1 | CAS no: 94551-62-9 Lead dimyristate EC / List no: 250-924-5 | CAS no: 32112-52-0 Lead, bis[bis(1-methylethyl)carbamodithioato-S,S']-, (T-4)- EC / List no: - | CAS no: 30051-53-7 Octadecanoic acid, lead(2+) salt, tribasic EC / List no: 257-645-8 | CAS no: 52080-60-1 Lead(2+) octanoate EC / List no: 230-784-1 | CAS no: 7319-86-0 Lead tetracosanoate EC / List no: 300-989-1 | CAS no: 93966-38-2 Lead bis(p-octylphenolate) EC / List no: 282-756-3 | CAS no: 84394-98-9 Flue dust, zinc-refining By-product of refining of zinc ores consisting primarily of zinc, lead and iron. EC / List no: 273-760-6 | CAS no: 69012-63-1 Phosphorodithioic acid, mixed O,O-bis(Bu and pentyl) esters, lead(2+) salt EC / List no: 295-087-7 | CAS no: 91783-10-7 Lead alloy, base, dross A scum formed on the surface of molten lead-base alloys. Includes those cases in which aluminum is used to remove arsenic, nickel and antimony. EC / List no: 273-700-9 | CAS no: 69011-59-2 Carboxylic acids, tall-oil, lead salts, basic EC / List no: - | CAS no: 68603-93-0 Lead pentadecanoate EC / List no: 301-027-3 | CAS no: 93966-74-6 Chloric acid, lead(2+) salt, monohydrate EC / List no: - | CAS no: 13510-96-8 Oils, fish, lead salts EC / List no: 271-396-2 | CAS no: 68553-63-9 Lead, di-mu-hydroxy(2-methyl-4,6-dinitrophenolato-kappaO)(nitrato-kappaO)di- EC / List no: - | CAS no: 96471-22-6 Lead(2+) 2,4-dinitroresorcinolate EC / List no: 236-498-3 | CAS no: 13406-89-8 Lead difluoride EC / List no: 231-998-8 | CAS no: 7783-46-2 Sulfuric acid, lead(2+) lead(4+) salt (3:1:1) EC / List no: - | CAS no: 35830-81-0 Lead oxide sulfate EC / List no: 234-853-7 | CAS no: 12036-76-9 Tungstate (WO42-), calcium (1:1), (T-4)-, lead-doped EC / List no: 272-255-8 | CAS no: 68784-53-2 Gilsonite, polymer with cyclopentadiene, dicyclopentadiene and linseed oil, lead salts EC / List no: - | CAS no: 68956-49-0 Isooctanoic acid, lead(2+) salt, basic EC / List no: 293-985-3 | CAS no: 91671-83-9 Diantimony lead tetroxide EC / List no: 240-499-4 | CAS no: 16450-50-3 Flue dust, copper-lead blast furnace, cadmium-indium-enriched A cadmium-indium-enriched product obtained from the recirculation of copper-lead blast furnace flue dusts. Composed primarily of cadmium, indium and lead. EC / List no: 309-645-5 | CAS no: 100656-55-1 Lead, naphthenate neodecanoate complexes EC / List no: 291-567-5 | CAS no: 90431-43-9 Slimes and Sludges, lead refining Product of neutralizing lead refining wastes to precipitate heavy metals. EC / List no: 273-833-2 | CAS no: 69029-93-2 Speiss, lead-zinc EC / List no: 298-759-8 | CAS no: 93821-72-8 Naphthenic acids, lead (2+) salts EC / List no: 293-365-2 | CAS no: 91078-81-8 Lead, neononanoate neoundecanoate complexes, basic EC / List no: 291-568-0 | CAS no: 90431-44-0 Trilead chromate silicate EC / List no: 273-689-0 | CAS no: 69011-07-0 Lead sulphite EC / List no: 231-196-8 | CAS no: 7446-10-8 Lead icosanoate (1:2) EC / List no: 304-438-6 | CAS no: 94266-31-6 Linseed oil, lead manganese salt EC / List no: 271-394-1 | CAS no: 68553-17-3 Lead diundec-10-enoate EC / List no: 303-968-5 | CAS no: 94232-40-3 Lead, isodecanoate neodecanoate complexes, basic EC / List no: 291-562-8 | CAS no: 90431-39-3 Antimony, compound with lead (1:1) EC / List no: 235-536-6 | CAS no: 12266-38-5 Acetic acid, reaction products with lead oxide (PbO), silica and sulfuric acid EC / List no: 273-052-7 | CAS no: 68937-05-3 Trilead bis(orthophosphate) EC / List no: 231-205-5 | CAS no: 7446-27-7 Lead tetraacetate EC / List no: 208-908-0 | CAS no: 546-67-8 Stearic acid, lead salt EC / List no: 231-068-1 | CAS no: 7428-48-0 Dilead oxide EC / List no: 235-036-8 | CAS no: 12059-89-1 Lead tin trioxide EC / List no: 234-844-8 | CAS no: 12036-31-6 Lead monoxide EC / List no: 215-267-0 | CAS no: 1317-36-8 Lead disodium dioxide EC / List no: 234-800-8 | CAS no: 12034-30-9 Myristic acid, lead salt EC / List no: 243-788-3 | CAS no: 20403-41-2 Chromic acid (H2CrO4), lead(2 ) salt EC / List no: - | CAS no: 15804-54-3 Acetic acid, lead salt, basic EC / List no: 257-175-3 | CAS no: 51404-69-4 Lead methacrylate EC / List no: 258-041-7 | CAS no: 52609-46-8 Lead acrylate EC / List no: 238-458-0 | CAS no: 14466-01-4 Lead(II) isodecanoate EC / List no: 284-345-4 | CAS no: 84852-34-6 Triethylmethylplumbane EC / List no: 217-171-4 | CAS no: 1762-28-3 Tetramethyllead EC / List no: 200-897-0 | CAS no: 75-74-1 Fatty acids, C6-19-branched, lead salts EC / List no: 292-897-2 | CAS no: 91002-20-9 Lead(2+) nitroresorcinolate EC / List no: 274-521-9 | CAS no: 70268-38-1 Lead picrate (dry) EC / List no: 684-862-9 | CAS no: 25721-38-4 Basic lead beta-resorcylate EC / List no: - | CAS no: 68954-05-2 Lead dichlorite EC / List no: - | CAS no: 13453-57-1 Lead hydrogenorthophosphate EC / List no: 239-952-9 | CAS no: 15845-52-0 Lead(2+) neoundecanoate EC / List no: 299-748-0 | CAS no: 93894-49-6 Lead telluride EC / List no: 215-247-1 | CAS no: 1314-91-6 Lead, 2-ethylhexanoate naphthenate complexes, basic EC / List no: 291-557-0 | CAS no: 90431-34-8 Lead uranate pigment EC / List no: 287-565-9 | CAS no: 85536-79-4 Pentalead tetraoxide sulphate EC / List no: 235-067-7 | CAS no: 12065-90-6 Lead tungsten tetraoxide EC / List no: 231-849-7 | CAS no: 7759-01-5 Lead distearate EC / List no: 214-005-2 | CAS no: 1072-35-1 Orange lead EC / List no: 215-235-6 | CAS no: 1314-41-6 Lead(2+) neononanoate EC / List no: 299-747-5 | CAS no: 93894-48-5 Dilead diruthenium hexaoxide EC / List no: 253-389-6 | CAS no: 37194-88-0 Lead(2+) sebacate EC / List no: 249-660-3 | CAS no: 29473-77-6 1,3,5-triazine-2,4,6(1H,3H,5H)-trione, lead salt EC / List no: 259-227-0 | CAS no: 54554-36-8 Lead dibromide EC / List no: 233-084-4 | CAS no: 10031-22-8 Slags, tellurium Product of treating molten lead with sodium salts. Consists primarily of sodium-tellurium salts in various states of oxidation. EC / List no: 273-828-5 | CAS no: 69029-86-3 Fatty acids, C6-19-branched, lead salts, basic EC / List no: 271-675-9 | CAS no: 68603-83-8 1H-Pyrrole, 1-(triphenylplumbyl)- EC / List no: - | CAS no: 56240-93-8 Lead hexafluorosilicate EC / List no: 247-278-1 | CAS no: 25808-74-6 9-Hexadecenoic acid, lead(2+) salt, (Z)-, basic EC / List no: 291-395-0 | CAS no: 90388-15-1 Plumbane, ethyl methyl derivs. EC / List no: 271-852-0 | CAS no: 68610-17-3 Lead dioleate EC / List no: 214-310-0 | CAS no: 1120-46-3 Lead phosphite EC / List no: 240-176-8 | CAS no: 16038-76-9 Lead, antimonial, dross A scum formed on the surface of antimonial lead. Consists primarily of sodium arsenate and sodium antimonate with some lead oxide and free caustic soda. EC / List no: 273-795-7 | CAS no: 69029-51-2 Benzenesulfonic acid, 4-C10-13-sec-alkyl derivs., lead(2+) salts EC / List no: 284-665-4 | CAS no: 84961-75-1 Chlorotriphenylplumbane EC / List no: 214-572-6 | CAS no: 1153-06-6 Lead 2,4-dihydroxybenzoate EC / List no: 244-118-2 | CAS no: 20936-32-7 Lead(2+) 4,6-dinitro-o-cresolate EC / List no: 265-460-9 | CAS no: 65121-76-8 Fatty acids, C8-18 and C18-unsatd., lead salts EC / List no: 283-962-6 | CAS no: 84776-36-3 (2-ethylhexanoato-O)(isononanoato-O)lead EC / List no: 304-165-2 | CAS no: 94246-91-0 Plumbane, acetoxytripropyl- EC / List no: 654-802-6 | CAS no: 13266-07-4 Lead(II) fumarate EC / List no: 275-845-3 | CAS no: 71686-03-8 Lead, isodecanoate isooctanoate complexes, basic EC / List no: 291-560-7 | CAS no: 90431-37-1 Lead diformate EC / List no: 212-371-8 | CAS no: 811-54-1 Perchloric acid, reaction products with lead oxide (PbO) and triethanolamine EC / List no: 309-027-5 | CAS no: 99749-31-2 Lead bis(dimethyldithiocarbamate) EC / List no: 242-748-2 | CAS no: 19010-66-3 Lead acetate EC / List no: 239-379-4 | CAS no: 15347-57-6 Acetoxytributylplumbane EC / List no: 219-970-3 | CAS no: 2587-82-8 Lead 5-nitroterephthalate EC / List no: 262-308-3 | CAS no: 60580-60-1 Acetic acid, reaction products with capric acid, carpylic acid, coconut oil, and hydrogenated tallow fatty acids, calcium, lead salts EC / List no: - | CAS no: 68784-59-8 barium calcium cesium lead samarium strontium bromide chloride fluoride iodide europium doped EC / List no: 431-780-4 | CAS no: 199876-46-5 Flue dust, lead-tin alloy-manufg. Volatilized metals generated during smelting and refining of tin-lead alloys. Consists primarily of oxides of lead and tin. EC / List no: 273-758-5 | CAS no: 69012-60-8 Lead, 2-ethylhexanoate neodecanoate complexes, basic EC / List no: 291-558-6 | CAS no: 90431-35-9 Fatty acids, C9-11-branched, lead salts EC / List no: 279-755-5 | CAS no: 81412-57-9 Hydroxy(neodecanoato-O)lead EC / List no: 275-988-1 | CAS no: 71753-04-3 2-hydroxypropane-1,2,3-tricarboxylate;lead(2+);trihydrate EC / List no: 629-552-6 | CAS no: 6107-83-1 (neononanoato-O)(neoundecanoato-O)lead EC / List no: 299-764-8 | CAS no: 93894-64-5 Fumes, lead Residue produced in lead smelting operations from the volatillsation of lead from materials smelted. Consists primarily of chlorides and oxides of antimony, arsenic and zinc. EC / List no: 305-414-8 | CAS no: 94551-66-3 Lead bis(tetracosylbenzenesulphonate) EC / List no: 288-691-7 | CAS no: 85865-91-4 Lead hydroxide oxide phosphite (Pb3(OH)O(PO3)), hydrate (2:1) EC / List no: - | CAS no: 1344-40-7 Lead, C9-28-neocarboxylate 2-ethylhexanoate complexes, basic EC / List no: - | CAS no: 125494-56-6 lead(2+) phosphonate EC / List no: 603-832-8 | CAS no: 13453-65-1 Slimes and Sludges, copper-lead ore roasting off gas scrubbing, arsenic-contg. The product obtained by the purification of copper-lead ore concentrate roasting offgas. Composed primarily of arsenic oxide (As2O3). EC / List no: 310-063-9 | CAS no: 102110-62-3 Acetic acid, lead(2+) salt, dihydrate EC / List no: - | CAS no: 22723-52-0 Lead, isodecanoate naphthenate complexes EC / List no: 291-561-2 | CAS no: 90431-38-2 Hexanoic acid, 3,5,5-trimethyl-, lead(2+) salt, basic EC / List no: 271-108-5 | CAS no: 68515-77-5 Cyclo-di-μ-oxo(μ-phthalato)trilead EC / List no: 241-894-4 | CAS no: 17976-43-1 Decanoic acid, lead salt EC / List no: 243-789-9 | CAS no: 20403-42-3 Plumbane, tris(acetyloxy)phenyl- EC / List no: - | CAS no: 3076-54-8 (2-ethylhexanoato-O)(isooctanoato-O)lead EC / List no: 304-164-7 | CAS no: 94246-90-9 Lead and Lead compounds (as Pb) EC / List no: - | CAS no: 14931-82-9 Lead(2+) heptadecanoate EC / List no: 264-123-3 | CAS no: 63399-94-0 Lead (II) hydroxide salicylate EC / List no: - | CAS no: 87903-39-7 Plumbane, tetrakis(1-methylethyl)- EC / List no: - | CAS no: 14846-40-3 Lead fluoride hydroxide EC / List no: 308-169-5 | CAS no: 97889-90-2 Formic acid, lead salt EC / List no: 230-336-5 | CAS no: 7056-83-9 Lead disulphide EC / List no: 235-241-2 | CAS no: 12137-74-5 Docosanoic acid, lead salt EC / List no: 221-834-3 | CAS no: 3249-61-4 Lead sulfochromate yellow This substance is identified in the Colour Index by Colour Index Constitution Number, C.I. 77603. EC / List no: 215-693-7 | CAS no: 1344-37-2 Lead bis(2,4-dihydroxybenzoate) EC / List no: 255-375-5 | CAS no: 41453-50-3 Fatty acids, tallow, hydrogenated, lead salts EC / List no: 271-722-3 | CAS no: 68605-98-1 Diethyldimethylplumbane EC / List no: 217-170-9 | CAS no: 1762-27-2 Nitroresorcinol, lead salt EC / List no: 257-133-4 | CAS no: 51317-24-9 Octanoic acid, branched, lead salts, basic EC / List no: 271-698-4 | CAS no: 68604-56-8 Frits, chemicals Frit is a mixture of inorganic chemical substances produced by rapidly quenching a molten, complex combination of materials, confining the chemical substances thus manufactured as nonmigratory components of glassy solid flakes or granules. This category includes all of the chemical substances specified below when they are intentionally manufactured in the production of frit. The primary members of this category are oxides of some or all of the elements listed below. Fluorides of these elements may also be included in combination with these primary substances.@Aluminum@Manganese@Antimony@Molybdenum@Arsenic@Neodymium@Barium@Nickel@Bismuth@Niobium@Boron@Phosphorus@Cadmium@Potassium@Calcium@Silicon@Cerium@Silver@Chromium@Sodium@Cobalt@Strontium@Copper@Tin@Gold@Titanium@Iron@Tungsten@Lanthanum@Vanadium@Lead@Zinc@Lithium@Zirconium@Magnesium EC / List no: 266-047-6 | CAS no: 65997-18-4 Lead(2+) isohexadecanoate EC / List no: 306-073-8 | CAS no: 95892-13-0 Speiss, lead Substance resulting from the smelting of lead and its alloys obtained from primary and secondary sources and including recycled plant intermediates. Composed primarily of arsenic, lead and iron and may contain other residual non-ferrous metals and their compounds. EC / List no: 282-366-3 | CAS no: 84195-61-9 Lead chloride oxide EC / List no: 235-383-5 | CAS no: 12205-72-0 Phosphoric acid, mixed Bu and hexyl diesters, lead(2+) salts EC / List no: 300-328-7 | CAS no: 93925-27-0 Sulfuric acid, barium salt (1:1), lead-doped EC / List no: 308-972-0 | CAS no: 99328-54-8 Bis(o-acetoxybenzoato)lead EC / List no: 263-548-1 | CAS no: 62451-77-8 Plumbane, tetrakis(1-methylpropyl)- EC / List no: - | CAS no: 65151-08-8 Pyrochlore, antimony lead yellow This substance is identified in the Colour Index by Colour Index Constitution Number, C.I. 77588. EC / List no: 232-382-1 | CAS no: 8012-00-8 Waste solids, lead silver anode The slag or residue obtained when lead/silver anodes used in the electrolytic production of zinc are recast. Fusion of the alloys of lead and silver (manganese may also be present) and simultaneous oxidation occur. EC / List no: 305-449-9 | CAS no: 94552-05-3 Acetic acid, oleic acid, candelilla wax, tallow, calcium-lead complex salt EC / List no: 614-927-9 | CAS no: 69103-03-3 (isodecanoato-O)(isooctanoato-O)lead EC / List no: 304-158-4 | CAS no: 94246-85-2 Lead diiodide EC / List no: 233-256-9 | CAS no: 10101-63-0 Dicalcium lead tetraoxide EC / List no: 234-591-3 | CAS no: 12013-69-3 Lead bis(tetrafluoroborate) EC / List no: 237-486-0 | CAS no: 13814-96-5 Lead, C8-10-branched fatty acids C9-11-neofatty acids naphthenate complexes EC / List no: 291-551-8 | CAS no: 90431-28-0 Lead, 2-ethylhexanoate naphthenate complexes EC / List no: 291-556-5 | CAS no: 90431-33-7 Ethanedioic acid, lead(2+) salt (1:1), trihydrate EC / List no: - | CAS no: 128226-81-3 Plumbane, (4-azidobutyl)triphenyl- EC / List no: - | CAS no: 16035-39-5 2-Butenedioic acid (Z)-, lead(2+) salt, basic EC / List no: 290-869-4 | CAS no: 90268-66-9 Lead, dross, vanadium-zinc-contg. EC / List no: 309-638-7 | CAS no: 100656-49-3 Phosphonic acid, lead salt, basic EC / List no: 258-787-3 | CAS no: 53807-64-0 Lead, isooctanoate naphthenate complexes EC / List no: 271-110-6 | CAS no: 68515-80-0 Lead(2+) silicate EC / List no: 233-246-4 | CAS no: 10099-76-0 Flue gases, lead-zinc blast furnace The off-gases from the zinc/lead blast furnace. Consists primarily of carbon monoxide, carbon dioxide and nitrogen. EC / List no: 298-735-7 | CAS no: 93821-47-7 Sulfurous acid, lead salt, dibasic EC / List no: 263-467-1 | CAS no: 62229-08-7 Hexanoic acid, 2-ethyl-, lead(2+) salt, basic EC / List no: 271-106-4 | CAS no: 68515-76-4 Tetrabutylplumbane EC / List no: 217-649-2 | CAS no: 1920-90-7 Lead, 2-ethylhexanoate tall-oil fatty acids complexes EC / List no: 269-090-9 | CAS no: 68187-37-1 Lead dibromate EC / List no: 251-796-3 | CAS no: 34018-28-5 Phosphonic acid, lead(2+) salt EC / List no: - | CAS no: 24824-71-3 Lead, dross, bismuth-rich A scum formed on the surface of molten lead during the process of removing bismuth by the addition of calcium and magnesium. It consists of lead containing calcium and magnesium bismuthides. EC / List no: 273-792-0 | CAS no: 69029-46-5 Residues, lead smelting wastewater treatment Material obtained during waste water treatment in lead production. Consists primarily of lead with additional metal carbonates, hydroxides, sulfides or sulfates. EC / List no: 305-424-2 | CAS no: 94551-78-7 Dodecairon lead nonadecaoxide EC / List no: 234-684-9 | CAS no: 12023-90-4 Trilead bis(carbonate) dihydroxide EC / List no: 215-290-6 | CAS no: 1319-46-6 Slimes and Sludges, lead acetate manuf. The residue obtained from the treatment of lead with acetic acid. Composed primarily of elemental lead, lead acetate and basic lead carbonate hydroxide. EC / List no: 306-241-0 | CAS no: 96690-46-9 Boric acid (HBO2), lead(2+) salt, monohydrate EC / List no: 677-597-5 | CAS no: 10214-39-8 Gilsonite, linseed oil polymer, lead salt EC / List no: - | CAS no: 68989-89-9 Fatty acids, C8-10-branched, lead salts, basic EC / List no: 270-063-9 | CAS no: 68409-79-0 Lead(II) maleate EC / List no: 241-430-0 | CAS no: 17406-54-1 Lead, isononanoate isooctanoate complexes, basic EC / List no: 284-573-4 | CAS no: 84929-94-2 Sulfurous acid, lead salt, basic EC / List no: 257-762-4 | CAS no: 52231-92-2 Hexadecanoic acid, lead(2+) salt, basic EC / List no: 291-389-8 | CAS no: 90388-10-6 Lead tartrate EC / List no: 212-426-6 | CAS no: 815-84-9 Lead(4+) stearate EC / List no: 231-740-4 | CAS no: 7717-46-6 Lead phthalate EC / List no: 229-927-0 | CAS no: 6838-85-3 Slimes and Sludges, lead sinter dust scrubber EC / List no: 274-639-0 | CAS no: 70514-37-3 Lead disalicylate EC / List no: 239-839-4 | CAS no: 15748-73-9 Lead(II) methylthiolate EC / List no: 252-324-9 | CAS no: 35029-96-0 Cadmium sulfide (CdS), copper and lead-doped EC / List no: 272-581-0 | CAS no: 68891-87-2 Fatty acids, tall-oil, lead salts EC / List no: 262-986-0 | CAS no: 61788-54-3 Potassium pentadecaoxodiplumbatepentaniobate(1-) EC / List no: 235-618-1 | CAS no: 12372-45-1 Lead diazide EC / List no: 236-542-1 | CAS no: 13424-46-9 Lead cyanamidate EC / List no: 244-099-0 | CAS no: 20890-10-2 Lead 12-hydroxyoctadecanoate EC / List no: 265-492-3 | CAS no: 65127-78-8 Chromic acid (H2CrO4), lead(2+) sodium salt (2:1:2) EC / List no: - | CAS no: 93215-61-3 Lead diiodate EC / List no: 247-168-3 | CAS no: 25659-31-8 Lead bis(4-cyclohexylbutyrate) EC / List no: 263-663-7 | CAS no: 62637-99-4 Lead phthalocyanine EC / List no: 628-401-1 | CAS no: 15187-16-3 Lead, C5-23-branched carboxylate naphthenate complexes EC / List no: 280-542-4 | CAS no: 83711-46-0 Lead selenide EC / List no: 235-109-4 | CAS no: 12069-00-0 (9Z,12Z)-octadeca-9,12-dienoic acid, lead salt EC / List no: 241-077-2 | CAS no: 16996-51-3 Dilead dirhodium heptaoxide EC / List no: 253-421-9 | CAS no: 37240-96-3 Lead alloy, base, Pb,Sn, dross Oxides formed during melting, refining, and casting of solders. Major constituents are oxides of tin, lead and antimony; minor constituents are iron, nickel, sulfur, arsenic, copper and silver. EC / List no: 273-701-4 | CAS no: 69011-60-5 Diethyllead EC / List no: - | CAS no: 24952-65-6 Fatty acids, tall-oil, lead manganese salts EC / List no: 262-985-5 | CAS no: 61788-53-2 Lead metaborate EC / List no: 238-762-3 | CAS no: 14720-53-7 Lead zirconium trioxide EC / List no: 235-039-4 | CAS no: 12060-01-4 Lead oleate EC / List no: 239-378-9 | CAS no: 15347-55-4 1H-Indole, 1-(triphenylplumbyl)- EC / List no: - | CAS no: 56240-92-7 Lead di(acetate) EC / List no: 206-104-4 | CAS no: 301-04-2 [μ-(4,6-dinitroresorcinolato(2-)-O1,O3)]dihydroxydilead EC / List no: 284-297-4 | CAS no: 84837-22-9 Lead, 2-ethylhexanoate isooctanoate complexes, basic EC / List no: 291-554-4 | CAS no: 90431-32-6 Lead chromate sulfate (Pb9(CrO4)5(SO4)4) EC / List no: - | CAS no: 51899-02-6 Isodecanoic acid, lead(2+) salt, basic EC / List no: 293-984-8 | CAS no: 91671-82-8 Plumbane, triethyl[[(4-methylphenyl)sulfonyl]oxy]- EC / List no: - | CAS no: 43135-86-0 Lead dinitrate EC / List no: 233-245-9 | CAS no: 10099-74-8 Lead compounds EC / List no: - | CAS no: - Decanoic acid, branched, lead salts EC / List no: 291-160-2 | CAS no: 90342-24-8 Carbonic acid, lead salt EC / List no: - | CAS no: 13427-42-4 Diphenyllead dichloride EC / List no: 218-325-3 | CAS no: 2117-69-3 Trilead dicitrate EC / List no: 208-141-1 | CAS no: 512-26-5 Neoundecanoic acid, lead salt, basic EC / List no: 291-671-0 | CAS no: 90459-28-2 Octadecanoic acid, lead(2+) salt, basic EC / List no: 291-696-7 | CAS no: 90459-52-2 1H-Isoindole-1,3(2H)-dione, 4,5,6, 7-tetrachloro-2-(triethylplumbyl)- EC / List no: - | CAS no: 73928-23-1 Isooctanoic acid, lead salt EC / List no: 264-931-6 | CAS no: 64504-12-7 Lead phthalate EC / List no: 240-321-5 | CAS no: 16183-12-3 Spinels, boron calcium lead silicon white An inorganic pigment that is the reaction product of high temperature calcination in which boron oxide, calcium oxide, lead (II) oxide, and silicon oxide in varying amounts are homogeneously and ionically interdiffused to form a crystalline matrix of spinel. EC / List no: 271-410-7 | CAS no: 68555-05-5 Sulphuric acid, barium lead salt EC / List no: 255-896-8 | CAS no: 42579-89-5 Silicic acid (H6Si2O7), barium magnesium strontium salt, lead-doped EC / List no: 272-269-4 | CAS no: 68784-74-7 Lead, isooctanoate neodecanoate complexes, basic EC / List no: 284-575-5 | CAS no: 84929-95-3 (isononanoato-O)(neodecanoato-O)lead EC / List no: 305-385-1 | CAS no: 94481-58-0 Lead bis(5-oxo-L-prolinate) EC / List no: 286-935-7 | CAS no: 85392-77-4 Lead, alkyls, manufg. wastes EC / List no: 274-632-2 | CAS no: 70513-89-2 Lead(2+) tellurium trioxide EC / List no: 239-964-4 | CAS no: 15851-47-5 (R)-3,5,6-trihydroxy-4,6-bis(3-methylbut-2-enyl)-2-(3-methyl-2-oxobutyl)cyclohexa-2,4-dien-1-one, lead salt EC / List no: 272-654-7 | CAS no: 68901-11-1 Lead bis(isoundecanoate) EC / List no: 300-979-7 | CAS no: 93965-29-8 Lead, 2-ethylhexanoate isononanoate complexes, basic EC / List no: 291-553-9 | CAS no: 90431-31-5 Dehydrated castor oil fatty acids, glycerine, C36 fatty acid dimers, litharge polymer EC / List no: - | CAS no: 70879-91-3 triethylplumbanecarbonitrile EC / List no: 667-806-8 | CAS no: 13732-17-7 Matte, lead Substance resulting from the smelting of lead and its alloys obtained from primary and secondary sources and including recycled plant intermediates. Composed primarily of iron and lead (mainly in sulfide form) and may contain other residual non-ferrous metals and their compounds. EC / List no: 282-356-9 | CAS no: 84195-51-7 Fatty acids, coco, lead salts EC / List no: 295-368-4 | CAS no: 92044-89-8 Residues, copper-iron-lead-nickel matte, sulfuric acid-insol. EC / List no: 310-050-8 | CAS no: 102110-49-6 Fatty acids, C8-10, lead salts EC / List no: 292-965-1 | CAS no: 91031-61-7 Hafnium lead trioxide EC / List no: 234-735-5 | CAS no: 12029-23-1 Carbamodithioic acid, phenylethyl-, lead salt EC / List no: - | CAS no: 75790-73-7 Lead bis(piperidine-1-carbodithioate) EC / List no: 255-438-7 | CAS no: 41556-46-1 Lead, 2-ethylhexanoate isodecanoate complexes, basic EC / List no: 291-552-3 | CAS no: 90431-30-4 Lead, C5-23-branched carboxylate naphthenate octanoate complexes EC / List no: 280-544-5 | CAS no: 83711-47-1 Hexadecanoic acid, lead salt, basic EC / List no: 291-388-2 | CAS no: 90388-09-3 Fatty acids, C8-9, lead salts EC / List no: 292-964-6 | CAS no: 91031-60-6 Lead, C8-10-branched fatty acids C9-11-neofatty acids naphthenate complexes, overbased EC / List no: 291-550-2 | CAS no: 90431-27-9 [μ-[[5,5'-azobis[1H-tetrazolato]](2-)]]dihydroxydilead EC / List no: 301-376-1 | CAS no: 94015-57-3 Isononanoic acid, lead salt EC / List no: 248-376-7 | CAS no: 27253-41-4 1,3-Benzenediol, 2-nitro-, lead salt, basic EC / List no: 685-313-6 | CAS no: 68411-33-6 Lead oxide (PbO), lead-contg. EC / List no: 270-148-0 | CAS no: 68411-78-9 Zinc, desilverizing skims Crusts formed on the surface of cooling molten lead during the desilverizing of lead. EC / List no: 273-802-3 | CAS no: 69029-60-3 Silicic acid, calcium salt, lead and manganese-doped EC / List no: 310-036-1 | CAS no: 102110-36-1 Plumbane, tributylchloro- EC / List no: - | CAS no: 13302-14-2 Citric acid, lead salt EC / List no: 238-432-9 | CAS no: 14450-60-3 Lead bis(12-hydroxystearate) EC / List no: 261-238-0 | CAS no: 58405-97-3 Orthoboric acid, lead(2+) salt EC / List no: 252-594-8 | CAS no: 35498-15-8 Matte, copper-lead Substance produced as a by-product of lead smelting operations. Consists primarily of copper sulfide with significant amounts of lead sulfide and precious metals. EC / List no: 305-422-1 | CAS no: 94551-74-3 Slags, lead reverbatory smelting By-product from the smelting of lead ores, scrap lead or lead smelter dross. Consists primarily of oxides and silicates of antimony and lead. EC / List no: 273-800-2 | CAS no: 69029-58-9 Lead, dross, copper-rich A scum formed on the surface of molten copper. EC / List no: 273-925-2 | CAS no: 69227-11-8 Slimes and Sludges, lead, electrolytic Substance resulting from the electrolytic refining of lead obtained from primary and secondary sources and including recycled plant intermediates. Composed primarily of lead, antimony and precious metals and may contain other residual non-ferrous metals and their compounds. EC / List no: 282-365-8 | CAS no: 84195-60-8 Plumbane, bis(acetyloxy)dibutyl- EC / List no: - | CAS no: 2587-84-0 Lead 2,4,6-trinitro-m-phenylene dioxide EC / List no: 239-290-0 | CAS no: 15245-44-0 cosmetics Manufacturers of oral and leave-on products containing glycerin must ensure the raw material used is within the specifications of an accepted pharmacopoeia with respect to diethylene glycol (DEG) impurities (e.g. Glycerin Official Monograph in the most current edition of the USP). Health Canada Canada Restricted",restricted_or_thresholded,banned_or_prohibited
"Cadmium cross-category male reproductive toxicity OEHHA California, USA Listed male reproductive toxicity",restricted_or_thresholded,warning_or_hazard_listed
"Progesterone cross-category cancer OEHHA California, USA Listed cancer",warning_or_hazard_listed,restricted_or_thresholded
"Ganciclovir cross-category developmental toxicity OEHHA California, USA Listed developmental toxicity",warning_or_hazard_listed,warning_or_hazard_listed
"3,3'-Dimethylbenzidine dihydrochloride cross-category cancer OEHHA California, USA Listed cancer",restricted_or_thresholded,restricted_or_thresholded
Dimethyl fumarate bed and bath; furniture; household goods consumer products or product parts including household articles where anti-mould sachets or residues may be present European Commission European Union prohibited above limit Presence of dimethyl fumarate in articles or accompanying sachets,banned_or_prohibited,banned_or_prohibited
"Ethylene thiourea cross-category developmental toxicity OEHHA California, USA Listed developmental toxicity",warning_or_hazard_listed,warning_or_hazard_listed
"1,3-Dichloropropene cross-category cancer OEHHA California, USA Listed cancer",restricted_or_thresholded,restricted_or_thresholded
"Isoprene cross-category cancer OEHHA California, USA Listed cancer",warning_or_hazard_listed,restricted_or_thresholded
Aflatoxins cosmetics all cosmetic products Health Canada Canada Prohibited,banned_or_prohibited,banned_or_prohibited
"Propylthiouracil cross-category developmental toxicity OEHHA California, USA Listed developmental toxicity",warning_or_hazard_listed,warning_or_hazard_listed
"Warfarin cross-category developmental toxicity OEHHA California, USA Listed developmental toxicity",warning_or_hazard_listed,warning_or_hazard_listed
"N-Nitroso-N-methylurea cross-category cancer OEHHA California, USA Listed cancer",restricted_or_thresholded,restricted_or_thresholded
"2-Nitropropane cross-category cancer OEHHA California, USA Listed cancer",warning_or_hazard_listed,restricted_or_thresholded
"1,4-Dichloro-2-butene cross-category cancer OEHHA California, USA Listed cancer",warning_or_hazard_listed,warning_or_hazard_listed
Phenol cross-category REACH SVHC candidate list ECHA European Union Candidate list vPvB (Article 57e),source_context_only,source_context_only
N-Nitrosodimethylamine cosmetics all cosmetic products Health Canada Canada Prohibited,banned_or_prohibited,banned_or_prohibited
Captan cosmetics all cosmetic products Health Canada Canada Prohibited,banned_or_prohibited,banned_or_prohibited
Acetamide cross-category REACH SVHC candidate list ECHA European Union Candidate list Toxic for reproduction (Article 57c),source_context_only,source_context_only
"Estropipate cross-category developmental toxicity OEHHA California, USA Listed developmental toxicity",warning_or_hazard_listed,warning_or_hazard_listed
"Sterigmatocystin cross-category cancer OEHHA California, USA Listed cancer",restricted_or_thresholded,restricted_or_thresholded
"e Sulfur dioxide MADL was adopted July 11, 2013, but pursuant to Government Code section 11343.4 it becomes effective October 1, 2013. cross-category OEHHA California, USA Listed",warning_or_hazard_listed,restricted_or_thresholded
Dibromoacetonitrile cosmetics all cosmetic products Health Canada Canada Prohibited,banned_or_prohibited,banned_or_prohibited
"Nickel and its compounds Fatty acids, (C=3-22), nickel salts, basic EC / List no: - | CAS no: 91845-72-6 Nickel(2+) sulphite EC / List no: 231-827-7 | CAS no: 7757-95-1 Hydrogen [3,4-bis[[(2-hydroxy-1-naphthyl)methylene]amino]benzoato(3-)-N3,N4,O3,O4]nickelate(1-) EC / List no: 262-703-0 | CAS no: 61300-98-9 Nickel arsenide EC / List no: 248-169-1 | CAS no: 27016-75-7 [N,N',N'',N'''-tetrakis[4-(4,5-dihydro-3-methyl-5-oxo-1H-pyrazol-1-yl)phenyl]-29H,31H-phthalocyaninetetrasulphonamidato(2-)-N29,N30,N31,N32]nickel EC / List no: 277-174-1 | CAS no: 72986-45-9 Bis(1-nitrosonaphthalen-2-olato-N1,O2)nickel EC / List no: 238-380-7 | CAS no: 14406-66-7 Nickel, C4-10 fatty acids octanoate complexes EC / List no: 297-550-9 | CAS no: 93573-16-1 Dialuminium nickel tetraoxide EC / List no: 234-454-8 | CAS no: 12004-35-2 Nickel Sulfide (Ni3S5), trihydrate EC / List no: - | CAS no: 86498-45-5 Potassium [N,N-bis(carboxymethyl)glycinato(3-)-N,O,O',O'']nickelate(1-) EC / List no: 264-377-5 | CAS no: 63640-18-6 (isooctanoato-O)(neodecanoato-O)nickel EC / List no: 284-347-5 | CAS no: 84852-35-7 Tetrakis(tritolyl phosphite )nickel EC / List no: 252-777-2 | CAS no: 35884-66-3 Diammonium nickel bis(sulphate) EC / List no: 239-793-5 | CAS no: 15699-18-0 Bis[3-[(4-chlorophenyl)azo]quinoline-2,4(1H,3H)-dionato]nickel EC / List no: 257-521-3 | CAS no: 51931-46-5 Nickel bis(dibutyldithiocarbamate) EC / List no: 237-696-2 | CAS no: 13927-77-0 Nickel dipotassium bis(sulphate) EC / List no: 237-563-9 | CAS no: 13842-46-1 (2-ethylhexanoato-O)(neodecanoato-O)nickel EC / List no: 285-698-7 | CAS no: 85135-77-9 Dichromium nickel tetraoxide EC / List no: 234-636-7 | CAS no: 12018-18-7 Bis(4-benzoyl-2,4-dihydro-5-methyl-2-phenyl-3H-pyrazol-3-onato-O,O')nickel EC / List no: 274-027-3 | CAS no: 69524-96-5 Hydrogen pentasodium [[[ethylenebis[nitrilobis(methylene)]]tetrakis[phosphonato]](8-)]nickelate(6-) EC / List no: 273-377-4 | CAS no: 68958-88-3 Aluminium, compound with nickel (1:1) EC / List no: 234-439-6 | CAS no: 12003-78-0 Sulfuric acid, nickel(2+) salt (1:1), reaction products with nickel and nickel oxide (NiO) EC / List no: - | CAS no: 68585-48-8 Copper, compound with lanthanum and nickel (4:1:1) EC / List no: 257-510-3 | CAS no: 51912-52-8 Nickel, 5,5'-azobis-2,4,6(1H,3H,5H)-pyrimidinetrione complexes EC / List no: 270-944-8 | CAS no: 68511-62-6 Nickel hexafluorozirconate(2-) EC / List no: 250-370-4 | CAS no: 30868-55-4 Zinc sulfide (ZnS), copper and nickel and silver-doped EC / List no: 272-277-8 | CAS no: 68784-84-9 Bis(5-oxo-DL-prolinato-N1,O2)nickel EC / List no: 285-069-7 | CAS no: 85026-81-9 Hexasodium (di-[N-(3-(4-[5-(5-amino-3-methyl-1-phenylpyrazol-4-yl-azo)-2,4-disulfo-anilino]-6-chloro-1,3,5-triazin-2-ylamino)phenyl)-sulfamoyl](di-sulfo)-phthalocyaninato)nickel PROCION EMERALD H-EXL COLOUR; SUBSTANCE S156718 EC / List no: 417-250-5 | CAS no: 151436-99-6 Bis[2,3-bis(hydroxyimino)-N-phenylbutyramidato-N2,N3]nickel EC / List no: 249-503-9 | CAS no: 29204-84-0 Nickel bis(dihydrogen phosphate) EC / List no: 242-522-3 | CAS no: 18718-11-1 Nickel, compound with tin (3:1) EC / List no: 235-034-7 | CAS no: 12059-23-3 Nickel Sulfide (Ni5S6) EC / List no: - | CAS no: 97599-08-1 Rammelsbergite (NiAs2) EC / List no: - | CAS no: 1303-22-6 (isodecanoato-O)(isooctanoato-O)nickel EC / List no: 285-909-2 | CAS no: 85166-19-4 [[N,N',N''-[29H,31H-phthalocyaninetriyltris(sulphonylimino-3,1-phenylene)]tris[3-oxobutyramidato]](2-)-N29,N30,N31,N32]nickel EC / List no: 306-784-3 | CAS no: 97404-21-2 Nickel boride EC / List no: 234-493-0 | CAS no: 12007-00-0 Bis[2-hydroxy-4-(octyloxy)benzophenonato]nickel EC / List no: 239-949-2 | CAS no: 15843-91-1 Bis(diethyldithiocarbamato-S,S')nickel EC / List no: 238-157-4 | CAS no: 14267-17-5 Nickel(2+) oleate EC / List no: 235-832-5 | CAS no: 13001-15-5 Nickel(2+) selenite EC / List no: 233-263-7 | CAS no: 10101-96-9 Formic acid, copper nickel salt EC / List no: 268-755-0 | CAS no: 68134-59-8 Nickel silicide (NiSi) EC / List no: - | CAS no: 12035-57-3 Hexakis(1H-imidazole-N3)nickel(2+) dichloride EC / List no: 239-841-5 | CAS no: 15751-00-5 Sulfuric acid, nickel salt (1:?), reaction products with sulfurized phenol calcium salt (2:1) EC / List no: - | CAS no: 72162-32-4 Bis[4,4'-dimethoxy-α,α'-stilbenedithiolato(2-)]nickel EC / List no: 254-212-5 | CAS no: 38951-97-2 Sulfuric acid, nickel(2+) salt (1:1), tetrahydrate EC / List no: - | CAS no: 61092-77-1 Nickel(2+) stearate EC / List no: 218-744-1 | CAS no: 2223-95-2 Nickel, isooctanoate naphthenate complexes EC / List no: 291-676-8 | CAS no: 90459-33-9 Naphthenic acids, nickel salts EC / List no: 263-000-1 | CAS no: 61788-71-4 Antimony nickel titanium oxide EC / List no: - | CAS no: 54576-53-3 Nickel bis(4-cyclohexylbutyrate) EC / List no: 223-463-2 | CAS no: 3906-55-6 Acetic acid, nickel(2+) salt (2:1), polymer with formaldehyde and 4-(1,1,3,3-tetramethylbutyl)phenol EC / List no: - | CAS no: 71050-57-2 Tetrakis(trifluorophosphine)nickel EC / List no: 237-597-4 | CAS no: 13859-65-9 Nickel sulfide (Ni(HS)2) EC / List no: - | CAS no: 27911-69-9 Nickel oxide (Ni2O) EC / List no: - | CAS no: 12359-17-0 Bis(pentane-2,4-dionato-O,O')nickel EC / List no: 221-875-7 | CAS no: 3264-82-2 Nickel, [29H,31H-phthalocyaninato(2-)-N29,N30,N31,N32]-, chlorosulfonyl derivs., reaction products with 2-[(4-aminophenyl)sulfonyl]ethyl hydrogen sulfate monosodium salt, potassium salts EC / List no: 305-643-3 | CAS no: 94891-42-6 Nickel chromate EC / List no: 238-766-5 | CAS no: 14721-18-7 Phosphinic acid, nickel(2+) salt, hexahydrate EC / List no: 603-867-9 | CAS no: 13477-97-9 Nickel hydride (NiH) EC / List no: 604-345-3 | CAS no: 14332-32-2 Sulfuric acid, nickel(2+) salt (1:1), trihydrate EC / List no: - | CAS no: 85017-75-0 Nickel, [29H,31H-phthalocyaninato(2-)-[?]N29,[?]N30,[?]N31,[?]N32]-, sulfo [[4-[[2-(sulfooxy)ethyl]sulfonyl]phenyl]amino]sulfonyl derivs., sodium salts EC / List no: 603-528-5 | CAS no: 131866-99-4 Citric acid, nickel salt EC / List no: 245-119-0 | CAS no: 22605-92-1 Bis[1-[4-(dimethylamino)phenyl]-2-phenylethylene-1,2-dithiolato(2-)-S,S']nickel EC / List no: 253-958-9 | CAS no: 38465-55-3 Hexaamminenickel(2+) bis[tetrafluoroborate(1-)] EC / List no: 237-638-6 | CAS no: 13877-20-8 Nickel bis(sulphamidate) EC / List no: 237-396-1 | CAS no: 13770-89-3 Hydrogen pentapotassium [[[ethylenebis[nitrilobis(methylene)]]tetrakis[phosphonato]](8-)]nickelate(6-) EC / List no: 273-376-9 | CAS no: 68958-87-2 Nickel(II) sulfate hexa-/ heptahydrate EC / List no: 630-456-1 | CAS no: 15244-37-8 Nickel, bis[(2-phenyldiazenecarbothioic acid-κS) 2-phenylhydrazidato-κN2]- EC / List no: - | CAS no: 12213-15-9 Phosphoric acid, nickel salt EC / List no: - | CAS no: 14396-43-1 [[2,2'-(4,8-dichlorobenzo[1,2-d:4,5-d']bisoxazole-2,6-diyl)bis[4,6-dichlorophenolato]](2-)]nickel EC / List no: 256-331-8 | CAS no: 47726-62-5 Silicic acid, nickel salt EC / List no: 253-461-7 | CAS no: 37321-15-6 Octadecanoic acid, nickel salt EC / List no: - | CAS no: 14448-69-2 Bis[bis(2-hydroxyethyl)dithiocarbamato-S,S']nickel EC / List no: 257-954-8 | CAS no: 52486-99-4 Nickel selenate EC / List no: 239-125-2 | CAS no: 15060-62-5 Nickel chloride(NiCl) EC / List no: - | CAS no: 13931-83-4 Ethyl hydrogen sulphate, nickel(2+) salt EC / List no: 275-897-7 | CAS no: 71720-48-4 Nickel, isodecanoate naphthenate complexes EC / List no: 287-800-5 | CAS no: 85585-97-3 Nickel, [[2,2'-[methylenebis(thio-κS)]bis[acetato-κO]](2-)]- EC / List no: - | CAS no: 71215-73-1 Bis(1-nitroso-2-naphtholato)nickel EC / List no: 235-829-9 | CAS no: 12794-26-2 Nickel Sulfide (Ni5S3) EC / List no: - | CAS no: 97599-06-9 Dinickel orthosilicate EC / List no: 237-411-1 | CAS no: 13775-54-7 Nickel, [29H,31H-phthalocyaninato(2-)-N29,N30,N31,N32]-, [[3-[(5-chloro-2,6-difluoro-4-pyrimidinyl)amino]phenyl]amino]sulfonyl sulfo derivs., sodium salts EC / List no: 291-678-9 | CAS no: 90459-35-1 Bis(6-methylheptane-2,4-dionato-O,O')nickel EC / List no: 238-536-4 | CAS no: 14522-99-7 Trinickel dicitrate EC / List no: 227-873-2 | CAS no: 6018-92-4 [[2,2'-thiobis[3-octylphenolato]](2-)-O,O',S]nickel EC / List no: 251-715-1 | CAS no: 33882-09-6 Waste solids, nickel-manuf. By-product from nickel production containing NiO, SiO2, CuO, and MnO and sulfur. EC / List no: 293-799-2 | CAS no: 91082-84-7 Polydymite (Ni3S4) EC / List no: - | CAS no: 12059-21-1 Nickel, borate C8-10-branched carboxylate complexes EC / List no: 291-674-7 | CAS no: 90459-31-7 Nickel ammonium sulfate hexahydrate EC / List no: 680-452-9 | CAS no: 7785-20-8 Waste solids, chromium-nickel steel manuf. By-product from refined steel manufacture containing C, Cr, Fe and Ni (as Cr-Ni-grindings) and Cr2O3, FeO, MnO, NiO and SiO2 (as burned slag). EC / List no: 293-796-6 | CAS no: 91082-81-4 Nickel, C5-23-branched carboxylate C4-10-fatty acids naphthenate complexes EC / List no: 297-548-8 | CAS no: 93573-14-9 Nickel triuranium decaoxide EC / List no: 239-876-6 | CAS no: 15780-33-3 Bis[2-butene-2,3-dithiolato(2-)-S,S']nickel EC / List no: 254-210-4 | CAS no: 38951-94-9 [carbonato(2-)]tetrahydroxytrinickel EC / List no: 235-715-9 | CAS no: 12607-70-4 Nickel bis(tetrafluoroborate) EC / List no: 238-753-4 | CAS no: 14708-14-6 Nickel hydrogen phosphate EC / List no: 238-278-2 | CAS no: 14332-34-4 [[1,1'-[1,2-phenylenebis(nitrilomethylidyne)]bis[2-naphtholato]](2-)-N,N',O,O']nickel EC / List no: 243-820-6 | CAS no: 20437-10-9 Nickel diformate EC / List no: 222-101-0 | CAS no: 3349-06-2 Bis(dipentyldithiocarbamato-S,S')nickel EC / List no: 252-937-1 | CAS no: 36259-37-7 Nickel diperchlorate EC / List no: 237-124-1 | CAS no: 13637-71-3 Nickel Sulfide (Ni4S) EC / List no: - | CAS no: 67272-59-7 Nickel(2+) neononanoate EC / List no: 300-094-6 | CAS no: 93920-10-6 Nickel, bis[[2-(hydroxy-κO)-4-octylphenyl]phenylmethanonato-κO]- EC / List no: - | CAS no: 68189-15-1 Nickel oxide (Ni3O4) EC / List no: - | CAS no: 12137-09-6 Bis(quinolin-8-olato-N1,O8)nickel EC / List no: 237-950-2 | CAS no: 14100-15-3 Antimony, compound with nickel (1:3) EC / List no: 235-676-8 | CAS no: 12503-49-0 Nickel bis(piperidine-1-carbodithioate) EC / List no: 255-387-0 | CAS no: 41476-75-9 Cobalt nickel gray periclase This substance is identified in the Colour Index by Colour Index Constitution Number, C.I. 77332. EC / List no: 269-051-6 | CAS no: 68186-89-0 Godlevskite (Ni7S6) EC / List no: - | CAS no: 66732-80-7 Bis(triphenylphosphine)nickel(II) chloride EC / List no: 238-154-8 | CAS no: 14264-16-5 Nickel chloride EC / List no: 253-399-0 | CAS no: 37211-05-5 Nickelate(4-), [bis[[[3-[[4,5-dihydro-3-methyl-5-oxo-1-[4-[[2-(sulfooxy)ethyl]sulfonyl]phenyl]-1H-pyrazol-4-yl]azo]phenyl]amino]sulfonyl]-29H,31H-phthalocyaninedisulfonato(6-)-N29,N30,N31,N32]-, sodium EC / List no: 291-679-4 | CAS no: 90459-36-2 Phosphoric acid,compounds,nickel(2+) zinc salt (2:1:2) tetrahydrate EC / List no: - | CAS no: 501953-51-1 Dimethoxy[29H,31H-phthalocyaninato(2-)-N29,N30,N31,N32]nickel EC / List no: 281-282-4 | CAS no: 83898-70-8 Nickel(2+) neoundecanoate EC / List no: 300-093-0 | CAS no: 93920-09-3 Nickel bis(isononanoate) EC / List no: 284-349-6 | CAS no: 84852-37-9 Nickel dibromate EC / List no: 238-596-1 | CAS no: 14550-87-9 Dinickel silicide EC / List no: 235-033-1 | CAS no: 12059-14-2 Dinickel phosphide EC / List no: 234-828-0 | CAS no: 12035-64-2 Nickel, compound with zirconium (1:2) EC / List no: 235-261-1 | CAS no: 12142-92-6 Trisodium [22-[[[3-[(5-chloro-2,6-difluoro-4-pyrimidinyl)amino]phenyl]amino]sulphonyl]-29H,31H-phthalocyanine-1,8,15-trisulphonato(5-)-N29,N30,N31,N32]nickelate(3-) EC / List no: 275-295-4 | CAS no: 71243-96-4 Olivine, nickel green An inorganic pigment that is the reaction product of high temperature calcination in which nickel (II) oxide and silicon oxide in varying amounts are homogeneously and ionically interdiffused to form a crystalline matrix of olivine. Its composition may include any one or a combination of the modifiers alkali or alkaline earth halides. EC / List no: 271-112-7 | CAS no: 68515-84-4 Triammonium [N,N-bis(phosphonomethyl)glycinato(5-)]nickelate(3-) EC / List no: 268-195-7 | CAS no: 68025-40-1 Tetrasodium (c-(3-(1-(3-(e-6-dichloro-5-cyanopyrimidin-f-yl(methyl)amino)propyl)-1,6-dihydro-2-hydroxy-4-methyl-6-oxo-3-pyridylazo)-4-sulfonatophenylsulfamoyl)phthalocyanine-a,b,d-trisulfonato(6-))nickelato II, where a is 1 or 2 or 3 or 4,b is 8 or 9 or 10 or 11,c is 15 or 16 or 17 or 18, d is 22 or 23 or 24 or 25 and where e and f together are 2 and 4 or 4and 2 respectively BRILLANTGREEN K-RWA 6083; BRILLIANT GREEN K-RWA 6083 EC / List no: 410-160-7 | CAS no: 148732-74-5 Dicobalt(2+) nickel(2+) bis[2-hydroxypropane-1,2,3-tricarboxylate] EC / List no: 304-013-5 | CAS no: 94232-84-5 Lithium Nickel Manganese Cobalt Oxide EC / List no: 620-032-4 | CAS no: 346417-97-8 Nickel, [29H,31H-phthalocyaninato(2-)-N29,N30,N31,N32]-, [[3-[(1,3-dioxobutyl)amino]phenyl]amino]sulfonyl derivs. EC / List no: 276-877-0 | CAS no: 72828-53-6 Nickel(2+) neodecanoate EC / List no: 287-469-7 | CAS no: 85508-44-7 Nickel acetate EC / List no: 239-086-1 | CAS no: 14998-37-9 Pentaammonium hydrogen [[[ethylenebis[nitrilobis(methylene)]]tetrakis[phosphonato]](8-)]nickelate(6-) EC / List no: 273-375-3 | CAS no: 68958-86-1 (isodecanoato-O)(neodecanoato-O)nickel EC / List no: 287-467-6 | CAS no: 85508-42-5 Ammonium nickel trichloride EC / List no: 246-378-2 | CAS no: 24640-21-9 Resin acids and Rosin acids, nickel salts EC / List no: 269-826-9 | CAS no: 68334-36-1 Nickel, bis(hexahydro-1H-azepine-1-carbodithioato-κS1,κS'1)-, (SP-4-1)- EC / List no: - | CAS no: 14434-67-4 (2-ethylhexanoato-O)(isononanoato-O)nickel EC / List no: 287-470-2 | CAS no: 85508-45-8 Nickel dichlorate EC / List no: 267-897-0 | CAS no: 67952-43-6 (isodecanoato-O)(isononanoato-O)nickel EC / List no: 284-348-0 | CAS no: 84852-36-8 Nickel, tetrakis(triphenyl phosphite-.kappa.p)-, (t-4)- EC / List no: 622-848-6 | CAS no: 14221-00-2 Tetrasodium [[[(3-amino-4-sulphophenyl)amino]sulphonyl]-29H,31H-phthalocyaninetrisulphonato(6-)-N29,N30,N31,N32]nickelate(4-) EC / List no: 300-365-9 | CAS no: 93939-76-5 Dihydrogen [[N,N'-ethylenebis[N-(carboxymethyl)glycinato]](4-)-N,N',O,O',ON,ON']nickelate(2-) EC / List no: 247-019-2 | CAS no: 25481-21-4 Nickel fluoride (NiF2), tetrahydrate EC / List no: 604-130-4 | CAS no: 13940-83-5 Trinickel phosphide EC / List no: 822-331-7 | CAS no: 12059-19-7 Bis(diisobutyldithiocarbamato)nickel EC / List no: 239-354-8 | CAS no: 15317-78-9 dinickel(2+) sodium bis(3-carboxy-5-[(E)-2-(7-oxido-2,6-disulfonaphthalen-1-yl)diazen-1-yl]-1H-1,2,4-triazol-1-ide) EC / List no: 443-510-2 | CAS no: 738587-10-5 [29H,31H-phthalocyaninato(2-)-N29,N30,N31,N32]nickel EC / List no: 237-893-3 | CAS no: 14055-02-8 Slags, ferronickel-manufg. By-product from the production of ferronickel from a complex ore. Consists primarily of oxides of aluminum, iron, magnesium and silicon. EC / List no: 273-729-7 | CAS no: 69012-29-9 Dinickel diphosphate EC / List no: 238-426-6 | CAS no: 14448-18-1 Nickel di(acetate) EC / List no: 206-761-7 | CAS no: 373-02-4 Nickel bis(phosphinate) EC / List no: 238-511-8 | CAS no: 14507-36-9 Nickel, bis[1-[4-(diethylamino)phenyl]-2-phenyl-1,2-ethenedithiolato(2-)-κS1,κS2]- EC / List no: - | CAS no: 51449-18-4 Diiron nickel zinc tetraoxide EC / List no: 306-902-3 | CAS no: 97435-21-7 Nickel(2+) dihydrogen bis[R-(R*,R*)]-tartrate EC / List no: 267-894-4 | CAS no: 67952-41-4 (2-ethylhexanoato-O)(isooctanoato-O)nickel EC / List no: 284-350-1 | CAS no: 84852-38-0 Cobalt nickel dioxide EC / List no: 261-346-8 | CAS no: 58591-45-0 Cobalt titanite green spinel This substance is identified in the Colour Index by Colour Index Constitution Number, C.I. 77377. EC / List no: 269-047-4 | CAS no: 68186-85-6 Dinickel trioxide EC / List no: 215-217-8 | CAS no: 1314-06-3 Nickel zirconium trioxide EC / List no: 274-755-1 | CAS no: 70692-93-2 Nickelate(6-), [22-[[[3-[[4,5-dihydro-3-methyl-5-oxo-1-[3-sulfo-4-[2-[2-sulfo-4-[(2,5,6-trichloro-4-pyrimidinyl)amino]phenyl]ethenyl]phenyl]-1H-pyrazol-4-yl]azo]-4-sulfophenyl]amino]sulfonyl]-29H,31H-phthalocyanine-1,8,15-trisulfonato(8-)-N29,N30,N31,N32]-, hexasodium, (SP-4-2)- EC / List no: 276-399-2 | CAS no: 72152-45-5 [μ-[carbonato(2-)-O:O']]dihydroxydinickel EC / List no: 265-748-4 | CAS no: 65405-96-1 Nickel carbonate EC / List no: 222-068-2 | CAS no: 3333-67-3 Copper, bis(8-quinolinolato-N1,O8)-, reaction products with C8-10-branched fatty acids, tert-decanoic acid, nickel(2+) diacetate, nickel(2+) carbonate (1:1) and nickel hydroxide (Ni(OH)2) EC / List no: 307-554-5 | CAS no: 97660-42-9 Dipotassium tetracyanoniccolate EC / List no: 238-082-7 | CAS no: 14220-17-8 Nickel(2+) palmitate EC / List no: 237-138-8 | CAS no: 13654-40-5 Bis[(2-hydroxyethyl)dithiocarbamato-S,S']nickel EC / List no: 257-953-2 | CAS no: 52486-98-3 Nickel diarsenide EC / List no: 235-103-1 | CAS no: 12068-61-0 [μ-(piperazine-N1:N4)]bis[3-[1-[(4,5,6,7-tetrachloro-1-oxo-1H-isoindol-3-yl)hydrazono]ethyl]quinoline-2,4(1H,3H)-dionato(2-)]dinickel EC / List no: 276-168-6 | CAS no: 71889-22-0 Nickel arsenide EC / List no: - | CAS no: 12795-30-1 Bis(1,1,1,5,5,5-hexafluoropentane-2,4-dionato-O,O')nickel EC / List no: 239-028-5 | CAS no: 14949-69-0 Nickel hexafluorosilicate EC / List no: 247-430-7 | CAS no: 26043-11-8 Bis(butanedione dioximato)nickel EC / List no: 236-782-7 | CAS no: 13478-93-8 (butylamine)[[2,2'-thiobis[4-(1,1,3,3-tetramethylbutyl)phenolato]](2-)-O,O',S]nickel EC / List no: 238-523-3 | CAS no: 14516-71-3 Nickel, 3-[(4-chlorophenyl)azo]-4-hydroxy-2(1H)-quinolinone complex This substance is identified in the Colour Index by Colour Index Constitution Number, C.I. 12775. EC / List no: 262-934-7 | CAS no: 61725-51-7 Bis(5-oxo-L-prolinato-N1,O2)nickel EC / List no: 274-912-4 | CAS no: 70824-02-1 Nickelate(6-), [C-[[[3-[2-[4,5-dihydro-3-methyl-5-oxo-1-[3-sulfo-4-[2-[2-sulfo-4-[(2,5,6-trichloro-4-pyrimidinyl)amino]phenyl]ethenyl]phenyl]-1H-pyrazol-4-yl]diazenyl]-4-sulfophenyl]amino]sulfonyl]-29H,31H-phthalocyanine-C,C,C-trisulfonato(8-)-κN29,κN30, EC / List no: - | CAS no: 72453-55-5 Nickel, [N,N',N''-tris[4-(4,5-dihydro-3-methyl-5-oxo-1H-pyrazol-1-yl)phenyl]-29H,31H-phthalocyanine-C,C,C-trisulfonamidato(2-)-κN29,κN30,κN31,κN32]- EC / List no: - | CAS no: 72252-57-4 Bis(diethyldithiocarbamato-S,S')nickel EC / List no: 258-044-3 | CAS no: 52610-81-8 Molybdenum nickel hydroxide oxide phosphate EC / List no: 268-585-7 | CAS no: 68130-36-9 Di-μ-carbonylbis(η5-2,4-cyclopentadien-1-yl)dinickel EC / List no: 235-339-5 | CAS no: 12170-92-2 Resin acids and Rosin acids, calcium nickel salts EC / List no: 271-764-2 | CAS no: 68607-31-8 Bis(D-gluconato-O1,O2)nickel EC / List no: 276-205-6 | CAS no: 71957-07-8 Bis[stilbene-α,β-dithiolato(2-)]nickel EC / List no: 249-353-4 | CAS no: 28984-20-5 phosphoric acid, calcium nickel salt EC / List no: - | CAS no: 17169-61-8 [1,3-dihydro-5,6-bis[[(2-hydroxy-1-naphthyl)methylene]amino]-2H-benzimidazol-2-onato(2-)-N5,N6,O5,O6]nickel EC / List no: 255-965-2 | CAS no: 42844-93-9 Bis(4-benzoyl-2,4-dihydro-5-methyl-2-phenyl-3H-pyrazol-3-onato-O,O')(2,2,4,4-tetramethyl-7-oxa-3,20-diazadispiro[5.1.11.2]henicosan-21-one-O21)nickel EC / List no: 279-067-5 | CAS no: 79121-51-0 [29H,31H-phthalocyaninetetrasulphonyl tetrachloridato(2)-N29,N30,N31,N32 ]nickel EC / List no: 249-155-8 | CAS no: 28680-76-4 2-ethylhexanoic acid;nickel;2,2,2-trifluoroacetic acid EC / List no: - | CAS no: 70776-98-6 Nickel, dichloro[1,1'-(1,3-propanediyl)bis[1,1-diphenylphosphine-[?]P]]- EC / List no: 605-052-3 | CAS no: 15629-92-2 Nickel sulphide EC / List no: 240-841-2 | CAS no: 16812-54-7 Nickel, [29H,31H-phthalocyaninato(2-)-N29,N30,N31,N32]-, chlorosulfonyl derivs., reaction products with 2-[(4-aminophenyl)sulfonyl]ethyl hydrogen sulfate monosodium salt, sodium salts EC / List no: 305-644-9 | CAS no: 94891-43-7 Nickel sulphate EC / List no: 232-104-9 | CAS no: 7786-81-4 Nickel uranyl tetraacetate, of uranium depleted in uranium-235 EC / List no: 275-994-4 | CAS no: 71767-12-9 Spinels, cobalt nickel zinc grey EC / List no: 305-835-7 | CAS no: 95046-47-2 Bis(ethane-1,2-diamine-N,N')nickel(2+) bis[bis(cyano-C)aurate(1-)] EC / List no: 273-379-5 | CAS no: 68958-89-4 Bis(ethylenediamine-N,N')copper tetrakis(cyano-C)nickelate EC / List no: 264-136-4 | CAS no: 63427-32-7 [[N,N',N'',N'''-[29H,31H-phthalocyaninetetrayltetrakis(sulphonylimino-3,1-phenylene)]tetrakis[3-oxobutyramidato]](2-)-N29,N30,N31,N32]nickel EC / List no: 306-785-9 | CAS no: 97404-22-3 Nickel, [29H,31H-phthalocyaninato(2-)-[?]N29,[?]N30,[?]N31,[?]N32]-, [[3-[(5-chloro-6-fluoro-4-pyrimidinyl)amino]phenyl]amino]sulfonyl sulfo derivs., sodium salts EC / List no: 603-857-4 | CAS no: 134737-17-0 2-ethylhexanoic acid, nickel salt EC / List no: 231-480-1 | CAS no: 7580-31-6 Nickel disulfide EC / List no: - | CAS no: 12035-50-6 Nitric acid, nickel salt EC / List no: 238-076-4 | CAS no: 14216-75-2 Nickel dichromate EC / List no: 239-646-5 | CAS no: 15586-38-6 Bis(1,5-cyclooctadiene)nickel EC / List no: 215-072-0 | CAS no: 1295-35-8 Nickel(2+) silicate EC / List no: 244-578-4 | CAS no: 21784-78-1 [N-(carboxymethyl)glycinato(2-)-N,O,ON]nickel EC / List no: 237-618-7 | CAS no: 13869-33-5 Nickelate(6-), [4-[[5-[[(3,6-dichloro-4-pyridazinyl)carbonyl]amino]-2-sulfophenyl]azo]-4,5-dihydro-5-oxo-1-[2-sulfo-5-[[(trisulfo-29H,31H-phthalocyaninyl)sulfonyl]amino]phenyl]-1H-pyrazole-3-carboxylato(8-)-N29,N30,N31,N32]-, hexasodium EC / List no: 299-467-3 | CAS no: 93891-86-2 Dysprosium, compound with nickel (1:2) EC / List no: 235-341-6 | CAS no: 12175-27-8 Disodium tetracyanonickelate(2-) EC / List no: 237-877-6 | CAS no: 14038-85-8 Nickel monoxide EC / List no: 215-215-7 | CAS no: 1313-99-1 Nickel(2+) hydrogen citrate EC / List no: 242-533-3 | CAS no: 18721-51-2 Aluminiummagnesiumnickelsiliziumoxide EC / List no: - | CAS no: 198831-12-8 Nickel Sulfide (Ni5S4) EC / List no: - | CAS no: 97599-07-0 [[2,2'-sulphonylbis[4-(1,1,3,3-tetramethylbutyl)phenolato]](2-)-O1,O1',O2]nickel EC / List no: 240-485-8 | CAS no: 16432-37-4 Nickel methacrylate EC / List no: 304-466-9 | CAS no: 94275-78-2 Nickel(2+), tris(1,2-ethanediamine-κN,κN')-, (OC-6-11)-, salt with dimethylbenzenesulfonic acid (1:2) EC / List no: - | CAS no: 71215-97-9 Nickel iron chromite black spinel This substance is identified in the Colour Index by Colour Index Constitution Number, C.I. 77504. EC / List no: 275-738-1 | CAS no: 71631-15-7 Nickel, C5-25-branched carboxylate naphthenate octanoate complexes EC / List no: 295-926-7 | CAS no: 92200-99-2 Nickel(2+) acrylate EC / List no: 262-383-2 | CAS no: 60700-37-0 Bis[N-(2-hydroxyethyl)-N-methylglycinato-N,O,ON]nickel EC / List no: 278-504-7 | CAS no: 76625-10-0 Nickel, acetylacetone 6-methyl-2,4-heptanedione complexes EC / List no: 291-677-3 | CAS no: 90459-34-0 Nickel tellurium trioxide EC / List no: 239-967-0 | CAS no: 15851-52-2 Nickel, [29H,31H-phthalocyaninato(2-)-N29,N30,N31,N32]-, chlorosulfonyl derivs., reaction products with 2-[(4-aminophenyl)sulfonyl]ethyl hydrogen sulfate monosodium salt, potassium sodium salts, compds. with pyridine EC / List no: 297-551-4 | CAS no: 93573-17-2 (isononanoato-O)(neodecanoato-O)nickel EC / List no: 287-592-6 | CAS no: 85551-28-6 Bis(ethane-1,2-diamine)nickel(2+) sulphate EC / List no: 244-300-1 | CAS no: 21264-77-7 Nickel isooctanoate EC / List no: 248-585-3 | CAS no: 27637-46-3 2,3-dihydroxypropyl (dihydrogen phosphate), nickel salt (1:1) EC / List no: 269-946-1 | CAS no: 68391-37-7 Nickel, [29H,31H-phthalocyaninato(2-)-κN29,κN30,κN31,κN32]-, [(3-aminophenyl)amino]sulfonyl sulfo derivs. EC / List no: - | CAS no: 68412-19-1 Bis(3-amino-4,5,6,7-tetrachloro-1H-isoindol-1-one oximato-N2,O1)nickel EC / List no: 274-916-6 | CAS no: 70833-37-3 Aluminum boron cobalt lithium nickel oxide EC / List no: - | CAS no: 207803-51-8 Hexaamminenickel(2+) diformate EC / List no: 272-149-1 | CAS no: 68758-60-1 molybdenum nickel oxide EC / List no: - | CAS no: 12673-58-4 Nickel, [6,8,16,18-tetrachloro-1,11-bis(2-furanylmethyl)-1,10,11,20-tetrahydrodibenzo[c,j]dipyrazolo[3,4-f:3',4'-m][1,2,5,8,9,12]hexaazacyclotetradecinato(2-)-N5,N10,N15,N20]- EC / List no: 616-726-1 | CAS no: 79745-01-0 Nickel, isononanoate naphthenate complexes EC / List no: 287-801-0 | CAS no: 85585-98-4 Sulfuric acid, nickel(2+) salt (1:1), dihydrate EC / List no: - | CAS no: 66634-47-7 Formic acid, nickel salt EC / List no: 239-946-6 | CAS no: 15843-02-4 Nickel acrylate EC / List no: 257-066-0 | CAS no: 51222-18-5 Leach residues, nickel-vanadium ore Residues from basic leaching of nickel-bearing vanadium ores. Composed primarily of silica and insoluble compounds of nickel and vanadium with minor quantities of other metals, such as arsenic, lead, tin and zinc. EC / List no: 282-214-6 | CAS no: 84144-92-3 Diammonium nickel bis(hydrogen citrate) EC / List no: 268-176-3 | CAS no: 68025-13-8 Nickel, C5-C23-branched carboxylate octanoate complexes EC / List no: 291-675-2 | CAS no: 90459-32-8 Bis[di(3,5,5-trimethylhexyl)dithiocarbamato-S,S']nickel EC / List no: 283-380-2 | CAS no: 84604-95-5 Trisodium [N,N-bis(phosphonomethyl)glycinato(5-)]nickelate(3-) EC / List no: 268-196-2 | CAS no: 68025-41-2 Nickel, acetate carbonate C8-10-branched fatty acids C9-11-neofatty acids complexes EC / List no: 291-673-1 | CAS no: 90459-30-6 Nickel dichloride EC / List no: 231-743-0 | CAS no: 7718-54-9 Nickel, bis(diisononylcarbamodithioato-S,S')- EC / List no: - | CAS no: 85298-61-9 Bismuth, compound with nickel (1:1) EC / List no: 235-773-5 | CAS no: 12688-64-1 Carbonic acid, nickel(2+) salt (1:1), hexahydrate EC / List no: - | CAS no: 17030-82-9 Oxalic acid, nickel salt EC / List no: 243-867-2 | CAS no: 20543-06-0 Bis[2,4-dihydro-5-methyl-4-(1-oxodecyl)-2-phenyl-3H-pyrazol-3-onato-O,O']nickel EC / List no: 260-258-7 | CAS no: 56557-00-7 Ethylenediaminetetraacetic Acid Disodium Nickel(II) Salt Hydrate EC / List no: 679-904-8 | CAS no: 11079-07-5 Trinickel bis[tetracosa-μ-oxododecaoxo[μ12-[phosphato(3-)-O:O:O:O':O':O':O'':O'':O'':O''':O''':O''']]dodecamolybdate(3-)] EC / List no: 235-531-9 | CAS no: 12263-13-7 Nickel(2+) methacrylate EC / List no: 257-963-7 | CAS no: 52496-91-0 Nickel dibromide EC / List no: 236-665-0 | CAS no: 13462-88-9 Nickel divanadium hexaoxide EC / List no: 257-970-5 | CAS no: 52502-12-2 Nickel bis(dimethyldithiocarbamate) EC / List no: 239-560-8 | CAS no: 15521-65-0 Speiss, lead, nickel-contg. Product obtained and separated during the melting of nickel and other non-ferrous metals containing raw materials. Consists primarily of antimonides and arsenides of copper and nickel. EC / List no: 308-765-5 | CAS no: 98246-91-4 Nickel(II) fumarate EC / List no: 228-501-1 | CAS no: 6283-67-6 [(2-amino-2-oxoethoxy)acetato(2-)]nickel EC / List no: 268-711-0 | CAS no: 68133-84-6 Lanthanum, compound with nickel (1:5) EC / List no: 235-372-5 | CAS no: 12196-72-4 Nickel dihydroxide EC / List no: 235-008-5 | CAS no: 12054-48-7 (neononanoato-O)(neoundecanoato-O)nickel EC / List no: 300-092-5 | CAS no: 93920-08-2 Dipotassium tetrafluoronickelate(2-) EC / List no: 237-595-3 | CAS no: 13859-60-4 (propan-2-ol)[[2,2'-thiobis[4-(1,1,3,3-tetramethylbutyl)phenolato]](2-)-O,O',S]nickel EC / List no: 267-045-8 | CAS no: 67763-27-3 Bis[2,3-bis(hydroxyimino)-N-(2-methoxyphenyl)butyramidato]nickel EC / List no: 255-924-9 | CAS no: 42739-61-7 Nickel barium titanium primrose priderite This substance is identified in the Colour Index by Colour Index Constitution Number, C.I. 77900. EC / List no: 271-853-6 | CAS no: 68610-24-2 Dimethylhexanoic acid, nickel salt EC / List no: 301-323-2 | CAS no: 93983-68-7 Nickel dithiocyanate EC / List no: 237-205-1 | CAS no: 13689-92-4 Nickel Sulfide (Ni7S3) EC / List no: - | CAS no: 84013-51-4 Nickel Sulfide (Ni9S5) EC / List no: - | CAS no: 98443-26-6 1000 NN Ferrite EC / List no: 629-315-7 | CAS no: 12645-50-0 Nickel, C5-23-branched carboxylate C4-10 fatty acids complexes EC / List no: 297-774-7 | CAS no: 93762-59-5 Potassium [[N,N'-ethylenebis[N-(carboxymethyl)glycinato]](4-)-N,N',O,O',ON,ON']nickelate(1-) EC / List no: 267-686-3 | CAS no: 67906-12-1 Lithium Nickel Cobalt Aluminium Oxide EC / List no: 803-110-4 | CAS no: 193214-24-3 Nickel disilicide EC / List no: 235-379-3 | CAS no: 12201-89-7 [[2,2'-thiobis[4-(1,1,3,3-tetramethylbutyl)phenolato]](2-)-O,O',S]nickel EC / List no: 248-536-6 | CAS no: 27574-34-1 Nickelate(6-), [4-[2-[5-[[(3,6-dichloro-4-pyridazinyl)carbonyl]amino]-2-sulfophenyl]diazenyl]-4,5-dihydro-5-oxo-1-[5-[[(C,C,C-trisulfo-29H,31H-phthalocyanin-C-yl)sulfonyl]amino]-2-sulfophenyl]-1H-pyrazole-3-carboxylato(8-)-κN29,κN30,κN31,κN32]-, sodium EC / List no: - | CAS no: 113894-89-6 Tetracarbonylnickel EC / List no: 236-669-2 | CAS no: 13463-39-3 Dipotassium tris(cyano-C)nickelate(2-) EC / List no: 254-261-2 | CAS no: 39049-81-5 Nickel EC / List no: 231-111-4 | CAS no: 7440-02-0 Bis[bis(2-ethylhexyl)dithiocarbamato-S,S']nickel EC / List no: 238-400-4 | CAS no: 14428-08-1 Sulfuric acid, nickel(2+) salt (1:1), monohydrate EC / List no: - | CAS no: 14168-76-4 Dicarbonylbis(triphenylphosphine)nickel EC / List no: 235-851-9 | CAS no: 13007-90-4 Nickel sulfide (NiS2) EC / List no: 683-050-1 | CAS no: 12035-51-7 Aluminum, triethyl-, reaction products with nickel(2+) 2-ethylhexanoate (1:2) EC / List no: - | CAS no: 79357-65-6 Tetrakis(triphenylphosphine)nickel(0) EC / List no: 626-363-0 | CAS no: 15133-82-1 Nickel(2+) octanoate EC / List no: 225-656-7 | CAS no: 4995-91-9 Nickel tin trioxide EC / List no: 234-824-9 | CAS no: 12035-38-0 Cobalt(2+) dinickel(2+) bis[2-hydroxypropane-1,2,3-tricarboxylate] EC / List no: 303-972-7 | CAS no: 94232-44-7 Nickel(2+) diethyl bis[[[3,5-bis(1,1-dimethylethyl)-4-hydroxyphenyl]methyl]phosphonate] EC / List no: 250-401-1 | CAS no: 30947-30-9 Nickel, tris(neodecanoato-.kappa.O)[.mu.3-[orthoborato(3-)-.kappa.O:.kappa.O':.kappa.O'']]tri- EC / List no: - | CAS no: 936576-64-6 Nickel silicate(3:4) EC / List no: 250-788-7 | CAS no: 31748-25-1 Nickel, dextrin complexes EC / List no: - | CAS no: 68412-20-4 Molybdenum nickel tetraoxide EC / List no: 238-034-5 | CAS no: 14177-55-0 Trinickel disulphide EC / List no: 234-829-6 | CAS no: 12035-72-2 Nickel [R(R*,R*)]-tartrate EC / List no: 257-610-7 | CAS no: 52022-10-3 Citric acid , ammonium nickel salt EC / List no: 242-161-1 | CAS no: 18283-82-4 Nickel(II) isooctanoate EC / List no: 249-555-2 | CAS no: 29317-63-3 Nickel subarsenide EC / List no: - | CAS no: 12255-80-0 Dichlorobis(tributylphosphine)nickel(II) EC / List no: 624-942-2 | CAS no: 15274-43-8 Nickel dioxide EC / List no: 234-823-3 | CAS no: 12035-36-8 Nickel, bis[(cyano-κC)triphenylborato(1-)-κN]bis(hexanedinitrile-κN,κN')- EC / List no: - | CAS no: 83864-02-2 Nickel difluoride EC / List no: 233-071-3 | CAS no: 10028-18-9 Neodecanoic acid, nickel salt EC / List no: 257-447-1 | CAS no: 51818-56-5 Nickel, [29H,31H-phthalocyaninato(2-)-κN29,κN30,κN31,κN32]-, sulfo [[4-[[2-(sulfooxy)ethyl]sulfonyl]phenyl]amino]sulfonyl derivs., potassium sodium salts EC / List no: - | CAS no: 113894-88-5 Nickel diiodide EC / List no: 236-666-6 | CAS no: 13462-90-3 [2,2'-[1,2-phenylenebis(nitrilomethylidyne)]-bis(phenolato)]-N,N',O,O'-nickel(II) BRUN JAUNE ESTOFIL S-3RL; BRUNO GIALLO ESTOFIL S-3RL EC / List no: 400-870-5 | CAS no: 14406-71-4 Nickel carbonate hydroxide tetrahydrate EC / List no: 641-002-7 | CAS no: 39430-27-8 Zinc sulfide (ZnS), copper and nickel-doped EC / List no: 271-601-5 | CAS no: 68585-93-3 Nickel, C4-10 fatty acids naphthenate complexes EC / List no: 297-549-3 | CAS no: 93573-15-0 Nickel 3,5-bis(tert-butyl-4-hydroxybenzoate (1:2) EC / List no: 258-051-1 | CAS no: 52625-25-9 Fatty acids, C8-18 and C18-unsatd., nickel salts EC / List no: 283-972-0 | CAS no: 84776-45-4 Trisodium [[[[3-[(4-amino-6-chloro-1,3,5-triazin-2-yl)amino]phenyl]amino]sulphonyl]tris(aminosulphonyl)-29H,31H-phthalocyaninetrisulphonato(5-)-N29,N30,N31,N32]nickelate(3-) EC / List no: 276-491-2 | CAS no: 72229-81-3 [μ-[[1,1',1'',1'''-[benzene-1,2,4,5-tetrayltetrakis(nitromethylidyne)]naphth-2-olato](4-)]]dinickel EC / List no: 245-028-6 | CAS no: 22484-07-7 Nickel tellurium tetraoxide EC / List no: 239-974-9 | CAS no: 15852-21-8 Nickel, naphthenate neodecanoate complexes EC / List no: 287-802-6 | CAS no: 85585-99-5 Tetrasodium [[[nitrilotris(methylene)]tris[phosphonato]](6-)-N,O,O'',O'''nickelate(4-)] EC / List no: 268-296-6 | CAS no: 68052-00-6 Dinickel boride EC / List no: 234-494-6 | CAS no: 12007-01-1 Tris(4,7-diphenyl-1,10-phenanthroline-N1,N10)nickel(2+) bis[tetrafluoroborate(1-)] EC / List no: 269-684-8 | CAS no: 68309-97-7 Nickel, C5-23-branched carboxylate naphthenate complexes EC / List no: 295-925-1 | CAS no: 92200-98-1 Tetrasodium [bis[[[4-[[2-(sulphooxy)ethyl]sulphonyl]phenyl]amino]sulphonyl]-29H,31H-phthalocyaninedisulphonato(6)-N29,N30,N31,N32]nickelate(4-) EC / List no: 306-462-2 | CAS no: 97280-68-7 [[3-[1-cyano-2-(methylamino)-2-oxoethylidene]-2,3-dihydro-1H-isoindol-1-ylidene](salicylic)hydrazidato(2-)]nickel EC / List no: 288-967-7 | CAS no: 85958-80-1 Diiron nickel tetraoxide EC / List no: 235-335-3 | CAS no: 12168-54-6 Antimony oxide (Sb2O3), solid soln. with nickel oxide (NiO) and titanium oxide (TiO2) EC / List no: 277-627-3 | CAS no: 73892-02-1 Nickel, aqua[2-[2-[4,5-dihydro-3-methyl-5-(oxo-κO)-1H-pyrazol-4-yl]diazenyl-κN1]benzoato(2-)-κO]- EC / List no: - | CAS no: 106316-55-6 Triammonium hydrogen [[[nitrilotris(methylene)]tris[phosphonato]](6-)]nickelate(4-) EC / List no: 267-961-8 | CAS no: 67968-22-3 Nickel icosatitanium pentatriacontaoxide diwolframate EC / List no: 273-686-4 | CAS no: 69011-05-8 Nickel Black EC / List no: - | CAS no: 12125-56-3 Nickel, [carbonato(2-)]hexahydroxytetra- EC / List no: - | CAS no: 12334-31-5 Nickel selenide EC / List no: 215-216-2 | CAS no: 1314-05-2 Trihydrogen hydroxybis[orthosilicato(4-)]trinickelate(3-) EC / List no: 235-688-3 | CAS no: 12519-85-6 Trisodium [5-[(4,5-dihydro-3-methyl-5-oxo-1-phenyl-1H-pyrazol-4-yl)azo]-4-hydroxy-3-[(2-hydroxy-3-nitro-5-sulphophenyl)azo]naphthalene-2,7-disulphonato(5-)]nickelate(3-) EC / List no: 279-314-7 | CAS no: 79817-91-7 Nickelate(Ni4O5)(1-), lithium EC / List no: - | CAS no: 67163-62-6 Nickel ferrite brown spinel This substance is identified in the Colour Index by Colour Index Constitution Number, C.I. 77497. EC / List no: 269-071-5 | CAS no: 68187-10-0 Nickel, borate neodecanoate complexes EC / List no: 296-343-0 | CAS no: 92502-55-1 Nickel, [N-(4-chlorophenyl)-3-[2-[[1-(4-chlorophenyl)-4,5-dihydro-3-methyl-5-(oxo-κO)-1H-pyrazol-4-yl]methylene]hydrazinylidene-κN2]-α-cyano-1H-isoindole-3-acetamidato(2-)-κN2,κO3]- EC / List no: - | CAS no: 106887-33-6 Nickel telluride EC / List no: 235-260-6 | CAS no: 12142-88-0 Matte, nickel Product of blowing smelted nickel ore in a converter to lower the iron content. EC / List no: 273-749-6 | CAS no: 69012-50-6 Antimony, compound with nickel (1:1) EC / List no: 234-827-5 | CAS no: 12035-52-8 Nickel, compound with niobium (1:1) EC / List no: 234-807-6 | CAS no: 12034-55-8 Dihydrogen hexasodium bis[3-[(2-amino-8-hydroxy-6-sulpho-1-naphthyl)azo]-2-hydroxy-5-sulphobenzoato(5-)]nickelate(8-) EC / List no: 276-364-1 | CAS no: 72139-08-3 Residues, copper-iron-lead-nickel matte, sulfuric acid-insol. EC / List no: 310-050-8 | CAS no: 102110-49-6 Trinickel boride EC / List no: 234-495-1 | CAS no: 12007-02-2 Nickel dihydroxide hydrate EC / List no: - | CAS no: 36897-37-7 Hydrogen [N,N-bis(carboxymethyl)glycinato(3-)-N,O,O',O'']nickelate(1-) EC / List no: 252-235-5 | CAS no: 34831-03-3 Nickel tungsten tetraoxide EC / List no: 238-032-4 | CAS no: 14177-51-6 Nickel(II) isodecanoate EC / List no: 287-468-1 | CAS no: 85508-43-6 Nickel bis(benzenesulphonate) EC / List no: 254-642-3 | CAS no: 39819-65-3 Cobalt dimolybdenum nickel octaoxide EC / List no: 268-169-5 | CAS no: 68016-03-5 Trinickel bis(arsenate) EC / List no: 236-771-7 | CAS no: 13477-70-8 Nickel boride phosphide EC / List no: - | CAS no: 65229-23-4 Nickel oxalate EC / List no: 208-933-7 | CAS no: 547-67-1 Nickel niobium titanium yellow rutile This substance is identified in the Colour Index by Colour Index Constitution Number, C.I. 77895. EC / List no: 271-892-9 | CAS no: 68611-43-8 Fatty acids, C6-19-branched, nickel salts EC / List no: 294-302-1 | CAS no: 91697-41-5 (isononanoato-O)(isooctanoato-O)nickel EC / List no: 287-471-8 | CAS no: 85508-46-9 Tris(4,7-diphenyl-1,10-phenanthroline-N1,N10)nickel(2+) dinitrate EC / List no: 254-127-3 | CAS no: 38780-90-4 Zinc sulfide (ZnS), nickel and silver-doped EC / List no: 270-961-0 | CAS no: 68512-22-1 Nickel dicyanide EC / List no: 209-160-8 | CAS no: 557-19-7 Nickel titanium trioxide EC / List no: 234-825-4 | CAS no: 12035-39-1 [2,3'-bis[[(2-hydroxyphenyl)methylene]amino]but-2-enedinitrilato(2-)-N2,N3,O2,O3]nickel EC / List no: 265-022-7 | CAS no: 64696-98-6 Tetrapotassium [[[nitrilotris(methylene)]tris[phosphonato]](6-)]nickelate(4-) EC / List no: 264-338-2 | CAS no: 63588-33-0 Nickel dibenzoate EC / List no: 209-046-8 | CAS no: 553-71-9 Nickel, compound with Titanium (1:1) EC / List no: 610-765-8 | CAS no: 52013-44-2 Nickel titanium oxide EC / List no: 235-752-0 | CAS no: 12653-76-8 Cassiterite, cobalt manganese nickel grey EC / List no: 309-018-6 | CAS no: 99749-23-2 Trinickel bis(orthophosphate) EC / List no: 233-844-5 | CAS no: 10381-36-9 Nickel(2+) glycerol phosphate EC / List no: 267-923-0 | CAS no: 67952-69-6 cobalt nickel oxide EC / List no: 620-395-9 | CAS no: 12737-30-3 Nickel(2+) propionate EC / List no: 222-102-6 | CAS no: 3349-08-4 (2-ethylhexanoato-O)(isodecanoato-O)nickel EC / List no: 284-351-7 | CAS no: 84852-39-1 Nickel compounds EC / List no: - | CAS no: - Nickel arsenide sulfide EC / List no: - | CAS no: 12255-10-6 Nickel carbide EC / List no: 640-090-4 | CAS no: 12710-36-0 Nickel(2+) trifluoroacetate EC / List no: 240-235-8 | CAS no: 16083-14-0 Nickel hydride EC / List no: - | CAS no: 37187-84-1 Sulfuric acid, nickel(2+) salt (1:1), pentahydrate EC / List no: - | CAS no: 66341-42-2 Phosphoric acid,compounds,nickel(2+) zinc salt (2:1:2) EC / List no: - | CAS no: 90053-13-7 Tripotassium [N,N-bis(phosphonomethyl)glycinato(5-)]nickelate(3-) EC / List no: 264-360-2 | CAS no: 63597-34-2 Bis(η5-2,4-cyclopentadien-1-yl)nickel EC / List no: 215-039-0 | CAS no: 1271-28-9 nickel(2+) disodium 2,2',2'',2'''-(ethane-1,2-diyldinitrilo)tetraacetate EC / List no: 692-065-2 | CAS no: 15708-55-1 Dinickel hexacyanoferrate EC / List no: 238-946-3 | CAS no: 14874-78-3 Nickelate(6-), [4-[[5-[[(3,6-dichloro-4-pyridazinyl)carbonyl]amino]-2-sulfophenyl]azo]-4,5-dihydro-5-oxo-1-[5-[[(trisulfo-29H,31H-phthalocyaninyl)sulfonyl]amino]-2-sulfophenyl]-1H-pyrazole-3-carboxylato(8-)-N29,N30,N31,N32]-, hexahydrogen EC / List no: 272-095-9 | CAS no: 68698-80-6 lithium nickel dioxide EC / List no: 620-400-4 | CAS no: 12031-65-1 Nickel, 2,2'-thiobis[4-nonylphenol] complexes EC / List no: 287-356-2 | CAS no: 85480-75-7 NICKEL(II) TRIFLUOROMETHANESULFONATE EC / List no: 663-776-5 | CAS no: 60871-84-3 Nickel bis(2-ethylhexanoate) EC / List no: 224-699-9 | CAS no: 4454-16-4 Tetrahydrogen [[[(3-amino-4-sulphophenyl)amino]sulphonyl]-29H,31H-phthalocyaninetrisulphonato(6-)-N29,N30,N31,N32]nickelate(4-) EC / List no: 279-060-7 | CAS no: 79102-62-8 Nickel, bis[N-hydroxy-3-(hydroxyimino-κN)-N'-(2-methoxyphenyl)butanimidamidato-κN']- EC / List no: - | CAS no: 71605-83-9 Diammonium tetrachloronickelate(2-) EC / List no: 308-989-3 | CAS no: 99587-11-8 Nickel bisphosphinate EC / List no: 252-840-4 | CAS no: 36026-88-7 Antimony nickel titanium oxide yellow This substance is identified in the Colour Index by Colour Index Constitution Number, C.I. 77788. EC / List no: 232-353-3 | CAS no: 8007-18-9 Bis[N-(2,4-dimethoxyphenyl)-2,3-bis(hydroxyimino)butyramidato-N2,N3]nickel EC / List no: 286-563-5 | CAS no: 85269-39-2 Bis(2-heptadecyl-1H-imidazole-N3)bis(octanoato-O)nickel EC / List no: 272-799-6 | CAS no: 68912-08-3 Perchloric acid, nickel salt EC / List no: - | CAS no: 41743-88-8 Nickel, [29H,31H-phthalocyaninato(2-)-N29,N30,N31,N32]-, sulfo [[4-[[2-(sulfooxy)ethyl]sulfonyl]phenyl]amino]sulfonyl derivs. EC / List no: 270-174-2 | CAS no: 68412-18-0 Nickel dinitrate EC / List no: 236-068-5 | CAS no: 13138-45-9 Diphosphoric acid, nickel(2+) salt EC / List no: - | CAS no: 19372-20-4 Bis(1H-1,2,4-triazole-3-sulphonato-N2,O3)nickel EC / List no: 287-849-2 | CAS no: 85586-46-5 toys; child care Dry, brittle, powder-like or pliable toy material ECHA / European Commission European Union banned if exceeded limit Chemical restriction in toy materials under the EU Toy Safety Directive",banned_or_prohibited,banned_or_prohibited
Boron and its compounds toys; child care Liquid or sticky toy material ECHA / European Commission European Union banned if exceeded limit Chemical restriction in toy materials under the EU Toy Safety Directive,banned_or_prohibited,banned_or_prohibited
"Dimethylcarbamoyl chloride cross-category cancer OEHHA California, USA Listed cancer",restricted_or_thresholded,restricted_or_thresholded
Phenol cross-category REACH SVHC candidate list ECHA European Union Candidate list Endocrine disrupting properties (Article 57(f) - environment),source_context_only,source_context_only
Phenol cross-category REACH SVHC candidate list ECHA European Union Candidate list Endocrine disrupting properties (Article 57(f) - environment),source_context_only,source_context_only
Benzene cross-category REACH SVHC candidate list ECHA European Union Candidate list Toxic for reproduction (Article 57c),source_context_only,source_context_only
"MeIQ (2-Amino-3,4-dimethylimidazo[4,5-f]quinoline) cross-category cancer OEHHA California, USA Listed cancer",restricted_or_thresholded,restricted_or_thresholded
"Vinyl bromide cross-category cancer OEHHA California, USA Listed cancer",warning_or_hazard_listed,restricted_or_thresholded
"Glu-P-1 (2-Amino-6-methyldipyrido[1,2- a:3',2'-d]imidazole) cross-category cancer OEHHA California, USA Listed cancer",restricted_or_thresholded,restricted_or_thresholded
Lead cross-category REACH SVHC candidate list ECHA European Union Candidate list Toxic for reproduction (Article 57c),source_context_only,source_context_only
"Lead cross-category OEHHA California, USA Listed",restricted_or_thresholded,restricted_or_thresholded
"Maneb cross-category cancer OEHHA California, USA Listed cancer",warning_or_hazard_listed,restricted_or_thresholded
"4-Vinylcyclohexene cross-category female reproductive toxicity OEHHA California, USA Listed female reproductive toxicity",warning_or_hazard_listed,warning_or_hazard_listed
"Chloroform cross-category developmental toxicity OEHHA California, USA Listed developmental toxicity",warning_or_hazard_listed,warning_or_hazard_listed
"Cadmium and its compounds Cadmium sulfoselenide red This substance is identified in the Colour Index by Colour Index Constitution Number, C.I. 77202. EC / List no: 261-218-1 | CAS no: 58339-34-7 Cadmium, diethyl- EC / List no: 804-213-7 | CAS no: 592-02-9 Cadmium sulfide (CdS), aluminum and copper-doped EC / List no: 272-539-1 | CAS no: 68876-98-2 Potassium sulfate cadmium hexahydrate EC / List no: - | CAS no: 30623-04-2 Bis[N,N-bis(carboxymethyl)glycinato(3-)]tricadmium EC / List no: 256-679-0 | CAS no: 50648-02-7 Cadmium distearate EC / List no: 218-743-6 | CAS no: 2223-93-0 Cadmium iodate EC / List no: 232-224-1 | CAS no: 7790-81-0 Cadmium selenide (CdSe), solid soln. with cadmium sulfide EC / List no: 275-290-7 | CAS no: 71243-75-9 Naphthenic acids, cadmium salts EC / List no: 263-053-0 | CAS no: 61789-34-2 Cadmium bis(heptadecanoate) EC / List no: 263-434-1 | CAS no: 62149-56-8 Cadmium bromide EC / List no: 232-165-1 | CAS no: 7789-42-6 Cadmium borate oxide (Cd3(BO2)4O), manganese-doped EC / List no: - | CAS no: 68784-58-7 Cadmium 3,5,5-trimethylhexanoate EC / List no: 252-918-8 | CAS no: 36211-44-6 Propanoic acid, cadmium salt, basic EC / List no: 292-013-5 | CAS no: 90529-78-5 Cadmium hydrogen phosphate EC / List no: 237-920-9 | CAS no: 14067-62-0 Selenic acid, cadmium salt (1:1), dihydrate EC / List no: - | CAS no: 10060-09-0 Cadmium zinc sulfide yellow This substance is identified in the Colour Index by Colour Index Constitution Number, C.I. 77205. EC / List no: 232-466-8 | CAS no: 8048-07-5 Tricadmium bis(phosphate) EC / List no: 236-764-9 | CAS no: 13477-17-3 Cadmium, dichlorotetrakis(1H-imidazole-kappaN3)- EC / List no: - | CAS no: 72275-93-5 Cadmium bis(4-cyclohexylbutyrate) EC / List no: 259-767-7 | CAS no: 55700-14-6 Bis(5-oxo-DL-prolinato-N1,O2)cadmium EC / List no: 289-081-3 | CAS no: 85994-31-6 Sulfuric acid, cadmium salt, hydrate (3:3:8) EC / List no: 616-572-5 | CAS no: 7790-84-3 Barium cadmium tetrastearate EC / List no: 214-740-9 | CAS no: 1191-79-3 Cadmium bis(octylphenolate) EC / List no: 284-444-2 | CAS no: 84878-51-3 Barium cadmium zinc sulfide (Ba2(Cd,Zn)S3), manganese-doped EC / List no: - | CAS no: 68876-90-4 Fatty acids, rape-oil, cadmium salts EC / List no: 296-454-4 | CAS no: 92704-24-0 (T-4)-Bis[1,1,2,2-tetramethyl-1,2-bis(sulfanylidene-kappaS)-1lambda(5),2lambda(5)-diphosphane]cadmium(2+) diperchlorate EC / List no: - | CAS no: 71231-59-9 Cadmium isooctanoate EC / List no: 250-118-3 | CAS no: 30304-32-6 Cadmium sulphate EC / List no: 233-331-6 | CAS no: 10124-36-4 Potassium sulfate cadmium EC / List no: - | CAS no: 28038-25-7 Cadmium, chloro(1,10-phenanthroline-2-carboxylato)-, polymers EC / List no: - | CAS no: 25685-75-0 Cadmium [R-(R*,R*)]-tartrate EC / List no: 251-827-0 | CAS no: 34100-40-8 Bis(propane-1,2-diyldiamine-N,N')cadmium(2+) bis[bis(cyano-C)aurate(1-)] EC / List no: 267-692-6 | CAS no: 67906-19-8 Cadmium isononanoate EC / List no: 283-660-4 | CAS no: 84696-56-0 Bis(2-ethylhexyl mercaptoacetato -O',S)cadmium EC / List no: 299-281-2 | CAS no: 93858-50-5 Chlorous acid, cadmium salt EC / List no: - | CAS no: 125687-98-1 Cadmium octyl phthalate (1:2:2) EC / List no: 304-483-1 | CAS no: 94275-94-2 Cadmium bis(2-ethylhexanoate) EC / List no: 219-346-0 | CAS no: 2420-98-6 Cadmium didecanoate EC / List no: 220-650-0 | CAS no: 2847-16-7 Cadmium 4-(1,1-dimethylethyl)benzoate EC / List no: 224-022-7 | CAS no: 4167-05-9 Cadmium trichloride monopotassium EC / List no: - | CAS no: 14429-85-7 Cadmium sulfide (CdS), silver chloride-doped EC / List no: 272-542-8 | CAS no: 68877-01-0 Flue dust, copper-lead blast furnace, cadmium-indium-enriched A cadmium-indium-enriched product obtained from the recirculation of copper-lead blast furnace flue dusts. Composed primarily of cadmium, indium and lead. EC / List no: 309-645-5 | CAS no: 100656-55-1 Potassium [N,N-bis(carboxymethyl)glycinato(3-)-N,O,O',O'']cadmate(1-) EC / List no: 256-488-2 | CAS no: 49784-42-1 Cadmium diisobutyl dimaleate EC / List no: 306-446-5 | CAS no: 97259-82-0 Disodium tetrakis(cyano-C)cadmate(2-) EC / List no: 239-765-2 | CAS no: 15682-87-8 Leach residues, zinc refining flue dust, cadmium-thallium ppt. Sponge produced by leaching and precipitating cadmium and thallium fumes and flue dusts from lead/zinc smelting operations. EC / List no: 296-097-4 | CAS no: 92257-11-9 Cadmium dodecylbenzenesulphonate EC / List no: 250-433-6 | CAS no: 31017-44-4 Cadmium dinitrite EC / List no: 232-225-7 | CAS no: 7790-83-2 Cadmium dipotassium tetracyanide EC / List no: 238-371-8 | CAS no: 14402-75-6 Fatty acids, C10-18, cadmium salts EC / List no: 268-620-6 | CAS no: 68131-58-8 Cadmium lithopone yellow This substance is identified in the Colour Index by Colour Index Constitution Number, C.I. 77199:1. EC / List no: 292-386-4 | CAS no: 90604-90-3 Cadmium tellurium tetraoxide EC / List no: 239-973-3 | CAS no: 15852-14-9 Cadmium sulfate, tetrahydrate EC / List no: - | CAS no: 13477-21-9 Fatty acids, C8-18 and C18-unsatd., cadmium salts EC / List no: 272-529-7 | CAS no: 68876-84-6 Cadmium selenide EC / List no: 215-148-3 | CAS no: 1306-24-7 (T-4)-Tetrakis(3-methyl-1H-pyrazole-kappaN(2))cadmium(2+) monosulfate EC / List no: - | CAS no: 55060-82-7 Cadmium sulfoselenide orange This substance is identified in the Colour Index by Colour Index Constitution Number, C.I. 77202. EC / List no: 235-758-3 | CAS no: 12656-57-4 Cadmium zirconium trioxide EC / List no: 235-251-7 | CAS no: 12139-23-0 Cadmium bis(piperidine-1-carbodithioate) EC / List no: 239-025-9 | CAS no: 14949-59-8 Cadmium hexafluorosilicate(2-) EC / List no: 241-084-0 | CAS no: 17010-21-8 Cadmium potassium 1-(hydroxyethylidene)bisphosphonate(1:2:1) EC / List no: 273-906-9 | CAS no: 69190-99-4 Cadmium epoxyoctadecanoate EC / List no: 247-560-4 | CAS no: 26264-48-2 Cadmium tetrapentyl bis(phosphate) EC / List no: 303-977-4 | CAS no: 94232-49-2 Tris(ethylenediamine)cadmium dihydroxide EC / List no: 238-945-8 | CAS no: 14874-24-9 Cadmium laurate, palmitate, stearate EC / List no: - | CAS no: 68954-18-7 Cadmium, dross A scum formed on the surface of molten cadmium. EC / List no: 273-707-7 | CAS no: 69011-69-4 Fatty acids, castor-oil, hydrogenated, cadmium salts EC / List no: 294-296-0 | CAS no: 91697-35-7 Cadmium chloride magnesium dodecahydrate EC / List no: - | CAS no: 77289-75-9 Cadmium zinc sulphide EC / List no: 235-672-6 | CAS no: 12442-27-2 Cadmium bis(azanide) EC / List no: - | CAS no: 22750-53-4 Cadmium (1-ethylhexyl) phthalate (1:2:2) EC / List no: 304-482-6 | CAS no: 94275-93-1 Octadecanoic acid, cadmium salt, basic EC / List no: 309-794-6 | CAS no: 101012-93-5 Fatty acids, peanut-oil, cadmium salts EC / List no: 296-449-7 | CAS no: 92704-19-3 Cadmium oxide EC / List no: 215-146-2 | CAS no: 1306-19-0 Cadmium sulfide (CdS), solid soln. with zinc sulfide, nickel and silver-doped EC / List no: 271-512-1 | CAS no: 68583-44-8 Cadmium mercury sulfide EC / List no: 215-717-6 | CAS no: 1345-09-1 Cadmium toluate EC / List no: 248-480-2 | CAS no: 27476-27-3 Cadmium methacrylate EC / List no: 246-183-2 | CAS no: 24345-60-6 Cadmium(2+) (R)-12-hydroxyoctadecanoate EC / List no: 253-979-3 | CAS no: 38517-19-0 Nonanoic acid, branched, cadmium salt EC / List no: 297-692-1 | CAS no: 93686-40-9 Hexanoic acid, 2-ethyl-, cadmium salt, basic EC / List no: 291-438-3 | CAS no: 90411-62-4 Dimethylcadmium EC / List no: 208-055-4 | CAS no: 506-82-1 Cadmium chloride potassium hydrate EC / List no: - | CAS no: 28302-54-7 Bis(dimethyldithiocarbamato-S,S')cadmium EC / List no: 239-026-4 | CAS no: 14949-60-1 Cadmium sodium tetrachloride EC / List no: - | CAS no: 21360-94-1 Cesium sulfate cadmium EC / List no: - | CAS no: 28041-77-2 Benzenesulfonic acid, mono-C10-13-alkyl derivs., cadmium salts EC / List no: 290-645-6 | CAS no: 90194-35-7 Cadmium p-toluate EC / List no: 219-345-5 | CAS no: 2420-97-5 Cadmium sulfate octahydrate EC / List no: - | CAS no: 22465-18-5 Cadmium pyrophosphate EC / List no: - | CAS no: 19262-93-2 Cadmium tetrafluoroborate EC / List no: 238-490-5 | CAS no: 14486-19-2 Cadmium chloride phosphate (Cd5Cl(PO4)3), manganese-doped EC / List no: 309-489-8 | CAS no: 100402-53-7 Diboron tricadmium hexaoxide EC / List no: 237-225-0 | CAS no: 13701-66-1 Tricadmium dinitride EC / List no: - | CAS no: 12380-95-9 Cadmium diformate EC / List no: 224-729-0 | CAS no: 4464-23-7 Cadmium sulfide (CdS), solid soln. with zinc sulfide, copper chloride-doped EC / List no: 270-977-8 | CAS no: 68512-49-2 Barium tetrachlorocadmate(2-) EC / List no: 308-988-8 | CAS no: 99587-10-7 Hydrogen [4-[(5-chloro-4-methyl-2-sulphophenyl)azo]-3-hydroxynaphthalene-2-carboxylato(3-)]cadmate(1-) EC / List no: 273-461-0 | CAS no: 68966-97-2 Cadmium neodecanoate EC / List no: 263-352-6 | CAS no: 61951-96-0 Cadmium oxide (CdO), solid soln. with calcium oxide and titanium oxide (TiO2), praseodymium-doped EC / List no: 309-896-0 | CAS no: 101356-99-4 Disodium ethylenediaminetetraacetate cadmium EC / List no: - | CAS no: 30363-28-1 Cadmium wolframate EC / List no: 232-226-2 | CAS no: 7790-85-4 Flue dust, cadmium-refining By-product of refining of cadmium consisting primarily of oxides and chlorides of cadmium, lead, arsenic and zinc. EC / List no: 273-754-3 | CAS no: 69012-57-3 (R)-12-hydroxyoleic acid, barium cadmium salt EC / List no: 275-370-1 | CAS no: 71411-66-0 Lauric acid, barium cadmium salt EC / List no: 239-371-0 | CAS no: 15337-60-7 Cadmium divanadium hexoxide EC / List no: 240-203-3 | CAS no: 16056-72-7 Cadmium bis(nonylphenolate) EC / List no: 284-441-6 | CAS no: 84878-48-8 Cadmium sulfide (CdS), solid soln. with zinc sulfide, aluminum and cobalt and copper and silver-doped EC / List no: 272-220-7 | CAS no: 68784-10-1 5-oxo-L-proline, cadmium salt EC / List no: 240-269-3 | CAS no: 16105-06-9 Cadmium nitrate EC / List no: 233-710-6 | CAS no: 10325-94-7 Cadmium carbonate EC / List no: 208-168-9 | CAS no: 513-78-0 Cadmium EC / List no: 231-152-8 | CAS no: 7440-43-9 Fatty acids, tallow, hydrogenated, cadmium salts EC / List no: 273-203-7 | CAS no: 68953-39-9 Cadmium myristate EC / List no: 233-489-6 | CAS no: 10196-67-5 Cadmium zinc sulfide ((Cd,Zn)S), cobalt and copper-doped EC / List no: - | CAS no: 72869-26-2 Fatty acids, C8-10-branched, cadmium salts EC / List no: 296-092-7 | CAS no: 92257-06-2 Fatty acids, coco, cadmium salts EC / List no: 276-952-8 | CAS no: 72869-63-7 Antimony, compound with cadmium (2:3) EC / List no: 234-596-0 | CAS no: 12014-29-8 Cadmium sulfide (CdS), solid soln. with zinc sulfide, copper and lead-doped EC / List no: 269-773-1 | CAS no: 68332-81-0 Phosphorous acid, bis(2-ethylhexyl) ester, cadmium salt EC / List no: - | CAS no: 7495-93-4 Cadmium diricinoleate EC / List no: 237-544-5 | CAS no: 13832-25-2 Carbonic acid, cadmium salt EC / List no: 298-586-8 | CAS no: 93820-02-1 Cadmium sulfate caesium hexahydrate EC / List no: - | CAS no: 34345-39-6 Cadmium sulfide (CdS), solid soln. with zinc sulfide, silver chloride-doped EC / List no: 271-513-7 | CAS no: 68583-45-9 Dipotassium [[N,N'-ethylenebis[N-(carboxymethyl)glycinato]](4-)-N,N',O,O',ON,ON']cadmate(2-) EC / List no: 239-801-7 | CAS no: 15708-29-9 Cadmium tert-decanoate EC / List no: 284-429-0 | CAS no: 84878-37-5 Cadmium nonan-1-oate EC / List no: 225-839-1 | CAS no: 5112-16-3 Cadmium sebacate EC / List no: 224-754-7 | CAS no: 4476-04-4 Cadmium molybdenum tetroxide EC / List no: 237-752-6 | CAS no: 13972-68-4 Benzyltriphenylphosphonium tetrachlorocadmate EC / List no: 269-289-0 | CAS no: 68214-25-5 Barium di-μ-chlorotetrachlorodicadmate(2-) EC / List no: 262-618-9 | CAS no: 61129-40-6 Sulfuric acid, cadmium salt (1:1), hydrate EC / List no: 626-360-4 | CAS no: 15244-35-6 Zircon, cadmium red EC / List no: 691-407-8 | CAS no: 72828-62-7 Tetrapotassium [[[nitrilotris(methylene)]tris[phosphonato]](6-)-N,O,O'',O'''']cadmate(6-) EC / List no: 268-020-4 | CAS no: 67989-93-9 Cadmium potassium hexachloride EC / List no: - | CAS no: 15276-40-1 Cadmium hydroxide EC / List no: 244-168-5 | CAS no: 21041-95-2 Benzenediazonium, 4-(phenylamino)-, sulfate (1:1), polymer with formaldehyde, cadmium chloride complexes EC / List no: - | CAS no: 68441-39-4 Cadmium disulphamate EC / List no: 237-832-0 | CAS no: 14017-36-8 Bis(5-oxo-L-prolinato-N1,O2)cadmium EC / List no: 288-974-5 | CAS no: 85958-86-7 Waste solids, cadmium-electrolysis, thallium-rich Residue obtained in the electrolysis of cadmium, composed primarily of thallium chromate. Other non-ferrous metals or metal compounds may also be present. EC / List no: 285-572-1 | CAS no: 85117-20-0 Calcines, cadmium residue Product of the roasting of cadmium-enriched lead smelting dusts to remove cadmium. Consists primarily of oxides and sulfates of lead and zinc. EC / List no: 273-806-5 | CAS no: 69029-63-6 Cadmium pentadecanoate EC / List no: 264-124-9 | CAS no: 63400-09-9 (S)-dichloro[2-[[(2,3-dihydroxypropoxy)hydroxyphosphinyl]oxy]triethylmethylammoniumato]cadmium EC / List no: 265-010-1 | CAS no: 64681-08-9 Fatty acids, olive-oil, cadmium salts EC / List no: 296-445-5 | CAS no: 92704-15-9 Cadmium oxalate EC / List no: 212-408-8 | CAS no: 814-88-0 Boric acid, cadmium salt EC / List no: 257-067-6 | CAS no: 51222-60-7 Cadmium divalerate EC / List no: 260-498-2 | CAS no: 56982-42-4 Fatty acids, C12-18, barium cadmium salts EC / List no: 274-304-9 | CAS no: 70084-75-2 Flue dust, lead-manufg., cadmium-rich Residue obtained in the metallurgical treatment of lead concentrate in a lead blast furnace. The substance is composed of cadmium oxides, lead oxides, and impurities containing compounds of arsenic, chlorine, indium and tellurium. EC / List no: 285-554-3 | CAS no: 85117-02-8 Cadmium sulfide (CdS), solid soln. with zinc sulfide, aluminum and copper-doped EC / List no: 270-979-9 | CAS no: 68512-51-6 Cadmium diicosanoate EC / List no: 238-994-5 | CAS no: 14923-81-0 Cadmium dilaurate EC / List no: 220-017-9 | CAS no: 2605-44-9 Cadmium sulfide (CdS), solid soln. with zinc sulfide, copper and silver-doped EC / List no: 271-511-6 | CAS no: 68583-43-7 Cadmium(2+) 12-hydroxyoctadecanoate EC / List no: 273-881-4 | CAS no: 69121-20-6 Fatty acids, C14-18, cadmium salts EC / List no: 270-067-0 | CAS no: 68409-82-5 Cadmium cyanide EC / List no: 208-829-1 | CAS no: 542-83-6 [[N,N'-ethylenebis[glycinato]](2-)-N,N',O,O']cadmium EC / List no: 249-987-1 | CAS no: 29977-13-7 Pentapotassium hydrogen [[[ethylenebis[nitrilobis(methylene)]]tetrakis[phosphonato]](8-)]cadmate(6-) EC / List no: 269-685-3 | CAS no: 68309-98-8 tetraamminecadmium permanganate EC / List no: - | CAS no: 34410-88-3 Cadmium dioleate EC / List no: 233-954-3 | CAS no: 10468-30-1 Dipotassium tetrachlorocadmate(2-) EC / List no: 243-938-8 | CAS no: 20648-91-3 Octadecanoic acid, 12-hydroxy-, cadmium salt, basic EC / List no: 309-795-1 | CAS no: 101012-94-6 Ammonium cadmium chloride (Ammonium cadmium trichloride) EC / List no: - | CAS no: 18532-52-0 Cadmium isodecanoate EC / List no: 300-973-4 | CAS no: 93965-24-3 Leach residues, cadmium-contg. flue dust The substance formed during oxidative leaching of cadmium containing flue dust. Consists primarily of cadmium, lead and zinc compounds with chlorine, oxygen and sulfur and contains other nonferrous metal compounds. EC / List no: 305-417-4 | CAS no: 94551-70-9 Cadmium sulphide EC / List no: 215-147-8 | CAS no: 1306-23-6 Cadmium sponge EC / List no: - | CAS no: 69011-70-7 Cadmium sulfide (CdS), solid soln. with zinc sulfide, copper and manganese-doped EC / List no: 270-978-3 | CAS no: 68512-50-5 Cadmium cinnamate EC / List no: 224-509-4 | CAS no: 4390-97-0 reaction products of (Z)-octadeca-9-enoic acid and zinc selenide and cadmium selenide and zinc sulfide EC / List no: - | CAS no: 1926976-90-0 Cadmium bis[p-(1,1,3,3-tetramethylbutyl)phenolate] EC / List no: 299-704-0 | CAS no: 93894-09-8 Cadmium dipalmitate EC / List no: 229-199-4 | CAS no: 6427-86-7 Dicadmium selenide sulphide EC / List no: 235-392-4 | CAS no: 12214-12-9 Fatty acids, C9-11-branched, cadmium salts EC / List no: 287-817-8 | CAS no: 85586-15-8 Dodecanoic acid, cadmium salt, basic EC / List no: 309-789-9 | CAS no: 101012-89-9 Bis(dibutyldithiocarbamato-S,S')cadmium EC / List no: 238-609-0 | CAS no: 14566-86-0 Cadmium tellurium trioxide EC / List no: 239-963-9 | CAS no: 15851-44-2 Cadmium disalicylate EC / List no: 242-749-8 | CAS no: 19010-79-8 Cadmium titanium trioxide EC / List no: 234-593-4 | CAS no: 12014-14-1 Phosphoric acid, ammonium cadmium salt (1:1:1) EC / List no: - | CAS no: 14520-70-8 Cadmium selenide (CdSe), solid soln. with cadmium sulfide, zinc selenide and zinc sulfide, aluminum and copper-doped EC / List no: 309-897-6 | CAS no: 101357-00-0 Cadmium sulfide (CdS), solid soln. with zinc sulfide, copper and nickel-doped EC / List no: 271-539-9 | CAS no: 68584-42-9 Cadmium silicate EC / List no: 236-765-4 | CAS no: 13477-19-5 Cadmium bis(isoundecanoate) EC / List no: 300-980-2 | CAS no: 93965-30-1 Cadmium chloride hydrate EC / List no: 629-592-4 | CAS no: 654054-66-7 Cadmium isohexadecanoate EC / List no: 306-072-2 | CAS no: 95892-12-9 Tetraiodide diammonium cadmium EC / List no: - | CAS no: 105034-60-4 Cadmium dimethylhexanoate EC / List no: 301-320-6 | CAS no: 93983-65-4 Fatty acids, C12-18, cadmium salts EC / List no: 268-621-1 | CAS no: 68131-59-9 Cadmium trichloride 1 sodium EC / List no: - | CAS no: 55425-74-6 Cadmium chromate EC / List no: 238-252-0 | CAS no: 14312-00-6 Cadmium zinc lithopone yellow This substance is identified in the Colour Index by Colour Index Constitution Number, C.I. 77205:1. EC / List no: 292-385-9 | CAS no: 90604-89-0 Leach residues, zinc ore-calcine, cadmium-copper ppt. Insoluble material precipitated by hydrolysis during hydrometallurgical treatment of crude zinc sulfate solution. Consists primarily of cadmium, cobalt, copper, lead, manganese, nickel, thallium, tin and zinc. EC / List no: 293-311-8 | CAS no: 91053-46-2 Tetra-μ-chlorodichlorobis[2-[[(2,3-dihydroxypropoxy)hydroxyphosphinyl]oxy]triethylmethylammoniumato]tricadmium, stereoisomer EC / List no: 276-100-5 | CAS no: 71861-27-3 Dicadmium hexakis(cyano-C)ferrate(4-) EC / List no: 237-341-1 | CAS no: 13755-33-4 Fatty acids, C9-13-neo-, cadmium salts EC / List no: 296-441-3 | CAS no: 92704-12-6 Fatty acids, C14-18 and C18-unsatd., branched and linear, hydrogenated, cadmium salts EC / List no: 296-564-2 | CAS no: 92797-28-9 Decanoic acid, branched, cadmium salts EC / List no: 291-155-5 | CAS no: 90342-19-1 Fatty acids, tall-oil, cadmium salts EC / List no: 272-499-5 | CAS no: 68855-80-1 Cadmium acrylate EC / List no: 239-835-2 | CAS no: 15743-19-8 Cadmium selenide (CdSe), solid soln. with cadmium sulfide, zinc selenide and zinc sulfide, manganese and silver-doped EC / List no: 309-901-6 | CAS no: 101357-04-4 Cadmium selenide sulfide EC / List no: 235-724-8 | CAS no: 12626-36-7 Cadmium succinate EC / List no: 205-446-1 | CAS no: 141-00-4 Cadmium diphenolate EC / List no: 242-727-8 | CAS no: 18991-05-4 Cadmium sulfide (CdS), copper and lead-doped EC / List no: 272-581-0 | CAS no: 68891-87-2 Cadmium selenide sulfide, (Cd2SeS) EC / List no: - | CAS no: 12213-70-6 Fatty acids, C6-12, cadmium salts EC / List no: - | CAS no: 135742-32-4 Cadmium selenite EC / List no: 237-480-8 | CAS no: 13814-59-0 Leach residues, cadmium-refining Product of leaching calcine and sump tank mud from lead ore refining with sulfuric acid. Consists primarily of lead sulfate and cadmium arsenate. EC / List no: 273-811-2 | CAS no: 69029-70-5 Cadmium dithiocyanate EC / List no: 212-738-2 | CAS no: 865-38-3 Slimes and Sludges, cadmium electrolytic EC / List no: - | CAS no: 69029-89-6 Phosphonic acid, P-tetradecyl-, reaction products with cadmium selenide (CdSe) EC / List no: - | CAS no: 1773514-66-1 Cadmium, benzoate p-tert-butylbenzoate complexes EC / List no: 270-824-5 | CAS no: 68478-53-5 Dicadmium niobate EC / List no: 235-357-3 | CAS no: 12187-14-3 Cadmium oxide (CdO), solid soln. with magnesium oxide, tungsten oxide (WO3) and zinc oxide EC / List no: 310-029-3 | CAS no: 102110-30-5 Cadmium selenide (CdSe), solid soln. with cadmium sulfide, zinc selenide and zinc sulfide, gold and manganese-doped EC / List no: 309-900-0 | CAS no: 101357-03-3 Slimes and Sludges, cadmium-refining, oxidized Product of adding oxidizer to solution in the cadmium plant. Consists primarily of hydroxides of cadmium, thallium and indium and cadmium arsenate. EC / List no: 273-831-1 | CAS no: 69029-90-9 Cadmium iodide EC / List no: 232-223-6 | CAS no: 7790-80-9 Cadmium sulphite EC / List no: 236-767-5 | CAS no: 13477-23-1 Disodium [[N,N'-ethylenebis[N-(carboxymethyl)glycinato]](4-)-N,N',O,O',ON,ON']cadmate(2-) EC / List no: 252-736-9 | CAS no: 35803-35-1 Pyrochlore, bismuth cadmium ruthenium An inorganic pigment that is the reaction product of high temperature calcination in which bismuth oxide, cadmium oxide, and ruthenium oxide in varying amounts are homogeneously and ionically interdiffused to form a crystalline matrix of pyrochlore. EC / List no: 270-855-4 | CAS no: 68479-13-0 Cadmium sulfide (CdS), aluminum and silver-doped EC / List no: 272-540-7 | CAS no: 68876-99-3 Benzoic acid, cadmium salt, basic EC / List no: 290-764-3 | CAS no: 90218-85-2 Cadmium chloride rubidium EC / List no: - | CAS no: 18532-58-6 Cadmium sulfide (CdS), solid soln. with zinc sulfide, aluminum and silver-doped EC / List no: 271-538-3 | CAS no: 68584-41-8 Cadmium selenide (CdSe), solid soln. with cadmium sulfide, zinc selenide and zinc sulfide, europium-doped EC / List no: 309-899-7 | CAS no: 101357-02-2 Monoammonium cadmium triiodide EC / List no: - | CAS no: 32593-99-0 Cadmium telluride EC / List no: 215-149-9 | CAS no: 1306-25-8 Cadmium selenide (CdSe), solid soln. with cadmium sulfide, zinc selenide and zinc sulfide, copper and manganese-doped EC / List no: 309-898-1 | CAS no: 101357-01-1 Cadmium acetate hydrate EC / List no: 628-590-0 | CAS no: 89759-80-8 Bis(pentane-2,4-dionato-O,O')cadmium EC / List no: 238-730-9 | CAS no: 14689-45-3 Cadmium zinc sulfide EC / List no: 234-372-2 | CAS no: 11129-14-9 Tricadmium diarsenide EC / List no: 234-484-1 | CAS no: 12006-15-4 Cadmium bis[benzoate] EC / List no: 221-187-7 | CAS no: 3026-22-0 Cadmium propionate EC / List no: 241-066-2 | CAS no: 16986-83-7 Cadmium dianthranilate EC / List no: 230-343-3 | CAS no: 7058-55-1 Leach residues, cadmium cake Residues obtained by cementation of cadmium by iron dust out of cadmium sulfate solutions. Composed primarily of metallic cadmium and zinc. EC / List no: 293-309-7 | CAS no: 91053-44-0 Pentacadmium chloridetriphosphate EC / List no: 235-353-1 | CAS no: 12185-64-7 Potassium sulfate cadmium dihydrate EC / List no: - | CAS no: 38386-25-3 Silicic acid, zirconium salt, cadmium pigment-encapsulated EC / List no: 310-077-5 | CAS no: 102184-95-2 Hydrogen [N,N-bis(carboxymethyl)glycinato(3-)-N,O,O',O'']cadmate EC / List no: 256-489-8 | CAS no: 49784-44-3 Cadmium bis(dipentyldithiocarbamate) EC / List no: 242-747-7 | CAS no: 19010-65-2 Cadmium sulfide (CdS), copper chloride-doped EC / List no: 272-541-2 | CAS no: 68877-00-9 Cadmium di(octanoate) EC / List no: 218-585-8 | CAS no: 2191-10-8 Cadmium bromide rubidium EC / List no: - | CAS no: 16593-57-0 Cadmium (1,1-dimethylethyl)benzoate EC / List no: 250-515-1 | CAS no: 31215-94-8 Wastewater, cadmium sulfate electrolytic, acid Electrolytic solution from electrolysis of cadmium sulfate consisting primarily of cadmium sulfate and sulfuric acid. EC / List no: 273-721-3 | CAS no: 69012-21-1 Cadmium dilactate EC / List no: 240-181-5 | CAS no: 16039-55-7 Cadmium didocosanoate EC / List no: 251-927-4 | CAS no: 34303-23-6 Cadmium mercury telluride EC / List no: 249-914-3 | CAS no: 29870-72-2 Cadmium ditantalum hexaoxide EC / List no: 235-561-2 | CAS no: 12292-07-8 Zircon, cadmium orange EC / List no: 309-029-6 | CAS no: 99749-34-5 Tricadmium diphosphide EC / List no: 234-595-5 | CAS no: 12014-28-7 Barium cadmium calcium chloride fluoride phosphate, antimony and manganese-doped EC / List no: 272-257-9 | CAS no: 68784-55-4 Cadmium m-toluate EC / List no: 268-458-6 | CAS no: 68092-45-5 Cadmium orthophosphate EC / List no: 237-581-7 | CAS no: 13847-17-1 Cadmium bis(p-nonylphenolate) EC / List no: 299-703-5 | CAS no: 93894-08-7 Slimes and Sludges, cadmium sump tank Product of adding sodium carbonate to solutions in the cadmium plant. Consists primarily of cadmium carbonate with lesser amounts of carbonates and hydroxides of other nonferrous metals. EC / List no: 273-832-7 | CAS no: 69029-91-0 Siloxanes and Silicones, 3-[(2-aminoethyl)amino]propyl Me, di-Me, reaction products with cadmium zinc selenide sulfide, lauric acid and oleylamine EC / List no: - | CAS no: 1623456-05-2 Cadmium di(acetate) EC / List no: 208-853-2 | CAS no: 543-90-8 Cadmium selenate EC / List no: 237-481-3 | CAS no: 13814-62-5 Cadmium dilinoleate EC / List no: 267-845-7 | CAS no: 67939-62-2 Octadecanoic acid, barium cadmium salt EC / List no: - | CAS no: 17033-07-7 Cadmium sulfate sodium EC / List no: - | CAS no: 28038-18-8 Cadmium bis(o-nonylphenolate) EC / List no: 299-701-4 | CAS no: 93894-07-6 Cadmium isooctadecanoate EC / List no: 284-428-5 | CAS no: 84878-36-4 Dodecanoic acid, reaction products with cadmium zinc selenide sulfide and oleylamine EC / List no: - | CAS no: 1773514-92-3 Residues, cadmium-refining Product from the washing of sweeps and cleanings from a cadmium plant. Consists primarily of metallic cadmium and iron. EC / List no: 273-819-6 | CAS no: 69029-77-2 Cadmium fluoride EC / List no: 232-222-0 | CAS no: 7790-79-6 Cadmium peroxide EC / List no: - | CAS no: 12139-22-9 Cadmium chloride EC / List no: 233-296-7 | CAS no: 10108-64-2 Cadmium bis(diethyldithiocarbamate) EC / List no: 238-113-4 | CAS no: 14239-68-0 Cadmium (Z)-hexadec-9-enoate EC / List no: 299-705-6 | CAS no: 93894-10-1 Dihydrogen bis[hydroxysuccinato(2-)-O1,O2,O4]cadmate(2-) EC / List no: 275-459-5 | CAS no: 71436-99-2 Resin acids and Rosin acids, cadmium salts EC / List no: 273-320-3 | CAS no: 68956-81-0 Bis(ethylenediamine)cadmium(2+) bis[dicyanoaurate(1-)] EC / List no: 242-708-4 | CAS no: 18974-20-4 Cadmium o-toluate EC / List no: 257-860-7 | CAS no: 52337-78-7 Cadmium isooctyl phthalate (1:2:2) EC / List no: 304-193-5 | CAS no: 94247-16-2 cross-category REACH SVHC candidate list ECHA European Union Candidate list Respiratory sensitising properties (Article 57(f) - human health)",source_context_only,source_context_only
"Unleaded gasoline (wholly vaporized) cross-category cancer OEHHA California, USA Listed cancer",warning_or_hazard_listed,restricted_or_thresholded
Talc containing asbestiform fibers cosmetics c) Products in loose powder form that may be used for diapering Health Canada Canada Restricted,restricted_or_thresholded,restricted_or_thresholded
"2-Methyl-1-nitroanthraquinone (of uncertain purity) cross-category cancer OEHHA California, USA Listed cancer",restricted_or_thresholded,restricted_or_thresholded
Chloroform cosmetics all cosmetic products Health Canada Canada Prohibited,banned_or_prohibited,banned_or_prohibited
"Bromoform cross-category cancer OEHHA California, USA Listed cancer",restricted_or_thresholded,restricted_or_thresholded
"Diesel engine exhaust cross-category cancer OEHHA California, USA Listed cancer",warning_or_hazard_listed,warning_or_hazard_listed
"Danazol cross-category developmental toxicity OEHHA California, USA Listed developmental toxicity",warning_or_hazard_listed,warning_or_hazard_listed
"Polychlorinated biphenyls cross-category developmental toxicity OEHHA California, USA Listed developmental toxicity",warning_or_hazard_listed,warning_or_hazard_listed
"Phenylhydrazine and its salts cross-category cancer OEHHA California, USA Listed cancer",warning_or_hazard_listed,warning_or_hazard_listed
"Hexamethylphosphoramide cross-category cancer OEHHA California, USA Listed cancer",warning_or_hazard_listed,restricted_or_thresholded
Nitromethane cosmetics all cosmetic products Health Canada Canada Prohibited,banned_or_prohibited,banned_or_prohibited
"Furfuryl alcohol cross-category cancer OEHHA California, USA Listed cancer",warning_or_hazard_listed,restricted_or_thresholded
Phenol cross-category REACH SVHC candidate list ECHA European Union Candidate list Toxic for reproduction (Article 57c),source_context_only,source_context_only
"1-Amino-2,4-dibromoanthraquinone cross-category cancer OEHHA California, USA Listed cancer",warning_or_hazard_listed,restricted_or_thresholded
"Phenoxybenzamine cross-category cancer OEHHA California, USA Listed cancer",restricted_or_thresholded,restricted_or_thresholded
"Emissions from high-temperature unrefined rapeseed oil cross-category cancer OEHHA California, USA Listed cancer",warning_or_hazard_listed,restricted_or_thresholded
"Penicillamine cross-category developmental toxicity OEHHA California, USA Listed developmental toxicity",warning_or_hazard_listed,warning_or_hazard_listed
"Barium and its compounds toys; child care Dry, brittle, powder-like or pliable toy material ECHA / European Commission European Union banned if exceeded limit Chemical restriction in toy materials under the EU Toy Safety Directive",banned_or_prohibited,banned_or_prohibited
"Nicotine cross-category developmental toxicity OEHHA California, USA Listed developmental toxicity",warning_or_hazard_listed,warning_or_hazard_listed
"2,4-DP (dichloroprop) Delisted January 25, 2002 [Click here for the basis for delisting] cross-category developmental toxicity OEHHA California, USA Listed developmental toxicity",warning_or_hazard_listed,warning_or_hazard_listed
"Trilostane cross-category developmental toxicity OEHHA California, USA Listed developmental toxicity",warning_or_hazard_listed,warning_or_hazard_listed
Dimethyl sulfate cosmetics all cosmetic products Health Canada Canada Prohibited,banned_or_prohibited,banned_or_prohibited
"Aloe vera, non-decolorized whole leaf extract cross-category cancer OEHHA California, USA Listed cancer",warning_or_hazard_listed,restricted_or_thresholded
"Cadmium and its compounds Cadmium sulfoselenide red This substance is identified in the Colour Index by Colour Index Constitution Number, C.I. 77202. EC / List no: 261-218-1 | CAS no: 58339-34-7 Cadmium, diethyl- EC / List no: 804-213-7 | CAS no: 592-02-9 Cadmium sulfide (CdS), aluminum and copper-doped EC / List no: 272-539-1 | CAS no: 68876-98-2 Potassium sulfate cadmium hexahydrate EC / List no: - | CAS no: 30623-04-2 Bis[N,N-bis(carboxymethyl)glycinato(3-)]tricadmium EC / List no: 256-679-0 | CAS no: 50648-02-7 Cadmium distearate EC / List no: 218-743-6 | CAS no: 2223-93-0 Cadmium iodate EC / List no: 232-224-1 | CAS no: 7790-81-0 Cadmium selenide (CdSe), solid soln. with cadmium sulfide EC / List no: 275-290-7 | CAS no: 71243-75-9 Naphthenic acids, cadmium salts EC / List no: 263-053-0 | CAS no: 61789-34-2 Cadmium bis(heptadecanoate) EC / List no: 263-434-1 | CAS no: 62149-56-8 Cadmium bromide EC / List no: 232-165-1 | CAS no: 7789-42-6 Cadmium borate oxide (Cd3(BO2)4O), manganese-doped EC / List no: - | CAS no: 68784-58-7 Cadmium 3,5,5-trimethylhexanoate EC / List no: 252-918-8 | CAS no: 36211-44-6 Propanoic acid, cadmium salt, basic EC / List no: 292-013-5 | CAS no: 90529-78-5 Cadmium hydrogen phosphate EC / List no: 237-920-9 | CAS no: 14067-62-0 Selenic acid, cadmium salt (1:1), dihydrate EC / List no: - | CAS no: 10060-09-0 Cadmium zinc sulfide yellow This substance is identified in the Colour Index by Colour Index Constitution Number, C.I. 77205. EC / List no: 232-466-8 | CAS no: 8048-07-5 Tricadmium bis(phosphate) EC / List no: 236-764-9 | CAS no: 13477-17-3 Cadmium, dichlorotetrakis(1H-imidazole-kappaN3)- EC / List no: - | CAS no: 72275-93-5 Cadmium bis(4-cyclohexylbutyrate) EC / List no: 259-767-7 | CAS no: 55700-14-6 Bis(5-oxo-DL-prolinato-N1,O2)cadmium EC / List no: 289-081-3 | CAS no: 85994-31-6 Sulfuric acid, cadmium salt, hydrate (3:3:8) EC / List no: 616-572-5 | CAS no: 7790-84-3 Barium cadmium tetrastearate EC / List no: 214-740-9 | CAS no: 1191-79-3 Cadmium bis(octylphenolate) EC / List no: 284-444-2 | CAS no: 84878-51-3 Barium cadmium zinc sulfide (Ba2(Cd,Zn)S3), manganese-doped EC / List no: - | CAS no: 68876-90-4 Fatty acids, rape-oil, cadmium salts EC / List no: 296-454-4 | CAS no: 92704-24-0 (T-4)-Bis[1,1,2,2-tetramethyl-1,2-bis(sulfanylidene-kappaS)-1lambda(5),2lambda(5)-diphosphane]cadmium(2+) diperchlorate EC / List no: - | CAS no: 71231-59-9 Cadmium isooctanoate EC / List no: 250-118-3 | CAS no: 30304-32-6 Cadmium sulphate EC / List no: 233-331-6 | CAS no: 10124-36-4 Potassium sulfate cadmium EC / List no: - | CAS no: 28038-25-7 Cadmium, chloro(1,10-phenanthroline-2-carboxylato)-, polymers EC / List no: - | CAS no: 25685-75-0 Cadmium [R-(R*,R*)]-tartrate EC / List no: 251-827-0 | CAS no: 34100-40-8 Bis(propane-1,2-diyldiamine-N,N')cadmium(2+) bis[bis(cyano-C)aurate(1-)] EC / List no: 267-692-6 | CAS no: 67906-19-8 Cadmium isononanoate EC / List no: 283-660-4 | CAS no: 84696-56-0 Bis(2-ethylhexyl mercaptoacetato -O',S)cadmium EC / List no: 299-281-2 | CAS no: 93858-50-5 Chlorous acid, cadmium salt EC / List no: - | CAS no: 125687-98-1 Cadmium octyl phthalate (1:2:2) EC / List no: 304-483-1 | CAS no: 94275-94-2 Cadmium bis(2-ethylhexanoate) EC / List no: 219-346-0 | CAS no: 2420-98-6 Cadmium didecanoate EC / List no: 220-650-0 | CAS no: 2847-16-7 Cadmium 4-(1,1-dimethylethyl)benzoate EC / List no: 224-022-7 | CAS no: 4167-05-9 Cadmium trichloride monopotassium EC / List no: - | CAS no: 14429-85-7 Cadmium sulfide (CdS), silver chloride-doped EC / List no: 272-542-8 | CAS no: 68877-01-0 Flue dust, copper-lead blast furnace, cadmium-indium-enriched A cadmium-indium-enriched product obtained from the recirculation of copper-lead blast furnace flue dusts. Composed primarily of cadmium, indium and lead. EC / List no: 309-645-5 | CAS no: 100656-55-1 Potassium [N,N-bis(carboxymethyl)glycinato(3-)-N,O,O',O'']cadmate(1-) EC / List no: 256-488-2 | CAS no: 49784-42-1 Cadmium diisobutyl dimaleate EC / List no: 306-446-5 | CAS no: 97259-82-0 Disodium tetrakis(cyano-C)cadmate(2-) EC / List no: 239-765-2 | CAS no: 15682-87-8 Leach residues, zinc refining flue dust, cadmium-thallium ppt. Sponge produced by leaching and precipitating cadmium and thallium fumes and flue dusts from lead/zinc smelting operations. EC / List no: 296-097-4 | CAS no: 92257-11-9 Cadmium dodecylbenzenesulphonate EC / List no: 250-433-6 | CAS no: 31017-44-4 Cadmium dinitrite EC / List no: 232-225-7 | CAS no: 7790-83-2 Cadmium dipotassium tetracyanide EC / List no: 238-371-8 | CAS no: 14402-75-6 Fatty acids, C10-18, cadmium salts EC / List no: 268-620-6 | CAS no: 68131-58-8 Cadmium lithopone yellow This substance is identified in the Colour Index by Colour Index Constitution Number, C.I. 77199:1. EC / List no: 292-386-4 | CAS no: 90604-90-3 Cadmium tellurium tetraoxide EC / List no: 239-973-3 | CAS no: 15852-14-9 Cadmium sulfate, tetrahydrate EC / List no: - | CAS no: 13477-21-9 Fatty acids, C8-18 and C18-unsatd., cadmium salts EC / List no: 272-529-7 | CAS no: 68876-84-6 Cadmium selenide EC / List no: 215-148-3 | CAS no: 1306-24-7 (T-4)-Tetrakis(3-methyl-1H-pyrazole-kappaN(2))cadmium(2+) monosulfate EC / List no: - | CAS no: 55060-82-7 Cadmium sulfoselenide orange This substance is identified in the Colour Index by Colour Index Constitution Number, C.I. 77202. EC / List no: 235-758-3 | CAS no: 12656-57-4 Cadmium zirconium trioxide EC / List no: 235-251-7 | CAS no: 12139-23-0 Cadmium bis(piperidine-1-carbodithioate) EC / List no: 239-025-9 | CAS no: 14949-59-8 Cadmium hexafluorosilicate(2-) EC / List no: 241-084-0 | CAS no: 17010-21-8 Cadmium potassium 1-(hydroxyethylidene)bisphosphonate(1:2:1) EC / List no: 273-906-9 | CAS no: 69190-99-4 Cadmium epoxyoctadecanoate EC / List no: 247-560-4 | CAS no: 26264-48-2 Cadmium tetrapentyl bis(phosphate) EC / List no: 303-977-4 | CAS no: 94232-49-2 Tris(ethylenediamine)cadmium dihydroxide EC / List no: 238-945-8 | CAS no: 14874-24-9 Cadmium laurate, palmitate, stearate EC / List no: - | CAS no: 68954-18-7 Cadmium, dross A scum formed on the surface of molten cadmium. EC / List no: 273-707-7 | CAS no: 69011-69-4 Fatty acids, castor-oil, hydrogenated, cadmium salts EC / List no: 294-296-0 | CAS no: 91697-35-7 Cadmium chloride magnesium dodecahydrate EC / List no: - | CAS no: 77289-75-9 Cadmium zinc sulphide EC / List no: 235-672-6 | CAS no: 12442-27-2 Cadmium bis(azanide) EC / List no: - | CAS no: 22750-53-4 Cadmium (1-ethylhexyl) phthalate (1:2:2) EC / List no: 304-482-6 | CAS no: 94275-93-1 Octadecanoic acid, cadmium salt, basic EC / List no: 309-794-6 | CAS no: 101012-93-5 Fatty acids, peanut-oil, cadmium salts EC / List no: 296-449-7 | CAS no: 92704-19-3 Cadmium oxide EC / List no: 215-146-2 | CAS no: 1306-19-0 Cadmium sulfide (CdS), solid soln. with zinc sulfide, nickel and silver-doped EC / List no: 271-512-1 | CAS no: 68583-44-8 Cadmium mercury sulfide EC / List no: 215-717-6 | CAS no: 1345-09-1 Cadmium toluate EC / List no: 248-480-2 | CAS no: 27476-27-3 Cadmium methacrylate EC / List no: 246-183-2 | CAS no: 24345-60-6 Cadmium(2+) (R)-12-hydroxyoctadecanoate EC / List no: 253-979-3 | CAS no: 38517-19-0 Nonanoic acid, branched, cadmium salt EC / List no: 297-692-1 | CAS no: 93686-40-9 Hexanoic acid, 2-ethyl-, cadmium salt, basic EC / List no: 291-438-3 | CAS no: 90411-62-4 Dimethylcadmium EC / List no: 208-055-4 | CAS no: 506-82-1 Cadmium chloride potassium hydrate EC / List no: - | CAS no: 28302-54-7 Bis(dimethyldithiocarbamato-S,S')cadmium EC / List no: 239-026-4 | CAS no: 14949-60-1 Cadmium sodium tetrachloride EC / List no: - | CAS no: 21360-94-1 Cesium sulfate cadmium EC / List no: - | CAS no: 28041-77-2 Benzenesulfonic acid, mono-C10-13-alkyl derivs., cadmium salts EC / List no: 290-645-6 | CAS no: 90194-35-7 Cadmium p-toluate EC / List no: 219-345-5 | CAS no: 2420-97-5 Cadmium sulfate octahydrate EC / List no: - | CAS no: 22465-18-5 Cadmium pyrophosphate EC / List no: - | CAS no: 19262-93-2 Cadmium tetrafluoroborate EC / List no: 238-490-5 | CAS no: 14486-19-2 Cadmium chloride phosphate (Cd5Cl(PO4)3), manganese-doped EC / List no: 309-489-8 | CAS no: 100402-53-7 Diboron tricadmium hexaoxide EC / List no: 237-225-0 | CAS no: 13701-66-1 Tricadmium dinitride EC / List no: - | CAS no: 12380-95-9 Cadmium diformate EC / List no: 224-729-0 | CAS no: 4464-23-7 Cadmium sulfide (CdS), solid soln. with zinc sulfide, copper chloride-doped EC / List no: 270-977-8 | CAS no: 68512-49-2 Barium tetrachlorocadmate(2-) EC / List no: 308-988-8 | CAS no: 99587-10-7 Hydrogen [4-[(5-chloro-4-methyl-2-sulphophenyl)azo]-3-hydroxynaphthalene-2-carboxylato(3-)]cadmate(1-) EC / List no: 273-461-0 | CAS no: 68966-97-2 Cadmium neodecanoate EC / List no: 263-352-6 | CAS no: 61951-96-0 Cadmium oxide (CdO), solid soln. with calcium oxide and titanium oxide (TiO2), praseodymium-doped EC / List no: 309-896-0 | CAS no: 101356-99-4 Disodium ethylenediaminetetraacetate cadmium EC / List no: - | CAS no: 30363-28-1 Cadmium wolframate EC / List no: 232-226-2 | CAS no: 7790-85-4 Flue dust, cadmium-refining By-product of refining of cadmium consisting primarily of oxides and chlorides of cadmium, lead, arsenic and zinc. EC / List no: 273-754-3 | CAS no: 69012-57-3 (R)-12-hydroxyoleic acid, barium cadmium salt EC / List no: 275-370-1 | CAS no: 71411-66-0 Lauric acid, barium cadmium salt EC / List no: 239-371-0 | CAS no: 15337-60-7 Cadmium divanadium hexoxide EC / List no: 240-203-3 | CAS no: 16056-72-7 Cadmium bis(nonylphenolate) EC / List no: 284-441-6 | CAS no: 84878-48-8 Cadmium sulfide (CdS), solid soln. with zinc sulfide, aluminum and cobalt and copper and silver-doped EC / List no: 272-220-7 | CAS no: 68784-10-1 5-oxo-L-proline, cadmium salt EC / List no: 240-269-3 | CAS no: 16105-06-9 Cadmium nitrate EC / List no: 233-710-6 | CAS no: 10325-94-7 Cadmium carbonate EC / List no: 208-168-9 | CAS no: 513-78-0 Cadmium EC / List no: 231-152-8 | CAS no: 7440-43-9 Fatty acids, tallow, hydrogenated, cadmium salts EC / List no: 273-203-7 | CAS no: 68953-39-9 Cadmium myristate EC / List no: 233-489-6 | CAS no: 10196-67-5 Cadmium zinc sulfide ((Cd,Zn)S), cobalt and copper-doped EC / List no: - | CAS no: 72869-26-2 Fatty acids, C8-10-branched, cadmium salts EC / List no: 296-092-7 | CAS no: 92257-06-2 Fatty acids, coco, cadmium salts EC / List no: 276-952-8 | CAS no: 72869-63-7 Antimony, compound with cadmium (2:3) EC / List no: 234-596-0 | CAS no: 12014-29-8 Cadmium sulfide (CdS), solid soln. with zinc sulfide, copper and lead-doped EC / List no: 269-773-1 | CAS no: 68332-81-0 Phosphorous acid, bis(2-ethylhexyl) ester, cadmium salt EC / List no: - | CAS no: 7495-93-4 Cadmium diricinoleate EC / List no: 237-544-5 | CAS no: 13832-25-2 Carbonic acid, cadmium salt EC / List no: 298-586-8 | CAS no: 93820-02-1 Cadmium sulfate caesium hexahydrate EC / List no: - | CAS no: 34345-39-6 Cadmium sulfide (CdS), solid soln. with zinc sulfide, silver chloride-doped EC / List no: 271-513-7 | CAS no: 68583-45-9 Dipotassium [[N,N'-ethylenebis[N-(carboxymethyl)glycinato]](4-)-N,N',O,O',ON,ON']cadmate(2-) EC / List no: 239-801-7 | CAS no: 15708-29-9 Cadmium tert-decanoate EC / List no: 284-429-0 | CAS no: 84878-37-5 Cadmium nonan-1-oate EC / List no: 225-839-1 | CAS no: 5112-16-3 Cadmium sebacate EC / List no: 224-754-7 | CAS no: 4476-04-4 Cadmium molybdenum tetroxide EC / List no: 237-752-6 | CAS no: 13972-68-4 Benzyltriphenylphosphonium tetrachlorocadmate EC / List no: 269-289-0 | CAS no: 68214-25-5 Barium di-μ-chlorotetrachlorodicadmate(2-) EC / List no: 262-618-9 | CAS no: 61129-40-6 Sulfuric acid, cadmium salt (1:1), hydrate EC / List no: 626-360-4 | CAS no: 15244-35-6 Zircon, cadmium red EC / List no: 691-407-8 | CAS no: 72828-62-7 Tetrapotassium [[[nitrilotris(methylene)]tris[phosphonato]](6-)-N,O,O'',O'''']cadmate(6-) EC / List no: 268-020-4 | CAS no: 67989-93-9 Cadmium potassium hexachloride EC / List no: - | CAS no: 15276-40-1 Cadmium hydroxide EC / List no: 244-168-5 | CAS no: 21041-95-2 Benzenediazonium, 4-(phenylamino)-, sulfate (1:1), polymer with formaldehyde, cadmium chloride complexes EC / List no: - | CAS no: 68441-39-4 Cadmium disulphamate EC / List no: 237-832-0 | CAS no: 14017-36-8 Bis(5-oxo-L-prolinato-N1,O2)cadmium EC / List no: 288-974-5 | CAS no: 85958-86-7 Waste solids, cadmium-electrolysis, thallium-rich Residue obtained in the electrolysis of cadmium, composed primarily of thallium chromate. Other non-ferrous metals or metal compounds may also be present. EC / List no: 285-572-1 | CAS no: 85117-20-0 Calcines, cadmium residue Product of the roasting of cadmium-enriched lead smelting dusts to remove cadmium. Consists primarily of oxides and sulfates of lead and zinc. EC / List no: 273-806-5 | CAS no: 69029-63-6 Cadmium pentadecanoate EC / List no: 264-124-9 | CAS no: 63400-09-9 (S)-dichloro[2-[[(2,3-dihydroxypropoxy)hydroxyphosphinyl]oxy]triethylmethylammoniumato]cadmium EC / List no: 265-010-1 | CAS no: 64681-08-9 Fatty acids, olive-oil, cadmium salts EC / List no: 296-445-5 | CAS no: 92704-15-9 Cadmium oxalate EC / List no: 212-408-8 | CAS no: 814-88-0 Boric acid, cadmium salt EC / List no: 257-067-6 | CAS no: 51222-60-7 Cadmium divalerate EC / List no: 260-498-2 | CAS no: 56982-42-4 Fatty acids, C12-18, barium cadmium salts EC / List no: 274-304-9 | CAS no: 70084-75-2 Flue dust, lead-manufg., cadmium-rich Residue obtained in the metallurgical treatment of lead concentrate in a lead blast furnace. The substance is composed of cadmium oxides, lead oxides, and impurities containing compounds of arsenic, chlorine, indium and tellurium. EC / List no: 285-554-3 | CAS no: 85117-02-8 Cadmium sulfide (CdS), solid soln. with zinc sulfide, aluminum and copper-doped EC / List no: 270-979-9 | CAS no: 68512-51-6 Cadmium diicosanoate EC / List no: 238-994-5 | CAS no: 14923-81-0 Cadmium dilaurate EC / List no: 220-017-9 | CAS no: 2605-44-9 Cadmium sulfide (CdS), solid soln. with zinc sulfide, copper and silver-doped EC / List no: 271-511-6 | CAS no: 68583-43-7 Cadmium(2+) 12-hydroxyoctadecanoate EC / List no: 273-881-4 | CAS no: 69121-20-6 Fatty acids, C14-18, cadmium salts EC / List no: 270-067-0 | CAS no: 68409-82-5 Cadmium cyanide EC / List no: 208-829-1 | CAS no: 542-83-6 [[N,N'-ethylenebis[glycinato]](2-)-N,N',O,O']cadmium EC / List no: 249-987-1 | CAS no: 29977-13-7 Pentapotassium hydrogen [[[ethylenebis[nitrilobis(methylene)]]tetrakis[phosphonato]](8-)]cadmate(6-) EC / List no: 269-685-3 | CAS no: 68309-98-8 tetraamminecadmium permanganate EC / List no: - | CAS no: 34410-88-3 Cadmium dioleate EC / List no: 233-954-3 | CAS no: 10468-30-1 Dipotassium tetrachlorocadmate(2-) EC / List no: 243-938-8 | CAS no: 20648-91-3 Octadecanoic acid, 12-hydroxy-, cadmium salt, basic EC / List no: 309-795-1 | CAS no: 101012-94-6 Ammonium cadmium chloride (Ammonium cadmium trichloride) EC / List no: - | CAS no: 18532-52-0 Cadmium isodecanoate EC / List no: 300-973-4 | CAS no: 93965-24-3 Leach residues, cadmium-contg. flue dust The substance formed during oxidative leaching of cadmium containing flue dust. Consists primarily of cadmium, lead and zinc compounds with chlorine, oxygen and sulfur and contains other nonferrous metal compounds. EC / List no: 305-417-4 | CAS no: 94551-70-9 Cadmium sulphide EC / List no: 215-147-8 | CAS no: 1306-23-6 Cadmium sponge EC / List no: - | CAS no: 69011-70-7 Cadmium sulfide (CdS), solid soln. with zinc sulfide, copper and manganese-doped EC / List no: 270-978-3 | CAS no: 68512-50-5 Cadmium cinnamate EC / List no: 224-509-4 | CAS no: 4390-97-0 reaction products of (Z)-octadeca-9-enoic acid and zinc selenide and cadmium selenide and zinc sulfide EC / List no: - | CAS no: 1926976-90-0 Cadmium bis[p-(1,1,3,3-tetramethylbutyl)phenolate] EC / List no: 299-704-0 | CAS no: 93894-09-8 Cadmium dipalmitate EC / List no: 229-199-4 | CAS no: 6427-86-7 Dicadmium selenide sulphide EC / List no: 235-392-4 | CAS no: 12214-12-9 Fatty acids, C9-11-branched, cadmium salts EC / List no: 287-817-8 | CAS no: 85586-15-8 Dodecanoic acid, cadmium salt, basic EC / List no: 309-789-9 | CAS no: 101012-89-9 Bis(dibutyldithiocarbamato-S,S')cadmium EC / List no: 238-609-0 | CAS no: 14566-86-0 Cadmium tellurium trioxide EC / List no: 239-963-9 | CAS no: 15851-44-2 Cadmium disalicylate EC / List no: 242-749-8 | CAS no: 19010-79-8 Cadmium titanium trioxide EC / List no: 234-593-4 | CAS no: 12014-14-1 Phosphoric acid, ammonium cadmium salt (1:1:1) EC / List no: - | CAS no: 14520-70-8 Cadmium selenide (CdSe), solid soln. with cadmium sulfide, zinc selenide and zinc sulfide, aluminum and copper-doped EC / List no: 309-897-6 | CAS no: 101357-00-0 Cadmium sulfide (CdS), solid soln. with zinc sulfide, copper and nickel-doped EC / List no: 271-539-9 | CAS no: 68584-42-9 Cadmium silicate EC / List no: 236-765-4 | CAS no: 13477-19-5 Cadmium bis(isoundecanoate) EC / List no: 300-980-2 | CAS no: 93965-30-1 Cadmium chloride hydrate EC / List no: 629-592-4 | CAS no: 654054-66-7 Cadmium isohexadecanoate EC / List no: 306-072-2 | CAS no: 95892-12-9 Tetraiodide diammonium cadmium EC / List no: - | CAS no: 105034-60-4 Cadmium dimethylhexanoate EC / List no: 301-320-6 | CAS no: 93983-65-4 Fatty acids, C12-18, cadmium salts EC / List no: 268-621-1 | CAS no: 68131-59-9 Cadmium trichloride 1 sodium EC / List no: - | CAS no: 55425-74-6 Cadmium chromate EC / List no: 238-252-0 | CAS no: 14312-00-6 Cadmium zinc lithopone yellow This substance is identified in the Colour Index by Colour Index Constitution Number, C.I. 77205:1. EC / List no: 292-385-9 | CAS no: 90604-89-0 Leach residues, zinc ore-calcine, cadmium-copper ppt. Insoluble material precipitated by hydrolysis during hydrometallurgical treatment of crude zinc sulfate solution. Consists primarily of cadmium, cobalt, copper, lead, manganese, nickel, thallium, tin and zinc. EC / List no: 293-311-8 | CAS no: 91053-46-2 Tetra-μ-chlorodichlorobis[2-[[(2,3-dihydroxypropoxy)hydroxyphosphinyl]oxy]triethylmethylammoniumato]tricadmium, stereoisomer EC / List no: 276-100-5 | CAS no: 71861-27-3 Dicadmium hexakis(cyano-C)ferrate(4-) EC / List no: 237-341-1 | CAS no: 13755-33-4 Fatty acids, C9-13-neo-, cadmium salts EC / List no: 296-441-3 | CAS no: 92704-12-6 Fatty acids, C14-18 and C18-unsatd., branched and linear, hydrogenated, cadmium salts EC / List no: 296-564-2 | CAS no: 92797-28-9 Decanoic acid, branched, cadmium salts EC / List no: 291-155-5 | CAS no: 90342-19-1 Fatty acids, tall-oil, cadmium salts EC / List no: 272-499-5 | CAS no: 68855-80-1 Cadmium acrylate EC / List no: 239-835-2 | CAS no: 15743-19-8 Cadmium selenide (CdSe), solid soln. with cadmium sulfide, zinc selenide and zinc sulfide, manganese and silver-doped EC / List no: 309-901-6 | CAS no: 101357-04-4 Cadmium selenide sulfide EC / List no: 235-724-8 | CAS no: 12626-36-7 Cadmium succinate EC / List no: 205-446-1 | CAS no: 141-00-4 Cadmium diphenolate EC / List no: 242-727-8 | CAS no: 18991-05-4 Cadmium sulfide (CdS), copper and lead-doped EC / List no: 272-581-0 | CAS no: 68891-87-2 Cadmium selenide sulfide, (Cd2SeS) EC / List no: - | CAS no: 12213-70-6 Fatty acids, C6-12, cadmium salts EC / List no: - | CAS no: 135742-32-4 Cadmium selenite EC / List no: 237-480-8 | CAS no: 13814-59-0 Leach residues, cadmium-refining Product of leaching calcine and sump tank mud from lead ore refining with sulfuric acid. Consists primarily of lead sulfate and cadmium arsenate. EC / List no: 273-811-2 | CAS no: 69029-70-5 Cadmium dithiocyanate EC / List no: 212-738-2 | CAS no: 865-38-3 Slimes and Sludges, cadmium electrolytic EC / List no: - | CAS no: 69029-89-6 Phosphonic acid, P-tetradecyl-, reaction products with cadmium selenide (CdSe) EC / List no: - | CAS no: 1773514-66-1 Cadmium, benzoate p-tert-butylbenzoate complexes EC / List no: 270-824-5 | CAS no: 68478-53-5 Dicadmium niobate EC / List no: 235-357-3 | CAS no: 12187-14-3 Cadmium oxide (CdO), solid soln. with magnesium oxide, tungsten oxide (WO3) and zinc oxide EC / List no: 310-029-3 | CAS no: 102110-30-5 Cadmium selenide (CdSe), solid soln. with cadmium sulfide, zinc selenide and zinc sulfide, gold and manganese-doped EC / List no: 309-900-0 | CAS no: 101357-03-3 Slimes and Sludges, cadmium-refining, oxidized Product of adding oxidizer to solution in the cadmium plant. Consists primarily of hydroxides of cadmium, thallium and indium and cadmium arsenate. EC / List no: 273-831-1 | CAS no: 69029-90-9 Cadmium iodide EC / List no: 232-223-6 | CAS no: 7790-80-9 Cadmium sulphite EC / List no: 236-767-5 | CAS no: 13477-23-1 Disodium [[N,N'-ethylenebis[N-(carboxymethyl)glycinato]](4-)-N,N',O,O',ON,ON']cadmate(2-) EC / List no: 252-736-9 | CAS no: 35803-35-1 Pyrochlore, bismuth cadmium ruthenium An inorganic pigment that is the reaction product of high temperature calcination in which bismuth oxide, cadmium oxide, and ruthenium oxide in varying amounts are homogeneously and ionically interdiffused to form a crystalline matrix of pyrochlore. EC / List no: 270-855-4 | CAS no: 68479-13-0 Cadmium sulfide (CdS), aluminum and silver-doped EC / List no: 272-540-7 | CAS no: 68876-99-3 Benzoic acid, cadmium salt, basic EC / List no: 290-764-3 | CAS no: 90218-85-2 Cadmium chloride rubidium EC / List no: - | CAS no: 18532-58-6 Cadmium sulfide (CdS), solid soln. with zinc sulfide, aluminum and silver-doped EC / List no: 271-538-3 | CAS no: 68584-41-8 Cadmium selenide (CdSe), solid soln. with cadmium sulfide, zinc selenide and zinc sulfide, europium-doped EC / List no: 309-899-7 | CAS no: 101357-02-2 Monoammonium cadmium triiodide EC / List no: - | CAS no: 32593-99-0 Cadmium telluride EC / List no: 215-149-9 | CAS no: 1306-25-8 Cadmium selenide (CdSe), solid soln. with cadmium sulfide, zinc selenide and zinc sulfide, copper and manganese-doped EC / List no: 309-898-1 | CAS no: 101357-01-1 Cadmium acetate hydrate EC / List no: 628-590-0 | CAS no: 89759-80-8 Bis(pentane-2,4-dionato-O,O')cadmium EC / List no: 238-730-9 | CAS no: 14689-45-3 Cadmium zinc sulfide EC / List no: 234-372-2 | CAS no: 11129-14-9 Tricadmium diarsenide EC / List no: 234-484-1 | CAS no: 12006-15-4 Cadmium bis[benzoate] EC / List no: 221-187-7 | CAS no: 3026-22-0 Cadmium propionate EC / List no: 241-066-2 | CAS no: 16986-83-7 Cadmium dianthranilate EC / List no: 230-343-3 | CAS no: 7058-55-1 Leach residues, cadmium cake Residues obtained by cementation of cadmium by iron dust out of cadmium sulfate solutions. Composed primarily of metallic cadmium and zinc. EC / List no: 293-309-7 | CAS no: 91053-44-0 Pentacadmium chloridetriphosphate EC / List no: 235-353-1 | CAS no: 12185-64-7 Potassium sulfate cadmium dihydrate EC / List no: - | CAS no: 38386-25-3 Silicic acid, zirconium salt, cadmium pigment-encapsulated EC / List no: 310-077-5 | CAS no: 102184-95-2 Hydrogen [N,N-bis(carboxymethyl)glycinato(3-)-N,O,O',O'']cadmate EC / List no: 256-489-8 | CAS no: 49784-44-3 Cadmium bis(dipentyldithiocarbamate) EC / List no: 242-747-7 | CAS no: 19010-65-2 Cadmium sulfide (CdS), copper chloride-doped EC / List no: 272-541-2 | CAS no: 68877-00-9 Cadmium di(octanoate) EC / List no: 218-585-8 | CAS no: 2191-10-8 Cadmium bromide rubidium EC / List no: - | CAS no: 16593-57-0 Cadmium (1,1-dimethylethyl)benzoate EC / List no: 250-515-1 | CAS no: 31215-94-8 Wastewater, cadmium sulfate electrolytic, acid Electrolytic solution from electrolysis of cadmium sulfate consisting primarily of cadmium sulfate and sulfuric acid. EC / List no: 273-721-3 | CAS no: 69012-21-1 Cadmium dilactate EC / List no: 240-181-5 | CAS no: 16039-55-7 Cadmium didocosanoate EC / List no: 251-927-4 | CAS no: 34303-23-6 Cadmium mercury telluride EC / List no: 249-914-3 | CAS no: 29870-72-2 Cadmium ditantalum hexaoxide EC / List no: 235-561-2 | CAS no: 12292-07-8 Zircon, cadmium orange EC / List no: 309-029-6 | CAS no: 99749-34-5 Tricadmium diphosphide EC / List no: 234-595-5 | CAS no: 12014-28-7 Barium cadmium calcium chloride fluoride phosphate, antimony and manganese-doped EC / List no: 272-257-9 | CAS no: 68784-55-4 Cadmium m-toluate EC / List no: 268-458-6 | CAS no: 68092-45-5 Cadmium orthophosphate EC / List no: 237-581-7 | CAS no: 13847-17-1 Cadmium bis(p-nonylphenolate) EC / List no: 299-703-5 | CAS no: 93894-08-7 Slimes and Sludges, cadmium sump tank Product of adding sodium carbonate to solutions in the cadmium plant. Consists primarily of cadmium carbonate with lesser amounts of carbonates and hydroxides of other nonferrous metals. EC / List no: 273-832-7 | CAS no: 69029-91-0 Siloxanes and Silicones, 3-[(2-aminoethyl)amino]propyl Me, di-Me, reaction products with cadmium zinc selenide sulfide, lauric acid and oleylamine EC / List no: - | CAS no: 1623456-05-2 Cadmium di(acetate) EC / List no: 208-853-2 | CAS no: 543-90-8 Cadmium selenate EC / List no: 237-481-3 | CAS no: 13814-62-5 Cadmium dilinoleate EC / List no: 267-845-7 | CAS no: 67939-62-2 Octadecanoic acid, barium cadmium salt EC / List no: - | CAS no: 17033-07-7 Cadmium sulfate sodium EC / List no: - | CAS no: 28038-18-8 Cadmium bis(o-nonylphenolate) EC / List no: 299-701-4 | CAS no: 93894-07-6 Cadmium isooctadecanoate EC / List no: 284-428-5 | CAS no: 84878-36-4 Dodecanoic acid, reaction products with cadmium zinc selenide sulfide and oleylamine EC / List no: - | CAS no: 1773514-92-3 Residues, cadmium-refining Product from the washing of sweeps and cleanings from a cadmium plant. Consists primarily of metallic cadmium and iron. EC / List no: 273-819-6 | CAS no: 69029-77-2 Cadmium fluoride EC / List no: 232-222-0 | CAS no: 7790-79-6 Cadmium peroxide EC / List no: - | CAS no: 12139-22-9 Cadmium chloride EC / List no: 233-296-7 | CAS no: 10108-64-2 Cadmium bis(diethyldithiocarbamate) EC / List no: 238-113-4 | CAS no: 14239-68-0 Cadmium (Z)-hexadec-9-enoate EC / List no: 299-705-6 | CAS no: 93894-10-1 Dihydrogen bis[hydroxysuccinato(2-)-O1,O2,O4]cadmate(2-) EC / List no: 275-459-5 | CAS no: 71436-99-2 Resin acids and Rosin acids, cadmium salts EC / List no: 273-320-3 | CAS no: 68956-81-0 Bis(ethylenediamine)cadmium(2+) bis[dicyanoaurate(1-)] EC / List no: 242-708-4 | CAS no: 18974-20-4 Cadmium o-toluate EC / List no: 257-860-7 | CAS no: 52337-78-7 Cadmium isooctyl phthalate (1:2:2) EC / List no: 304-193-5 | CAS no: 94247-16-2 cross-category REACH SVHC candidate list ECHA European Union Candidate list Endocrine disrupting properties (Article 57(f) - environment)",source_context_only,source_context_only
"b Levels for male children and adolescents were calculated by application of the default bodyweights specified in Section 25703(a)(8) to the procedure specified in Sections 25801 and 25803 cross-category OEHHA California, USA Listed",warning_or_hazard_listed,restricted_or_thresholded
"Vinyl trichloride (1,1,2-Trichloroethane) cross-category cancer OEHHA California, USA Listed cancer",restricted_or_thresholded,restricted_or_thresholded
"Indium tin oxide cross-category cancer OEHHA California, USA Listed cancer",warning_or_hazard_listed,restricted_or_thresholded
Phenol cross-category REACH SVHC candidate list ECHA European Union Candidate list Endocrine disrupting properties (Article 57(f) - environment),source_context_only,source_context_only
Benzene cross-category REACH SVHC candidate list ECHA European Union Candidate list vPvB (Article 57e),source_context_only,source_context_only
"1,3-Propane sultone cross-category REACH SVHC candidate list ECHA European Union Candidate list Carcinogenic (Article 57a)",source_context_only,source_context_only
"m-Dinitrobenzene cross-category male reproductive toxicity OEHHA California, USA Listed male reproductive toxicity",restricted_or_thresholded,warning_or_hazard_listed
"Phenol cross-category REACH SVHC candidate list ECHA European Union Candidate list Toxic for reproduction (Article 57c)""Endocrine disrupting properties (Article 57(f) - environment)""Endocrine disrupting properties (Article 57(f) - human health)",source_context_only,source_context_only
"Methyl chloride cross-category male reproductive toxicity OEHHA California, USA Listed male reproductive toxicity",warning_or_hazard_listed,warning_or_hazard_listed
"D&C Red No. 9 cross-category cancer OEHHA California, USA Listed cancer",restricted_or_thresholded,warning_or_hazard_listed
"1,2-Dimethylhydrazine cross-category cancer OEHHA California, USA Listed cancer",restricted_or_thresholded,restricted_or_thresholded
Phenol cross-category REACH SVHC candidate list ECHA European Union Candidate list Endocrine disrupting properties (Article 57(f) - environment),source_context_only,source_context_only
"Cyclophosphamide (hydrated) cross-category male reproductive toxicity OEHHA California, USA Listed male reproductive toxicity",warning_or_hazard_listed,warning_or_hazard_listed
"Caffeic acid cross-category cancer OEHHA California, USA Listed cancer",warning_or_hazard_listed,restricted_or_thresholded
"Methyl-n-butyl ketone cross-category developmental toxicity OEHHA California, USA Listed developmental toxicity",warning_or_hazard_listed,warning_or_hazard_listed
"N-Methyl-N-Formylhydrazine cross-category cancer OEHHA California, USA Listed cancer",warning_or_hazard_listed,restricted_or_thresholded
"Palygorskite fibers (> 5µm in length) cross-category cancer OEHHA California, USA Listed cancer",warning_or_hazard_listed,restricted_or_thresholded
Formaldehyde bed and bath; furniture; cabinets composite wood household goods US EPA United States emission limit Formaldehyde emission from regulated composite wood products,restricted_or_thresholded,restricted_or_thresholded
"Teniposide cross-category developmental toxicity OEHHA California, USA Listed developmental toxicity",warning_or_hazard_listed,warning_or_hazard_listed
"1-(2-Chloroethyl)-3-cyclohexyl-1-nitrosourea (CCNU) (Lomustine) cross-category cancer OEHHA California, USA Listed cancer",warning_or_hazard_listed,warning_or_hazard_listed
"Tamoxifen citrate cross-category developmental toxicity OEHHA California, USA Listed developmental toxicity",warning_or_hazard_listed,warning_or_hazard_listed
"Leucomalachite green cross-category cancer OEHHA California, USA Listed cancer",warning_or_hazard_listed,restricted_or_thresholded
"Methacycline hydrochloride cross-category developmental toxicity OEHHA California, USA Listed developmental toxicity",warning_or_hazard_listed,warning_or_hazard_listed
"Chloramphenicol sodium succinate cross-category cancer OEHHA California, USA Listed cancer",warning_or_hazard_listed,restricted_or_thresholded
"Goserelin acetate cross-category developmental toxicity OEHHA California, USA Listed developmental toxicity",warning_or_hazard_listed,warning_or_hazard_listed
Nitrosable substances toys; child care Toys intended for use by children under 36 months or in other toys intended to be placed in the mouth ECHA / European Commission European Union banned if exceeded limit Chemical restriction in toy materials under the EU Toy Safety Directive,banned_or_prohibited,restricted_or_thresholded
"Metam potassium cross-category cancer OEHHA California, USA Listed cancer",warning_or_hazard_listed,restricted_or_thresholded
Phenol cross-category REACH SVHC candidate list ECHA European Union Candidate list Endocrine disrupting properties (Article 57(f) - environment),source_context_only,source_context_only
"Ribavirin cross-category male reproductive toxicity OEHHA California, USA Listed male reproductive toxicity",warning_or_hazard_listed,warning_or_hazard_listed
"Boron and its compounds toys; child care Dry, brittle, powder-like or pliable toy material ECHA / European Commission European Union banned if exceeded limit Chemical restriction in toy materials under the EU Toy Safety Directive",banned_or_prohibited,banned_or_prohibited
"Saccharin Delisted April 6, 2001 [Click here for the basis for delisting] cross-category cancer OEHHA California, USA Listed cancer",warning_or_hazard_listed,warning_or_hazard_listed
"N,N-Dimethylformamide cross-category cancer OEHHA California, USA Listed cancer",warning_or_hazard_listed,restricted_or_thresholded
"Direct Black 38 (technical grade) cross-category cancer OEHHA California, USA Listed cancer",restricted_or_thresholded,restricted_or_thresholded
"Cocaine cross-category developmental toxicity OEHHA California, USA Listed developmental toxicity",warning_or_hazard_listed,warning_or_hazard_listed
"Acetochlor cross-category cancer OEHHA California, USA Listed cancer",warning_or_hazard_listed,restricted_or_thresholded
Benzene cosmetics all cosmetic products Health Canada Canada Prohibited,banned_or_prohibited,banned_or_prohibited
Lead cross-category REACH SVHC candidate list ECHA European Union Candidate list Toxic for reproduction (Article 57c),source_context_only,source_context_only
2-Methylimidazole cross-category REACH SVHC candidate list ECHA European Union Candidate list Toxic for reproduction (Article 57c),source_context_only,source_context_only
"Ethyl methanesulfonate cross-category cancer OEHHA California, USA Listed cancer",warning_or_hazard_listed,restricted_or_thresholded
"Gemfibrozil cross-category female reproductive toxicity OEHHA California, USA Listed female reproductive toxicity",warning_or_hazard_listed,warning_or_hazard_listed
"Lead cross-category REACH SVHC candidate list ECHA European Union Candidate list Carcinogenic (Article 57a)""Toxic for reproduction (Article 57c)",source_context_only,source_context_only
"Bromodichloroacetic acid cross-category cancer OEHHA California, USA Listed cancer",restricted_or_thresholded,restricted_or_thresholded
D&C Red No. 8 cosmetics all cosmetic products Health Canada Canada Prohibited,banned_or_prohibited,banned_or_prohibited
"Alcoholic beverages cross-category cancer OEHHA California, USA Listed cancer",warning_or_hazard_listed,warning_or_hazard_listed
"Dibutyl phthalate cross-category REACH SVHC candidate list ECHA European Union Candidate list Toxic for reproduction (Article 57c)""Endocrine disrupting properties (Article 57(f) - environment)""Endocrine disrupting properties (Article 57(f) - human health)",source_context_only,source_context_only
"Organic tin compounds toys; child care Dry, brittle, powder-like or pliable toy material ECHA / European Commission European Union banned if exceeded limit Chemical restriction in toy materials under the EU Toy Safety Directive",banned_or_prohibited,banned_or_prohibited
"Alachlor cross-category cancer OEHHA California, USA Listed cancer",warning_or_hazard_listed,restricted_or_thresholded
"2,4-Hexadienal (89% trans, trans isomer; 11% cis, trans isomer) cross-category cancer OEHHA California, USA Listed cancer",warning_or_hazard_listed,restricted_or_thresholded
Hydrazine cosmetics all cosmetic products Health Canada Canada Prohibited,banned_or_prohibited,banned_or_prohibited
"DDD (Dichlorodiphenyl-dichloroethane) cross-category cancer OEHHA California, USA Listed cancer",restricted_or_thresholded,restricted_or_thresholded
"N,N-Dimethylformamide cosmetics all cosmetic products Health Canada Canada Prohibited",banned_or_prohibited,banned_or_prohibited
"Polygeenan cross-category cancer OEHHA California, USA Listed cancer",restricted_or_thresholded,restricted_or_thresholded
"Vinylidene chloride (1,1-Dichloroethylene) cross-category cancer OEHHA California, USA Listed cancer",restricted_or_thresholded,restricted_or_thresholded
"Phenylhydrazine hydrochloride cross-category OEHHA California, USA Listed",restricted_or_thresholded,restricted_or_thresholded
"Mercaptopurine cross-category developmental toxicity OEHHA California, USA Listed developmental toxicity",warning_or_hazard_listed,warning_or_hazard_listed
"1,3-Butadiene cross-category female reproductive toxicity OEHHA California, USA Listed female reproductive toxicity",warning_or_hazard_listed,warning_or_hazard_listed
"Cadmium and its compounds Cadmium sulfoselenide red This substance is identified in the Colour Index by Colour Index Constitution Number, C.I. 77202. EC / List no: 261-218-1 | CAS no: 58339-34-7 Cadmium, diethyl- EC / List no: 804-213-7 | CAS no: 592-02-9 Cadmium sulfide (CdS), aluminum and copper-doped EC / List no: 272-539-1 | CAS no: 68876-98-2 Potassium sulfate cadmium hexahydrate EC / List no: - | CAS no: 30623-04-2 Bis[N,N-bis(carboxymethyl)glycinato(3-)]tricadmium EC / List no: 256-679-0 | CAS no: 50648-02-7 Cadmium distearate EC / List no: 218-743-6 | CAS no: 2223-93-0 Cadmium iodate EC / List no: 232-224-1 | CAS no: 7790-81-0 Cadmium selenide (CdSe), solid soln. with cadmium sulfide EC / List no: 275-290-7 | CAS no: 71243-75-9 Naphthenic acids, cadmium salts EC / List no: 263-053-0 | CAS no: 61789-34-2 Cadmium bis(heptadecanoate) EC / List no: 263-434-1 | CAS no: 62149-56-8 Cadmium bromide EC / List no: 232-165-1 | CAS no: 7789-42-6 Cadmium borate oxide (Cd3(BO2)4O), manganese-doped EC / List no: - | CAS no: 68784-58-7 Cadmium 3,5,5-trimethylhexanoate EC / List no: 252-918-8 | CAS no: 36211-44-6 Propanoic acid, cadmium salt, basic EC / List no: 292-013-5 | CAS no: 90529-78-5 Cadmium hydrogen phosphate EC / List no: 237-920-9 | CAS no: 14067-62-0 Selenic acid, cadmium salt (1:1), dihydrate EC / List no: - | CAS no: 10060-09-0 Cadmium zinc sulfide yellow This substance is identified in the Colour Index by Colour Index Constitution Number, C.I. 77205. EC / List no: 232-466-8 | CAS no: 8048-07-5 Tricadmium bis(phosphate) EC / List no: 236-764-9 | CAS no: 13477-17-3 Cadmium, dichlorotetrakis(1H-imidazole-kappaN3)- EC / List no: - | CAS no: 72275-93-5 Cadmium bis(4-cyclohexylbutyrate) EC / List no: 259-767-7 | CAS no: 55700-14-6 Bis(5-oxo-DL-prolinato-N1,O2)cadmium EC / List no: 289-081-3 | CAS no: 85994-31-6 Sulfuric acid, cadmium salt, hydrate (3:3:8) EC / List no: 616-572-5 | CAS no: 7790-84-3 Barium cadmium tetrastearate EC / List no: 214-740-9 | CAS no: 1191-79-3 Cadmium bis(octylphenolate) EC / List no: 284-444-2 | CAS no: 84878-51-3 Barium cadmium zinc sulfide (Ba2(Cd,Zn)S3), manganese-doped EC / List no: - | CAS no: 68876-90-4 Fatty acids, rape-oil, cadmium salts EC / List no: 296-454-4 | CAS no: 92704-24-0 (T-4)-Bis[1,1,2,2-tetramethyl-1,2-bis(sulfanylidene-kappaS)-1lambda(5),2lambda(5)-diphosphane]cadmium(2+) diperchlorate EC / List no: - | CAS no: 71231-59-9 Cadmium isooctanoate EC / List no: 250-118-3 | CAS no: 30304-32-6 Cadmium sulphate EC / List no: 233-331-6 | CAS no: 10124-36-4 Potassium sulfate cadmium EC / List no: - | CAS no: 28038-25-7 Cadmium, chloro(1,10-phenanthroline-2-carboxylato)-, polymers EC / List no: - | CAS no: 25685-75-0 Cadmium [R-(R*,R*)]-tartrate EC / List no: 251-827-0 | CAS no: 34100-40-8 Bis(propane-1,2-diyldiamine-N,N')cadmium(2+) bis[bis(cyano-C)aurate(1-)] EC / List no: 267-692-6 | CAS no: 67906-19-8 Cadmium isononanoate EC / List no: 283-660-4 | CAS no: 84696-56-0 Bis(2-ethylhexyl mercaptoacetato -O',S)cadmium EC / List no: 299-281-2 | CAS no: 93858-50-5 Chlorous acid, cadmium salt EC / List no: - | CAS no: 125687-98-1 Cadmium octyl phthalate (1:2:2) EC / List no: 304-483-1 | CAS no: 94275-94-2 Cadmium bis(2-ethylhexanoate) EC / List no: 219-346-0 | CAS no: 2420-98-6 Cadmium didecanoate EC / List no: 220-650-0 | CAS no: 2847-16-7 Cadmium 4-(1,1-dimethylethyl)benzoate EC / List no: 224-022-7 | CAS no: 4167-05-9 Cadmium trichloride monopotassium EC / List no: - | CAS no: 14429-85-7 Cadmium sulfide (CdS), silver chloride-doped EC / List no: 272-542-8 | CAS no: 68877-01-0 Flue dust, copper-lead blast furnace, cadmium-indium-enriched A cadmium-indium-enriched product obtained from the recirculation of copper-lead blast furnace flue dusts. Composed primarily of cadmium, indium and lead. EC / List no: 309-645-5 | CAS no: 100656-55-1 Potassium [N,N-bis(carboxymethyl)glycinato(3-)-N,O,O',O'']cadmate(1-) EC / List no: 256-488-2 | CAS no: 49784-42-1 Cadmium diisobutyl dimaleate EC / List no: 306-446-5 | CAS no: 97259-82-0 Disodium tetrakis(cyano-C)cadmate(2-) EC / List no: 239-765-2 | CAS no: 15682-87-8 Leach residues, zinc refining flue dust, cadmium-thallium ppt. Sponge produced by leaching and precipitating cadmium and thallium fumes and flue dusts from lead/zinc smelting operations. EC / List no: 296-097-4 | CAS no: 92257-11-9 Cadmium dodecylbenzenesulphonate EC / List no: 250-433-6 | CAS no: 31017-44-4 Cadmium dinitrite EC / List no: 232-225-7 | CAS no: 7790-83-2 Cadmium dipotassium tetracyanide EC / List no: 238-371-8 | CAS no: 14402-75-6 Fatty acids, C10-18, cadmium salts EC / List no: 268-620-6 | CAS no: 68131-58-8 Cadmium lithopone yellow This substance is identified in the Colour Index by Colour Index Constitution Number, C.I. 77199:1. EC / List no: 292-386-4 | CAS no: 90604-90-3 Cadmium tellurium tetraoxide EC / List no: 239-973-3 | CAS no: 15852-14-9 Cadmium sulfate, tetrahydrate EC / List no: - | CAS no: 13477-21-9 Fatty acids, C8-18 and C18-unsatd., cadmium salts EC / List no: 272-529-7 | CAS no: 68876-84-6 Cadmium selenide EC / List no: 215-148-3 | CAS no: 1306-24-7 (T-4)-Tetrakis(3-methyl-1H-pyrazole-kappaN(2))cadmium(2+) monosulfate EC / List no: - | CAS no: 55060-82-7 Cadmium sulfoselenide orange This substance is identified in the Colour Index by Colour Index Constitution Number, C.I. 77202. EC / List no: 235-758-3 | CAS no: 12656-57-4 Cadmium zirconium trioxide EC / List no: 235-251-7 | CAS no: 12139-23-0 Cadmium bis(piperidine-1-carbodithioate) EC / List no: 239-025-9 | CAS no: 14949-59-8 Cadmium hexafluorosilicate(2-) EC / List no: 241-084-0 | CAS no: 17010-21-8 Cadmium potassium 1-(hydroxyethylidene)bisphosphonate(1:2:1) EC / List no: 273-906-9 | CAS no: 69190-99-4 Cadmium epoxyoctadecanoate EC / List no: 247-560-4 | CAS no: 26264-48-2 Cadmium tetrapentyl bis(phosphate) EC / List no: 303-977-4 | CAS no: 94232-49-2 Tris(ethylenediamine)cadmium dihydroxide EC / List no: 238-945-8 | CAS no: 14874-24-9 Cadmium laurate, palmitate, stearate EC / List no: - | CAS no: 68954-18-7 Cadmium, dross A scum formed on the surface of molten cadmium. EC / List no: 273-707-7 | CAS no: 69011-69-4 Fatty acids, castor-oil, hydrogenated, cadmium salts EC / List no: 294-296-0 | CAS no: 91697-35-7 Cadmium chloride magnesium dodecahydrate EC / List no: - | CAS no: 77289-75-9 Cadmium zinc sulphide EC / List no: 235-672-6 | CAS no: 12442-27-2 Cadmium bis(azanide) EC / List no: - | CAS no: 22750-53-4 Cadmium (1-ethylhexyl) phthalate (1:2:2) EC / List no: 304-482-6 | CAS no: 94275-93-1 Octadecanoic acid, cadmium salt, basic EC / List no: 309-794-6 | CAS no: 101012-93-5 Fatty acids, peanut-oil, cadmium salts EC / List no: 296-449-7 | CAS no: 92704-19-3 Cadmium oxide EC / List no: 215-146-2 | CAS no: 1306-19-0 Cadmium sulfide (CdS), solid soln. with zinc sulfide, nickel and silver-doped EC / List no: 271-512-1 | CAS no: 68583-44-8 Cadmium mercury sulfide EC / List no: 215-717-6 | CAS no: 1345-09-1 Cadmium toluate EC / List no: 248-480-2 | CAS no: 27476-27-3 Cadmium methacrylate EC / List no: 246-183-2 | CAS no: 24345-60-6 Cadmium(2+) (R)-12-hydroxyoctadecanoate EC / List no: 253-979-3 | CAS no: 38517-19-0 Nonanoic acid, branched, cadmium salt EC / List no: 297-692-1 | CAS no: 93686-40-9 Hexanoic acid, 2-ethyl-, cadmium salt, basic EC / List no: 291-438-3 | CAS no: 90411-62-4 Dimethylcadmium EC / List no: 208-055-4 | CAS no: 506-82-1 Cadmium chloride potassium hydrate EC / List no: - | CAS no: 28302-54-7 Bis(dimethyldithiocarbamato-S,S')cadmium EC / List no: 239-026-4 | CAS no: 14949-60-1 Cadmium sodium tetrachloride EC / List no: - | CAS no: 21360-94-1 Cesium sulfate cadmium EC / List no: - | CAS no: 28041-77-2 Benzenesulfonic acid, mono-C10-13-alkyl derivs., cadmium salts EC / List no: 290-645-6 | CAS no: 90194-35-7 Cadmium p-toluate EC / List no: 219-345-5 | CAS no: 2420-97-5 Cadmium sulfate octahydrate EC / List no: - | CAS no: 22465-18-5 Cadmium pyrophosphate EC / List no: - | CAS no: 19262-93-2 Cadmium tetrafluoroborate EC / List no: 238-490-5 | CAS no: 14486-19-2 Cadmium chloride phosphate (Cd5Cl(PO4)3), manganese-doped EC / List no: 309-489-8 | CAS no: 100402-53-7 Diboron tricadmium hexaoxide EC / List no: 237-225-0 | CAS no: 13701-66-1 Tricadmium dinitride EC / List no: - | CAS no: 12380-95-9 Cadmium diformate EC / List no: 224-729-0 | CAS no: 4464-23-7 Cadmium sulfide (CdS), solid soln. with zinc sulfide, copper chloride-doped EC / List no: 270-977-8 | CAS no: 68512-49-2 Barium tetrachlorocadmate(2-) EC / List no: 308-988-8 | CAS no: 99587-10-7 Hydrogen [4-[(5-chloro-4-methyl-2-sulphophenyl)azo]-3-hydroxynaphthalene-2-carboxylato(3-)]cadmate(1-) EC / List no: 273-461-0 | CAS no: 68966-97-2 Cadmium neodecanoate EC / List no: 263-352-6 | CAS no: 61951-96-0 Cadmium oxide (CdO), solid soln. with calcium oxide and titanium oxide (TiO2), praseodymium-doped EC / List no: 309-896-0 | CAS no: 101356-99-4 Disodium ethylenediaminetetraacetate cadmium EC / List no: - | CAS no: 30363-28-1 Cadmium wolframate EC / List no: 232-226-2 | CAS no: 7790-85-4 Flue dust, cadmium-refining By-product of refining of cadmium consisting primarily of oxides and chlorides of cadmium, lead, arsenic and zinc. EC / List no: 273-754-3 | CAS no: 69012-57-3 (R)-12-hydroxyoleic acid, barium cadmium salt EC / List no: 275-370-1 | CAS no: 71411-66-0 Lauric acid, barium cadmium salt EC / List no: 239-371-0 | CAS no: 15337-60-7 Cadmium divanadium hexoxide EC / List no: 240-203-3 | CAS no: 16056-72-7 Cadmium bis(nonylphenolate) EC / List no: 284-441-6 | CAS no: 84878-48-8 Cadmium sulfide (CdS), solid soln. with zinc sulfide, aluminum and cobalt and copper and silver-doped EC / List no: 272-220-7 | CAS no: 68784-10-1 5-oxo-L-proline, cadmium salt EC / List no: 240-269-3 | CAS no: 16105-06-9 Cadmium nitrate EC / List no: 233-710-6 | CAS no: 10325-94-7 Cadmium carbonate EC / List no: 208-168-9 | CAS no: 513-78-0 Cadmium EC / List no: 231-152-8 | CAS no: 7440-43-9 Fatty acids, tallow, hydrogenated, cadmium salts EC / List no: 273-203-7 | CAS no: 68953-39-9 Cadmium myristate EC / List no: 233-489-6 | CAS no: 10196-67-5 Cadmium zinc sulfide ((Cd,Zn)S), cobalt and copper-doped EC / List no: - | CAS no: 72869-26-2 Fatty acids, C8-10-branched, cadmium salts EC / List no: 296-092-7 | CAS no: 92257-06-2 Fatty acids, coco, cadmium salts EC / List no: 276-952-8 | CAS no: 72869-63-7 Antimony, compound with cadmium (2:3) EC / List no: 234-596-0 | CAS no: 12014-29-8 Cadmium sulfide (CdS), solid soln. with zinc sulfide, copper and lead-doped EC / List no: 269-773-1 | CAS no: 68332-81-0 Phosphorous acid, bis(2-ethylhexyl) ester, cadmium salt EC / List no: - | CAS no: 7495-93-4 Cadmium diricinoleate EC / List no: 237-544-5 | CAS no: 13832-25-2 Carbonic acid, cadmium salt EC / List no: 298-586-8 | CAS no: 93820-02-1 Cadmium sulfate caesium hexahydrate EC / List no: - | CAS no: 34345-39-6 Cadmium sulfide (CdS), solid soln. with zinc sulfide, silver chloride-doped EC / List no: 271-513-7 | CAS no: 68583-45-9 Dipotassium [[N,N'-ethylenebis[N-(carboxymethyl)glycinato]](4-)-N,N',O,O',ON,ON']cadmate(2-) EC / List no: 239-801-7 | CAS no: 15708-29-9 Cadmium tert-decanoate EC / List no: 284-429-0 | CAS no: 84878-37-5 Cadmium nonan-1-oate EC / List no: 225-839-1 | CAS no: 5112-16-3 Cadmium sebacate EC / List no: 224-754-7 | CAS no: 4476-04-4 Cadmium molybdenum tetroxide EC / List no: 237-752-6 | CAS no: 13972-68-4 Benzyltriphenylphosphonium tetrachlorocadmate EC / List no: 269-289-0 | CAS no: 68214-25-5 Barium di-μ-chlorotetrachlorodicadmate(2-) EC / List no: 262-618-9 | CAS no: 61129-40-6 Sulfuric acid, cadmium salt (1:1), hydrate EC / List no: 626-360-4 | CAS no: 15244-35-6 Zircon, cadmium red EC / List no: 691-407-8 | CAS no: 72828-62-7 Tetrapotassium [[[nitrilotris(methylene)]tris[phosphonato]](6-)-N,O,O'',O'''']cadmate(6-) EC / List no: 268-020-4 | CAS no: 67989-93-9 Cadmium potassium hexachloride EC / List no: - | CAS no: 15276-40-1 Cadmium hydroxide EC / List no: 244-168-5 | CAS no: 21041-95-2 Benzenediazonium, 4-(phenylamino)-, sulfate (1:1), polymer with formaldehyde, cadmium chloride complexes EC / List no: - | CAS no: 68441-39-4 Cadmium disulphamate EC / List no: 237-832-0 | CAS no: 14017-36-8 Bis(5-oxo-L-prolinato-N1,O2)cadmium EC / List no: 288-974-5 | CAS no: 85958-86-7 Waste solids, cadmium-electrolysis, thallium-rich Residue obtained in the electrolysis of cadmium, composed primarily of thallium chromate. Other non-ferrous metals or metal compounds may also be present. EC / List no: 285-572-1 | CAS no: 85117-20-0 Calcines, cadmium residue Product of the roasting of cadmium-enriched lead smelting dusts to remove cadmium. Consists primarily of oxides and sulfates of lead and zinc. EC / List no: 273-806-5 | CAS no: 69029-63-6 Cadmium pentadecanoate EC / List no: 264-124-9 | CAS no: 63400-09-9 (S)-dichloro[2-[[(2,3-dihydroxypropoxy)hydroxyphosphinyl]oxy]triethylmethylammoniumato]cadmium EC / List no: 265-010-1 | CAS no: 64681-08-9 Fatty acids, olive-oil, cadmium salts EC / List no: 296-445-5 | CAS no: 92704-15-9 Cadmium oxalate EC / List no: 212-408-8 | CAS no: 814-88-0 Boric acid, cadmium salt EC / List no: 257-067-6 | CAS no: 51222-60-7 Cadmium divalerate EC / List no: 260-498-2 | CAS no: 56982-42-4 Fatty acids, C12-18, barium cadmium salts EC / List no: 274-304-9 | CAS no: 70084-75-2 Flue dust, lead-manufg., cadmium-rich Residue obtained in the metallurgical treatment of lead concentrate in a lead blast furnace. The substance is composed of cadmium oxides, lead oxides, and impurities containing compounds of arsenic, chlorine, indium and tellurium. EC / List no: 285-554-3 | CAS no: 85117-02-8 Cadmium sulfide (CdS), solid soln. with zinc sulfide, aluminum and copper-doped EC / List no: 270-979-9 | CAS no: 68512-51-6 Cadmium diicosanoate EC / List no: 238-994-5 | CAS no: 14923-81-0 Cadmium dilaurate EC / List no: 220-017-9 | CAS no: 2605-44-9 Cadmium sulfide (CdS), solid soln. with zinc sulfide, copper and silver-doped EC / List no: 271-511-6 | CAS no: 68583-43-7 Cadmium(2+) 12-hydroxyoctadecanoate EC / List no: 273-881-4 | CAS no: 69121-20-6 Fatty acids, C14-18, cadmium salts EC / List no: 270-067-0 | CAS no: 68409-82-5 Cadmium cyanide EC / List no: 208-829-1 | CAS no: 542-83-6 [[N,N'-ethylenebis[glycinato]](2-)-N,N',O,O']cadmium EC / List no: 249-987-1 | CAS no: 29977-13-7 Pentapotassium hydrogen [[[ethylenebis[nitrilobis(methylene)]]tetrakis[phosphonato]](8-)]cadmate(6-) EC / List no: 269-685-3 | CAS no: 68309-98-8 tetraamminecadmium permanganate EC / List no: - | CAS no: 34410-88-3 Cadmium dioleate EC / List no: 233-954-3 | CAS no: 10468-30-1 Dipotassium tetrachlorocadmate(2-) EC / List no: 243-938-8 | CAS no: 20648-91-3 Octadecanoic acid, 12-hydroxy-, cadmium salt, basic EC / List no: 309-795-1 | CAS no: 101012-94-6 Ammonium cadmium chloride (Ammonium cadmium trichloride) EC / List no: - | CAS no: 18532-52-0 Cadmium isodecanoate EC / List no: 300-973-4 | CAS no: 93965-24-3 Leach residues, cadmium-contg. flue dust The substance formed during oxidative leaching of cadmium containing flue dust. Consists primarily of cadmium, lead and zinc compounds with chlorine, oxygen and sulfur and contains other nonferrous metal compounds. EC / List no: 305-417-4 | CAS no: 94551-70-9 Cadmium sulphide EC / List no: 215-147-8 | CAS no: 1306-23-6 Cadmium sponge EC / List no: - | CAS no: 69011-70-7 Cadmium sulfide (CdS), solid soln. with zinc sulfide, copper and manganese-doped EC / List no: 270-978-3 | CAS no: 68512-50-5 Cadmium cinnamate EC / List no: 224-509-4 | CAS no: 4390-97-0 reaction products of (Z)-octadeca-9-enoic acid and zinc selenide and cadmium selenide and zinc sulfide EC / List no: - | CAS no: 1926976-90-0 Cadmium bis[p-(1,1,3,3-tetramethylbutyl)phenolate] EC / List no: 299-704-0 | CAS no: 93894-09-8 Cadmium dipalmitate EC / List no: 229-199-4 | CAS no: 6427-86-7 Dicadmium selenide sulphide EC / List no: 235-392-4 | CAS no: 12214-12-9 Fatty acids, C9-11-branched, cadmium salts EC / List no: 287-817-8 | CAS no: 85586-15-8 Dodecanoic acid, cadmium salt, basic EC / List no: 309-789-9 | CAS no: 101012-89-9 Bis(dibutyldithiocarbamato-S,S')cadmium EC / List no: 238-609-0 | CAS no: 14566-86-0 Cadmium tellurium trioxide EC / List no: 239-963-9 | CAS no: 15851-44-2 Cadmium disalicylate EC / List no: 242-749-8 | CAS no: 19010-79-8 Cadmium titanium trioxide EC / List no: 234-593-4 | CAS no: 12014-14-1 Phosphoric acid, ammonium cadmium salt (1:1:1) EC / List no: - | CAS no: 14520-70-8 Cadmium selenide (CdSe), solid soln. with cadmium sulfide, zinc selenide and zinc sulfide, aluminum and copper-doped EC / List no: 309-897-6 | CAS no: 101357-00-0 Cadmium sulfide (CdS), solid soln. with zinc sulfide, copper and nickel-doped EC / List no: 271-539-9 | CAS no: 68584-42-9 Cadmium silicate EC / List no: 236-765-4 | CAS no: 13477-19-5 Cadmium bis(isoundecanoate) EC / List no: 300-980-2 | CAS no: 93965-30-1 Cadmium chloride hydrate EC / List no: 629-592-4 | CAS no: 654054-66-7 Cadmium isohexadecanoate EC / List no: 306-072-2 | CAS no: 95892-12-9 Tetraiodide diammonium cadmium EC / List no: - | CAS no: 105034-60-4 Cadmium dimethylhexanoate EC / List no: 301-320-6 | CAS no: 93983-65-4 Fatty acids, C12-18, cadmium salts EC / List no: 268-621-1 | CAS no: 68131-59-9 Cadmium trichloride 1 sodium EC / List no: - | CAS no: 55425-74-6 Cadmium chromate EC / List no: 238-252-0 | CAS no: 14312-00-6 Cadmium zinc lithopone yellow This substance is identified in the Colour Index by Colour Index Constitution Number, C.I. 77205:1. EC / List no: 292-385-9 | CAS no: 90604-89-0 Leach residues, zinc ore-calcine, cadmium-copper ppt. Insoluble material precipitated by hydrolysis during hydrometallurgical treatment of crude zinc sulfate solution. Consists primarily of cadmium, cobalt, copper, lead, manganese, nickel, thallium, tin and zinc. EC / List no: 293-311-8 | CAS no: 91053-46-2 Tetra-μ-chlorodichlorobis[2-[[(2,3-dihydroxypropoxy)hydroxyphosphinyl]oxy]triethylmethylammoniumato]tricadmium, stereoisomer EC / List no: 276-100-5 | CAS no: 71861-27-3 Dicadmium hexakis(cyano-C)ferrate(4-) EC / List no: 237-341-1 | CAS no: 13755-33-4 Fatty acids, C9-13-neo-, cadmium salts EC / List no: 296-441-3 | CAS no: 92704-12-6 Fatty acids, C14-18 and C18-unsatd., branched and linear, hydrogenated, cadmium salts EC / List no: 296-564-2 | CAS no: 92797-28-9 Decanoic acid, branched, cadmium salts EC / List no: 291-155-5 | CAS no: 90342-19-1 Fatty acids, tall-oil, cadmium salts EC / List no: 272-499-5 | CAS no: 68855-80-1 Cadmium acrylate EC / List no: 239-835-2 | CAS no: 15743-19-8 Cadmium selenide (CdSe), solid soln. with cadmium sulfide, zinc selenide and zinc sulfide, manganese and silver-doped EC / List no: 309-901-6 | CAS no: 101357-04-4 Cadmium selenide sulfide EC / List no: 235-724-8 | CAS no: 12626-36-7 Cadmium succinate EC / List no: 205-446-1 | CAS no: 141-00-4 Cadmium diphenolate EC / List no: 242-727-8 | CAS no: 18991-05-4 Cadmium sulfide (CdS), copper and lead-doped EC / List no: 272-581-0 | CAS no: 68891-87-2 Cadmium selenide sulfide, (Cd2SeS) EC / List no: - | CAS no: 12213-70-6 Fatty acids, C6-12, cadmium salts EC / List no: - | CAS no: 135742-32-4 Cadmium selenite EC / List no: 237-480-8 | CAS no: 13814-59-0 Leach residues, cadmium-refining Product of leaching calcine and sump tank mud from lead ore refining with sulfuric acid. Consists primarily of lead sulfate and cadmium arsenate. EC / List no: 273-811-2 | CAS no: 69029-70-5 Cadmium dithiocyanate EC / List no: 212-738-2 | CAS no: 865-38-3 Slimes and Sludges, cadmium electrolytic EC / List no: - | CAS no: 69029-89-6 Phosphonic acid, P-tetradecyl-, reaction products with cadmium selenide (CdSe) EC / List no: - | CAS no: 1773514-66-1 Cadmium, benzoate p-tert-butylbenzoate complexes EC / List no: 270-824-5 | CAS no: 68478-53-5 Dicadmium niobate EC / List no: 235-357-3 | CAS no: 12187-14-3 Cadmium oxide (CdO), solid soln. with magnesium oxide, tungsten oxide (WO3) and zinc oxide EC / List no: 310-029-3 | CAS no: 102110-30-5 Cadmium selenide (CdSe), solid soln. with cadmium sulfide, zinc selenide and zinc sulfide, gold and manganese-doped EC / List no: 309-900-0 | CAS no: 101357-03-3 Slimes and Sludges, cadmium-refining, oxidized Product of adding oxidizer to solution in the cadmium plant. Consists primarily of hydroxides of cadmium, thallium and indium and cadmium arsenate. EC / List no: 273-831-1 | CAS no: 69029-90-9 Cadmium iodide EC / List no: 232-223-6 | CAS no: 7790-80-9 Cadmium sulphite EC / List no: 236-767-5 | CAS no: 13477-23-1 Disodium [[N,N'-ethylenebis[N-(carboxymethyl)glycinato]](4-)-N,N',O,O',ON,ON']cadmate(2-) EC / List no: 252-736-9 | CAS no: 35803-35-1 Pyrochlore, bismuth cadmium ruthenium An inorganic pigment that is the reaction product of high temperature calcination in which bismuth oxide, cadmium oxide, and ruthenium oxide in varying amounts are homogeneously and ionically interdiffused to form a crystalline matrix of pyrochlore. EC / List no: 270-855-4 | CAS no: 68479-13-0 Cadmium sulfide (CdS), aluminum and silver-doped EC / List no: 272-540-7 | CAS no: 68876-99-3 Benzoic acid, cadmium salt, basic EC / List no: 290-764-3 | CAS no: 90218-85-2 Cadmium chloride rubidium EC / List no: - | CAS no: 18532-58-6 Cadmium sulfide (CdS), solid soln. with zinc sulfide, aluminum and silver-doped EC / List no: 271-538-3 | CAS no: 68584-41-8 Cadmium selenide (CdSe), solid soln. with cadmium sulfide, zinc selenide and zinc sulfide, europium-doped EC / List no: 309-899-7 | CAS no: 101357-02-2 Monoammonium cadmium triiodide EC / List no: - | CAS no: 32593-99-0 Cadmium telluride EC / List no: 215-149-9 | CAS no: 1306-25-8 Cadmium selenide (CdSe), solid soln. with cadmium sulfide, zinc selenide and zinc sulfide, copper and manganese-doped EC / List no: 309-898-1 | CAS no: 101357-01-1 Cadmium acetate hydrate EC / List no: 628-590-0 | CAS no: 89759-80-8 Bis(pentane-2,4-dionato-O,O')cadmium EC / List no: 238-730-9 | CAS no: 14689-45-3 Cadmium zinc sulfide EC / List no: 234-372-2 | CAS no: 11129-14-9 Tricadmium diarsenide EC / List no: 234-484-1 | CAS no: 12006-15-4 Cadmium bis[benzoate] EC / List no: 221-187-7 | CAS no: 3026-22-0 Cadmium propionate EC / List no: 241-066-2 | CAS no: 16986-83-7 Cadmium dianthranilate EC / List no: 230-343-3 | CAS no: 7058-55-1 Leach residues, cadmium cake Residues obtained by cementation of cadmium by iron dust out of cadmium sulfate solutions. Composed primarily of metallic cadmium and zinc. EC / List no: 293-309-7 | CAS no: 91053-44-0 Pentacadmium chloridetriphosphate EC / List no: 235-353-1 | CAS no: 12185-64-7 Potassium sulfate cadmium dihydrate EC / List no: - | CAS no: 38386-25-3 Silicic acid, zirconium salt, cadmium pigment-encapsulated EC / List no: 310-077-5 | CAS no: 102184-95-2 Hydrogen [N,N-bis(carboxymethyl)glycinato(3-)-N,O,O',O'']cadmate EC / List no: 256-489-8 | CAS no: 49784-44-3 Cadmium bis(dipentyldithiocarbamate) EC / List no: 242-747-7 | CAS no: 19010-65-2 Cadmium sulfide (CdS), copper chloride-doped EC / List no: 272-541-2 | CAS no: 68877-00-9 Cadmium di(octanoate) EC / List no: 218-585-8 | CAS no: 2191-10-8 Cadmium bromide rubidium EC / List no: - | CAS no: 16593-57-0 Cadmium (1,1-dimethylethyl)benzoate EC / List no: 250-515-1 | CAS no: 31215-94-8 Wastewater, cadmium sulfate electrolytic, acid Electrolytic solution from electrolysis of cadmium sulfate consisting primarily of cadmium sulfate and sulfuric acid. EC / List no: 273-721-3 | CAS no: 69012-21-1 Cadmium dilactate EC / List no: 240-181-5 | CAS no: 16039-55-7 Cadmium didocosanoate EC / List no: 251-927-4 | CAS no: 34303-23-6 Cadmium mercury telluride EC / List no: 249-914-3 | CAS no: 29870-72-2 Cadmium ditantalum hexaoxide EC / List no: 235-561-2 | CAS no: 12292-07-8 Zircon, cadmium orange EC / List no: 309-029-6 | CAS no: 99749-34-5 Tricadmium diphosphide EC / List no: 234-595-5 | CAS no: 12014-28-7 Barium cadmium calcium chloride fluoride phosphate, antimony and manganese-doped EC / List no: 272-257-9 | CAS no: 68784-55-4 Cadmium m-toluate EC / List no: 268-458-6 | CAS no: 68092-45-5 Cadmium orthophosphate EC / List no: 237-581-7 | CAS no: 13847-17-1 Cadmium bis(p-nonylphenolate) EC / List no: 299-703-5 | CAS no: 93894-08-7 Slimes and Sludges, cadmium sump tank Product of adding sodium carbonate to solutions in the cadmium plant. Consists primarily of cadmium carbonate with lesser amounts of carbonates and hydroxides of other nonferrous metals. EC / List no: 273-832-7 | CAS no: 69029-91-0 Siloxanes and Silicones, 3-[(2-aminoethyl)amino]propyl Me, di-Me, reaction products with cadmium zinc selenide sulfide, lauric acid and oleylamine EC / List no: - | CAS no: 1623456-05-2 Cadmium di(acetate) EC / List no: 208-853-2 | CAS no: 543-90-8 Cadmium selenate EC / List no: 237-481-3 | CAS no: 13814-62-5 Cadmium dilinoleate EC / List no: 267-845-7 | CAS no: 67939-62-2 Octadecanoic acid, barium cadmium salt EC / List no: - | CAS no: 17033-07-7 Cadmium sulfate sodium EC / List no: - | CAS no: 28038-18-8 Cadmium bis(o-nonylphenolate) EC / List no: 299-701-4 | CAS no: 93894-07-6 Cadmium isooctadecanoate EC / List no: 284-428-5 | CAS no: 84878-36-4 Dodecanoic acid, reaction products with cadmium zinc selenide sulfide and oleylamine EC / List no: - | CAS no: 1773514-92-3 Residues, cadmium-refining Product from the washing of sweeps and cleanings from a cadmium plant. Consists primarily of metallic cadmium and iron. EC / List no: 273-819-6 | CAS no: 69029-77-2 Cadmium fluoride EC / List no: 232-222-0 | CAS no: 7790-79-6 Cadmium peroxide EC / List no: - | CAS no: 12139-22-9 Cadmium chloride EC / List no: 233-296-7 | CAS no: 10108-64-2 Cadmium bis(diethyldithiocarbamate) EC / List no: 238-113-4 | CAS no: 14239-68-0 Cadmium (Z)-hexadec-9-enoate EC / List no: 299-705-6 | CAS no: 93894-10-1 Dihydrogen bis[hydroxysuccinato(2-)-O1,O2,O4]cadmate(2-) EC / List no: 275-459-5 | CAS no: 71436-99-2 Resin acids and Rosin acids, cadmium salts EC / List no: 273-320-3 | CAS no: 68956-81-0 Bis(ethylenediamine)cadmium(2+) bis[dicyanoaurate(1-)] EC / List no: 242-708-4 | CAS no: 18974-20-4 Cadmium o-toluate EC / List no: 257-860-7 | CAS no: 52337-78-7 Cadmium isooctyl phthalate (1:2:2) EC / List no: 304-193-5 | CAS no: 94247-16-2 cross-category REACH SVHC candidate list ECHA European Union Candidate list Carcinogenic (Article 57a)""Mutagenic (Article 57b)""Toxic for reproduction (Article 57c)""Specific target organ toxicity after repeated exposure (Article 57(f) - human health)",source_context_only,source_context_only
"Indium phosphide cross-category cancer OEHHA California, USA Listed cancer",warning_or_hazard_listed,restricted_or_thresholded
"Lead acetate cross-category cancer OEHHA California, USA Listed cancer",restricted_or_thresholded,restricted_or_thresholded
"Primidone cross-category cancer OEHHA California, USA Listed cancer",warning_or_hazard_listed,restricted_or_thresholded
"Chloroform cross-category cancer OEHHA California, USA Listed cancer",restricted_or_thresholded,restricted_or_thresholded
"Hexachloroethane cross-category cancer OEHHA California, USA Listed cancer",restricted_or_thresholded,restricted_or_thresholded
"Halothane cross-category developmental toxicity OEHHA California, USA Listed developmental toxicity",warning_or_hazard_listed,warning_or_hazard_listed
"2-Bromopropane (2-BP) cross-category cancer OEHHA California, USA Listed cancer",warning_or_hazard_listed,warning_or_hazard_listed
Colchicine cosmetics all cosmetic products Health Canada Canada Prohibited,banned_or_prohibited,banned_or_prohibited
"Trimetrexate glucuronate cross-category developmental toxicity OEHHA California, USA Listed developmental toxicity",warning_or_hazard_listed,warning_or_hazard_listed
"Trimethadione cross-category developmental toxicity OEHHA California, USA Listed developmental toxicity",warning_or_hazard_listed,warning_or_hazard_listed
"Mixture of 5-chloro-2-methyl-4-isothiazolin-3-one (CAS Reg. No. 26172-55-4) and 2-methyl-4-isothiazolin-3-one (CAS Reg. No. 2682-20-4) at a ratio of 3 parts to 1 part by weight. cosmetics b) Rinse-off products Note: MCI is only permitted when present in combination with MI. If MI/MCI is present in a formulation with MI alone, the cumulative, total concentration of MI/MCI and MI may not exceed 0.0015%. Health Canada Canada Restricted",restricted_or_thresholded,restricted_or_thresholded
"Zileuton cross-category cancer OEHHA California, USA Listed cancer",warning_or_hazard_listed,restricted_or_thresholded
Arsenic and its compounds toys; child care Scraped-off toy material ECHA / European Commission European Union banned if exceeded limit Chemical restriction in toy materials under the EU Toy Safety Directive,banned_or_prohibited,banned_or_prohibited
Lead cross-category REACH SVHC candidate list ECHA European Union Candidate list Toxic for reproduction (Article 57c),source_context_only,source_context_only
"Cyclophosphamide (hydrated) cross-category cancer OEHHA California, USA Listed cancer",restricted_or_thresholded,restricted_or_thresholded
"Diethyl sulfate cross-category REACH SVHC candidate list ECHA European Union Candidate list Carcinogenic (Article 57a)""Mutagenic (Article 57b)",source_context_only,source_context_only
"Atrazine cross-category female reproductive toxicity OEHHA California, USA Listed female reproductive toxicity",restricted_or_thresholded,warning_or_hazard_listed
"3,9-Dinitrofluoranthene cross-category cancer OEHHA California, USA Listed cancer",warning_or_hazard_listed,restricted_or_thresholded
"Methotrexate sodium cross-category developmental toxicity OEHHA California, USA Listed developmental toxicity",warning_or_hazard_listed,warning_or_hazard_listed
"Spirodiclofen cross-category cancer OEHHA California, USA Listed cancer",warning_or_hazard_listed,restricted_or_thresholded
"Selenium sulfide cross-category cancer OEHHA California, USA Listed cancer",warning_or_hazard_listed,restricted_or_thresholded
"Lead cross-category REACH SVHC candidate list ECHA European Union Candidate list Carcinogenic (Article 57a)""Toxic for reproduction (Article 57c)",source_context_only,source_context_only
Mixture of 5-chloro-2-methyl-4-isothiazolin-3-one (CAS Reg. No. 26172-55-4) and 2-methyl-4-isothiazolin-3-one (CAS Reg. No. 2682-20-4) at a ratio of 3 parts to 1 part by weight. cosmetics a) Not permitted in leave-on products. Health Canada Canada Restricted,restricted_or_thresholded,restricted_or_thresholded
"Acetaldehyde cross-category cancer OEHHA California, USA Listed cancer",restricted_or_thresholded,restricted_or_thresholded
"Secobarbital sodium cross-category developmental toxicity OEHHA California, USA Listed developmental toxicity",warning_or_hazard_listed,warning_or_hazard_listed
"Phenol cross-category REACH SVHC candidate list ECHA European Union Candidate list Toxic for reproduction (Article 57c)""Endocrine disrupting properties (Article 57(f) - environment)""Endocrine disrupting properties (Article 57(f) - human health)",source_context_only,source_context_only
Phenol cross-category REACH SVHC candidate list ECHA European Union Candidate list Endocrine disrupting properties (Article 57(f) - environment),source_context_only,source_context_only
"N-Methylpyrrolidone cross-category developmental toxicity OEHHA California, USA Listed developmental toxicity",restricted_or_thresholded,warning_or_hazard_listed
"Medroxyprogesterone acetate cross-category cancer OEHHA California, USA Listed cancer",warning_or_hazard_listed,warning_or_hazard_listed
"Nickel oxide cross-category cancer OEHHA California, USA Listed cancer",warning_or_hazard_listed,restricted_or_thresholded
"2,4,6-Trichlorophenol cross-category cancer OEHHA California, USA Listed cancer",restricted_or_thresholded,restricted_or_thresholded
Methotrexate cosmetics all cosmetic products Health Canada Canada Prohibited,banned_or_prohibited,banned_or_prohibited
"Acetohydroxamic acid cross-category developmental toxicity OEHHA California, USA Listed developmental toxicity",warning_or_hazard_listed,warning_or_hazard_listed
"Norethisterone (Norethindrone) cross-category developmental toxicity OEHHA California, USA Listed developmental toxicity",warning_or_hazard_listed,warning_or_hazard_listed
All-trans retinoic acid cosmetics all cosmetic products Health Canada Canada Prohibited,banned_or_prohibited,banned_or_prohibited
"Benzo[b]fluoranthene cross-category cancer OEHHA California, USA Listed cancer",restricted_or_thresholded,restricted_or_thresholded
"Formaldehyde bed and bath; furniture; cabinets composite wood products used in household goods such as vanities, shelving, cabinets and similar products US EPA United States emission limit Formaldehyde emission from regulated composite wood products",restricted_or_thresholded,restricted_or_thresholded
"Butabarbital sodium cross-category developmental toxicity OEHHA California, USA Listed developmental toxicity",warning_or_hazard_listed,warning_or_hazard_listed
"1,2-Dibromo-3-chloropropane (DBCP) cross-category cancer OEHHA California, USA Listed cancer",restricted_or_thresholded,restricted_or_thresholded
"Dicyclohexyl phthalate cross-category REACH SVHC candidate list ECHA European Union Candidate list Toxic for reproduction (Article 57c)""Endocrine disrupting properties (Article 57(f) - human health)",source_context_only,source_context_only
Antimony and its compounds toys; child care Scraped-off toy material ECHA / European Commission European Union banned if exceeded limit Chemical restriction in toy materials under the EU Toy Safety Directive,banned_or_prohibited,banned_or_prohibited
Phenol cross-category REACH SVHC candidate list ECHA European Union Candidate list Endocrine disrupting properties (Article 57(f) - environment),source_context_only,source_context_only
"Thiourea cross-category cancer OEHHA California, USA Listed cancer",restricted_or_thresholded,restricted_or_thresholded
"N-Nitrosonornicotine cross-category cancer OEHHA California, USA Listed cancer",restricted_or_thresholded,restricted_or_thresholded
"A mixture of 2-ethylhexyl acrylate (CAS Reg. No. 103-11-7), acrylic acid (CAS Reg. No. 79-10-7), methacrylic acid (CAS Reg. No. 79-41-4), methyl methacrylate (CAS Reg. No. 80-62-6) and styrene (CAS Reg. No. 100-42-5). cross-category cancer OEHHA California, USA Listed cancer",warning_or_hazard_listed,restricted_or_thresholded
"Diethylstilbestrol (DES) cross-category cancer OEHHA California, USA Listed cancer",restricted_or_thresholded,restricted_or_thresholded
"Topiramate cross-category developmental toxicity OEHHA California, USA Listed developmental toxicity",warning_or_hazard_listed,warning_or_hazard_listed
"Methylmercury compounds cross-category cancer OEHHA California, USA Listed cancer",warning_or_hazard_listed,restricted_or_thresholded
"Ethyl-4,4'-dichlorobenzilate cross-category cancer OEHHA California, USA Listed cancer",restricted_or_thresholded,restricted_or_thresholded
"DDE (Dichlorodiphenyl-dichloroethylene) cross-category developmental toxicity OEHHA California, USA Listed developmental toxicity",warning_or_hazard_listed,warning_or_hazard_listed
Phenol cross-category REACH SVHC candidate list ECHA European Union Candidate list Endocrine disrupting properties (Article 57(f) - environment),source_context_only,source_context_only
"Testosterone and its esters cross-category cancer OEHHA California, USA Listed cancer",warning_or_hazard_listed,warning_or_hazard_listed
"Aristolochic acids cross-category cancer OEHHA California, USA Listed cancer",warning_or_hazard_listed,restricted_or_thresholded
"Ergotamine tartrate cross-category developmental toxicity OEHHA California, USA Listed developmental toxicity",warning_or_hazard_listed,warning_or_hazard_listed
Trichloroacetic acid cosmetics all cosmetic products Health Canada Canada Prohibited,banned_or_prohibited,banned_or_prohibited
Methyleugenol cosmetics d) Other leave-on products and in oral hygiene products Health Canada Canada Restricted,restricted_or_thresholded,restricted_or_thresholded
"Chrysene cross-category REACH SVHC candidate list ECHA European Union Candidate list Carcinogenic (Article 57a)""PBT (Article 57d)""vPvB (Article 57e)",source_context_only,source_context_only
"4,4'-Methylenedianiline dihydrochloride cross-category cancer OEHHA California, USA Listed cancer",restricted_or_thresholded,restricted_or_thresholded
"2-Chloronitrobenzene cross-category cancer OEHHA California, USA Listed cancer",warning_or_hazard_listed,restricted_or_thresholded
"All-trans retinoic acid cross-category developmental toxicity OEHHA California, USA Listed developmental toxicity",warning_or_hazard_listed,warning_or_hazard_listed
"Thiouracil cross-category cancer OEHHA California, USA Listed cancer",warning_or_hazard_listed,restricted_or_thresholded
"Dibenzo[a,h]pyrene cross-category cancer OEHHA California, USA Listed cancer",restricted_or_thresholded,restricted_or_thresholded
Selenium and its compounds toys; child care Scraped-off toy material ECHA / European Commission European Union banned if exceeded limit Chemical restriction in toy materials under the EU Toy Safety Directive,banned_or_prohibited,banned_or_prohibited
"Ganciclovir cross-category cancer OEHHA California, USA Listed cancer",warning_or_hazard_listed,restricted_or_thresholded
Methimazole cosmetics all cosmetic products Health Canada Canada Prohibited,banned_or_prohibited,banned_or_prohibited
"4-Nitrobiphenyl cross-category cancer OEHHA California, USA Listed cancer",warning_or_hazard_listed,restricted_or_thresholded
Tetrabromobisphenol A cross-category REACH SVHC candidate list ECHA European Union Candidate list Carcinogenic (Article 57a),source_context_only,source_context_only
"N-Nitrososarcosine cross-category cancer OEHHA California, USA Listed cancer",warning_or_hazard_listed,restricted_or_thresholded
D&C Orange No. 17 cosmetics all cosmetic products Health Canada Canada Prohibited,banned_or_prohibited,banned_or_prohibited
"Ethylene glycol monoethyl ether cross-category developmental toxicity OEHHA California, USA Listed developmental toxicity",restricted_or_thresholded,restricted_or_thresholded
"Sulindac cross-category female reproductive toxicity OEHHA California, USA Listed female reproductive toxicity",warning_or_hazard_listed,warning_or_hazard_listed
"Diisopropyl sulfate cross-category cancer OEHHA California, USA Listed cancer",warning_or_hazard_listed,restricted_or_thresholded
"1-Bromopropane (1-BP) cross-category male reproductive toxicity OEHHA California, USA Listed male reproductive toxicity",warning_or_hazard_listed,warning_or_hazard_listed
Phenol cross-category REACH SVHC candidate list ECHA European Union Candidate list Endocrine disrupting properties (Article 57(f) - environment),source_context_only,source_context_only
"1,1,1-Trichloroethane cross-category cancer OEHHA California, USA Listed cancer",warning_or_hazard_listed,restricted_or_thresholded
"p-Nitrosodiphenylamine cross-category cancer OEHHA California, USA Listed cancer",restricted_or_thresholded,restricted_or_thresholded
"Cisplatin cross-category cancer OEHHA California, USA Listed cancer",warning_or_hazard_listed,restricted_or_thresholded
Aniline cosmetics all cosmetic products Health Canada Canada Prohibited,banned_or_prohibited,banned_or_prohibited
"Antimony oxide (Antimony trioxide) cross-category cancer OEHHA California, USA Listed cancer",restricted_or_thresholded,restricted_or_thresholded
"Bevacizumab cross-category developmental toxicity OEHHA California, USA Listed developmental toxicity",warning_or_hazard_listed,warning_or_hazard_listed
"Carboplatin cross-category developmental toxicity OEHHA California, USA Listed developmental toxicity",warning_or_hazard_listed,warning_or_hazard_listed
"Di-n-propyl isocinchomeronate (MGK Repellent 326) cross-category cancer OEHHA California, USA Listed cancer",warning_or_hazard_listed,restricted_or_thresholded
"Talc containing asbestiform fibers cosmetics e) Other products in loose powder form (for example, dry shampoo, foot powder) Health Canada Canada Restricted",restricted_or_thresholded,restricted_or_thresholded
"Di-n-hexyl phthalate cross-category female reproductive toxicity OEHHA California, USA Listed female reproductive toxicity",restricted_or_thresholded,warning_or_hazard_listed
"Tin and its compounds toys; child care Dry, brittle, powder-like or pliable toy material ECHA / European Commission European Union banned if exceeded limit Chemical restriction in toy materials under the EU Toy Safety Directive",banned_or_prohibited,banned_or_prohibited
Phenol cross-category REACH SVHC candidate list ECHA European Union Candidate list Toxic for reproduction (Article 57c),source_context_only,source_context_only
"DDT (Dichlorodiphenyl-trichloroethane) cross-category male reproductive toxicity OEHHA California, USA Listed male reproductive toxicity",warning_or_hazard_listed,warning_or_hazard_listed
"HC Blue 1 cross-category cancer OEHHA California, USA Listed cancer",restricted_or_thresholded,restricted_or_thresholded
"Polybrominated biphenyls cross-category developmental toxicity OEHHA California, USA Listed developmental toxicity",warning_or_hazard_listed,warning_or_hazard_listed
2-Nitropropane cosmetics a) Not permitted in cosmetics that contain amines or amides. Health Canada Canada Restricted,restricted_or_thresholded,restricted_or_thresholded
"Pimozide cross-category female reproductive toxicity OEHHA California, USA Listed female reproductive toxicity",warning_or_hazard_listed,warning_or_hazard_listed
"1,1-Dichloroethane cross-category cancer OEHHA California, USA Listed cancer",restricted_or_thresholded,restricted_or_thresholded
Safrole cosmetics all cosmetic products Health Canada Canada Prohibited,banned_or_prohibited,banned_or_prohibited
"Rifampin cross-category developmental toxicity OEHHA California, USA Listed developmental toxicity",warning_or_hazard_listed,warning_or_hazard_listed
"Glu-P-2 (2-Aminodipyrido[1,2-a:3',2'-d]imidazole) cross-category cancer OEHHA California, USA Listed cancer",restricted_or_thresholded,restricted_or_thresholded
"magnesium perfluorobutanesulfonate cross-category REACH SVHC candidate list ECHA European Union Candidate list Equivalent level of concern having probable serious effects to human health (Article 57(f) - human health)""Equivalent level of concern having probable serious effects to the environment (Article 57(f) - environment)",source_context_only,source_context_only
"Acetazolamide cross-category developmental toxicity OEHHA California, USA Listed developmental toxicity",warning_or_hazard_listed,warning_or_hazard_listed
Hydrazine cross-category REACH SVHC candidate list ECHA European Union Candidate list Carcinogenic (Article 57a),source_context_only,source_context_only
"Coal-tar pitch cross-category cancer OEHHA California, USA Listed cancer",warning_or_hazard_listed,restricted_or_thresholded
"4,4'-Diaminodiphenyl ether (4,4'-Oxydianiline) cross-category REACH SVHC candidate list ECHA European Union Candidate list Carcinogenic (Article 57a)""Mutagenic (Article 57b)",source_context_only,source_context_only
"Norethisterone (Norethindrone) cross-category cancer OEHHA California, USA Listed cancer",warning_or_hazard_listed,restricted_or_thresholded
"2,4-Diaminoanisole sulfate cross-category cancer OEHHA California, USA Listed cancer",restricted_or_thresholded,restricted_or_thresholded
"Analgesic mixtures containing Phenacetin cross-category cancer OEHHA California, USA Listed cancer",warning_or_hazard_listed,restricted_or_thresholded
"Potassium cyanidef cross-category OEHHA California, USA Listed",restricted_or_thresholded,restricted_or_thresholded
"Resmethrin cross-category developmental toxicity OEHHA California, USA Listed developmental toxicity",warning_or_hazard_listed,warning_or_hazard_listed
"Androstenedione cross-category cancer OEHHA California, USA Listed cancer",warning_or_hazard_listed,restricted_or_thresholded
Phenol cross-category REACH SVHC candidate list ECHA European Union Candidate list Endocrine disrupting properties (Article 57(f) - environment),source_context_only,source_context_only
"Nitrilotriacetic acid cross-category cancer OEHHA California, USA Listed cancer",restricted_or_thresholded,restricted_or_thresholded
"Aminoglycosides cross-category developmental toxicity OEHHA California, USA Listed developmental toxicity",warning_or_hazard_listed,warning_or_hazard_listed
"Dichloromethane (Methylene chloride) cross-category cancer OEHHA California, USA Listed cancer",restricted_or_thresholded,restricted_or_thresholded
"Spironolactone cross-category cancer OEHHA California, USA Listed cancer",warning_or_hazard_listed,restricted_or_thresholded
"Etoposide in combination with cisplatin and bleomycin cross-category cancer OEHHA California, USA Listed cancer",warning_or_hazard_listed,restricted_or_thresholded
"Chlordane cross-category cancer OEHHA California, USA Listed cancer",restricted_or_thresholded,restricted_or_thresholded
"2-Methylaziridine (Propyleneimine) cross-category cancer OEHHA California, USA Listed cancer",restricted_or_thresholded,restricted_or_thresholded
Lead cross-category REACH SVHC candidate list ECHA European Union Candidate list Toxic for reproduction (Article 57c),source_context_only,source_context_only
"Formaldehyde, reaction products with branched and linear heptylphenol, carbon disulfide and hydrazine cross-category REACH SVHC candidate list ECHA European Union Candidate list Endocrine disrupting properties (Article 57(f) - environment)",source_context_only,source_context_only
"Nitrogen mustard hydrochloride (Mechlorethamine hydrochloride) cross-category cancer OEHHA California, USA Listed cancer",warning_or_hazard_listed,warning_or_hazard_listed
"Abiraterone acetate cross-category developmental toxicity OEHHA California, USA Listed developmental toxicity",warning_or_hazard_listed,warning_or_hazard_listed
"d Butyl benzyl phthalate MADL was adopted June 25, 2013, but pursuant to Government Code section 11343.4 it becomes effective October 1, 2013. cross-category OEHHA California, USA Listed",warning_or_hazard_listed,restricted_or_thresholded
Aniline toys; child care Toys intended for use by children under 36 months or in other toys intended to be placed in the mouth ECHA / European Commission European Union restricted Chemical restriction in toy materials under the EU Toy Safety Directive,restricted_or_thresholded,restricted_or_thresholded
"Nickel and its compounds Antimony oxide (Sb2O3), solid soln. with nickel oxide (NiO) and titanium oxide (TiO2) EC / List no: 277-627-3 | CAS no: 73892-02-1 Bis(5-oxo-L-prolinato-N1,O2)nickel EC / List no: 274-912-4 | CAS no: 70824-02-1 Nickel, bis[N-hydroxy-3-(hydroxyimino-κN)-N'-(2-methoxyphenyl)butanimidamidato-κN']- EC / List no: - | CAS no: 71605-83-9 Dipotassium tris(cyano-C)nickelate(2-) EC / List no: 254-261-2 | CAS no: 39049-81-5 Dinickel hexacyanoferrate EC / List no: 238-946-3 | CAS no: 14874-78-3 Nickel, 2,2'-thiobis[4-nonylphenol] complexes EC / List no: 287-356-2 | CAS no: 85480-75-7 Nickel EC / List no: 231-111-4 | CAS no: 7440-02-0 Aluminum boron cobalt lithium nickel oxide EC / List no: - | CAS no: 207803-51-8 Nickel ferrite brown spinel This substance is identified in the Colour Index by Colour Index Constitution Number, C.I. 77497. EC / List no: 269-071-5 | CAS no: 68187-10-0 Nickel, borate neodecanoate complexes EC / List no: 296-343-0 | CAS no: 92502-55-1 Perchloric acid, nickel salt EC / List no: - | CAS no: 41743-88-8 Trinickel phosphide EC / List no: 822-331-7 | CAS no: 12059-19-7 Nickel Sulfide (Ni5S4) EC / List no: - | CAS no: 97599-07-0 Nickel, C4-10 fatty acids octanoate complexes EC / List no: 297-550-9 | CAS no: 93573-16-1 Tetrakis(trifluorophosphine)nickel EC / List no: 237-597-4 | CAS no: 13859-65-9 Nickel dichromate EC / List no: 239-646-5 | CAS no: 15586-38-6 [N,N',N'',N'''-tetrakis[4-(4,5-dihydro-3-methyl-5-oxo-1H-pyrazol-1-yl)phenyl]-29H,31H-phthalocyaninetetrasulphonamidato(2-)-N29,N30,N31,N32]nickel EC / List no: 277-174-1 | CAS no: 72986-45-9 2,3-dihydroxypropyl (dihydrogen phosphate), nickel salt (1:1) EC / List no: 269-946-1 | CAS no: 68391-37-7 Nickel dibromate EC / List no: 238-596-1 | CAS no: 14550-87-9 Nickelate(6-), [4-[[5-[[(3,6-dichloro-4-pyridazinyl)carbonyl]amino]-2-sulfophenyl]azo]-4,5-dihydro-5-oxo-1-[2-sulfo-5-[[(trisulfo-29H,31H-phthalocyaninyl)sulfonyl]amino]phenyl]-1H-pyrazole-3-carboxylato(8-)-N29,N30,N31,N32]-, hexasodium EC / List no: 299-467-3 | CAS no: 93891-86-2 Nickel chloride EC / List no: 253-399-0 | CAS no: 37211-05-5 Nickel, [29H,31H-phthalocyaninato(2-)-[?]N29,[?]N30,[?]N31,[?]N32]-, sulfo [[4-[[2-(sulfooxy)ethyl]sulfonyl]phenyl]amino]sulfonyl derivs., sodium salts EC / List no: 603-528-5 | CAS no: 131866-99-4 Nickel arsenide EC / List no: 248-169-1 | CAS no: 27016-75-7 Nickel, C5-23-branched carboxylate naphthenate complexes EC / List no: 295-925-1 | CAS no: 92200-98-1 Nickel isooctanoate EC / List no: 248-585-3 | CAS no: 27637-46-3 Nickel, [6,8,16,18-tetrachloro-1,11-bis(2-furanylmethyl)-1,10,11,20-tetrahydrodibenzo[c,j]dipyrazolo[3,4-f:3',4'-m][1,2,5,8,9,12]hexaazacyclotetradecinato(2-)-N5,N10,N15,N20]- EC / List no: 616-726-1 | CAS no: 79745-01-0 Carbonic acid, nickel(2+) salt (1:1), hexahydrate EC / List no: - | CAS no: 17030-82-9 [carbonato(2-)]tetrahydroxytrinickel EC / List no: 235-715-9 | CAS no: 12607-70-4 Bis(1-nitrosonaphthalen-2-olato-N1,O2)nickel EC / List no: 238-380-7 | CAS no: 14406-66-7 Olivine, nickel green An inorganic pigment that is the reaction product of high temperature calcination in which nickel (II) oxide and silicon oxide in varying amounts are homogeneously and ionically interdiffused to form a crystalline matrix of olivine. Its composition may include any one or a combination of the modifiers alkali or alkaline earth halides. EC / List no: 271-112-7 | CAS no: 68515-84-4 Nickel arsenide sulfide EC / List no: - | CAS no: 12255-10-6 Nickel, aqua[2-[2-[4,5-dihydro-3-methyl-5-(oxo-κO)-1H-pyrazol-4-yl]diazenyl-κN1]benzoato(2-)-κO]- EC / List no: - | CAS no: 106316-55-6 (isodecanoato-O)(isononanoato-O)nickel EC / List no: 284-348-0 | CAS no: 84852-36-8 Dialuminium nickel tetraoxide EC / List no: 234-454-8 | CAS no: 12004-35-2 Bis[3-[(4-chlorophenyl)azo]quinoline-2,4(1H,3H)-dionato]nickel EC / List no: 257-521-3 | CAS no: 51931-46-5 Bis[di(3,5,5-trimethylhexyl)dithiocarbamato-S,S']nickel EC / List no: 283-380-2 | CAS no: 84604-95-5 Bis(triphenylphosphine)nickel(II) chloride EC / List no: 238-154-8 | CAS no: 14264-16-5 Nickel titanium trioxide EC / List no: 234-825-4 | CAS no: 12035-39-1 Trinickel bis(orthophosphate) EC / List no: 233-844-5 | CAS no: 10381-36-9 Cobalt titanite green spinel This substance is identified in the Colour Index by Colour Index Constitution Number, C.I. 77377. EC / List no: 269-047-4 | CAS no: 68186-85-6 Nickel di(acetate) EC / List no: 206-761-7 | CAS no: 373-02-4 Nickel(2+) stearate EC / List no: 218-744-1 | CAS no: 2223-95-2 Nickel difluoride EC / List no: 233-071-3 | CAS no: 10028-18-9 Nickel tungsten tetraoxide EC / List no: 238-032-4 | CAS no: 14177-51-6 Residues, copper-iron-lead-nickel matte, sulfuric acid-insol. EC / List no: 310-050-8 | CAS no: 102110-49-6 Nickel iron chromite black spinel This substance is identified in the Colour Index by Colour Index Constitution Number, C.I. 77504. EC / List no: 275-738-1 | CAS no: 71631-15-7 Silicic acid, nickel salt EC / List no: 253-461-7 | CAS no: 37321-15-6 Dihydrogen [[N,N'-ethylenebis[N-(carboxymethyl)glycinato]](4-)-N,N',O,O',ON,ON']nickelate(2-) EC / List no: 247-019-2 | CAS no: 25481-21-4 Tris(4,7-diphenyl-1,10-phenanthroline-N1,N10)nickel(2+) dinitrate EC / List no: 254-127-3 | CAS no: 38780-90-4 Nickel, compound with Titanium (1:1) EC / List no: 610-765-8 | CAS no: 52013-44-2 Nickel(2+) palmitate EC / List no: 237-138-8 | CAS no: 13654-40-5 Nickel(2+), tris(1,2-ethanediamine-κN,κN')-, (OC-6-11)-, salt with dimethylbenzenesulfonic acid (1:2) EC / List no: - | CAS no: 71215-97-9 Nickel(2+) acrylate EC / List no: 262-383-2 | CAS no: 60700-37-0 Hexaamminenickel(2+) bis[tetrafluoroborate(1-)] EC / List no: 237-638-6 | CAS no: 13877-20-8 1000 NN Ferrite EC / List no: 629-315-7 | CAS no: 12645-50-0 Nickel, [29H,31H-phthalocyaninato(2-)-[?]N29,[?]N30,[?]N31,[?]N32]-, [[3-[(5-chloro-6-fluoro-4-pyrimidinyl)amino]phenyl]amino]sulfonyl sulfo derivs., sodium salts EC / List no: 603-857-4 | CAS no: 134737-17-0 Nickel bis(dihydrogen phosphate) EC / List no: 242-522-3 | CAS no: 18718-11-1 Nickel acrylate EC / List no: 257-066-0 | CAS no: 51222-18-5 Lanthanum, compound with nickel (1:5) EC / List no: 235-372-5 | CAS no: 12196-72-4 Nickel, bis[(2-phenyldiazenecarbothioic acid-κS) 2-phenylhydrazidato-κN2]- EC / List no: - | CAS no: 12213-15-9 Phosphoric acid,compounds,nickel(2+) zinc salt (2:1:2) EC / List no: - | CAS no: 90053-13-7 [2,3'-bis[[(2-hydroxyphenyl)methylene]amino]but-2-enedinitrilato(2-)-N2,N3,O2,O3]nickel EC / List no: 265-022-7 | CAS no: 64696-98-6 Pentaammonium hydrogen [[[ethylenebis[nitrilobis(methylene)]]tetrakis[phosphonato]](8-)]nickelate(6-) EC / List no: 273-375-3 | CAS no: 68958-86-1 Phosphoric acid,compounds,nickel(2+) zinc salt (2:1:2) tetrahydrate EC / List no: - | CAS no: 501953-51-1 Tripotassium [N,N-bis(phosphonomethyl)glycinato(5-)]nickelate(3-) EC / List no: 264-360-2 | CAS no: 63597-34-2 Nickel dihydroxide hydrate EC / List no: - | CAS no: 36897-37-7 Nickel telluride EC / List no: 235-260-6 | CAS no: 12142-88-0 Hexakis(1H-imidazole-N3)nickel(2+) dichloride EC / List no: 239-841-5 | CAS no: 15751-00-5 Nickel bis(benzenesulphonate) EC / List no: 254-642-3 | CAS no: 39819-65-3 Bis(ethane-1,2-diamine-N,N')nickel(2+) bis[bis(cyano-C)aurate(1-)] EC / List no: 273-379-5 | CAS no: 68958-89-4 Hydrogen pentasodium [[[ethylenebis[nitrilobis(methylene)]]tetrakis[phosphonato]](8-)]nickelate(6-) EC / List no: 273-377-4 | CAS no: 68958-88-3 Dinickel diphosphate EC / List no: 238-426-6 | CAS no: 14448-18-1 Dinickel trioxide EC / List no: 215-217-8 | CAS no: 1314-06-3 [29H,31H-phthalocyaninetetrasulphonyl tetrachloridato(2)-N29,N30,N31,N32 ]nickel EC / List no: 249-155-8 | CAS no: 28680-76-4 Hexaamminenickel(2+) diformate EC / List no: 272-149-1 | CAS no: 68758-60-1 Nickel tellurium trioxide EC / List no: 239-967-0 | CAS no: 15851-52-2 Slags, ferronickel-manufg. By-product from the production of ferronickel from a complex ore. Consists primarily of oxides of aluminum, iron, magnesium and silicon. EC / List no: 273-729-7 | CAS no: 69012-29-9 Nickel hydride EC / List no: - | CAS no: 37187-84-1 Nickel monoxide EC / List no: 215-215-7 | CAS no: 1313-99-1 Molybdenum nickel hydroxide oxide phosphate EC / List no: 268-585-7 | CAS no: 68130-36-9 Diammonium nickel bis(hydrogen citrate) EC / List no: 268-176-3 | CAS no: 68025-13-8 Nickel, [29H,31H-phthalocyaninato(2-)-κN29,κN30,κN31,κN32]-, sulfo [[4-[[2-(sulfooxy)ethyl]sulfonyl]phenyl]amino]sulfonyl derivs., potassium sodium salts EC / List no: - | CAS no: 113894-88-5 Trinickel bis(arsenate) EC / List no: 236-771-7 | CAS no: 13477-70-8 Neodecanoic acid, nickel salt EC / List no: 257-447-1 | CAS no: 51818-56-5 Diiron nickel zinc tetraoxide EC / List no: 306-902-3 | CAS no: 97435-21-7 [[2,2'-thiobis[3-octylphenolato]](2-)-O,O',S]nickel EC / List no: 251-715-1 | CAS no: 33882-09-6 Nickel, [[2,2'-[methylenebis(thio-κS)]bis[acetato-κO]](2-)]- EC / List no: - | CAS no: 71215-73-1 Nickel(II) fumarate EC / List no: 228-501-1 | CAS no: 6283-67-6 Spinels, cobalt nickel zinc grey EC / List no: 305-835-7 | CAS no: 95046-47-2 Nickel hexafluorozirconate(2-) EC / List no: 250-370-4 | CAS no: 30868-55-4 Nickel, C4-10 fatty acids naphthenate complexes EC / List no: 297-549-3 | CAS no: 93573-15-0 Bis(pentane-2,4-dionato-O,O')nickel EC / List no: 221-875-7 | CAS no: 3264-82-2 Nickel dihydroxide EC / List no: 235-008-5 | CAS no: 12054-48-7 Aluminum, triethyl-, reaction products with nickel(2+) 2-ethylhexanoate (1:2) EC / List no: - | CAS no: 79357-65-6 Nickel, C5-25-branched carboxylate naphthenate octanoate complexes EC / List no: 295-926-7 | CAS no: 92200-99-2 Nickel zirconium trioxide EC / List no: 274-755-1 | CAS no: 70692-93-2 Triammonium hydrogen [[[nitrilotris(methylene)]tris[phosphonato]](6-)]nickelate(4-) EC / List no: 267-961-8 | CAS no: 67968-22-3 Bis[stilbene-α,β-dithiolato(2-)]nickel EC / List no: 249-353-4 | CAS no: 28984-20-5 Nickel(2+) neoundecanoate EC / List no: 300-093-0 | CAS no: 93920-09-3 Nickel carbide EC / List no: 640-090-4 | CAS no: 12710-36-0 Nickel boride EC / List no: 234-493-0 | CAS no: 12007-00-0 Nickel, borate C8-10-branched carboxylate complexes EC / List no: 291-674-7 | CAS no: 90459-31-7 Nickel, compound with tin (3:1) EC / List no: 235-034-7 | CAS no: 12059-23-3 Zinc sulfide (ZnS), nickel and silver-doped EC / List no: 270-961-0 | CAS no: 68512-22-1 Tetrakis(tritolyl phosphite )nickel EC / List no: 252-777-2 | CAS no: 35884-66-3 Cassiterite, cobalt manganese nickel grey EC / List no: 309-018-6 | CAS no: 99749-23-2 Nickel(2+) dihydrogen bis[R-(R*,R*)]-tartrate EC / List no: 267-894-4 | CAS no: 67952-41-4 Di-μ-carbonylbis(η5-2,4-cyclopentadien-1-yl)dinickel EC / List no: 235-339-5 | CAS no: 12170-92-2 Dicarbonylbis(triphenylphosphine)nickel EC / List no: 235-851-9 | CAS no: 13007-90-4 Hydrogen pentapotassium [[[ethylenebis[nitrilobis(methylene)]]tetrakis[phosphonato]](8-)]nickelate(6-) EC / List no: 273-376-9 | CAS no: 68958-87-2 Nickel dibromide EC / List no: 236-665-0 | CAS no: 13462-88-9 Nickel methacrylate EC / List no: 304-466-9 | CAS no: 94275-78-2 Nickel carbonate EC / List no: 222-068-2 | CAS no: 3333-67-3 Nickel, [N,N',N''-tris[4-(4,5-dihydro-3-methyl-5-oxo-1H-pyrazol-1-yl)phenyl]-29H,31H-phthalocyanine-C,C,C-trisulfonamidato(2-)-κN29,κN30,κN31,κN32]- EC / List no: - | CAS no: 72252-57-4 Cobalt dimolybdenum nickel octaoxide EC / List no: 268-169-5 | CAS no: 68016-03-5 Nickel(2+) selenite EC / List no: 233-263-7 | CAS no: 10101-96-9 Dihydrogen hexasodium bis[3-[(2-amino-8-hydroxy-6-sulpho-1-naphthyl)azo]-2-hydroxy-5-sulphobenzoato(5-)]nickelate(8-) EC / List no: 276-364-1 | CAS no: 72139-08-3 Trihydrogen hydroxybis[orthosilicato(4-)]trinickelate(3-) EC / List no: 235-688-3 | CAS no: 12519-85-6 Bis[bis(2-ethylhexyl)dithiocarbamato-S,S']nickel EC / List no: 238-400-4 | CAS no: 14428-08-1 Rammelsbergite (NiAs2) EC / List no: - | CAS no: 1303-22-6 Antimony, compound with nickel (1:1) EC / List no: 234-827-5 | CAS no: 12035-52-8 Tetrasodium [[[(3-amino-4-sulphophenyl)amino]sulphonyl]-29H,31H-phthalocyaninetrisulphonato(6-)-N29,N30,N31,N32]nickelate(4-) EC / List no: 300-365-9 | CAS no: 93939-76-5 Nickel, [N-(4-chlorophenyl)-3-[2-[[1-(4-chlorophenyl)-4,5-dihydro-3-methyl-5-(oxo-κO)-1H-pyrazol-4-yl]methylene]hydrazinylidene-κN2]-α-cyano-1H-isoindole-3-acetamidato(2-)-κN2,κO3]- EC / List no: - | CAS no: 106887-33-6 (2-ethylhexanoato-O)(isodecanoato-O)nickel EC / List no: 284-351-7 | CAS no: 84852-39-1 Bis[1-[4-(dimethylamino)phenyl]-2-phenylethylene-1,2-dithiolato(2-)-S,S']nickel EC / List no: 253-958-9 | CAS no: 38465-55-3 Nickel fluoride (NiF2), tetrahydrate EC / List no: 604-130-4 | CAS no: 13940-83-5 Bis(5-oxo-DL-prolinato-N1,O2)nickel EC / List no: 285-069-7 | CAS no: 85026-81-9 Nickel oxalate EC / List no: 208-933-7 | CAS no: 547-67-1 Nickel bis(isononanoate) EC / List no: 284-349-6 | CAS no: 84852-37-9 Nickel(2+) diethyl bis[[[3,5-bis(1,1-dimethylethyl)-4-hydroxyphenyl]methyl]phosphonate] EC / List no: 250-401-1 | CAS no: 30947-30-9 Acetic acid, nickel(2+) salt (2:1), polymer with formaldehyde and 4-(1,1,3,3-tetramethylbutyl)phenol EC / List no: - | CAS no: 71050-57-2 Nickel dinitrate EC / List no: 236-068-5 | CAS no: 13138-45-9 Citric acid , ammonium nickel salt EC / List no: 242-161-1 | CAS no: 18283-82-4 Bis(4-benzoyl-2,4-dihydro-5-methyl-2-phenyl-3H-pyrazol-3-onato-O,O')nickel EC / List no: 274-027-3 | CAS no: 69524-96-5 Fatty acids, (C=3-22), nickel salts, basic EC / List no: - | CAS no: 91845-72-6 Potassium [[N,N'-ethylenebis[N-(carboxymethyl)glycinato]](4-)-N,N',O,O',ON,ON']nickelate(1-) EC / List no: 267-686-3 | CAS no: 67906-12-1 Nickelate(Ni4O5)(1-), lithium EC / List no: - | CAS no: 67163-62-6 Nickelate(6-), [4-[2-[5-[[(3,6-dichloro-4-pyridazinyl)carbonyl]amino]-2-sulfophenyl]diazenyl]-4,5-dihydro-5-oxo-1-[5-[[(C,C,C-trisulfo-29H,31H-phthalocyanin-C-yl)sulfonyl]amino]-2-sulfophenyl]-1H-pyrazole-3-carboxylato(8-)-κN29,κN30,κN31,κN32]-, sodium EC / List no: - | CAS no: 113894-89-6 [[2,2'-thiobis[4-(1,1,3,3-tetramethylbutyl)phenolato]](2-)-O,O',S]nickel EC / List no: 248-536-6 | CAS no: 27574-34-1 Matte, nickel Product of blowing smelted nickel ore in a converter to lower the iron content. EC / List no: 273-749-6 | CAS no: 69012-50-6 Resin acids and Rosin acids, calcium nickel salts EC / List no: 271-764-2 | CAS no: 68607-31-8 Nickel tin trioxide EC / List no: 234-824-9 | CAS no: 12035-38-0 Tetrakis(triphenylphosphine)nickel(0) EC / List no: 626-363-0 | CAS no: 15133-82-1 Trisodium [[[[3-[(4-amino-6-chloro-1,3,5-triazin-2-yl)amino]phenyl]amino]sulphonyl]tris(aminosulphonyl)-29H,31H-phthalocyaninetrisulphonato(5-)-N29,N30,N31,N32]nickelate(3-) EC / List no: 276-491-2 | CAS no: 72229-81-3 [29H,31H-phthalocyaninato(2-)-N29,N30,N31,N32]nickel EC / List no: 237-893-3 | CAS no: 14055-02-8 Waste solids, nickel-manuf. By-product from nickel production containing NiO, SiO2, CuO, and MnO and sulfur. EC / List no: 293-799-2 | CAS no: 91082-84-7 Nickel(2+) silicate EC / List no: 244-578-4 | CAS no: 21784-78-1 Dipotassium tetrafluoronickelate(2-) EC / List no: 237-595-3 | CAS no: 13859-60-4 Hydrogen [N,N-bis(carboxymethyl)glycinato(3-)-N,O,O',O'']nickelate(1-) EC / List no: 252-235-5 | CAS no: 34831-03-3 Nickel disilicide EC / List no: 235-379-3 | CAS no: 12201-89-7 Oxalic acid, nickel salt EC / List no: 243-867-2 | CAS no: 20543-06-0 Nickel diarsenide EC / List no: 235-103-1 | CAS no: 12068-61-0 Nickel dichlorate EC / List no: 267-897-0 | CAS no: 67952-43-6 Bis[2,3-bis(hydroxyimino)-N-phenylbutyramidato-N2,N3]nickel EC / List no: 249-503-9 | CAS no: 29204-84-0 (isononanoato-O)(neodecanoato-O)nickel EC / List no: 287-592-6 | CAS no: 85551-28-6 (isooctanoato-O)(neodecanoato-O)nickel EC / List no: 284-347-5 | CAS no: 84852-35-7 Nickel(2+) neodecanoate EC / List no: 287-469-7 | CAS no: 85508-44-7 Nickel Sulfide (Ni5S6) EC / List no: - | CAS no: 97599-08-1 Nickel triuranium decaoxide EC / List no: 239-876-6 | CAS no: 15780-33-3 Bis(6-methylheptane-2,4-dionato-O,O')nickel EC / List no: 238-536-4 | CAS no: 14522-99-7 Nickel(2+) trifluoroacetate EC / List no: 240-235-8 | CAS no: 16083-14-0 Sulfuric acid, nickel(2+) salt (1:1), trihydrate EC / List no: - | CAS no: 85017-75-0 Nickel bis(sulphamidate) EC / List no: 237-396-1 | CAS no: 13770-89-3 Nickel, dichloro[1,1'-(1,3-propanediyl)bis[1,1-diphenylphosphine-[?]P]]- EC / List no: 605-052-3 | CAS no: 15629-92-2 Nickel titanium oxide EC / List no: 235-752-0 | CAS no: 12653-76-8 Nickel dipotassium bis(sulphate) EC / List no: 237-563-9 | CAS no: 13842-46-1 2-ethylhexanoic acid;nickel;2,2,2-trifluoroacetic acid EC / List no: - | CAS no: 70776-98-6 Octadecanoic acid, nickel salt EC / List no: - | CAS no: 14448-69-2 Nickel sulfide (NiS2) EC / List no: 683-050-1 | CAS no: 12035-51-7 Nickel, bis[(cyano-κC)triphenylborato(1-)-κN]bis(hexanedinitrile-κN,κN')- EC / List no: - | CAS no: 83864-02-2 Nickel, bis[1-[4-(diethylamino)phenyl]-2-phenyl-1,2-ethenedithiolato(2-)-κS1,κS2]- EC / List no: - | CAS no: 51449-18-4 Nickel tellurium tetraoxide EC / List no: 239-974-9 | CAS no: 15852-21-8 Nickel(2+) neononanoate EC / List no: 300-094-6 | CAS no: 93920-10-6 Nickel sulfide (Ni(HS)2) EC / List no: - | CAS no: 27911-69-9 Dinickel silicide EC / List no: 235-033-1 | CAS no: 12059-14-2 Bis(quinolin-8-olato-N1,O8)nickel EC / List no: 237-950-2 | CAS no: 14100-15-3 Nickel silicate(3:4) EC / List no: 250-788-7 | CAS no: 31748-25-1 Bis(D-gluconato-O1,O2)nickel EC / List no: 276-205-6 | CAS no: 71957-07-8 Nickel(2+) sulphite EC / List no: 231-827-7 | CAS no: 7757-95-1 [μ-[[1,1',1'',1'''-[benzene-1,2,4,5-tetrayltetrakis(nitromethylidyne)]naphth-2-olato](4-)]]dinickel EC / List no: 245-028-6 | CAS no: 22484-07-7 [[1,1'-[1,2-phenylenebis(nitrilomethylidyne)]bis[2-naphtholato]](2-)-N,N',O,O']nickel EC / List no: 243-820-6 | CAS no: 20437-10-9 [μ-[carbonato(2-)-O:O']]dihydroxydinickel EC / List no: 265-748-4 | CAS no: 65405-96-1 Nickel(II) isodecanoate EC / List no: 287-468-1 | CAS no: 85508-43-6 Cobalt nickel gray periclase This substance is identified in the Colour Index by Colour Index Constitution Number, C.I. 77332. EC / List no: 269-051-6 | CAS no: 68186-89-0 Dinickel phosphide EC / List no: 234-828-0 | CAS no: 12035-64-2 Nickel silicide (NiSi) EC / List no: - | CAS no: 12035-57-3 Nickel Sulfide (Ni4S) EC / List no: - | CAS no: 67272-59-7 Nickel bis(tetrafluoroborate) EC / List no: 238-753-4 | CAS no: 14708-14-6 Resin acids and Rosin acids, nickel salts EC / List no: 269-826-9 | CAS no: 68334-36-1 Nickel acetate EC / List no: 239-086-1 | CAS no: 14998-37-9 Nickel diformate EC / List no: 222-101-0 | CAS no: 3349-06-2 molybdenum nickel oxide EC / List no: - | CAS no: 12673-58-4 [2,2'-[1,2-phenylenebis(nitrilomethylidyne)]-bis(phenolato)]-N,N',O,O'-nickel(II) BRUN JAUNE ESTOFIL S-3RL; BRUNO GIALLO ESTOFIL S-3RL EC / List no: 400-870-5 | CAS no: 14406-71-4 Dimethoxy[29H,31H-phthalocyaninato(2-)-N29,N30,N31,N32]nickel EC / List no: 281-282-4 | CAS no: 83898-70-8 lithium nickel dioxide EC / List no: 620-400-4 | CAS no: 12031-65-1 Nickelate(4-), [bis[[[3-[[4,5-dihydro-3-methyl-5-oxo-1-[4-[[2-(sulfooxy)ethyl]sulfonyl]phenyl]-1H-pyrazol-4-yl]azo]phenyl]amino]sulfonyl]-29H,31H-phthalocyaninedisulfonato(6-)-N29,N30,N31,N32]-, sodium EC / List no: 291-679-4 | CAS no: 90459-36-2 Trisodium [N,N-bis(phosphonomethyl)glycinato(5-)]nickelate(3-) EC / List no: 268-196-2 | CAS no: 68025-41-2 Bis(dipentyldithiocarbamato-S,S')nickel EC / List no: 252-937-1 | CAS no: 36259-37-7 [N-(carboxymethyl)glycinato(2-)-N,O,ON]nickel EC / List no: 237-618-7 | CAS no: 13869-33-5 (neononanoato-O)(neoundecanoato-O)nickel EC / List no: 300-092-5 | CAS no: 93920-08-2 Phosphinic acid, nickel(2+) salt, hexahydrate EC / List no: 603-867-9 | CAS no: 13477-97-9 Trinickel dicitrate EC / List no: 227-873-2 | CAS no: 6018-92-4 Bis[2,3-bis(hydroxyimino)-N-(2-methoxyphenyl)butyramidato]nickel EC / List no: 255-924-9 | CAS no: 42739-61-7 Triammonium [N,N-bis(phosphonomethyl)glycinato(5-)]nickelate(3-) EC / List no: 268-195-7 | CAS no: 68025-40-1 Nickel, [29H,31H-phthalocyaninato(2-)-N29,N30,N31,N32]-, chlorosulfonyl derivs., reaction products with 2-[(4-aminophenyl)sulfonyl]ethyl hydrogen sulfate monosodium salt, potassium sodium salts, compds. with pyridine EC / List no: 297-551-4 | CAS no: 93573-17-2 Trinickel bis[tetracosa-μ-oxododecaoxo[μ12-[phosphato(3-)-O:O:O:O':O':O':O'':O'':O'':O''':O''':O''']]dodecamolybdate(3-)] EC / List no: 235-531-9 | CAS no: 12263-13-7 Potassium [N,N-bis(carboxymethyl)glycinato(3-)-N,O,O',O'']nickelate(1-) EC / List no: 264-377-5 | CAS no: 63640-18-6 dinickel(2+) sodium bis(3-carboxy-5-[(E)-2-(7-oxido-2,6-disulfonaphthalen-1-yl)diazen-1-yl]-1H-1,2,4-triazol-1-ide) EC / List no: 443-510-2 | CAS no: 738587-10-5 [(2-amino-2-oxoethoxy)acetato(2-)]nickel EC / List no: 268-711-0 | CAS no: 68133-84-6 Ethyl hydrogen sulphate, nickel(2+) salt EC / List no: 275-897-7 | CAS no: 71720-48-4 [[N,N',N'',N'''-[29H,31H-phthalocyaninetetrayltetrakis(sulphonylimino-3,1-phenylene)]tetrakis[3-oxobutyramidato]](2-)-N29,N30,N31,N32]nickel EC / List no: 306-785-9 | CAS no: 97404-22-3 Nickel Black EC / List no: - | CAS no: 12125-56-3 Nickel, naphthenate neodecanoate complexes EC / List no: 287-802-6 | CAS no: 85585-99-5 Cobalt nickel dioxide EC / List no: 261-346-8 | CAS no: 58591-45-0 Trinickel disulphide EC / List no: 234-829-6 | CAS no: 12035-72-2 Disodium tetracyanonickelate(2-) EC / List no: 237-877-6 | CAS no: 14038-85-8 Bis(1,1,1,5,5,5-hexafluoropentane-2,4-dionato-O,O')nickel EC / List no: 239-028-5 | CAS no: 14949-69-0 Aluminiummagnesiumnickelsiliziumoxide EC / List no: - | CAS no: 198831-12-8 Lithium Nickel Manganese Cobalt Oxide EC / List no: 620-032-4 | CAS no: 346417-97-8 Nickel, [29H,31H-phthalocyaninato(2-)-κN29,κN30,κN31,κN32]-, [(3-aminophenyl)amino]sulfonyl sulfo derivs. EC / List no: - | CAS no: 68412-19-1 Speiss, lead, nickel-contg. Product obtained and separated during the melting of nickel and other non-ferrous metals containing raw materials. Consists primarily of antimonides and arsenides of copper and nickel. EC / List no: 308-765-5 | CAS no: 98246-91-4 Diphosphoric acid, nickel(2+) salt EC / List no: - | CAS no: 19372-20-4 Dichlorobis(tributylphosphine)nickel(II) EC / List no: 624-942-2 | CAS no: 15274-43-8 Zinc sulfide (ZnS), copper and nickel-doped EC / List no: 271-601-5 | CAS no: 68585-93-3 Nickel, tris(neodecanoato-.kappa.O)[.mu.3-[orthoborato(3-)-.kappa.O:.kappa.O':.kappa.O'']]tri- EC / List no: - | CAS no: 936576-64-6 Nickel, acetylacetone 6-methyl-2,4-heptanedione complexes EC / List no: 291-677-3 | CAS no: 90459-34-0 Nickel Sulfide (Ni3S5), trihydrate EC / List no: - | CAS no: 86498-45-5 Dicobalt(2+) nickel(2+) bis[2-hydroxypropane-1,2,3-tricarboxylate] EC / List no: 304-013-5 | CAS no: 94232-84-5 Antimony, compound with nickel (1:3) EC / List no: 235-676-8 | CAS no: 12503-49-0 (2-ethylhexanoato-O)(isooctanoato-O)nickel EC / List no: 284-350-1 | CAS no: 84852-38-0 Nickel, [29H,31H-phthalocyaninato(2-)-N29,N30,N31,N32]-, chlorosulfonyl derivs., reaction products with 2-[(4-aminophenyl)sulfonyl]ethyl hydrogen sulfate monosodium salt, sodium salts EC / List no: 305-644-9 | CAS no: 94891-43-7 Bis[N-(2-hydroxyethyl)-N-methylglycinato-N,O,ON]nickel EC / List no: 278-504-7 | CAS no: 76625-10-0 (isononanoato-O)(isooctanoato-O)nickel EC / List no: 287-471-8 | CAS no: 85508-46-9 Nickel barium titanium primrose priderite This substance is identified in the Colour Index by Colour Index Constitution Number, C.I. 77900. EC / List no: 271-853-6 | CAS no: 68610-24-2 (isodecanoato-O)(isooctanoato-O)nickel EC / List no: 285-909-2 | CAS no: 85166-19-4 Trisodium [5-[(4,5-dihydro-3-methyl-5-oxo-1-phenyl-1H-pyrazol-4-yl)azo]-4-hydroxy-3-[(2-hydroxy-3-nitro-5-sulphophenyl)azo]naphthalene-2,7-disulphonato(5-)]nickelate(3-) EC / List no: 279-314-7 | CAS no: 79817-91-7 Nickel dicyanide EC / List no: 209-160-8 | CAS no: 557-19-7 [[N,N',N''-[29H,31H-phthalocyaninetriyltris(sulphonylimino-3,1-phenylene)]tris[3-oxobutyramidato]](2-)-N29,N30,N31,N32]nickel EC / List no: 306-784-3 | CAS no: 97404-21-2 Nickel, compound with zirconium (1:2) EC / List no: 235-261-1 | CAS no: 12142-92-6 Nickel diiodide EC / List no: 236-666-6 | CAS no: 13462-90-3 Nickel(2+) octanoate EC / List no: 225-656-7 | CAS no: 4995-91-9 Tetracarbonylnickel EC / List no: 236-669-2 | CAS no: 13463-39-3 Nickel bis(dimethyldithiocarbamate) EC / List no: 239-560-8 | CAS no: 15521-65-0 Dinickel orthosilicate EC / List no: 237-411-1 | CAS no: 13775-54-7 Nickel bis(piperidine-1-carbodithioate) EC / List no: 255-387-0 | CAS no: 41476-75-9 Nickel hydride (NiH) EC / List no: 604-345-3 | CAS no: 14332-32-2 Nickel uranyl tetraacetate, of uranium depleted in uranium-235 EC / List no: 275-994-4 | CAS no: 71767-12-9 Nickel, 5,5'-azobis-2,4,6(1H,3H,5H)-pyrimidinetrione complexes EC / List no: 270-944-8 | CAS no: 68511-62-6 Nickel chromate EC / List no: 238-766-5 | CAS no: 14721-18-7 Nickel, [29H,31H-phthalocyaninato(2-)-N29,N30,N31,N32]-, sulfo [[4-[[2-(sulfooxy)ethyl]sulfonyl]phenyl]amino]sulfonyl derivs. EC / List no: 270-174-2 | CAS no: 68412-18-0 Nickel dithiocyanate EC / List no: 237-205-1 | CAS no: 13689-92-4 Dipotassium tetracyanoniccolate EC / List no: 238-082-7 | CAS no: 14220-17-8 Nickel disulfide EC / List no: - | CAS no: 12035-50-6 Diiron nickel tetraoxide EC / List no: 235-335-3 | CAS no: 12168-54-6 Nickel, isononanoate naphthenate complexes EC / List no: 287-801-0 | CAS no: 85585-98-4 Nickel sulphate EC / List no: 232-104-9 | CAS no: 7786-81-4 Trisodium [22-[[[3-[(5-chloro-2,6-difluoro-4-pyrimidinyl)amino]phenyl]amino]sulphonyl]-29H,31H-phthalocyanine-1,8,15-trisulphonato(5-)-N29,N30,N31,N32]nickelate(3-) EC / List no: 275-295-4 | CAS no: 71243-96-4 Nickel Sulfide (Ni9S5) EC / List no: - | CAS no: 98443-26-6 Nickel dichloride EC / List no: 231-743-0 | CAS no: 7718-54-9 Nickel dioxide EC / List no: 234-823-3 | CAS no: 12035-36-8 Nickel 3,5-bis(tert-butyl-4-hydroxybenzoate (1:2) EC / List no: 258-051-1 | CAS no: 52625-25-9 Diammonium tetrachloronickelate(2-) EC / List no: 308-989-3 | CAS no: 99587-11-8 Nickel divanadium hexaoxide EC / List no: 257-970-5 | CAS no: 52502-12-2 Nickel bis(phosphinate) EC / List no: 238-511-8 | CAS no: 14507-36-9 (propan-2-ol)[[2,2'-thiobis[4-(1,1,3,3-tetramethylbutyl)phenolato]](2-)-O,O',S]nickel EC / List no: 267-045-8 | CAS no: 67763-27-3 Molybdenum nickel tetraoxide EC / List no: 238-034-5 | CAS no: 14177-55-0 NICKEL(II) TRIFLUOROMETHANESULFONATE EC / List no: 663-776-5 | CAS no: 60871-84-3 Bis(2-heptadecyl-1H-imidazole-N3)bis(octanoato-O)nickel EC / List no: 272-799-6 | CAS no: 68912-08-3 Bis[(2-hydroxyethyl)dithiocarbamato-S,S']nickel EC / List no: 257-953-2 | CAS no: 52486-98-3 Nickel, C5-23-branched carboxylate C4-10-fatty acids naphthenate complexes EC / List no: 297-548-8 | CAS no: 93573-14-9 Nickel arsenide EC / List no: - | CAS no: 12795-30-1 (isodecanoato-O)(neodecanoato-O)nickel EC / List no: 287-467-6 | CAS no: 85508-42-5 Bis(butanedione dioximato)nickel EC / List no: 236-782-7 | CAS no: 13478-93-8 Bis(diethyldithiocarbamato-S,S')nickel EC / List no: 258-044-3 | CAS no: 52610-81-8 Polydymite (Ni3S4) EC / List no: - | CAS no: 12059-21-1 Formic acid, copper nickel salt EC / List no: 268-755-0 | CAS no: 68134-59-8 Sulfuric acid, nickel(2+) salt (1:1), dihydrate EC / List no: - | CAS no: 66634-47-7 Hydrogen [3,4-bis[[(2-hydroxy-1-naphthyl)methylene]amino]benzoato(3-)-N3,N4,O3,O4]nickelate(1-) EC / List no: 262-703-0 | CAS no: 61300-98-9 Bis(diethyldithiocarbamato-S,S')nickel EC / List no: 238-157-4 | CAS no: 14267-17-5 Nickel, bis(hexahydro-1H-azepine-1-carbodithioato-κS1,κS'1)-, (SP-4-1)- EC / List no: - | CAS no: 14434-67-4 Nickelate(6-), [22-[[[3-[[4,5-dihydro-3-methyl-5-oxo-1-[3-sulfo-4-[2-[2-sulfo-4-[(2,5,6-trichloro-4-pyrimidinyl)amino]phenyl]ethenyl]phenyl]-1H-pyrazol-4-yl]azo]-4-sulfophenyl]amino]sulfonyl]-29H,31H-phthalocyanine-1,8,15-trisulfonato(8-)-N29,N30,N31,N32]-, hexasodium, (SP-4-2)- EC / List no: 276-399-2 | CAS no: 72152-45-5 Bis(1-nitroso-2-naphtholato)nickel EC / List no: 235-829-9 | CAS no: 12794-26-2 Dichromium nickel tetraoxide EC / List no: 234-636-7 | CAS no: 12018-18-7 Diammonium nickel bis(sulphate) EC / List no: 239-793-5 | CAS no: 15699-18-0 Nickel niobium titanium yellow rutile This substance is identified in the Colour Index by Colour Index Constitution Number, C.I. 77895. EC / List no: 271-892-9 | CAS no: 68611-43-8 (butylamine)[[2,2'-thiobis[4-(1,1,3,3-tetramethylbutyl)phenolato]](2-)-O,O',S]nickel EC / List no: 238-523-3 | CAS no: 14516-71-3 Nickel, isodecanoate naphthenate complexes EC / List no: 287-800-5 | CAS no: 85585-97-3 Nickel Sulfide (Ni5S3) EC / List no: - | CAS no: 97599-06-9 Nickel, [29H,31H-phthalocyaninato(2-)-N29,N30,N31,N32]-, [[3-[(5-chloro-2,6-difluoro-4-pyrimidinyl)amino]phenyl]amino]sulfonyl sulfo derivs., sodium salts EC / List no: 291-678-9 | CAS no: 90459-35-1 [1,3-dihydro-5,6-bis[[(2-hydroxy-1-naphthyl)methylene]amino]-2H-benzimidazol-2-onato(2-)-N5,N6,O5,O6]nickel EC / List no: 255-965-2 | CAS no: 42844-93-9 Naphthenic acids, nickel salts EC / List no: 263-000-1 | CAS no: 61788-71-4 [[3-[1-cyano-2-(methylamino)-2-oxoethylidene]-2,3-dihydro-1H-isoindol-1-ylidene](salicylic)hydrazidato(2-)]nickel EC / List no: 288-967-7 | CAS no: 85958-80-1 Nickel(II) isooctanoate EC / List no: 249-555-2 | CAS no: 29317-63-3 Lithium Nickel Cobalt Aluminium Oxide EC / List no: 803-110-4 | CAS no: 193214-24-3 Tetrapotassium [[[nitrilotris(methylene)]tris[phosphonato]](6-)]nickelate(4-) EC / List no: 264-338-2 | CAS no: 63588-33-0 Nickel, dextrin complexes EC / List no: - | CAS no: 68412-20-4 Nickel selenate EC / List no: 239-125-2 | CAS no: 15060-62-5 Nickel ammonium sulfate hexahydrate EC / List no: 680-452-9 | CAS no: 7785-20-8 Bis(1H-1,2,4-triazole-3-sulphonato-N2,O3)nickel EC / List no: 287-849-2 | CAS no: 85586-46-5 Tetrasodium [bis[[[4-[[2-(sulphooxy)ethyl]sulphonyl]phenyl]amino]sulphonyl]-29H,31H-phthalocyaninedisulphonato(6)-N29,N30,N31,N32]nickelate(4-) EC / List no: 306-462-2 | CAS no: 97280-68-7 Nickel icosatitanium pentatriacontaoxide diwolframate EC / List no: 273-686-4 | CAS no: 69011-05-8 Copper, compound with lanthanum and nickel (4:1:1) EC / List no: 257-510-3 | CAS no: 51912-52-8 Nickel, acetate carbonate C8-10-branched fatty acids C9-11-neofatty acids complexes EC / List no: 291-673-1 | CAS no: 90459-30-6 Aluminium, compound with nickel (1:1) EC / List no: 234-439-6 | CAS no: 12003-78-0 Ethylenediaminetetraacetic Acid Disodium Nickel(II) Salt Hydrate EC / List no: 679-904-8 | CAS no: 11079-07-5 Copper, bis(8-quinolinolato-N1,O8)-, reaction products with C8-10-branched fatty acids, tert-decanoic acid, nickel(2+) diacetate, nickel(2+) carbonate (1:1) and nickel hydroxide (Ni(OH)2) EC / List no: 307-554-5 | CAS no: 97660-42-9 Waste solids, chromium-nickel steel manuf. By-product from refined steel manufacture containing C, Cr, Fe and Ni (as Cr-Ni-grindings) and Cr2O3, FeO, MnO, NiO and SiO2 (as burned slag). EC / List no: 293-796-6 | CAS no: 91082-81-4 Bis(η5-2,4-cyclopentadien-1-yl)nickel EC / List no: 215-039-0 | CAS no: 1271-28-9 Nickel(2+) oleate EC / List no: 235-832-5 | CAS no: 13001-15-5 Bis[2-hydroxy-4-(octyloxy)benzophenonato]nickel EC / List no: 239-949-2 | CAS no: 15843-91-1 Antimony nickel titanium oxide yellow This substance is identified in the Colour Index by Colour Index Constitution Number, C.I. 77788. EC / List no: 232-353-3 | CAS no: 8007-18-9 Nickel, 3-[(4-chlorophenyl)azo]-4-hydroxy-2(1H)-quinolinone complex This substance is identified in the Colour Index by Colour Index Constitution Number, C.I. 12775. EC / List no: 262-934-7 | CAS no: 61725-51-7 Nickel, C5-23-branched carboxylate C4-10 fatty acids complexes EC / List no: 297-774-7 | CAS no: 93762-59-5 Nickel(2+) glycerol phosphate EC / List no: 267-923-0 | CAS no: 67952-69-6 Dysprosium, compound with nickel (1:2) EC / List no: 235-341-6 | CAS no: 12175-27-8 Antimony nickel titanium oxide EC / List no: - | CAS no: 54576-53-3 Sulfuric acid, nickel(2+) salt (1:1), tetrahydrate EC / List no: - | CAS no: 61092-77-1 Nickel subarsenide EC / List no: - | CAS no: 12255-80-0 Nickel compounds EC / List no: - | CAS no: - Bis(1,5-cyclooctadiene)nickel EC / List no: 215-072-0 | CAS no: 1295-35-8 Nickel(2+) hydrogen citrate EC / List no: 242-533-3 | CAS no: 18721-51-2 Nickel oxide (Ni3O4) EC / List no: - | CAS no: 12137-09-6 Bis[2-butene-2,3-dithiolato(2-)-S,S']nickel EC / List no: 254-210-4 | CAS no: 38951-94-9 Sulfuric acid, nickel(2+) salt (1:1), pentahydrate EC / List no: - | CAS no: 66341-42-2 (2-ethylhexanoato-O)(neodecanoato-O)nickel EC / List no: 285-698-7 | CAS no: 85135-77-9 Bis(3-amino-4,5,6,7-tetrachloro-1H-isoindol-1-one oximato-N2,O1)nickel EC / List no: 274-916-6 | CAS no: 70833-37-3 Bis[4,4'-dimethoxy-α,α'-stilbenedithiolato(2-)]nickel EC / List no: 254-212-5 | CAS no: 38951-97-2 Sulfuric acid, nickel(2+) salt (1:1), monohydrate EC / List no: - | CAS no: 14168-76-4 Formic acid, nickel salt EC / List no: 239-946-6 | CAS no: 15843-02-4 nickel(2+) disodium 2,2',2'',2'''-(ethane-1,2-diyldinitrilo)tetraacetate EC / List no: 692-065-2 | CAS no: 15708-55-1 Bis(ethylenediamine-N,N')copper tetrakis(cyano-C)nickelate EC / List no: 264-136-4 | CAS no: 63427-32-7 Nickelate(6-), [4-[[5-[[(3,6-dichloro-4-pyridazinyl)carbonyl]amino]-2-sulfophenyl]azo]-4,5-dihydro-5-oxo-1-[5-[[(trisulfo-29H,31H-phthalocyaninyl)sulfonyl]amino]-2-sulfophenyl]-1H-pyrazole-3-carboxylato(8-)-N29,N30,N31,N32]-, hexahydrogen EC / List no: 272-095-9 | CAS no: 68698-80-6 [μ-(piperazine-N1:N4)]bis[3-[1-[(4,5,6,7-tetrachloro-1-oxo-1H-isoindol-3-yl)hydrazono]ethyl]quinoline-2,4(1H,3H)-dionato(2-)]dinickel EC / List no: 276-168-6 | CAS no: 71889-22-0 Bis[2,4-dihydro-5-methyl-4-(1-oxodecyl)-2-phenyl-3H-pyrazol-3-onato-O,O']nickel EC / List no: 260-258-7 | CAS no: 56557-00-7 phosphoric acid, calcium nickel salt EC / List no: - | CAS no: 17169-61-8 Tetrahydrogen [[[(3-amino-4-sulphophenyl)amino]sulphonyl]-29H,31H-phthalocyaninetrisulphonato(6-)-N29,N30,N31,N32]nickelate(4-) EC / List no: 279-060-7 | CAS no: 79102-62-8 Nickel chloride(NiCl) EC / List no: - | CAS no: 13931-83-4 Sulfuric acid, nickel salt (1:?), reaction products with sulfurized phenol calcium salt (2:1) EC / List no: - | CAS no: 72162-32-4 Nickel dibenzoate EC / List no: 209-046-8 | CAS no: 553-71-9 Citric acid, nickel salt EC / List no: 245-119-0 | CAS no: 22605-92-1 Bis(ethane-1,2-diamine)nickel(2+) sulphate EC / List no: 244-300-1 | CAS no: 21264-77-7 Nickel bisphosphinate EC / List no: 252-840-4 | CAS no: 36026-88-7 Nickel bis(2-ethylhexanoate) EC / List no: 224-699-9 | CAS no: 4454-16-4 Nickel sulphide EC / List no: 240-841-2 | CAS no: 16812-54-7 Bis[N-(2,4-dimethoxyphenyl)-2,3-bis(hydroxyimino)butyramidato-N2,N3]nickel EC / List no: 286-563-5 | CAS no: 85269-39-2 cobalt nickel oxide EC / List no: 620-395-9 | CAS no: 12737-30-3 Nickel, [29H,31H-phthalocyaninato(2-)-N29,N30,N31,N32]-, chlorosulfonyl derivs., reaction products with 2-[(4-aminophenyl)sulfonyl]ethyl hydrogen sulfate monosodium salt, potassium salts EC / List no: 305-643-3 | CAS no: 94891-42-6 Bis[bis(2-hydroxyethyl)dithiocarbamato-S,S']nickel EC / List no: 257-954-8 | CAS no: 52486-99-4 Tetrasodium [[[nitrilotris(methylene)]tris[phosphonato]](6-)-N,O,O'',O'''nickelate(4-)] EC / List no: 268-296-6 | CAS no: 68052-00-6 Nickel Sulfide (Ni7S3) EC / List no: - | CAS no: 84013-51-4 Nickel(2+) propionate EC / List no: 222-102-6 | CAS no: 3349-08-4 Zinc sulfide (ZnS), copper and nickel and silver-doped EC / List no: 272-277-8 | CAS no: 68784-84-9 Godlevskite (Ni7S6) EC / List no: - | CAS no: 66732-80-7 Nickel, isooctanoate naphthenate complexes EC / List no: 291-676-8 | CAS no: 90459-33-9 Bismuth, compound with nickel (1:1) EC / List no: 235-773-5 | CAS no: 12688-64-1 Leach residues, nickel-vanadium ore Residues from basic leaching of nickel-bearing vanadium ores. Composed primarily of silica and insoluble compounds of nickel and vanadium with minor quantities of other metals, such as arsenic, lead, tin and zinc. EC / List no: 282-214-6 | CAS no: 84144-92-3 Nickel [R(R*,R*)]-tartrate EC / List no: 257-610-7 | CAS no: 52022-10-3 [[2,2'-(4,8-dichlorobenzo[1,2-d:4,5-d']bisoxazole-2,6-diyl)bis[4,6-dichlorophenolato]](2-)]nickel EC / List no: 256-331-8 | CAS no: 47726-62-5 Nickel hydrogen phosphate EC / List no: 238-278-2 | CAS no: 14332-34-4 Nickel(II) sulfate hexa-/ heptahydrate EC / List no: 630-456-1 | CAS no: 15244-37-8 Nickel, tetrakis(triphenyl phosphite-.kappa.p)-, (t-4)- EC / List no: 622-848-6 | CAS no: 14221-00-2 Nickel, bis(diisononylcarbamodithioato-S,S')- EC / List no: - | CAS no: 85298-61-9 Nickel diperchlorate EC / List no: 237-124-1 | CAS no: 13637-71-3 Ammonium nickel trichloride EC / List no: 246-378-2 | CAS no: 24640-21-9 Dimethylhexanoic acid, nickel salt EC / List no: 301-323-2 | CAS no: 93983-68-7 Nickelate(6-), [C-[[[3-[2-[4,5-dihydro-3-methyl-5-oxo-1-[3-sulfo-4-[2-[2-sulfo-4-[(2,5,6-trichloro-4-pyrimidinyl)amino]phenyl]ethenyl]phenyl]-1H-pyrazol-4-yl]diazenyl]-4-sulfophenyl]amino]sulfonyl]-29H,31H-phthalocyanine-C,C,C-trisulfonato(8-)-κN29,κN30, EC / List no: - | CAS no: 72453-55-5 Nickel, [carbonato(2-)]hexahydroxytetra- EC / List no: - | CAS no: 12334-31-5 Dinickel boride EC / List no: 234-494-6 | CAS no: 12007-01-1 Nickel selenide EC / List no: 215-216-2 | CAS no: 1314-05-2 Nickel, bis[[2-(hydroxy-κO)-4-octylphenyl]phenylmethanonato-κO]- EC / List no: - | CAS no: 68189-15-1 Nickel bis(dibutyldithiocarbamate) EC / List no: 237-696-2 | CAS no: 13927-77-0 Nickel, [29H,31H-phthalocyaninato(2-)-N29,N30,N31,N32]-, [[3-[(1,3-dioxobutyl)amino]phenyl]amino]sulfonyl derivs. EC / List no: 276-877-0 | CAS no: 72828-53-6 Nickel bis(4-cyclohexylbutyrate) EC / List no: 223-463-2 | CAS no: 3906-55-6 2-ethylhexanoic acid, nickel salt EC / List no: 231-480-1 | CAS no: 7580-31-6 Bis(4-benzoyl-2,4-dihydro-5-methyl-2-phenyl-3H-pyrazol-3-onato-O,O')(2,2,4,4-tetramethyl-7-oxa-3,20-diazadispiro[5.1.11.2]henicosan-21-one-O21)nickel EC / List no: 279-067-5 | CAS no: 79121-51-0 Nickel hexafluorosilicate EC / List no: 247-430-7 | CAS no: 26043-11-8 Tris(4,7-diphenyl-1,10-phenanthroline-N1,N10)nickel(2+) bis[tetrafluoroborate(1-)] EC / List no: 269-684-8 | CAS no: 68309-97-7 Cobalt(2+) dinickel(2+) bis[2-hydroxypropane-1,2,3-tricarboxylate] EC / List no: 303-972-7 | CAS no: 94232-44-7 Tetrasodium (c-(3-(1-(3-(e-6-dichloro-5-cyanopyrimidin-f-yl(methyl)amino)propyl)-1,6-dihydro-2-hydroxy-4-methyl-6-oxo-3-pyridylazo)-4-sulfonatophenylsulfamoyl)phthalocyanine-a,b,d-trisulfonato(6-))nickelato II, where a is 1 or 2 or 3 or 4,b is 8 or 9 or 10 or 11,c is 15 or 16 or 17 or 18, d is 22 or 23 or 24 or 25 and where e and f together are 2 and 4 or 4and 2 respectively BRILLANTGREEN K-RWA 6083; BRILLIANT GREEN K-RWA 6083 EC / List no: 410-160-7 | CAS no: 148732-74-5 Nickel, C5-C23-branched carboxylate octanoate complexes EC / List no: 291-675-2 | CAS no: 90459-32-8 Nickel oxide (Ni2O) EC / List no: - | CAS no: 12359-17-0 Trinickel boride EC / List no: 234-495-1 | CAS no: 12007-02-2 (2-ethylhexanoato-O)(isononanoato-O)nickel EC / List no: 287-470-2 | CAS no: 85508-45-8 Bis(diisobutyldithiocarbamato)nickel EC / List no: 239-354-8 | CAS no: 15317-78-9 Fatty acids, C8-18 and C18-unsatd., nickel salts EC / List no: 283-972-0 | CAS no: 84776-45-4 Nitric acid, nickel salt EC / List no: 238-076-4 | CAS no: 14216-75-2 [[2,2'-sulphonylbis[4-(1,1,3,3-tetramethylbutyl)phenolato]](2-)-O1,O1',O2]nickel EC / List no: 240-485-8 | CAS no: 16432-37-4 Nickel(2+) methacrylate EC / List no: 257-963-7 | CAS no: 52496-91-0 Nickel, compound with niobium (1:1) EC / List no: 234-807-6 | CAS no: 12034-55-8 Nickel boride phosphide EC / List no: - | CAS no: 65229-23-4 Sulfuric acid, nickel(2+) salt (1:1), reaction products with nickel and nickel oxide (NiO) EC / List no: - | CAS no: 68585-48-8 Nickel carbonate hydroxide tetrahydrate EC / List no: 641-002-7 | CAS no: 39430-27-8 Hexasodium (di-[N-(3-(4-[5-(5-amino-3-methyl-1-phenylpyrazol-4-yl-azo)-2,4-disulfo-anilino]-6-chloro-1,3,5-triazin-2-ylamino)phenyl)-sulfamoyl](di-sulfo)-phthalocyaninato)nickel PROCION EMERALD H-EXL COLOUR; SUBSTANCE S156718 EC / List no: 417-250-5 | CAS no: 151436-99-6 Fatty acids, C6-19-branched, nickel salts EC / List no: 294-302-1 | CAS no: 91697-41-5 Phosphoric acid, nickel salt EC / List no: - | CAS no: 14396-43-1 toys; child care Any toys except in toys and toy components made of stainless steel and toy components which are intended to conduct an electric current ECHA / European Commission European Union restricted Chemical restriction in toy materials under the EU Toy Safety Directive",restricted_or_thresholded,banned_or_prohibited
"1,2,3-Trichloropropane cross-category cancer OEHHA California, USA Listed cancer",warning_or_hazard_listed,restricted_or_thresholded
Phenol cross-category REACH SVHC candidate list ECHA European Union Candidate list Endocrine disrupting properties (Article 57(f) - environment),source_context_only,source_context_only
"Actinomycin D [Basis for listing changed effective February 22, 2013] cross-category cancer OEHHA California, USA Listed cancer",restricted_or_thresholded,restricted_or_thresholded
"Ethyleneimine (Aziridine) cross-category cancer OEHHA California, USA Listed cancer",restricted_or_thresholded,restricted_or_thresholded
"Tobramycin sulfate cross-category developmental toxicity OEHHA California, USA Listed developmental toxicity",warning_or_hazard_listed,warning_or_hazard_listed
"Cladribine cross-category developmental toxicity OEHHA California, USA Listed developmental toxicity",warning_or_hazard_listed,warning_or_hazard_listed
Formaldehyde cosmetics a) Not permitted in aerosol products. Health Canada Canada Restricted,restricted_or_thresholded,restricted_or_thresholded
"Doxycycline (internal use) cross-category developmental toxicity OEHHA California, USA Listed developmental toxicity",warning_or_hazard_listed,warning_or_hazard_listed
Copper and its compounds toys; child care Liquid or sticky toy material ECHA / European Commission European Union banned if exceeded limit Chemical restriction in toy materials under the EU Toy Safety Directive,banned_or_prohibited,banned_or_prohibited
Formaldehyde toys; child care Toys intended for use by children under 36 months or in other toys intended to be placed in the mouth ECHA / European Commission European Union allowed if comply with limit Chemical restriction in toy materials under the EU Toy Safety Directive,restricted_or_thresholded,restricted_or_thresholded
Haloperidol cosmetics all cosmetic products Health Canada Canada Prohibited,banned_or_prohibited,banned_or_prohibited
"Etodolac cross-category developmental toxicity OEHHA California, USA Listed developmental toxicity",warning_or_hazard_listed,warning_or_hazard_listed
"Vincristine sulfate cross-category developmental toxicity OEHHA California, USA Listed developmental toxicity",warning_or_hazard_listed,warning_or_hazard_listed
Acetone food contact materials food-contact materials; packaging; containers; cookware; processing equipment FDA United States tor exemption,restricted_or_thresholded,source_context_only
"2-Ethylhexanoic acid Delisted December 13, 2013 [Click here for the basis for delisting] cross-category developmental toxicity OEHHA California, USA Listed developmental toxicity",warning_or_hazard_listed,warning_or_hazard_listed
Acetone cosmetics all cosmetic products Health Canada Canada Prohibited,banned_or_prohibited,banned_or_prohibited
Tetrachloroethylene (Perchloroethylene) cosmetics all cosmetic products Health Canada Canada Prohibited,banned_or_prohibited,banned_or_prohibited
"4,4'-Diaminodiphenyl ether (4,4'-Oxydianiline) cross-category cancer OEHHA California, USA Listed cancer",restricted_or_thresholded,restricted_or_thresholded
Lead acetate cross-category REACH SVHC candidate list ECHA European Union Candidate list Toxic for reproduction (Article 57c),source_context_only,source_context_only
"Chlorodibromomethane Delisted October 29, 1999 [Click here for the basis for delisting] cross-category cancer OEHHA California, USA Listed cancer",warning_or_hazard_listed,warning_or_hazard_listed
"Pentobarbital sodium cross-category developmental toxicity OEHHA California, USA Listed developmental toxicity",warning_or_hazard_listed,warning_or_hazard_listed
Ethylene oxide food contact materials food-contact materials; packaging; containers; cookware; processing equipment FDA United States tor exemption,source_context_only,restricted_or_thresholded
Talc containing asbestiform fibers cosmetics Note: Certain products may fall under more than 1 product category and may have multiple applicable conditions Read entire entry to determine all applicable conditions Health Canada Canada Restricted,restricted_or_thresholded,restricted_or_thresholded
Phenol cross-category REACH SVHC candidate list ECHA European Union Candidate list Endocrine disrupting properties (Article 57(f) - environment),source_context_only,source_context_only
Phenol cross-category REACH SVHC candidate list ECHA European Union Candidate list Endocrine disrupting properties (Article 57(f) - environment),source_context_only,source_context_only
"Clomiphene citrate cross-category developmental toxicity OEHHA California, USA Listed developmental toxicity",warning_or_hazard_listed,warning_or_hazard_listed
"Propargite cross-category developmental toxicity OEHHA California, USA Listed developmental toxicity",warning_or_hazard_listed,warning_or_hazard_listed
"Fenoxycarb cross-category cancer OEHHA California, USA Listed cancer",warning_or_hazard_listed,restricted_or_thresholded
Benzene cosmetics all cosmetic products Health Canada Canada Prohibited,banned_or_prohibited,banned_or_prohibited
"Diisononyl phthalate (DINP) cross-category cancer OEHHA California, USA Listed cancer",restricted_or_thresholded,restricted_or_thresholded
"Ochratoxin A cross-category cancer OEHHA California, USA Listed cancer",warning_or_hazard_listed,restricted_or_thresholded
"Dacarbazine cross-category cancer OEHHA California, USA Listed cancer",restricted_or_thresholded,restricted_or_thresholded
"Chlorsulfuron Delisted June 6, 2014 [Click here for the basis for delisting] cross-category developmental toxicity OEHHA California, USA Listed developmental toxicity",warning_or_hazard_listed,warning_or_hazard_listed
n-Hexane cross-category REACH SVHC candidate list ECHA European Union Candidate list Specific target organ toxicity after repeated exposure (Article 57(f) - human health),source_context_only,source_context_only
Nitrofurantoin cosmetics all cosmetic products Health Canada Canada Prohibited,banned_or_prohibited,banned_or_prohibited
"N,N-Dimethylacetamide cross-category male reproductive toxicity OEHHA California, USA Listed male reproductive toxicity",warning_or_hazard_listed,warning_or_hazard_listed
"Methyl carbamate cross-category cancer OEHHA California, USA Listed cancer",restricted_or_thresholded,restricted_or_thresholded
"Marijuana smoke cross-category cancer OEHHA California, USA Listed cancer",warning_or_hazard_listed,warning_or_hazard_listed
"Conjugated estrogens cross-category cancer OEHHA California, USA Listed cancer",warning_or_hazard_listed,warning_or_hazard_listed
"Aspirin (NOTE: It is especially important not to use aspirin during the last three months of pregnancy, unless specifically directed to do so by a physician because it may cause problems in the unborn child or complications during delivery.) cosmetics all cosmetic products Health Canada Canada Prohibited",banned_or_prohibited,banned_or_prohibited
"Lead and its compounds Sulfuric acid, lead(2+) salt, basic EC / List no: 292-204-3 | CAS no: 90583-07-6 7-methyloctanoic acid, lead salt EC / List no: 308-331-5 | CAS no: 97952-39-1 Flue dust, lead-manufg., cadmium-rich Residue obtained in the metallurgical treatment of lead concentrate in a lead blast furnace. The substance is composed of cadmium oxides, lead oxides, and impurities containing compounds of arsenic, chlorine, indium and tellurium. EC / List no: 285-554-3 | CAS no: 85117-02-8 Neodecanoic acid, lead salt EC / List no: 248-369-9 | CAS no: 27253-28-7 Silicic acid, lead salt EC / List no: 234-363-3 | CAS no: 11120-22-2 Resin acids and Rosin acids, lead salts EC / List no: 232-714-5 | CAS no: 9008-26-8 Leach residues, copper-lead Substance formed by the oxidative leaching of lead- and copper-containing materials with sulfuric acid. Consists primarily of lead sulfates and other lead compounds with lesser amounts of other non-ferrous compounds. EC / List no: 305-420-0 | CAS no: 94551-72-1 Lead, isononanoate naphthenate complexes EC / List no: 284-577-6 | CAS no: 84929-97-5 Lauric acid, lead salt EC / List no: 239-344-3 | CAS no: 15306-30-6 Lead, C5-23-branched carboxylate C4-10-fatty acid complexes EC / List no: 281-934-8 | CAS no: 84066-98-8 Lead, C5-23-branched carboxylate C4-10-fatty acid naphthenate complexes EC / List no: 280-541-9 | CAS no: 83711-45-9 Lead fumarate EC / List no: 237-220-3 | CAS no: 13698-55-0 Trilead diarsenate EC / List no: 222-979-5 | CAS no: 3687-31-8 Hexanoic acid, dimethyl-, lead(2+) salt, basic EC / List no: 270-498-4 | CAS no: 68442-95-5 Gum rosin, litharge polymer EC / List no: - | CAS no: 68952-91-0 Lead naphthenate EC / List no: 256-790-4 | CAS no: 50825-29-1 Phosphoric acid, calcium salt (1:1), solid soln. with calcium chloride, calcium fluoride, calcium oxide, phosphorus oxide (P2O5) and strontium oxide, lead and manganese-doped EC / List no: 310-002-6 | CAS no: 102047-25-6 Lead chloride silicate EC / List no: 254-443-1 | CAS no: 39390-00-6 Lead, C4-10-fatty acid naphthenate complexes EC / List no: 281-936-9 | CAS no: 84067-00-5 Lead tungsten oxide EC / List no: 235-792-9 | CAS no: 12737-98-3 Isoundecanoic acid, lead(2+) salt, basic EC / List no: 293-986-9 | CAS no: 91671-84-0 3,5,5-trimethylhexanoic acid, lead salt EC / List no: 245-788-9 | CAS no: 23621-79-6 Lead cyanamide EC / List no: 252-377-8 | CAS no: 35112-70-0 Fatty acids, C14-26, lead salts EC / List no: 296-911-8 | CAS no: 93165-26-5 Bis(pentane-2,4-dionato-O,O')lead EC / List no: 239-323-9 | CAS no: 15282-88-9 Lead diperchlorate EC / List no: 237-125-7 | CAS no: 13637-76-8 Acetoxytrimethylplumbane EC / List no: 227-200-2 | CAS no: 5711-19-3 Isononanoic acid, lead salt, basic EC / List no: 291-543-4 | CAS no: 90431-21-3 Lead dipropionate EC / List no: 212-400-4 | CAS no: 814-70-0 Lead, C5-23-branched carboxylate octanoate complexes EC / List no: 281-935-3 | CAS no: 84066-99-9 (2-ethylhexanoato-O)(isodecanoato-O)lead EC / List no: 304-166-8 | CAS no: 94246-92-1 Residues, lead smelting Residues from processing equipment used in a lead refinery. Consist primarily of lead and lead oxide. EC / List no: 273-821-7 | CAS no: 69029-79-4 Lead, bis[bis(2-methylpropyl)carbamodithioato-S,S']-, (T-4)- EC / List no: - | CAS no: 69090-73-9 Barium oxide (BaO), solid soln. with calcium oxide, strontium oxide and tungsten oxide (WO3), lead-doped EC / List no: 310-023-0 | CAS no: 102110-24-7 Lead titanium zirconium oxide EC / List no: 235-727-4 | CAS no: 12626-81-2 Lead chloride (PbCl) EC / List no: - | CAS no: 13931-84-5 Lead chromate molybdate sulfate red This substance is identified in the Colour Index by Colour Index Constitution Number, C.I. 77605. EC / List no: 235-759-9 | CAS no: 12656-85-8 Boric acid (H3BO3), solid soln. with barium oxide, calcium oxide and strontium oxide, lead and manganese-doped EC / List no: 310-025-1 | CAS no: 102110-26-9 Dibismuth dilead tetraruthenium tridecaoxide EC / List no: 234-358-6 | CAS no: 11116-83-9 Antimonial lead EC / List no: - | CAS no: 69029-50-1 Lead, bullion EC / List no: 308-011-5 | CAS no: 97808-88-3 Lead(2+) ethylphenyldithiocarbamate EC / List no: 299-550-4 | CAS no: 93892-65-0 Fatty acids, tallow, reaction products with lead oxide EC / List no: 305-196-4 | CAS no: 94349-78-7 Silicic acid, chromium lead salt EC / List no: 234-347-6 | CAS no: 11113-70-5 1H-1,2,3-Triazole-5-methanol, .alpha.,.alpha.-dimethyl-1-[4-(triphenylplumbyl)butyl]- EC / List no: - | CAS no: 73826-06-9 Dioxobis(stearato)trilead EC / List no: 235-702-8 | CAS no: 12578-12-0 Plumbane, (4-bromobutyl)triphenyl- EC / List no: - | CAS no: 16035-34-0 Bismuth alloy, Bi 50,Pb 25,Cd 12,Sn 12 (L-pbbi50Sn12.5Cd12.5) EC / List no: - | CAS no: 76093-98-6 Lead benzoate EC / List no: 240-049-7 | CAS no: 15907-04-7 Lead succinate EC / List no: 214-732-5 | CAS no: 1191-18-0 Lead dicyanide EC / List no: 209-742-1 | CAS no: 592-05-2 Lead(2+) isooctadecanoate EC / List no: 274-822-5 | CAS no: 70727-02-5 Lead(2+) (Z)-hexadec-9-enoate EC / List no: 299-256-6 | CAS no: 93858-24-3 (2-ethylhexanoato-O)(neodecanoato-O)lead EC / List no: 304-167-3 | CAS no: 94246-93-2 Lead dibutyrate EC / List no: 212-462-2 | CAS no: 819-73-8 Lead, isooctanoate neodecanoate complexes EC / List no: 309-808-0 | CAS no: 101013-06-3 Bismuth, compound with lead (1:1) EC / List no: 234-980-8 | CAS no: 12048-28-1 Dilead dioxide EC / List no: - | CAS no: 35229-41-5 Lead bis(2-ethylhexanoate) EC / List no: 206-107-0 | CAS no: 301-08-6 Flue dust, lead blast furnace EC / List no: 274-633-8 | CAS no: 70514-05-5 Lead sulfite EC / List no: - | CAS no: 25666-92-6 Lead oxide (PbO), retort Oxidation product of metals in lead refinery retort. Consists primarily of oxides of lead, antimony and zinc. EC / List no: 273-797-8 | CAS no: 69029-53-4 Lead ores, concs., leached The residue obtained from leaching of a lead concentrate or ore to remove some of the soluble elements such as arsenic or iron. Composed primarily of lead but also containing other non-ferrous metals and gangue constituents. EC / List no: 310-049-2 | CAS no: 102110-48-5 (maleato)trioxotetralead EC / List no: 235-549-7 | CAS no: 12275-07-9 Lead dithiocyanate EC / List no: 209-774-6 | CAS no: 592-87-0 Lead(2+) acrylate EC / List no: 212-760-2 | CAS no: 867-47-0 Naphthenic acids, lead salts EC / List no: 263-109-4 | CAS no: 61790-14-5 Sulphuric acid, lead salt EC / List no: 239-831-0 | CAS no: 15739-80-7 Calcines, lead ore conc. Sinter formed by heating finely divided lead concentrates and fluxes to a softening condition to agglomerate without fusion. EC / List no: 273-815-4 | CAS no: 69029-74-9 Thiosulphuric acid, lead salt EC / List no: 247-566-7 | CAS no: 26265-65-6 Lead selenate EC / List no: 231-199-4 | CAS no: 7446-15-3 Trinitrophloroglucinol, lead salt EC / List no: 257-135-5 | CAS no: 51325-28-1 Lead icosanoate EC / List no: 304-439-1 | CAS no: 94266-32-7 Lead bis(tricosanoate) EC / List no: 300-988-6 | CAS no: 93966-37-1 Lead disulphamidate EC / List no: 237-379-9 | CAS no: 13767-78-7 [phthalato(2-)]dioxotrilead EC / List no: 273-688-5 | CAS no: 69011-06-9 Diantimony trilead octaoxide EC / List no: 236-845-9 | CAS no: 13510-89-9 Lead, C4-10-fatty acid octanoate complexes EC / List no: 295-918-3 | CAS no: 92200-92-5 Lead oxalate EC / List no: 212-413-5 | CAS no: 814-93-7 Lead, C6-19-branched carboxylate naphthenate complexes EC / List no: 274-302-8 | CAS no: 70084-67-2 Slimes and Sludges, battery scrap, antimony- and lead-rich A product obtained by the treatment of battery scraps to recover lead. Composed primarily of oxides and sulfates of antimony and lead. EC / List no: 310-061-8 | CAS no: 102110-60-1 Bismuth, refinery lead chloride residues By-product of the refining of bismuth. Principally lead chloride with salts and compounds of various metals. EC / List no: 273-803-9 | CAS no: 69029-61-4 Lead titanium trioxide EC / List no: 235-038-9 | CAS no: 12060-00-3 Naphthenic acids, lead manganese salts EC / List no: 262-983-4 | CAS no: 61788-52-1 Lead diphosphinate EC / List no: 233-664-7 | CAS no: 10294-58-3 Isodecanoic acid, lead salt, basic EC / List no: 291-536-6 | CAS no: 90431-14-4 2-[carboxylatomethyl(carboxymethyl)amino]acetate;lead(2+) EC / List no: - | CAS no: 79849-02-8 [phthalato(2-)]oxodilead EC / List no: 260-590-2 | CAS no: 57142-78-6 Hexaphenyldiplumbane EC / List no: 221-505-4 | CAS no: 3124-01-4 198Pb EC / List no: - | CAS no: 16646-00-7 Octanoic acid, lead salt EC / List no: 239-790-9 | CAS no: 15696-43-2 Lead chromate EC / List no: 231-846-0 | CAS no: 7758-97-6 Lead 3-(acetamido)phthalate EC / List no: 298-872-2 | CAS no: 93839-98-6 Lead diniobium hexaoxide EC / List no: 234-814-4 | CAS no: 12034-88-7 Petrolatum (petroleum), oxidized, lead salt EC / List no: 266-853-8 | CAS no: 67674-14-0 Lead C3-13-alkanecarboxylate naphthenate complexes EC / List no: 616-735-0 | CAS no: 79803-79-5 Octadecanoic acid, lead salt, basic EC / List no: 291-695-1 | CAS no: 90459-51-1 Lead, bis(dipropylcarbamodithioato-S,S')-, (T-4)- EC / List no: - | CAS no: 70995-63-0 Lead(IV) fluoride EC / List no: 232-012-9 | CAS no: 7783-59-7 Lead dipicrate EC / List no: 229-335-2 | CAS no: 6477-64-1 Dilead chromate dihydroxide EC / List no: 234-628-3 | CAS no: 12017-86-6 Lead propionate EC / List no: 255-883-7 | CAS no: 42558-73-6 Lead(2+) dodecylphenolate EC / List no: 271-610-4 | CAS no: 68586-21-0 Isooctanoic acid, lead salt, basic EC / List no: 291-549-7 | CAS no: 90431-26-8 Lanthanum lead titanium zirconium oxide EC / List no: - | CAS no: 1227908-26-0 Pigment Lightfast Lead-Molybdate Orange OS (9CI) EC / List no: - | CAS no: 78690-68-3 Phosphoric acid, lead salt EC / List no: - | CAS no: 16040-38-3 Lead bis(2-ethylhexanolate) EC / List no: 298-879-0 | CAS no: 93840-04-1 Spinels, lead silicon tin zinc white An inorganic pigment that is the reaction product of high temperature calcination in which lead (II) oxide, silicon oxide, tin (IV) oxide, and zinc oxide in varying amounts are homogeneously and ionically interdiffused to form a crystalline matrix of spinel. EC / List no: 271-412-8 | CAS no: 68555-07-7 Silicic acid (H2Si2O5), barium salt (1:1), lead-doped EC / List no: 272-271-5 | CAS no: 68784-75-8 Cadmium sulfide (CdS), solid soln. with zinc sulfide, copper and lead-doped EC / List no: 269-773-1 | CAS no: 68332-81-0 Lead(II) isooctanoate EC / List no: 301-153-9 | CAS no: 93981-67-0 Tetraphenyllead EC / List no: 209-871-3 | CAS no: 595-89-1 Lead bis[didodecylbenzenesulphonate] EC / List no: 288-692-2 | CAS no: 85865-92-5 Lead nitrite EC / List no: 237-528-8 | CAS no: 13826-65-8 Bismuth lead ruthenium oxide EC / List no: 265-645-4 | CAS no: 65229-22-3 Fatty acids, C8-10-branched, lead salts EC / List no: 285-212-3 | CAS no: 85049-42-9 9-Octadecenoic acid (Z)-, lead salt, basic EC / List no: 291-735-8 | CAS no: 90459-88-4 Lead hydroxide oxide (Pb2(OH)2O) EC / List no: - | CAS no: 1311-11-1 Disodium lead N,N'-ethylenebis[N-(carboxylatomethyl)aminoacetate] EC / List no: 245-314-0 | CAS no: 22904-40-1 Lead, tetrapropyl- EC / List no: - | CAS no: 3440-75-3 Lead dibutanolate EC / List no: 265-457-2 | CAS no: 65119-94-0 Phosphoric acid, lead(2+) salt (2:1) EC / List no: - | CAS no: 16180-04-4 Lead dilaurate EC / List no: 239-869-8 | CAS no: 15773-55-4 Fatty acids, C4-20-branched, lead salts EC / List no: - | CAS no: 125328-49-6 Residues, lead roaster Roaster hearth cleanings or barrings from lead refining. Consist primarily of cadmium, thallium and lead and oxides of cadmium, thallium, calcium and arsenic. EC / List no: 273-820-1 | CAS no: 69029-78-3 Dodecanoic acid, lead salt, basic EC / List no: 291-195-3 | CAS no: 90342-56-6 Dihydroxy[styphnato(2-)]dilead EC / List no: 235-642-2 | CAS no: 12403-82-6 Nitric acid, lead(2+) salt, reaction products with sodium tin oxide EC / List no: 308-406-2 | CAS no: 97953-08-7 Leach residues, zinc ore-calcine, zinc cobalt Residue from treatment of calcined zinc ore concentrates with antimony trioxide, zinc dust, lead oxide and copper sulfate. Consists primarily of zinc and a composite of metallics: cobalt, copper and lead. EC / List no: 273-769-5 | CAS no: 69012-72-2 Lead arsenite EC / List no: 233-083-9 | CAS no: 10031-13-7 Linseed oil, polymer with tung oil, lead salt EC / List no: - | CAS no: 68990-75-0 Hexaethyldiplumbane EC / List no: 219-216-3 | CAS no: 2388-00-3 Fatty acids, castor-oil, hydrogenated, lead salts EC / List no: 294-297-6 | CAS no: 91697-36-8 Lead(2+) methacrylate EC / List no: 213-949-2 | CAS no: 1068-61-7 α-d-Glucopyranose, 1-(dihydrogen phosphate), lead salt EC / List no: 272-655-2 | CAS no: 68901-12-2 Dilead pyrophosphate EC / List no: 236-629-4 | CAS no: 13453-66-2 Lead isophthalate EC / List no: 254-128-9 | CAS no: 38787-87-0 Lead, isononanoate neodecanoate complexes, basic EC / List no: 291-564-9 | CAS no: 90431-41-7 Lead, zinc dross EC / List no: 305-409-0 | CAS no: 94551-60-7 Fatty acids, C8-12, lead salts EC / List no: 283-980-4 | CAS no: 84776-53-4 Hexacosanoic acid, lead salt EC / List no: 301-357-8 | CAS no: 94006-20-9 Residues, lead-zinc smelting wastewater treatment Product of hydrolysis and neutralisation of zinc/lead smelter waste waters. Consists primarily of cadmium hydroxide, calcium sulfate, calcium sulfite, iron hydroxide, lead hydroxide and zinc hydroxide. EC / List no: 305-425-8 | CAS no: 94551-79-8 Lead, naphthenate neodecanoate complexes, basic EC / List no: 284-576-0 | CAS no: 84929-96-4 Phenol, tetrapropylene-, lead(2+) salt EC / List no: - | CAS no: 122332-23-4 Lead germanate EC / List no: 235-666-3 | CAS no: 12435-47-1 Tetradecanoic acid, lead salt, basic EC / List no: 292-267-7 | CAS no: 90583-65-6 Lead bis(5-oxo-DL-prolinate) EC / List no: 286-936-2 | CAS no: 85392-78-5 Lead, triethyl-, oleate EC / List no: - | CAS no: 63916-98-3 Lead malate EC / List no: 212-436-0 | CAS no: 816-68-2 Lead thiosulphate EC / List no: 236-780-6 | CAS no: 13478-50-7 Lead carbonate EC / List no: 247-054-3 | CAS no: 25510-11-6 Diacetoxydiphenylplumbane EC / List no: 230-052-1 | CAS no: 6928-68-3 Lead maleate EC / List no: 242-832-9 | CAS no: 19136-34-6 Lead hexafluoro-silicate EC / List no: 677-594-9 | CAS no: 1310-03-8 (isononanoato-O)(isooctanoato-O)lead EC / List no: 304-157-9 | CAS no: 94246-84-1 Lead bis(diisononylnaphthalenesulphonate) EC / List no: 264-316-2 | CAS no: 63568-30-9 Lead(2+) (R)-12-hydroxyoleate EC / List no: 236-010-9 | CAS no: 13094-04-7 Lead sulphide EC / List no: 215-246-6 | CAS no: 1314-87-0 Castor oil, dehydrated, polymer with rosin, calcium lead zinc salt EC / List no: - | CAS no: 68604-05-7 Lead, isooctanoate naphthenate complexes, basic EC / List no: 291-565-4 | CAS no: 90431-42-8 Dilead chromate oxide EC / List no: 242-339-9 | CAS no: 18454-12-1 Lead(2+) tellurium tetraoxide EC / List no: 237-573-3 | CAS no: 13845-35-7 Wastes, lead battery reprocessing Material obtained during the recycling of exhausted lead storage batteries. Consists primarily of oxides and sulfates of lead and lead alloys. EC / List no: 305-445-7 | CAS no: 94551-99-2 Chlorotrimethylplumbane EC / List no: 216-187-9 | CAS no: 1520-78-1 Flue dust, lead-refining By-product of refining lead ores obtained from baghouse and electro-static precipitator and as slurry from scrubbers. EC / List no: 273-809-1 | CAS no: 69029-67-0 Lead EC / List no: 231-100-4 | CAS no: 7439-92-1 Lead, dross, antimony-rich A scum or slag formed on the surface of molten lead during the process of removing antimony along with arsenic by oxidation with air. It consists of antimony, arsenic and lead oxides. EC / List no: 273-791-5 | CAS no: 69029-45-4 Lead dipalmitate EC / List no: 239-870-3 | CAS no: 15773-56-5 Oils, menhaden, lead salts EC / List no: 270-321-0 | CAS no: 68424-76-0 Silicic acid (H6Si2O7), barium zinc salt (1:1:2), lead-doped EC / List no: - | CAS no: 71799-66-1 Lead dilinoleate EC / List no: 251-602-7 | CAS no: 33627-12-2 Lead dioxide EC / List no: 215-174-5 | CAS no: 1309-60-0 1,2-Benzenedicarboxylic acid, lead(2+) salt EC / List no: - | CAS no: 18608-34-9 2-ethylhexanoic acid, lead salt EC / List no: 241-076-7 | CAS no: 16996-40-0 2-Propenoic acid, 2-methyl-, lead salt, basic EC / List no: 292-141-1 | CAS no: 90552-19-5 Lead hydrogen arsenate EC / List no: 232-064-2 | CAS no: 7784-40-9 (isodecanoato-O)(neodecanoato-O)lead EC / List no: 304-161-0 | CAS no: 94246-87-4 Resin acids and Rosin acids, calcium salts, polymers with lead resinates and sapond. linseed oil EC / List no: - | CAS no: 68139-27-5 Plumbylium, trimethyl- EC / List no: - | CAS no: 14570-16-2 Residues, precious metal recovery lead refining Residues from treating lead refinery ores and residues containing precious metals with sodium boroplumbate followed by thermal fusion. EC / List no: 273-822-2 | CAS no: 69029-80-7 Lead, diacetoxydiethyl- (7CI) EC / List no: - | CAS no: 15773-47-4 Lead hydroxide EC / List no: 243-310-3 | CAS no: 19783-14-3 Grounding oil EC / List no: - | CAS no: 68152-99-8 Neononanoic acid, lead salt, basic EC / List no: 291-668-4 | CAS no: 90459-26-0 Sulfurous acid, lead(2+) salt, basic EC / List no: 292-237-3 | CAS no: 90583-37-2 Lead bis(3,5,5-trimethylhexanoate) EC / List no: 252-746-3 | CAS no: 35837-70-8 Trilead dioxide phosphonate EC / List no: 235-252-2 | CAS no: 12141-20-7 Chromic acid (H2CrO4), lead(2+) potassium salt (2:1:2) EC / List no: - | CAS no: 13845-31-3 Lead oxide sulfate EC / List no: 235-803-7 | CAS no: 12765-51-4 Tin alloy EC / List no: - | CAS no: 39412-44-7 Plumbane, [(4-aminobenzoyl)oxy]triethyl- EC / List no: - | CAS no: 73928-17-3 Acetoxytriphenylplumbane EC / List no: 214-601-2 | CAS no: 1162-06-7 Lead, isodecanoate isononanoate complexes, basic EC / List no: 291-559-1 | CAS no: 90431-36-0 Lead bis(isononanoate) EC / List no: 258-222-0 | CAS no: 52847-85-5 Triethyllead acetate EC / List no: 624-392-3 | CAS no: 2587-81-7 Speiss, lead, nickel-contg. Product obtained and separated during the melting of nickel and other non-ferrous metals containing raw materials. Consists primarily of antimonides and arsenides of copper and nickel. EC / List no: 308-765-5 | CAS no: 98246-91-4 5,5,13,13-tetradehydro-4,5-dihydro-4,8,10,15-tetranitro-7,11-metheno-11H,13H-tetrazolo[1,5-c][1,7,3,5,2,6]dioxadiazadiplumbacyclododecine EC / List no: 243-204-7 | CAS no: 19651-80-0 Lead bis(nonylphenolate) EC / List no: 276-725-3 | CAS no: 72586-00-6 Tetralead trioxide sulphate EC / List no: 235-380-9 | CAS no: 12202-17-4 Lead bis(dipentyldithiocarbamate) EC / List no: 253-068-0 | CAS no: 36501-84-5 Fatty acids, C18-24, lead salts EC / List no: 283-982-5 | CAS no: 84776-54-5 2-Propenoic acid, 2-methyl-, methyl ester, polymer with ethenylbenzene, lead(2+) 2-methyl-2-propenoate (1:2) and alpha-(2-methyl-1-oxo-2-propen-1-yl)-omega-((2-methyl-1-oxo-2-propen-1-yl)oxy)poly(oxy-1,2-ethanediyl) EC / List no: - | CAS no: 68155-47-5 Neodecanoic acid, lead salt, basic EC / List no: 291-667-9 | CAS no: 90459-25-9 Lead(2+) neodecanoate EC / List no: 275-836-4 | CAS no: 71684-29-2 Lead(2+) 4-(1,1-dimethylethyl)benzoate EC / List no: 286-637-7 | CAS no: 85292-77-9 Lead, isononanoate naphthenate complexes, basic EC / List no: 291-563-3 | CAS no: 90431-40-6 Dioxobis(stearato)dilead EC / List no: 260-043-8 | CAS no: 56189-09-4 1H-Imidazole, 1-(tributylplumbyl)- EC / List no: - | CAS no: 16128-42-0 Lead dibenzoate EC / List no: 212-841-2 | CAS no: 873-54-1 2-(2,4,5,7-tetrabromo-3,6-dihydroxyxanthen-9-yl)benzoic acid, lead salt EC / List no: 215-415-4 | CAS no: 1326-05-2 Fatty acids, C12-18, lead salts EC / List no: 268-622-7 | CAS no: 68131-60-2 Acetic acid, lead(2+) salt, monohydrate EC / List no: - | CAS no: 15773-48-5 Lead, bis(acetato-O)tetrahydroxytri- EC / List no: 215-630-3 | CAS no: 1335-32-6 Lead dichloride EC / List no: 231-845-5 | CAS no: 7758-95-4 Lead(2+) 4,4'-isopropylidenebisphenolate EC / List no: 299-255-0 | CAS no: 93858-23-2 Lead sulphate EC / List no: 231-198-9 | CAS no: 7446-14-2 Lead dihexanoate EC / List no: 239-868-2 | CAS no: 15773-53-2 Lead silicate EC / List no: 240-047-6 | CAS no: 15906-71-5 Lead didocosanoate EC / List no: 249-719-3 | CAS no: 29597-84-0 Matte, copper-lead, tellurium-contg. A matte obtained from reduction of copper electrolysis sludge from which selenium has been removed with coal. Composed primarily of copper, lead and tellurium. EC / List no: 309-642-9 | CAS no: 100656-53-9 Plumbane dichlorodiethyl- EC / List no: 621-088-2 | CAS no: 13231-90-8 Silicic acid (H2SiO3), calcium salt (1:1), lead and manganese-doped EC / List no: 309-535-7 | CAS no: 100402-96-8 Lead, triphenyl(phenylthio)- (7CI) EC / List no: 654-801-0 | CAS no: 15590-77-9 Naphthenic acids, lead salts, basic EC / List no: 295-449-4 | CAS no: 92045-67-5 Phosphorodithioate O,O-bis(1,3-dimethylbutyl), lead salt EC / List no: 243-777-3 | CAS no: 20383-42-0 Lead molybdate EC / List no: 233-459-2 | CAS no: 10190-55-3 Lead, decanoate octanoate complexes EC / List no: 274-558-0 | CAS no: 70321-55-0 Leach residues, lead slag Residues from leaching slag from a lead refinery with caustic soda and sulfuric acid. Consists primarily of sodium sulfate, tellurium compounds and lead sulfate. EC / List no: 273-812-8 | CAS no: 69029-71-6 Lead divanadium hexaoxide EC / List no: 233-248-5 | CAS no: 10099-79-3 Dilead silicate sulphate EC / List no: 266-962-0 | CAS no: 67711-86-8 Lead(2+) decanoate EC / List no: 239-867-7 | CAS no: 15773-52-1 Lead, isodecanoate naphthenate complexes, basic EC / List no: 309-793-0 | CAS no: 101012-92-4 Leach residues, zinc ore, lead-contg. Insoluble substance obtained during dissolution of zinc ores or concentrate in sulfuric acid for the production of zinc sulfate solutions after physical separation such as flotation and filtration. EC / List no: 293-314-4 | CAS no: 91053-49-5 Tetraethyllead EC / List no: 201-075-4 | CAS no: 78-00-2 Lead palmitate EC / List no: 243-135-2 | CAS no: 19528-55-3 Lead dilactate EC / List no: 242-666-7 | CAS no: 18917-82-3 (isodecanoato-O)(isononanoato-O)lead EC / List no: 304-160-5 | CAS no: 94246-86-3 1,2-Benzenedicarboxylic acid, lead(2+) salt, basic EC / List no: 290-588-7 | CAS no: 90193-83-2 Chlorotriethylplumbane EC / List no: 213-925-1 | CAS no: 1067-14-7 Lead silicate EC / List no: 245-090-4 | CAS no: 22569-74-0 Zinc sulfide (ZnS), copper and lead-doped EC / List no: 271-598-0 | CAS no: 68585-90-0 Octadecanoic acid, barium lead salt EC / List no: - | CAS no: 73105-55-2 Silicic acid (H4SiO4), magnesium manganese(2+) zinc salt, arsenic and lead-doped EC / List no: - | CAS no: 68784-76-9 Ethyltrimethylplumbane EC / List no: 217-169-3 | CAS no: 1762-26-1 Chromic acid lead salt with lead molybdate EC / List no: - | CAS no: 12709-98-7 3-(triphenylplumbyl)-1H-pyrazole EC / List no: 256-968-1 | CAS no: 51105-45-4 Basic lead chromate orange This substance is identified in the Colour Index by Colour Index Constitution Number, C.I. 77601. EC / List no: 215-694-2 | CAS no: 1344-38-3 Hexafluorosilicate(2-), lead(2+) (1:1), tetrahydrate EC / List no: - | CAS no: 83689-82-1 Fatty acids, C16-18, lead salts EC / List no: 292-966-7 | CAS no: 91031-62-8 Lead hydroxide nitrate EC / List no: 235-543-4 | CAS no: 12268-84-7 Slimes and Sludges, copper conc. roasting off gas scrubbing, lead-mercury-selenium-contg. The product obtained by the purification of copper ore concentrate roasting offgas. Composed primarily of lead, mercury and selenium. EC / List no: 310-062-3 | CAS no: 102110-61-2 Lead ditantalum hexaoxide EC / List no: 235-065-6 | CAS no: 12065-68-8 lead(II) perchlorate trihydrate EC / List no: 638-754-3 | CAS no: 13453-62-8 Leach residues, precious metal recovery lead refining Salt extract from the treatment of speiss refining residue with aqua regia followed by alkali fusion. Consists of precious metals and their salts. EC / List no: 273-813-3 | CAS no: 69029-72-7 Slimes and Sludges, lead-zinc blast furnace, offgas wet cleaning Product generated from the wet cleaning of off-gases from the zinc/lead blast furnace. Consists primarily of zinc and lead in metallic or oxide form with varying amounts of other elements and compounds. EC / List no: 298-758-2 | CAS no: 93821-70-6 Acetic acid, capric acid, caprylic acid, coconut oil, hydrogenated tallow fatty acids, calcium-lead complex salt EC / List no: - | CAS no: 69103-04-4 Lead(2+) selenite EC / List no: 231-300-1 | CAS no: 7488-51-9 9H-Carbazole, 9-(triphenylplumbyl)- EC / List no: - | CAS no: 56240-91-6 Lead, dross EC / List no: 273-796-2 | CAS no: 69029-52-3 Sulfuric acid, lead salt, tetrabasic EC / List no: 258-142-6 | CAS no: 52732-72-6 Plumbane, chlorotripropyl- EC / List no: - | CAS no: 1520-71-4 2-Butenedioic acid (E)-, lead(2+) salt, basic EC / List no: 290-862-6 | CAS no: 90268-59-0 Bis(diethyldithiocarbamato-S,S')lead EC / List no: 241-534-6 | CAS no: 17549-30-3 Calcines, lead-zinc ore conc. A thermally agglomerated substance formed by heating a mixture of metal sulfide concentrates, limestone, sand, furnace dross, miscellaneous zinc, lead and copper bearing materials, together with already roasted material to a temperature of 1000°C to 1200°C (538°F to 649°F). EC / List no: 305-411-1 | CAS no: 94551-62-9 Lead dimyristate EC / List no: 250-924-5 | CAS no: 32112-52-0 Lead, bis[bis(1-methylethyl)carbamodithioato-S,S']-, (T-4)- EC / List no: - | CAS no: 30051-53-7 Octadecanoic acid, lead(2+) salt, tribasic EC / List no: 257-645-8 | CAS no: 52080-60-1 Lead(2+) octanoate EC / List no: 230-784-1 | CAS no: 7319-86-0 Lead tetracosanoate EC / List no: 300-989-1 | CAS no: 93966-38-2 Lead bis(p-octylphenolate) EC / List no: 282-756-3 | CAS no: 84394-98-9 Flue dust, zinc-refining By-product of refining of zinc ores consisting primarily of zinc, lead and iron. EC / List no: 273-760-6 | CAS no: 69012-63-1 Phosphorodithioic acid, mixed O,O-bis(Bu and pentyl) esters, lead(2+) salt EC / List no: 295-087-7 | CAS no: 91783-10-7 Lead alloy, base, dross A scum formed on the surface of molten lead-base alloys. Includes those cases in which aluminum is used to remove arsenic, nickel and antimony. EC / List no: 273-700-9 | CAS no: 69011-59-2 Carboxylic acids, tall-oil, lead salts, basic EC / List no: - | CAS no: 68603-93-0 Lead pentadecanoate EC / List no: 301-027-3 | CAS no: 93966-74-6 Chloric acid, lead(2+) salt, monohydrate EC / List no: - | CAS no: 13510-96-8 Oils, fish, lead salts EC / List no: 271-396-2 | CAS no: 68553-63-9 Lead, di-mu-hydroxy(2-methyl-4,6-dinitrophenolato-kappaO)(nitrato-kappaO)di- EC / List no: - | CAS no: 96471-22-6 Lead(2+) 2,4-dinitroresorcinolate EC / List no: 236-498-3 | CAS no: 13406-89-8 Lead difluoride EC / List no: 231-998-8 | CAS no: 7783-46-2 Sulfuric acid, lead(2+) lead(4+) salt (3:1:1) EC / List no: - | CAS no: 35830-81-0 Lead oxide sulfate EC / List no: 234-853-7 | CAS no: 12036-76-9 Tungstate (WO42-), calcium (1:1), (T-4)-, lead-doped EC / List no: 272-255-8 | CAS no: 68784-53-2 Gilsonite, polymer with cyclopentadiene, dicyclopentadiene and linseed oil, lead salts EC / List no: - | CAS no: 68956-49-0 Isooctanoic acid, lead(2+) salt, basic EC / List no: 293-985-3 | CAS no: 91671-83-9 Diantimony lead tetroxide EC / List no: 240-499-4 | CAS no: 16450-50-3 Flue dust, copper-lead blast furnace, cadmium-indium-enriched A cadmium-indium-enriched product obtained from the recirculation of copper-lead blast furnace flue dusts. Composed primarily of cadmium, indium and lead. EC / List no: 309-645-5 | CAS no: 100656-55-1 Lead, naphthenate neodecanoate complexes EC / List no: 291-567-5 | CAS no: 90431-43-9 Slimes and Sludges, lead refining Product of neutralizing lead refining wastes to precipitate heavy metals. EC / List no: 273-833-2 | CAS no: 69029-93-2 Speiss, lead-zinc EC / List no: 298-759-8 | CAS no: 93821-72-8 Naphthenic acids, lead (2+) salts EC / List no: 293-365-2 | CAS no: 91078-81-8 Lead, neononanoate neoundecanoate complexes, basic EC / List no: 291-568-0 | CAS no: 90431-44-0 Trilead chromate silicate EC / List no: 273-689-0 | CAS no: 69011-07-0 Lead sulphite EC / List no: 231-196-8 | CAS no: 7446-10-8 Lead icosanoate (1:2) EC / List no: 304-438-6 | CAS no: 94266-31-6 Linseed oil, lead manganese salt EC / List no: 271-394-1 | CAS no: 68553-17-3 Lead diundec-10-enoate EC / List no: 303-968-5 | CAS no: 94232-40-3 Lead, isodecanoate neodecanoate complexes, basic EC / List no: 291-562-8 | CAS no: 90431-39-3 Antimony, compound with lead (1:1) EC / List no: 235-536-6 | CAS no: 12266-38-5 Acetic acid, reaction products with lead oxide (PbO), silica and sulfuric acid EC / List no: 273-052-7 | CAS no: 68937-05-3 Trilead bis(orthophosphate) EC / List no: 231-205-5 | CAS no: 7446-27-7 Lead tetraacetate EC / List no: 208-908-0 | CAS no: 546-67-8 Stearic acid, lead salt EC / List no: 231-068-1 | CAS no: 7428-48-0 Dilead oxide EC / List no: 235-036-8 | CAS no: 12059-89-1 Lead tin trioxide EC / List no: 234-844-8 | CAS no: 12036-31-6 Lead monoxide EC / List no: 215-267-0 | CAS no: 1317-36-8 Lead disodium dioxide EC / List no: 234-800-8 | CAS no: 12034-30-9 Myristic acid, lead salt EC / List no: 243-788-3 | CAS no: 20403-41-2 Chromic acid (H2CrO4), lead(2 ) salt EC / List no: - | CAS no: 15804-54-3 Acetic acid, lead salt, basic EC / List no: 257-175-3 | CAS no: 51404-69-4 Lead methacrylate EC / List no: 258-041-7 | CAS no: 52609-46-8 Lead acrylate EC / List no: 238-458-0 | CAS no: 14466-01-4 Lead(II) isodecanoate EC / List no: 284-345-4 | CAS no: 84852-34-6 Triethylmethylplumbane EC / List no: 217-171-4 | CAS no: 1762-28-3 Tetramethyllead EC / List no: 200-897-0 | CAS no: 75-74-1 Fatty acids, C6-19-branched, lead salts EC / List no: 292-897-2 | CAS no: 91002-20-9 Lead(2+) nitroresorcinolate EC / List no: 274-521-9 | CAS no: 70268-38-1 Lead picrate (dry) EC / List no: 684-862-9 | CAS no: 25721-38-4 Basic lead beta-resorcylate EC / List no: - | CAS no: 68954-05-2 Lead dichlorite EC / List no: - | CAS no: 13453-57-1 Lead hydrogenorthophosphate EC / List no: 239-952-9 | CAS no: 15845-52-0 Lead(2+) neoundecanoate EC / List no: 299-748-0 | CAS no: 93894-49-6 Lead telluride EC / List no: 215-247-1 | CAS no: 1314-91-6 Lead, 2-ethylhexanoate naphthenate complexes, basic EC / List no: 291-557-0 | CAS no: 90431-34-8 Lead uranate pigment EC / List no: 287-565-9 | CAS no: 85536-79-4 Pentalead tetraoxide sulphate EC / List no: 235-067-7 | CAS no: 12065-90-6 Lead tungsten tetraoxide EC / List no: 231-849-7 | CAS no: 7759-01-5 Lead distearate EC / List no: 214-005-2 | CAS no: 1072-35-1 Orange lead EC / List no: 215-235-6 | CAS no: 1314-41-6 Lead(2+) neononanoate EC / List no: 299-747-5 | CAS no: 93894-48-5 Dilead diruthenium hexaoxide EC / List no: 253-389-6 | CAS no: 37194-88-0 Lead(2+) sebacate EC / List no: 249-660-3 | CAS no: 29473-77-6 1,3,5-triazine-2,4,6(1H,3H,5H)-trione, lead salt EC / List no: 259-227-0 | CAS no: 54554-36-8 Lead dibromide EC / List no: 233-084-4 | CAS no: 10031-22-8 Slags, tellurium Product of treating molten lead with sodium salts. Consists primarily of sodium-tellurium salts in various states of oxidation. EC / List no: 273-828-5 | CAS no: 69029-86-3 Fatty acids, C6-19-branched, lead salts, basic EC / List no: 271-675-9 | CAS no: 68603-83-8 1H-Pyrrole, 1-(triphenylplumbyl)- EC / List no: - | CAS no: 56240-93-8 Lead hexafluorosilicate EC / List no: 247-278-1 | CAS no: 25808-74-6 9-Hexadecenoic acid, lead(2+) salt, (Z)-, basic EC / List no: 291-395-0 | CAS no: 90388-15-1 Plumbane, ethyl methyl derivs. EC / List no: 271-852-0 | CAS no: 68610-17-3 Lead dioleate EC / List no: 214-310-0 | CAS no: 1120-46-3 Lead phosphite EC / List no: 240-176-8 | CAS no: 16038-76-9 Lead, antimonial, dross A scum formed on the surface of antimonial lead. Consists primarily of sodium arsenate and sodium antimonate with some lead oxide and free caustic soda. EC / List no: 273-795-7 | CAS no: 69029-51-2 Benzenesulfonic acid, 4-C10-13-sec-alkyl derivs., lead(2+) salts EC / List no: 284-665-4 | CAS no: 84961-75-1 Chlorotriphenylplumbane EC / List no: 214-572-6 | CAS no: 1153-06-6 Lead 2,4-dihydroxybenzoate EC / List no: 244-118-2 | CAS no: 20936-32-7 Lead(2+) 4,6-dinitro-o-cresolate EC / List no: 265-460-9 | CAS no: 65121-76-8 Fatty acids, C8-18 and C18-unsatd., lead salts EC / List no: 283-962-6 | CAS no: 84776-36-3 (2-ethylhexanoato-O)(isononanoato-O)lead EC / List no: 304-165-2 | CAS no: 94246-91-0 Plumbane, acetoxytripropyl- EC / List no: 654-802-6 | CAS no: 13266-07-4 Lead(II) fumarate EC / List no: 275-845-3 | CAS no: 71686-03-8 Lead, isodecanoate isooctanoate complexes, basic EC / List no: 291-560-7 | CAS no: 90431-37-1 Lead diformate EC / List no: 212-371-8 | CAS no: 811-54-1 Perchloric acid, reaction products with lead oxide (PbO) and triethanolamine EC / List no: 309-027-5 | CAS no: 99749-31-2 Lead bis(dimethyldithiocarbamate) EC / List no: 242-748-2 | CAS no: 19010-66-3 Lead acetate EC / List no: 239-379-4 | CAS no: 15347-57-6 Acetoxytributylplumbane EC / List no: 219-970-3 | CAS no: 2587-82-8 Lead 5-nitroterephthalate EC / List no: 262-308-3 | CAS no: 60580-60-1 Acetic acid, reaction products with capric acid, carpylic acid, coconut oil, and hydrogenated tallow fatty acids, calcium, lead salts EC / List no: - | CAS no: 68784-59-8 barium calcium cesium lead samarium strontium bromide chloride fluoride iodide europium doped EC / List no: 431-780-4 | CAS no: 199876-46-5 Flue dust, lead-tin alloy-manufg. Volatilized metals generated during smelting and refining of tin-lead alloys. Consists primarily of oxides of lead and tin. EC / List no: 273-758-5 | CAS no: 69012-60-8 Lead, 2-ethylhexanoate neodecanoate complexes, basic EC / List no: 291-558-6 | CAS no: 90431-35-9 Fatty acids, C9-11-branched, lead salts EC / List no: 279-755-5 | CAS no: 81412-57-9 Hydroxy(neodecanoato-O)lead EC / List no: 275-988-1 | CAS no: 71753-04-3 2-hydroxypropane-1,2,3-tricarboxylate;lead(2+);trihydrate EC / List no: 629-552-6 | CAS no: 6107-83-1 (neononanoato-O)(neoundecanoato-O)lead EC / List no: 299-764-8 | CAS no: 93894-64-5 Fumes, lead Residue produced in lead smelting operations from the volatillsation of lead from materials smelted. Consists primarily of chlorides and oxides of antimony, arsenic and zinc. EC / List no: 305-414-8 | CAS no: 94551-66-3 Lead bis(tetracosylbenzenesulphonate) EC / List no: 288-691-7 | CAS no: 85865-91-4 Lead hydroxide oxide phosphite (Pb3(OH)O(PO3)), hydrate (2:1) EC / List no: - | CAS no: 1344-40-7 Lead, C9-28-neocarboxylate 2-ethylhexanoate complexes, basic EC / List no: - | CAS no: 125494-56-6 lead(2+) phosphonate EC / List no: 603-832-8 | CAS no: 13453-65-1 Slimes and Sludges, copper-lead ore roasting off gas scrubbing, arsenic-contg. The product obtained by the purification of copper-lead ore concentrate roasting offgas. Composed primarily of arsenic oxide (As2O3). EC / List no: 310-063-9 | CAS no: 102110-62-3 Acetic acid, lead(2+) salt, dihydrate EC / List no: - | CAS no: 22723-52-0 Lead, isodecanoate naphthenate complexes EC / List no: 291-561-2 | CAS no: 90431-38-2 Hexanoic acid, 3,5,5-trimethyl-, lead(2+) salt, basic EC / List no: 271-108-5 | CAS no: 68515-77-5 Cyclo-di-μ-oxo(μ-phthalato)trilead EC / List no: 241-894-4 | CAS no: 17976-43-1 Decanoic acid, lead salt EC / List no: 243-789-9 | CAS no: 20403-42-3 Plumbane, tris(acetyloxy)phenyl- EC / List no: - | CAS no: 3076-54-8 (2-ethylhexanoato-O)(isooctanoato-O)lead EC / List no: 304-164-7 | CAS no: 94246-90-9 Lead and Lead compounds (as Pb) EC / List no: - | CAS no: 14931-82-9 Lead(2+) heptadecanoate EC / List no: 264-123-3 | CAS no: 63399-94-0 Lead (II) hydroxide salicylate EC / List no: - | CAS no: 87903-39-7 Plumbane, tetrakis(1-methylethyl)- EC / List no: - | CAS no: 14846-40-3 Lead fluoride hydroxide EC / List no: 308-169-5 | CAS no: 97889-90-2 Formic acid, lead salt EC / List no: 230-336-5 | CAS no: 7056-83-9 Lead disulphide EC / List no: 235-241-2 | CAS no: 12137-74-5 Docosanoic acid, lead salt EC / List no: 221-834-3 | CAS no: 3249-61-4 Lead sulfochromate yellow This substance is identified in the Colour Index by Colour Index Constitution Number, C.I. 77603. EC / List no: 215-693-7 | CAS no: 1344-37-2 Lead bis(2,4-dihydroxybenzoate) EC / List no: 255-375-5 | CAS no: 41453-50-3 Fatty acids, tallow, hydrogenated, lead salts EC / List no: 271-722-3 | CAS no: 68605-98-1 Diethyldimethylplumbane EC / List no: 217-170-9 | CAS no: 1762-27-2 Nitroresorcinol, lead salt EC / List no: 257-133-4 | CAS no: 51317-24-9 Octanoic acid, branched, lead salts, basic EC / List no: 271-698-4 | CAS no: 68604-56-8 Frits, chemicals Frit is a mixture of inorganic chemical substances produced by rapidly quenching a molten, complex combination of materials, confining the chemical substances thus manufactured as nonmigratory components of glassy solid flakes or granules. This category includes all of the chemical substances specified below when they are intentionally manufactured in the production of frit. The primary members of this category are oxides of some or all of the elements listed below. Fluorides of these elements may also be included in combination with these primary substances.@Aluminum@Manganese@Antimony@Molybdenum@Arsenic@Neodymium@Barium@Nickel@Bismuth@Niobium@Boron@Phosphorus@Cadmium@Potassium@Calcium@Silicon@Cerium@Silver@Chromium@Sodium@Cobalt@Strontium@Copper@Tin@Gold@Titanium@Iron@Tungsten@Lanthanum@Vanadium@Lead@Zinc@Lithium@Zirconium@Magnesium EC / List no: 266-047-6 | CAS no: 65997-18-4 Lead(2+) isohexadecanoate EC / List no: 306-073-8 | CAS no: 95892-13-0 Speiss, lead Substance resulting from the smelting of lead and its alloys obtained from primary and secondary sources and including recycled plant intermediates. Composed primarily of arsenic, lead and iron and may contain other residual non-ferrous metals and their compounds. EC / List no: 282-366-3 | CAS no: 84195-61-9 Lead chloride oxide EC / List no: 235-383-5 | CAS no: 12205-72-0 Phosphoric acid, mixed Bu and hexyl diesters, lead(2+) salts EC / List no: 300-328-7 | CAS no: 93925-27-0 Sulfuric acid, barium salt (1:1), lead-doped EC / List no: 308-972-0 | CAS no: 99328-54-8 Bis(o-acetoxybenzoato)lead EC / List no: 263-548-1 | CAS no: 62451-77-8 Plumbane, tetrakis(1-methylpropyl)- EC / List no: - | CAS no: 65151-08-8 Pyrochlore, antimony lead yellow This substance is identified in the Colour Index by Colour Index Constitution Number, C.I. 77588. EC / List no: 232-382-1 | CAS no: 8012-00-8 Waste solids, lead silver anode The slag or residue obtained when lead/silver anodes used in the electrolytic production of zinc are recast. Fusion of the alloys of lead and silver (manganese may also be present) and simultaneous oxidation occur. EC / List no: 305-449-9 | CAS no: 94552-05-3 Acetic acid, oleic acid, candelilla wax, tallow, calcium-lead complex salt EC / List no: 614-927-9 | CAS no: 69103-03-3 (isodecanoato-O)(isooctanoato-O)lead EC / List no: 304-158-4 | CAS no: 94246-85-2 Lead diiodide EC / List no: 233-256-9 | CAS no: 10101-63-0 Dicalcium lead tetraoxide EC / List no: 234-591-3 | CAS no: 12013-69-3 Lead bis(tetrafluoroborate) EC / List no: 237-486-0 | CAS no: 13814-96-5 Lead, C8-10-branched fatty acids C9-11-neofatty acids naphthenate complexes EC / List no: 291-551-8 | CAS no: 90431-28-0 Lead, 2-ethylhexanoate naphthenate complexes EC / List no: 291-556-5 | CAS no: 90431-33-7 Ethanedioic acid, lead(2+) salt (1:1), trihydrate EC / List no: - | CAS no: 128226-81-3 Plumbane, (4-azidobutyl)triphenyl- EC / List no: - | CAS no: 16035-39-5 2-Butenedioic acid (Z)-, lead(2+) salt, basic EC / List no: 290-869-4 | CAS no: 90268-66-9 Lead, dross, vanadium-zinc-contg. EC / List no: 309-638-7 | CAS no: 100656-49-3 Phosphonic acid, lead salt, basic EC / List no: 258-787-3 | CAS no: 53807-64-0 Lead, isooctanoate naphthenate complexes EC / List no: 271-110-6 | CAS no: 68515-80-0 Lead(2+) silicate EC / List no: 233-246-4 | CAS no: 10099-76-0 Flue gases, lead-zinc blast furnace The off-gases from the zinc/lead blast furnace. Consists primarily of carbon monoxide, carbon dioxide and nitrogen. EC / List no: 298-735-7 | CAS no: 93821-47-7 Sulfurous acid, lead salt, dibasic EC / List no: 263-467-1 | CAS no: 62229-08-7 Hexanoic acid, 2-ethyl-, lead(2+) salt, basic EC / List no: 271-106-4 | CAS no: 68515-76-4 Tetrabutylplumbane EC / List no: 217-649-2 | CAS no: 1920-90-7 Lead, 2-ethylhexanoate tall-oil fatty acids complexes EC / List no: 269-090-9 | CAS no: 68187-37-1 Lead dibromate EC / List no: 251-796-3 | CAS no: 34018-28-5 Phosphonic acid, lead(2+) salt EC / List no: - | CAS no: 24824-71-3 Lead, dross, bismuth-rich A scum formed on the surface of molten lead during the process of removing bismuth by the addition of calcium and magnesium. It consists of lead containing calcium and magnesium bismuthides. EC / List no: 273-792-0 | CAS no: 69029-46-5 Residues, lead smelting wastewater treatment Material obtained during waste water treatment in lead production. Consists primarily of lead with additional metal carbonates, hydroxides, sulfides or sulfates. EC / List no: 305-424-2 | CAS no: 94551-78-7 Dodecairon lead nonadecaoxide EC / List no: 234-684-9 | CAS no: 12023-90-4 Trilead bis(carbonate) dihydroxide EC / List no: 215-290-6 | CAS no: 1319-46-6 Slimes and Sludges, lead acetate manuf. The residue obtained from the treatment of lead with acetic acid. Composed primarily of elemental lead, lead acetate and basic lead carbonate hydroxide. EC / List no: 306-241-0 | CAS no: 96690-46-9 Boric acid (HBO2), lead(2+) salt, monohydrate EC / List no: 677-597-5 | CAS no: 10214-39-8 Gilsonite, linseed oil polymer, lead salt EC / List no: - | CAS no: 68989-89-9 Fatty acids, C8-10-branched, lead salts, basic EC / List no: 270-063-9 | CAS no: 68409-79-0 Lead(II) maleate EC / List no: 241-430-0 | CAS no: 17406-54-1 Lead, isononanoate isooctanoate complexes, basic EC / List no: 284-573-4 | CAS no: 84929-94-2 Sulfurous acid, lead salt, basic EC / List no: 257-762-4 | CAS no: 52231-92-2 Hexadecanoic acid, lead(2+) salt, basic EC / List no: 291-389-8 | CAS no: 90388-10-6 Lead tartrate EC / List no: 212-426-6 | CAS no: 815-84-9 Lead(4+) stearate EC / List no: 231-740-4 | CAS no: 7717-46-6 Lead phthalate EC / List no: 229-927-0 | CAS no: 6838-85-3 Slimes and Sludges, lead sinter dust scrubber EC / List no: 274-639-0 | CAS no: 70514-37-3 Lead disalicylate EC / List no: 239-839-4 | CAS no: 15748-73-9 Lead(II) methylthiolate EC / List no: 252-324-9 | CAS no: 35029-96-0 Cadmium sulfide (CdS), copper and lead-doped EC / List no: 272-581-0 | CAS no: 68891-87-2 Fatty acids, tall-oil, lead salts EC / List no: 262-986-0 | CAS no: 61788-54-3 Potassium pentadecaoxodiplumbatepentaniobate(1-) EC / List no: 235-618-1 | CAS no: 12372-45-1 Lead diazide EC / List no: 236-542-1 | CAS no: 13424-46-9 Lead cyanamidate EC / List no: 244-099-0 | CAS no: 20890-10-2 Lead 12-hydroxyoctadecanoate EC / List no: 265-492-3 | CAS no: 65127-78-8 Chromic acid (H2CrO4), lead(2+) sodium salt (2:1:2) EC / List no: - | CAS no: 93215-61-3 Lead diiodate EC / List no: 247-168-3 | CAS no: 25659-31-8 Lead bis(4-cyclohexylbutyrate) EC / List no: 263-663-7 | CAS no: 62637-99-4 Lead phthalocyanine EC / List no: 628-401-1 | CAS no: 15187-16-3 Lead, C5-23-branched carboxylate naphthenate complexes EC / List no: 280-542-4 | CAS no: 83711-46-0 Lead selenide EC / List no: 235-109-4 | CAS no: 12069-00-0 (9Z,12Z)-octadeca-9,12-dienoic acid, lead salt EC / List no: 241-077-2 | CAS no: 16996-51-3 Dilead dirhodium heptaoxide EC / List no: 253-421-9 | CAS no: 37240-96-3 Lead alloy, base, Pb,Sn, dross Oxides formed during melting, refining, and casting of solders. Major constituents are oxides of tin, lead and antimony; minor constituents are iron, nickel, sulfur, arsenic, copper and silver. EC / List no: 273-701-4 | CAS no: 69011-60-5 Diethyllead EC / List no: - | CAS no: 24952-65-6 Fatty acids, tall-oil, lead manganese salts EC / List no: 262-985-5 | CAS no: 61788-53-2 Lead metaborate EC / List no: 238-762-3 | CAS no: 14720-53-7 Lead zirconium trioxide EC / List no: 235-039-4 | CAS no: 12060-01-4 Lead oleate EC / List no: 239-378-9 | CAS no: 15347-55-4 1H-Indole, 1-(triphenylplumbyl)- EC / List no: - | CAS no: 56240-92-7 Lead di(acetate) EC / List no: 206-104-4 | CAS no: 301-04-2 [μ-(4,6-dinitroresorcinolato(2-)-O1,O3)]dihydroxydilead EC / List no: 284-297-4 | CAS no: 84837-22-9 Lead, 2-ethylhexanoate isooctanoate complexes, basic EC / List no: 291-554-4 | CAS no: 90431-32-6 Lead chromate sulfate (Pb9(CrO4)5(SO4)4) EC / List no: - | CAS no: 51899-02-6 Isodecanoic acid, lead(2+) salt, basic EC / List no: 293-984-8 | CAS no: 91671-82-8 Plumbane, triethyl[[(4-methylphenyl)sulfonyl]oxy]- EC / List no: - | CAS no: 43135-86-0 Lead dinitrate EC / List no: 233-245-9 | CAS no: 10099-74-8 Lead compounds EC / List no: - | CAS no: - Decanoic acid, branched, lead salts EC / List no: 291-160-2 | CAS no: 90342-24-8 Carbonic acid, lead salt EC / List no: - | CAS no: 13427-42-4 Diphenyllead dichloride EC / List no: 218-325-3 | CAS no: 2117-69-3 Trilead dicitrate EC / List no: 208-141-1 | CAS no: 512-26-5 Neoundecanoic acid, lead salt, basic EC / List no: 291-671-0 | CAS no: 90459-28-2 Octadecanoic acid, lead(2+) salt, basic EC / List no: 291-696-7 | CAS no: 90459-52-2 1H-Isoindole-1,3(2H)-dione, 4,5,6, 7-tetrachloro-2-(triethylplumbyl)- EC / List no: - | CAS no: 73928-23-1 Isooctanoic acid, lead salt EC / List no: 264-931-6 | CAS no: 64504-12-7 Lead phthalate EC / List no: 240-321-5 | CAS no: 16183-12-3 Spinels, boron calcium lead silicon white An inorganic pigment that is the reaction product of high temperature calcination in which boron oxide, calcium oxide, lead (II) oxide, and silicon oxide in varying amounts are homogeneously and ionically interdiffused to form a crystalline matrix of spinel. EC / List no: 271-410-7 | CAS no: 68555-05-5 Sulphuric acid, barium lead salt EC / List no: 255-896-8 | CAS no: 42579-89-5 Silicic acid (H6Si2O7), barium magnesium strontium salt, lead-doped EC / List no: 272-269-4 | CAS no: 68784-74-7 Lead, isooctanoate neodecanoate complexes, basic EC / List no: 284-575-5 | CAS no: 84929-95-3 (isononanoato-O)(neodecanoato-O)lead EC / List no: 305-385-1 | CAS no: 94481-58-0 Lead bis(5-oxo-L-prolinate) EC / List no: 286-935-7 | CAS no: 85392-77-4 Lead, alkyls, manufg. wastes EC / List no: 274-632-2 | CAS no: 70513-89-2 Lead(2+) tellurium trioxide EC / List no: 239-964-4 | CAS no: 15851-47-5 (R)-3,5,6-trihydroxy-4,6-bis(3-methylbut-2-enyl)-2-(3-methyl-2-oxobutyl)cyclohexa-2,4-dien-1-one, lead salt EC / List no: 272-654-7 | CAS no: 68901-11-1 Lead bis(isoundecanoate) EC / List no: 300-979-7 | CAS no: 93965-29-8 Lead, 2-ethylhexanoate isononanoate complexes, basic EC / List no: 291-553-9 | CAS no: 90431-31-5 Dehydrated castor oil fatty acids, glycerine, C36 fatty acid dimers, litharge polymer EC / List no: - | CAS no: 70879-91-3 triethylplumbanecarbonitrile EC / List no: 667-806-8 | CAS no: 13732-17-7 Matte, lead Substance resulting from the smelting of lead and its alloys obtained from primary and secondary sources and including recycled plant intermediates. Composed primarily of iron and lead (mainly in sulfide form) and may contain other residual non-ferrous metals and their compounds. EC / List no: 282-356-9 | CAS no: 84195-51-7 Fatty acids, coco, lead salts EC / List no: 295-368-4 | CAS no: 92044-89-8 Residues, copper-iron-lead-nickel matte, sulfuric acid-insol. EC / List no: 310-050-8 | CAS no: 102110-49-6 Fatty acids, C8-10, lead salts EC / List no: 292-965-1 | CAS no: 91031-61-7 Hafnium lead trioxide EC / List no: 234-735-5 | CAS no: 12029-23-1 Carbamodithioic acid, phenylethyl-, lead salt EC / List no: - | CAS no: 75790-73-7 Lead bis(piperidine-1-carbodithioate) EC / List no: 255-438-7 | CAS no: 41556-46-1 Lead, 2-ethylhexanoate isodecanoate complexes, basic EC / List no: 291-552-3 | CAS no: 90431-30-4 Lead, C5-23-branched carboxylate naphthenate octanoate complexes EC / List no: 280-544-5 | CAS no: 83711-47-1 Hexadecanoic acid, lead salt, basic EC / List no: 291-388-2 | CAS no: 90388-09-3 Fatty acids, C8-9, lead salts EC / List no: 292-964-6 | CAS no: 91031-60-6 Lead, C8-10-branched fatty acids C9-11-neofatty acids naphthenate complexes, overbased EC / List no: 291-550-2 | CAS no: 90431-27-9 [μ-[[5,5'-azobis[1H-tetrazolato]](2-)]]dihydroxydilead EC / List no: 301-376-1 | CAS no: 94015-57-3 Isononanoic acid, lead salt EC / List no: 248-376-7 | CAS no: 27253-41-4 1,3-Benzenediol, 2-nitro-, lead salt, basic EC / List no: 685-313-6 | CAS no: 68411-33-6 Lead oxide (PbO), lead-contg. EC / List no: 270-148-0 | CAS no: 68411-78-9 Zinc, desilverizing skims Crusts formed on the surface of cooling molten lead during the desilverizing of lead. EC / List no: 273-802-3 | CAS no: 69029-60-3 Silicic acid, calcium salt, lead and manganese-doped EC / List no: 310-036-1 | CAS no: 102110-36-1 Plumbane, tributylchloro- EC / List no: - | CAS no: 13302-14-2 Citric acid, lead salt EC / List no: 238-432-9 | CAS no: 14450-60-3 Lead bis(12-hydroxystearate) EC / List no: 261-238-0 | CAS no: 58405-97-3 Orthoboric acid, lead(2+) salt EC / List no: 252-594-8 | CAS no: 35498-15-8 Matte, copper-lead Substance produced as a by-product of lead smelting operations. Consists primarily of copper sulfide with significant amounts of lead sulfide and precious metals. EC / List no: 305-422-1 | CAS no: 94551-74-3 Slags, lead reverbatory smelting By-product from the smelting of lead ores, scrap lead or lead smelter dross. Consists primarily of oxides and silicates of antimony and lead. EC / List no: 273-800-2 | CAS no: 69029-58-9 Lead, dross, copper-rich A scum formed on the surface of molten copper. EC / List no: 273-925-2 | CAS no: 69227-11-8 Slimes and Sludges, lead, electrolytic Substance resulting from the electrolytic refining of lead obtained from primary and secondary sources and including recycled plant intermediates. Composed primarily of lead, antimony and precious metals and may contain other residual non-ferrous metals and their compounds. EC / List no: 282-365-8 | CAS no: 84195-60-8 Plumbane, bis(acetyloxy)dibutyl- EC / List no: - | CAS no: 2587-84-0 Lead 2,4,6-trinitro-m-phenylene dioxide EC / List no: 239-290-0 | CAS no: 15245-44-0 cosmetics Not permitted in cosmetics intended for use on the skin. Additionally see "" Coal tar dye ."" Health Canada Canada Restricted",restricted_or_thresholded,banned_or_prohibited
"2,4-Diaminotoluene cross-category REACH SVHC candidate list ECHA European Union Candidate list Carcinogenic (Article 57a)",source_context_only,source_context_only
"Tris(1-aziridinyl)phosphine sulfide (Thiotepa) cross-category cancer OEHHA California, USA Listed cancer",restricted_or_thresholded,restricted_or_thresholded
"Pentadecafluorooctanoic acid (PFOA) cross-category cancer OEHHA California, USA Listed cancer",warning_or_hazard_listed,restricted_or_thresholded
"Atenolol cross-category developmental toxicity OEHHA California, USA Listed developmental toxicity",warning_or_hazard_listed,warning_or_hazard_listed
Phenol cosmetics all cosmetic products Health Canada Canada Prohibited,banned_or_prohibited,banned_or_prohibited
"Benzo[j]fluoranthene cross-category cancer OEHHA California, USA Listed cancer",restricted_or_thresholded,restricted_or_thresholded
"Sodium dimethyldithiocarbamate cross-category developmental toxicity OEHHA California, USA Listed developmental toxicity",restricted_or_thresholded,warning_or_hazard_listed
"Lead cross-category REACH SVHC candidate list ECHA European Union Candidate list Carcinogenic (Article 57a)""Toxic for reproduction (Article 57c)",source_context_only,source_context_only
"2,4-Diaminoanisole cosmetics all cosmetic products Health Canada Canada Prohibited",banned_or_prohibited,banned_or_prohibited
"Norethisterone (Norethindrone) cross-category developmental toxicity OEHHA California, USA Listed developmental toxicity",warning_or_hazard_listed,warning_or_hazard_listed
"Dibenzo[a,l]pyrene cross-category cancer OEHHA California, USA Listed cancer",warning_or_hazard_listed,restricted_or_thresholded
"Benz[a]anthracene cross-category cancer OEHHA California, USA Listed cancer",restricted_or_thresholded,restricted_or_thresholded
"Chlordiazepoxide cross-category developmental toxicity OEHHA California, USA Listed developmental toxicity",warning_or_hazard_listed,warning_or_hazard_listed
"2,3-Dibromo-1-propanol cross-category cancer OEHHA California, USA Listed cancer",warning_or_hazard_listed,restricted_or_thresholded
"N-(hydroxymethyl)acrylamide cross-category REACH SVHC candidate list ECHA European Union Candidate list Carcinogenic (Article 57a)""Mutagenic (Article 57b)",source_context_only,source_context_only
"Lindane and other hexachlorocyclohexane isomers cross-category cancer OEHHA California, USA Listed cancer",warning_or_hazard_listed,restricted_or_thresholded
"Fluorouracil cross-category developmental toxicity OEHHA California, USA Listed developmental toxicity",warning_or_hazard_listed,warning_or_hazard_listed
"Ribavirin cross-category developmental toxicity OEHHA California, USA Listed developmental toxicity",warning_or_hazard_listed,warning_or_hazard_listed
"Pentachlorophenol and by-products of its synthesis (complex mixture) cross-category cancer OEHHA California, USA Listed cancer",warning_or_hazard_listed,warning_or_hazard_listed
"1,2-Dibromo-3-chloropropane (DBCP) cross-category male reproductive toxicity OEHHA California, USA Listed male reproductive toxicity",restricted_or_thresholded,warning_or_hazard_listed
2-Nitropropane cosmetics b) Other cosmetics Health Canada Canada Restricted,restricted_or_thresholded,restricted_or_thresholded
"Aniline hydrochloride cross-category cancer OEHHA California, USA Listed cancer",warning_or_hazard_listed,restricted_or_thresholded
"Etoposide cross-category cancer OEHHA California, USA Listed cancer",warning_or_hazard_listed,restricted_or_thresholded
"Phenazopyridine cross-category cancer OEHHA California, USA Listed cancer",restricted_or_thresholded,restricted_or_thresholded
"Levonorgestrel implants cross-category female reproductive toxicity OEHHA California, USA Listed female reproductive toxicity",warning_or_hazard_listed,warning_or_hazard_listed
Phenol cross-category REACH SVHC candidate list ECHA European Union Candidate list Toxic for reproduction (Article 57c),source_context_only,source_context_only
"Diazoxide cross-category developmental toxicity OEHHA California, USA Listed developmental toxicity",warning_or_hazard_listed,warning_or_hazard_listed
"Estradiol 17B cross-category cancer OEHHA California, USA Listed cancer",restricted_or_thresholded,restricted_or_thresholded
"5-Chloro-o-toluidine and its strong acid salts cross-category cancer OEHHA California, USA Listed cancer",warning_or_hazard_listed,warning_or_hazard_listed
"Paclitaxel cross-category developmental toxicity OEHHA California, USA Listed developmental toxicity",warning_or_hazard_listed,warning_or_hazard_listed
"D&C Orange No. 17 cross-category cancer OEHHA California, USA Listed cancer",warning_or_hazard_listed,restricted_or_thresholded
Catechol cosmetics all cosmetic products Health Canada Canada Prohibited,banned_or_prohibited,banned_or_prohibited
Organic tin compounds toys; child care Scraped-off toy material ECHA / European Commission European Union banned if exceeded limit Chemical restriction in toy materials under the EU Toy Safety Directive,banned_or_prohibited,banned_or_prohibited
"Phenol cross-category REACH SVHC candidate list ECHA European Union Candidate list PBT (Article 57d)""vPvB (Article 57e)",source_context_only,source_context_only
Di-n-pentyl phthalate cross-category REACH SVHC candidate list ECHA European Union Candidate list Toxic for reproduction (Article 57c),source_context_only,source_context_only
"lithium perfluorobutanesulfonate cross-category REACH SVHC candidate list ECHA European Union Candidate list Equivalent level of concern having probable serious effects to human health (Article 57(f) - human health)""Equivalent level of concern having probable serious effects to the environment (Article 57(f) - environment)",source_context_only,source_context_only
Lead cross-category REACH SVHC candidate list ECHA European Union Candidate list Toxic for reproduction (Article 57c),source_context_only,source_context_only
"Hexafluoroacetone [Basis for listing changed effective June 6, 2014] cross-category male reproductive toxicity OEHHA California, USA Listed male reproductive toxicity",warning_or_hazard_listed,warning_or_hazard_listed
"Simazine cross-category female reproductive toxicity OEHHA California, USA Listed female reproductive toxicity",restricted_or_thresholded,warning_or_hazard_listed
"Rifampin cross-category female reproductive toxicity OEHHA California, USA Listed female reproductive toxicity",warning_or_hazard_listed,warning_or_hazard_listed
"Cytarabine cross-category developmental toxicity OEHHA California, USA Listed developmental toxicity",warning_or_hazard_listed,warning_or_hazard_listed
Formaldehyde toys; child care Toys intended for use by children under 36 months or in other toys intended to be placed in the mouth ECHA / European Commission European Union allowed if comply with limit Chemical restriction in toy materials under the EU Toy Safety Directive,restricted_or_thresholded,restricted_or_thresholded
"Toxaphene (Polychlorinated camphenes) cross-category cancer OEHHA California, USA Listed cancer",restricted_or_thresholded,warning_or_hazard_listed
Ethylene glycol monomethyl ether acetate cross-category REACH SVHC candidate list ECHA European Union Candidate list Toxic for reproduction (Article 57c),source_context_only,source_context_only
Phenol cross-category REACH SVHC candidate list ECHA European Union Candidate list Endocrine disrupting properties (Article 57(f) - environment),source_context_only,source_context_only
Formamide cross-category REACH SVHC candidate list ECHA European Union Candidate list Respiratory sensitising properties (Article 57(f) - human health),source_context_only,source_context_only
"Methylazoxymethanol acetate cross-category cancer OEHHA California, USA Listed cancer",warning_or_hazard_listed,warning_or_hazard_listed
"Silicon carbide whiskers cross-category cancer OEHHA California, USA Listed cancer",warning_or_hazard_listed,restricted_or_thresholded
"Paclitaxel cross-category male reproductive toxicity OEHHA California, USA Listed male reproductive toxicity",warning_or_hazard_listed,warning_or_hazard_listed
"Oxadiazon cross-category cancer OEHHA California, USA Listed cancer",warning_or_hazard_listed,restricted_or_thresholded
"Linuron cross-category developmental toxicity OEHHA California, USA Listed developmental toxicity",restricted_or_thresholded,warning_or_hazard_listed
"Nickel and its compounds Antimony oxide (Sb2O3), solid soln. with nickel oxide (NiO) and titanium oxide (TiO2) EC / List no: 277-627-3 | CAS no: 73892-02-1 Bis(5-oxo-L-prolinato-N1,O2)nickel EC / List no: 274-912-4 | CAS no: 70824-02-1 Nickel, bis[N-hydroxy-3-(hydroxyimino-κN)-N'-(2-methoxyphenyl)butanimidamidato-κN']- EC / List no: - | CAS no: 71605-83-9 Dipotassium tris(cyano-C)nickelate(2-) EC / List no: 254-261-2 | CAS no: 39049-81-5 Dinickel hexacyanoferrate EC / List no: 238-946-3 | CAS no: 14874-78-3 Nickel, 2,2'-thiobis[4-nonylphenol] complexes EC / List no: 287-356-2 | CAS no: 85480-75-7 Nickel EC / List no: 231-111-4 | CAS no: 7440-02-0 Aluminum boron cobalt lithium nickel oxide EC / List no: - | CAS no: 207803-51-8 Nickel ferrite brown spinel This substance is identified in the Colour Index by Colour Index Constitution Number, C.I. 77497. EC / List no: 269-071-5 | CAS no: 68187-10-0 Nickel, borate neodecanoate complexes EC / List no: 296-343-0 | CAS no: 92502-55-1 Perchloric acid, nickel salt EC / List no: - | CAS no: 41743-88-8 Trinickel phosphide EC / List no: 822-331-7 | CAS no: 12059-19-7 Nickel Sulfide (Ni5S4) EC / List no: - | CAS no: 97599-07-0 Nickel, C4-10 fatty acids octanoate complexes EC / List no: 297-550-9 | CAS no: 93573-16-1 Tetrakis(trifluorophosphine)nickel EC / List no: 237-597-4 | CAS no: 13859-65-9 Nickel dichromate EC / List no: 239-646-5 | CAS no: 15586-38-6 [N,N',N'',N'''-tetrakis[4-(4,5-dihydro-3-methyl-5-oxo-1H-pyrazol-1-yl)phenyl]-29H,31H-phthalocyaninetetrasulphonamidato(2-)-N29,N30,N31,N32]nickel EC / List no: 277-174-1 | CAS no: 72986-45-9 2,3-dihydroxypropyl (dihydrogen phosphate), nickel salt (1:1) EC / List no: 269-946-1 | CAS no: 68391-37-7 Nickel dibromate EC / List no: 238-596-1 | CAS no: 14550-87-9 Nickelate(6-), [4-[[5-[[(3,6-dichloro-4-pyridazinyl)carbonyl]amino]-2-sulfophenyl]azo]-4,5-dihydro-5-oxo-1-[2-sulfo-5-[[(trisulfo-29H,31H-phthalocyaninyl)sulfonyl]amino]phenyl]-1H-pyrazole-3-carboxylato(8-)-N29,N30,N31,N32]-, hexasodium EC / List no: 299-467-3 | CAS no: 93891-86-2 Nickel chloride EC / List no: 253-399-0 | CAS no: 37211-05-5 Nickel, [29H,31H-phthalocyaninato(2-)-[?]N29,[?]N30,[?]N31,[?]N32]-, sulfo [[4-[[2-(sulfooxy)ethyl]sulfonyl]phenyl]amino]sulfonyl derivs., sodium salts EC / List no: 603-528-5 | CAS no: 131866-99-4 Nickel arsenide EC / List no: 248-169-1 | CAS no: 27016-75-7 Nickel, C5-23-branched carboxylate naphthenate complexes EC / List no: 295-925-1 | CAS no: 92200-98-1 Nickel isooctanoate EC / List no: 248-585-3 | CAS no: 27637-46-3 Nickel, [6,8,16,18-tetrachloro-1,11-bis(2-furanylmethyl)-1,10,11,20-tetrahydrodibenzo[c,j]dipyrazolo[3,4-f:3',4'-m][1,2,5,8,9,12]hexaazacyclotetradecinato(2-)-N5,N10,N15,N20]- EC / List no: 616-726-1 | CAS no: 79745-01-0 Carbonic acid, nickel(2+) salt (1:1), hexahydrate EC / List no: - | CAS no: 17030-82-9 [carbonato(2-)]tetrahydroxytrinickel EC / List no: 235-715-9 | CAS no: 12607-70-4 Bis(1-nitrosonaphthalen-2-olato-N1,O2)nickel EC / List no: 238-380-7 | CAS no: 14406-66-7 Olivine, nickel green An inorganic pigment that is the reaction product of high temperature calcination in which nickel (II) oxide and silicon oxide in varying amounts are homogeneously and ionically interdiffused to form a crystalline matrix of olivine. Its composition may include any one or a combination of the modifiers alkali or alkaline earth halides. EC / List no: 271-112-7 | CAS no: 68515-84-4 Nickel arsenide sulfide EC / List no: - | CAS no: 12255-10-6 Nickel, aqua[2-[2-[4,5-dihydro-3-methyl-5-(oxo-κO)-1H-pyrazol-4-yl]diazenyl-κN1]benzoato(2-)-κO]- EC / List no: - | CAS no: 106316-55-6 (isodecanoato-O)(isononanoato-O)nickel EC / List no: 284-348-0 | CAS no: 84852-36-8 Dialuminium nickel tetraoxide EC / List no: 234-454-8 | CAS no: 12004-35-2 Bis[3-[(4-chlorophenyl)azo]quinoline-2,4(1H,3H)-dionato]nickel EC / List no: 257-521-3 | CAS no: 51931-46-5 Bis[di(3,5,5-trimethylhexyl)dithiocarbamato-S,S']nickel EC / List no: 283-380-2 | CAS no: 84604-95-5 Bis(triphenylphosphine)nickel(II) chloride EC / List no: 238-154-8 | CAS no: 14264-16-5 Nickel titanium trioxide EC / List no: 234-825-4 | CAS no: 12035-39-1 Trinickel bis(orthophosphate) EC / List no: 233-844-5 | CAS no: 10381-36-9 Cobalt titanite green spinel This substance is identified in the Colour Index by Colour Index Constitution Number, C.I. 77377. EC / List no: 269-047-4 | CAS no: 68186-85-6 Nickel di(acetate) EC / List no: 206-761-7 | CAS no: 373-02-4 Nickel(2+) stearate EC / List no: 218-744-1 | CAS no: 2223-95-2 Nickel difluoride EC / List no: 233-071-3 | CAS no: 10028-18-9 Nickel tungsten tetraoxide EC / List no: 238-032-4 | CAS no: 14177-51-6 Residues, copper-iron-lead-nickel matte, sulfuric acid-insol. EC / List no: 310-050-8 | CAS no: 102110-49-6 Nickel iron chromite black spinel This substance is identified in the Colour Index by Colour Index Constitution Number, C.I. 77504. EC / List no: 275-738-1 | CAS no: 71631-15-7 Silicic acid, nickel salt EC / List no: 253-461-7 | CAS no: 37321-15-6 Dihydrogen [[N,N'-ethylenebis[N-(carboxymethyl)glycinato]](4-)-N,N',O,O',ON,ON']nickelate(2-) EC / List no: 247-019-2 | CAS no: 25481-21-4 Tris(4,7-diphenyl-1,10-phenanthroline-N1,N10)nickel(2+) dinitrate EC / List no: 254-127-3 | CAS no: 38780-90-4 Nickel, compound with Titanium (1:1) EC / List no: 610-765-8 | CAS no: 52013-44-2 Nickel(2+) palmitate EC / List no: 237-138-8 | CAS no: 13654-40-5 Nickel(2+), tris(1,2-ethanediamine-κN,κN')-, (OC-6-11)-, salt with dimethylbenzenesulfonic acid (1:2) EC / List no: - | CAS no: 71215-97-9 Nickel(2+) acrylate EC / List no: 262-383-2 | CAS no: 60700-37-0 Hexaamminenickel(2+) bis[tetrafluoroborate(1-)] EC / List no: 237-638-6 | CAS no: 13877-20-8 1000 NN Ferrite EC / List no: 629-315-7 | CAS no: 12645-50-0 Nickel, [29H,31H-phthalocyaninato(2-)-[?]N29,[?]N30,[?]N31,[?]N32]-, [[3-[(5-chloro-6-fluoro-4-pyrimidinyl)amino]phenyl]amino]sulfonyl sulfo derivs., sodium salts EC / List no: 603-857-4 | CAS no: 134737-17-0 Nickel bis(dihydrogen phosphate) EC / List no: 242-522-3 | CAS no: 18718-11-1 Nickel acrylate EC / List no: 257-066-0 | CAS no: 51222-18-5 Lanthanum, compound with nickel (1:5) EC / List no: 235-372-5 | CAS no: 12196-72-4 Nickel, bis[(2-phenyldiazenecarbothioic acid-κS) 2-phenylhydrazidato-κN2]- EC / List no: - | CAS no: 12213-15-9 Phosphoric acid,compounds,nickel(2+) zinc salt (2:1:2) EC / List no: - | CAS no: 90053-13-7 [2,3'-bis[[(2-hydroxyphenyl)methylene]amino]but-2-enedinitrilato(2-)-N2,N3,O2,O3]nickel EC / List no: 265-022-7 | CAS no: 64696-98-6 Pentaammonium hydrogen [[[ethylenebis[nitrilobis(methylene)]]tetrakis[phosphonato]](8-)]nickelate(6-) EC / List no: 273-375-3 | CAS no: 68958-86-1 Phosphoric acid,compounds,nickel(2+) zinc salt (2:1:2) tetrahydrate EC / List no: - | CAS no: 501953-51-1 Tripotassium [N,N-bis(phosphonomethyl)glycinato(5-)]nickelate(3-) EC / List no: 264-360-2 | CAS no: 63597-34-2 Nickel dihydroxide hydrate EC / List no: - | CAS no: 36897-37-7 Nickel telluride EC / List no: 235-260-6 | CAS no: 12142-88-0 Hexakis(1H-imidazole-N3)nickel(2+) dichloride EC / List no: 239-841-5 | CAS no: 15751-00-5 Nickel bis(benzenesulphonate) EC / List no: 254-642-3 | CAS no: 39819-65-3 Bis(ethane-1,2-diamine-N,N')nickel(2+) bis[bis(cyano-C)aurate(1-)] EC / List no: 273-379-5 | CAS no: 68958-89-4 Hydrogen pentasodium [[[ethylenebis[nitrilobis(methylene)]]tetrakis[phosphonato]](8-)]nickelate(6-) EC / List no: 273-377-4 | CAS no: 68958-88-3 Dinickel diphosphate EC / List no: 238-426-6 | CAS no: 14448-18-1 Dinickel trioxide EC / List no: 215-217-8 | CAS no: 1314-06-3 [29H,31H-phthalocyaninetetrasulphonyl tetrachloridato(2)-N29,N30,N31,N32 ]nickel EC / List no: 249-155-8 | CAS no: 28680-76-4 Hexaamminenickel(2+) diformate EC / List no: 272-149-1 | CAS no: 68758-60-1 Nickel tellurium trioxide EC / List no: 239-967-0 | CAS no: 15851-52-2 Slags, ferronickel-manufg. By-product from the production of ferronickel from a complex ore. Consists primarily of oxides of aluminum, iron, magnesium and silicon. EC / List no: 273-729-7 | CAS no: 69012-29-9 Nickel hydride EC / List no: - | CAS no: 37187-84-1 Nickel monoxide EC / List no: 215-215-7 | CAS no: 1313-99-1 Molybdenum nickel hydroxide oxide phosphate EC / List no: 268-585-7 | CAS no: 68130-36-9 Diammonium nickel bis(hydrogen citrate) EC / List no: 268-176-3 | CAS no: 68025-13-8 Nickel, [29H,31H-phthalocyaninato(2-)-κN29,κN30,κN31,κN32]-, sulfo [[4-[[2-(sulfooxy)ethyl]sulfonyl]phenyl]amino]sulfonyl derivs., potassium sodium salts EC / List no: - | CAS no: 113894-88-5 Trinickel bis(arsenate) EC / List no: 236-771-7 | CAS no: 13477-70-8 Neodecanoic acid, nickel salt EC / List no: 257-447-1 | CAS no: 51818-56-5 Diiron nickel zinc tetraoxide EC / List no: 306-902-3 | CAS no: 97435-21-7 [[2,2'-thiobis[3-octylphenolato]](2-)-O,O',S]nickel EC / List no: 251-715-1 | CAS no: 33882-09-6 Nickel, [[2,2'-[methylenebis(thio-κS)]bis[acetato-κO]](2-)]- EC / List no: - | CAS no: 71215-73-1 Nickel(II) fumarate EC / List no: 228-501-1 | CAS no: 6283-67-6 Spinels, cobalt nickel zinc grey EC / List no: 305-835-7 | CAS no: 95046-47-2 Nickel hexafluorozirconate(2-) EC / List no: 250-370-4 | CAS no: 30868-55-4 Nickel, C4-10 fatty acids naphthenate complexes EC / List no: 297-549-3 | CAS no: 93573-15-0 Bis(pentane-2,4-dionato-O,O')nickel EC / List no: 221-875-7 | CAS no: 3264-82-2 Nickel dihydroxide EC / List no: 235-008-5 | CAS no: 12054-48-7 Aluminum, triethyl-, reaction products with nickel(2+) 2-ethylhexanoate (1:2) EC / List no: - | CAS no: 79357-65-6 Nickel, C5-25-branched carboxylate naphthenate octanoate complexes EC / List no: 295-926-7 | CAS no: 92200-99-2 Nickel zirconium trioxide EC / List no: 274-755-1 | CAS no: 70692-93-2 Triammonium hydrogen [[[nitrilotris(methylene)]tris[phosphonato]](6-)]nickelate(4-) EC / List no: 267-961-8 | CAS no: 67968-22-3 Bis[stilbene-α,β-dithiolato(2-)]nickel EC / List no: 249-353-4 | CAS no: 28984-20-5 Nickel(2+) neoundecanoate EC / List no: 300-093-0 | CAS no: 93920-09-3 Nickel carbide EC / List no: 640-090-4 | CAS no: 12710-36-0 Nickel boride EC / List no: 234-493-0 | CAS no: 12007-00-0 Nickel, borate C8-10-branched carboxylate complexes EC / List no: 291-674-7 | CAS no: 90459-31-7 Nickel, compound with tin (3:1) EC / List no: 235-034-7 | CAS no: 12059-23-3 Zinc sulfide (ZnS), nickel and silver-doped EC / List no: 270-961-0 | CAS no: 68512-22-1 Tetrakis(tritolyl phosphite )nickel EC / List no: 252-777-2 | CAS no: 35884-66-3 Cassiterite, cobalt manganese nickel grey EC / List no: 309-018-6 | CAS no: 99749-23-2 Nickel(2+) dihydrogen bis[R-(R*,R*)]-tartrate EC / List no: 267-894-4 | CAS no: 67952-41-4 Di-μ-carbonylbis(η5-2,4-cyclopentadien-1-yl)dinickel EC / List no: 235-339-5 | CAS no: 12170-92-2 Dicarbonylbis(triphenylphosphine)nickel EC / List no: 235-851-9 | CAS no: 13007-90-4 Hydrogen pentapotassium [[[ethylenebis[nitrilobis(methylene)]]tetrakis[phosphonato]](8-)]nickelate(6-) EC / List no: 273-376-9 | CAS no: 68958-87-2 Nickel dibromide EC / List no: 236-665-0 | CAS no: 13462-88-9 Nickel methacrylate EC / List no: 304-466-9 | CAS no: 94275-78-2 Nickel carbonate EC / List no: 222-068-2 | CAS no: 3333-67-3 Nickel, [N,N',N''-tris[4-(4,5-dihydro-3-methyl-5-oxo-1H-pyrazol-1-yl)phenyl]-29H,31H-phthalocyanine-C,C,C-trisulfonamidato(2-)-κN29,κN30,κN31,κN32]- EC / List no: - | CAS no: 72252-57-4 Cobalt dimolybdenum nickel octaoxide EC / List no: 268-169-5 | CAS no: 68016-03-5 Nickel(2+) selenite EC / List no: 233-263-7 | CAS no: 10101-96-9 Dihydrogen hexasodium bis[3-[(2-amino-8-hydroxy-6-sulpho-1-naphthyl)azo]-2-hydroxy-5-sulphobenzoato(5-)]nickelate(8-) EC / List no: 276-364-1 | CAS no: 72139-08-3 Trihydrogen hydroxybis[orthosilicato(4-)]trinickelate(3-) EC / List no: 235-688-3 | CAS no: 12519-85-6 Bis[bis(2-ethylhexyl)dithiocarbamato-S,S']nickel EC / List no: 238-400-4 | CAS no: 14428-08-1 Rammelsbergite (NiAs2) EC / List no: - | CAS no: 1303-22-6 Antimony, compound with nickel (1:1) EC / List no: 234-827-5 | CAS no: 12035-52-8 Tetrasodium [[[(3-amino-4-sulphophenyl)amino]sulphonyl]-29H,31H-phthalocyaninetrisulphonato(6-)-N29,N30,N31,N32]nickelate(4-) EC / List no: 300-365-9 | CAS no: 93939-76-5 Nickel, [N-(4-chlorophenyl)-3-[2-[[1-(4-chlorophenyl)-4,5-dihydro-3-methyl-5-(oxo-κO)-1H-pyrazol-4-yl]methylene]hydrazinylidene-κN2]-α-cyano-1H-isoindole-3-acetamidato(2-)-κN2,κO3]- EC / List no: - | CAS no: 106887-33-6 (2-ethylhexanoato-O)(isodecanoato-O)nickel EC / List no: 284-351-7 | CAS no: 84852-39-1 Bis[1-[4-(dimethylamino)phenyl]-2-phenylethylene-1,2-dithiolato(2-)-S,S']nickel EC / List no: 253-958-9 | CAS no: 38465-55-3 Nickel fluoride (NiF2), tetrahydrate EC / List no: 604-130-4 | CAS no: 13940-83-5 Bis(5-oxo-DL-prolinato-N1,O2)nickel EC / List no: 285-069-7 | CAS no: 85026-81-9 Nickel oxalate EC / List no: 208-933-7 | CAS no: 547-67-1 Nickel bis(isononanoate) EC / List no: 284-349-6 | CAS no: 84852-37-9 Nickel(2+) diethyl bis[[[3,5-bis(1,1-dimethylethyl)-4-hydroxyphenyl]methyl]phosphonate] EC / List no: 250-401-1 | CAS no: 30947-30-9 Acetic acid, nickel(2+) salt (2:1), polymer with formaldehyde and 4-(1,1,3,3-tetramethylbutyl)phenol EC / List no: - | CAS no: 71050-57-2 Nickel dinitrate EC / List no: 236-068-5 | CAS no: 13138-45-9 Citric acid , ammonium nickel salt EC / List no: 242-161-1 | CAS no: 18283-82-4 Bis(4-benzoyl-2,4-dihydro-5-methyl-2-phenyl-3H-pyrazol-3-onato-O,O')nickel EC / List no: 274-027-3 | CAS no: 69524-96-5 Fatty acids, (C=3-22), nickel salts, basic EC / List no: - | CAS no: 91845-72-6 Potassium [[N,N'-ethylenebis[N-(carboxymethyl)glycinato]](4-)-N,N',O,O',ON,ON']nickelate(1-) EC / List no: 267-686-3 | CAS no: 67906-12-1 Nickelate(Ni4O5)(1-), lithium EC / List no: - | CAS no: 67163-62-6 Nickelate(6-), [4-[2-[5-[[(3,6-dichloro-4-pyridazinyl)carbonyl]amino]-2-sulfophenyl]diazenyl]-4,5-dihydro-5-oxo-1-[5-[[(C,C,C-trisulfo-29H,31H-phthalocyanin-C-yl)sulfonyl]amino]-2-sulfophenyl]-1H-pyrazole-3-carboxylato(8-)-κN29,κN30,κN31,κN32]-, sodium EC / List no: - | CAS no: 113894-89-6 [[2,2'-thiobis[4-(1,1,3,3-tetramethylbutyl)phenolato]](2-)-O,O',S]nickel EC / List no: 248-536-6 | CAS no: 27574-34-1 Matte, nickel Product of blowing smelted nickel ore in a converter to lower the iron content. EC / List no: 273-749-6 | CAS no: 69012-50-6 Resin acids and Rosin acids, calcium nickel salts EC / List no: 271-764-2 | CAS no: 68607-31-8 Nickel tin trioxide EC / List no: 234-824-9 | CAS no: 12035-38-0 Tetrakis(triphenylphosphine)nickel(0) EC / List no: 626-363-0 | CAS no: 15133-82-1 Trisodium [[[[3-[(4-amino-6-chloro-1,3,5-triazin-2-yl)amino]phenyl]amino]sulphonyl]tris(aminosulphonyl)-29H,31H-phthalocyaninetrisulphonato(5-)-N29,N30,N31,N32]nickelate(3-) EC / List no: 276-491-2 | CAS no: 72229-81-3 [29H,31H-phthalocyaninato(2-)-N29,N30,N31,N32]nickel EC / List no: 237-893-3 | CAS no: 14055-02-8 Waste solids, nickel-manuf. By-product from nickel production containing NiO, SiO2, CuO, and MnO and sulfur. EC / List no: 293-799-2 | CAS no: 91082-84-7 Nickel(2+) silicate EC / List no: 244-578-4 | CAS no: 21784-78-1 Dipotassium tetrafluoronickelate(2-) EC / List no: 237-595-3 | CAS no: 13859-60-4 Hydrogen [N,N-bis(carboxymethyl)glycinato(3-)-N,O,O',O'']nickelate(1-) EC / List no: 252-235-5 | CAS no: 34831-03-3 Nickel disilicide EC / List no: 235-379-3 | CAS no: 12201-89-7 Oxalic acid, nickel salt EC / List no: 243-867-2 | CAS no: 20543-06-0 Nickel diarsenide EC / List no: 235-103-1 | CAS no: 12068-61-0 Nickel dichlorate EC / List no: 267-897-0 | CAS no: 67952-43-6 Bis[2,3-bis(hydroxyimino)-N-phenylbutyramidato-N2,N3]nickel EC / List no: 249-503-9 | CAS no: 29204-84-0 (isononanoato-O)(neodecanoato-O)nickel EC / List no: 287-592-6 | CAS no: 85551-28-6 (isooctanoato-O)(neodecanoato-O)nickel EC / List no: 284-347-5 | CAS no: 84852-35-7 Nickel(2+) neodecanoate EC / List no: 287-469-7 | CAS no: 85508-44-7 Nickel Sulfide (Ni5S6) EC / List no: - | CAS no: 97599-08-1 Nickel triuranium decaoxide EC / List no: 239-876-6 | CAS no: 15780-33-3 Bis(6-methylheptane-2,4-dionato-O,O')nickel EC / List no: 238-536-4 | CAS no: 14522-99-7 Nickel(2+) trifluoroacetate EC / List no: 240-235-8 | CAS no: 16083-14-0 Sulfuric acid, nickel(2+) salt (1:1), trihydrate EC / List no: - | CAS no: 85017-75-0 Nickel bis(sulphamidate) EC / List no: 237-396-1 | CAS no: 13770-89-3 Nickel, dichloro[1,1'-(1,3-propanediyl)bis[1,1-diphenylphosphine-[?]P]]- EC / List no: 605-052-3 | CAS no: 15629-92-2 Nickel titanium oxide EC / List no: 235-752-0 | CAS no: 12653-76-8 Nickel dipotassium bis(sulphate) EC / List no: 237-563-9 | CAS no: 13842-46-1 2-ethylhexanoic acid;nickel;2,2,2-trifluoroacetic acid EC / List no: - | CAS no: 70776-98-6 Octadecanoic acid, nickel salt EC / List no: - | CAS no: 14448-69-2 Nickel sulfide (NiS2) EC / List no: 683-050-1 | CAS no: 12035-51-7 Nickel, bis[(cyano-κC)triphenylborato(1-)-κN]bis(hexanedinitrile-κN,κN')- EC / List no: - | CAS no: 83864-02-2 Nickel, bis[1-[4-(diethylamino)phenyl]-2-phenyl-1,2-ethenedithiolato(2-)-κS1,κS2]- EC / List no: - | CAS no: 51449-18-4 Nickel tellurium tetraoxide EC / List no: 239-974-9 | CAS no: 15852-21-8 Nickel(2+) neononanoate EC / List no: 300-094-6 | CAS no: 93920-10-6 Nickel sulfide (Ni(HS)2) EC / List no: - | CAS no: 27911-69-9 Dinickel silicide EC / List no: 235-033-1 | CAS no: 12059-14-2 Bis(quinolin-8-olato-N1,O8)nickel EC / List no: 237-950-2 | CAS no: 14100-15-3 Nickel silicate(3:4) EC / List no: 250-788-7 | CAS no: 31748-25-1 Bis(D-gluconato-O1,O2)nickel EC / List no: 276-205-6 | CAS no: 71957-07-8 Nickel(2+) sulphite EC / List no: 231-827-7 | CAS no: 7757-95-1 [μ-[[1,1',1'',1'''-[benzene-1,2,4,5-tetrayltetrakis(nitromethylidyne)]naphth-2-olato](4-)]]dinickel EC / List no: 245-028-6 | CAS no: 22484-07-7 [[1,1'-[1,2-phenylenebis(nitrilomethylidyne)]bis[2-naphtholato]](2-)-N,N',O,O']nickel EC / List no: 243-820-6 | CAS no: 20437-10-9 [μ-[carbonato(2-)-O:O']]dihydroxydinickel EC / List no: 265-748-4 | CAS no: 65405-96-1 Nickel(II) isodecanoate EC / List no: 287-468-1 | CAS no: 85508-43-6 Cobalt nickel gray periclase This substance is identified in the Colour Index by Colour Index Constitution Number, C.I. 77332. EC / List no: 269-051-6 | CAS no: 68186-89-0 Dinickel phosphide EC / List no: 234-828-0 | CAS no: 12035-64-2 Nickel silicide (NiSi) EC / List no: - | CAS no: 12035-57-3 Nickel Sulfide (Ni4S) EC / List no: - | CAS no: 67272-59-7 Nickel bis(tetrafluoroborate) EC / List no: 238-753-4 | CAS no: 14708-14-6 Resin acids and Rosin acids, nickel salts EC / List no: 269-826-9 | CAS no: 68334-36-1 Nickel acetate EC / List no: 239-086-1 | CAS no: 14998-37-9 Nickel diformate EC / List no: 222-101-0 | CAS no: 3349-06-2 molybdenum nickel oxide EC / List no: - | CAS no: 12673-58-4 [2,2'-[1,2-phenylenebis(nitrilomethylidyne)]-bis(phenolato)]-N,N',O,O'-nickel(II) BRUN JAUNE ESTOFIL S-3RL; BRUNO GIALLO ESTOFIL S-3RL EC / List no: 400-870-5 | CAS no: 14406-71-4 Dimethoxy[29H,31H-phthalocyaninato(2-)-N29,N30,N31,N32]nickel EC / List no: 281-282-4 | CAS no: 83898-70-8 lithium nickel dioxide EC / List no: 620-400-4 | CAS no: 12031-65-1 Nickelate(4-), [bis[[[3-[[4,5-dihydro-3-methyl-5-oxo-1-[4-[[2-(sulfooxy)ethyl]sulfonyl]phenyl]-1H-pyrazol-4-yl]azo]phenyl]amino]sulfonyl]-29H,31H-phthalocyaninedisulfonato(6-)-N29,N30,N31,N32]-, sodium EC / List no: 291-679-4 | CAS no: 90459-36-2 Trisodium [N,N-bis(phosphonomethyl)glycinato(5-)]nickelate(3-) EC / List no: 268-196-2 | CAS no: 68025-41-2 Bis(dipentyldithiocarbamato-S,S')nickel EC / List no: 252-937-1 | CAS no: 36259-37-7 [N-(carboxymethyl)glycinato(2-)-N,O,ON]nickel EC / List no: 237-618-7 | CAS no: 13869-33-5 (neononanoato-O)(neoundecanoato-O)nickel EC / List no: 300-092-5 | CAS no: 93920-08-2 Phosphinic acid, nickel(2+) salt, hexahydrate EC / List no: 603-867-9 | CAS no: 13477-97-9 Trinickel dicitrate EC / List no: 227-873-2 | CAS no: 6018-92-4 Bis[2,3-bis(hydroxyimino)-N-(2-methoxyphenyl)butyramidato]nickel EC / List no: 255-924-9 | CAS no: 42739-61-7 Triammonium [N,N-bis(phosphonomethyl)glycinato(5-)]nickelate(3-) EC / List no: 268-195-7 | CAS no: 68025-40-1 Nickel, [29H,31H-phthalocyaninato(2-)-N29,N30,N31,N32]-, chlorosulfonyl derivs., reaction products with 2-[(4-aminophenyl)sulfonyl]ethyl hydrogen sulfate monosodium salt, potassium sodium salts, compds. with pyridine EC / List no: 297-551-4 | CAS no: 93573-17-2 Trinickel bis[tetracosa-μ-oxododecaoxo[μ12-[phosphato(3-)-O:O:O:O':O':O':O'':O'':O'':O''':O''':O''']]dodecamolybdate(3-)] EC / List no: 235-531-9 | CAS no: 12263-13-7 Potassium [N,N-bis(carboxymethyl)glycinato(3-)-N,O,O',O'']nickelate(1-) EC / List no: 264-377-5 | CAS no: 63640-18-6 dinickel(2+) sodium bis(3-carboxy-5-[(E)-2-(7-oxido-2,6-disulfonaphthalen-1-yl)diazen-1-yl]-1H-1,2,4-triazol-1-ide) EC / List no: 443-510-2 | CAS no: 738587-10-5 [(2-amino-2-oxoethoxy)acetato(2-)]nickel EC / List no: 268-711-0 | CAS no: 68133-84-6 Ethyl hydrogen sulphate, nickel(2+) salt EC / List no: 275-897-7 | CAS no: 71720-48-4 [[N,N',N'',N'''-[29H,31H-phthalocyaninetetrayltetrakis(sulphonylimino-3,1-phenylene)]tetrakis[3-oxobutyramidato]](2-)-N29,N30,N31,N32]nickel EC / List no: 306-785-9 | CAS no: 97404-22-3 Nickel Black EC / List no: - | CAS no: 12125-56-3 Nickel, naphthenate neodecanoate complexes EC / List no: 287-802-6 | CAS no: 85585-99-5 Cobalt nickel dioxide EC / List no: 261-346-8 | CAS no: 58591-45-0 Trinickel disulphide EC / List no: 234-829-6 | CAS no: 12035-72-2 Disodium tetracyanonickelate(2-) EC / List no: 237-877-6 | CAS no: 14038-85-8 Bis(1,1,1,5,5,5-hexafluoropentane-2,4-dionato-O,O')nickel EC / List no: 239-028-5 | CAS no: 14949-69-0 Aluminiummagnesiumnickelsiliziumoxide EC / List no: - | CAS no: 198831-12-8 Lithium Nickel Manganese Cobalt Oxide EC / List no: 620-032-4 | CAS no: 346417-97-8 Nickel, [29H,31H-phthalocyaninato(2-)-κN29,κN30,κN31,κN32]-, [(3-aminophenyl)amino]sulfonyl sulfo derivs. EC / List no: - | CAS no: 68412-19-1 Speiss, lead, nickel-contg. Product obtained and separated during the melting of nickel and other non-ferrous metals containing raw materials. Consists primarily of antimonides and arsenides of copper and nickel. EC / List no: 308-765-5 | CAS no: 98246-91-4 Diphosphoric acid, nickel(2+) salt EC / List no: - | CAS no: 19372-20-4 Dichlorobis(tributylphosphine)nickel(II) EC / List no: 624-942-2 | CAS no: 15274-43-8 Zinc sulfide (ZnS), copper and nickel-doped EC / List no: 271-601-5 | CAS no: 68585-93-3 Nickel, tris(neodecanoato-.kappa.O)[.mu.3-[orthoborato(3-)-.kappa.O:.kappa.O':.kappa.O'']]tri- EC / List no: - | CAS no: 936576-64-6 Nickel, acetylacetone 6-methyl-2,4-heptanedione complexes EC / List no: 291-677-3 | CAS no: 90459-34-0 Nickel Sulfide (Ni3S5), trihydrate EC / List no: - | CAS no: 86498-45-5 Dicobalt(2+) nickel(2+) bis[2-hydroxypropane-1,2,3-tricarboxylate] EC / List no: 304-013-5 | CAS no: 94232-84-5 Antimony, compound with nickel (1:3) EC / List no: 235-676-8 | CAS no: 12503-49-0 (2-ethylhexanoato-O)(isooctanoato-O)nickel EC / List no: 284-350-1 | CAS no: 84852-38-0 Nickel, [29H,31H-phthalocyaninato(2-)-N29,N30,N31,N32]-, chlorosulfonyl derivs., reaction products with 2-[(4-aminophenyl)sulfonyl]ethyl hydrogen sulfate monosodium salt, sodium salts EC / List no: 305-644-9 | CAS no: 94891-43-7 Bis[N-(2-hydroxyethyl)-N-methylglycinato-N,O,ON]nickel EC / List no: 278-504-7 | CAS no: 76625-10-0 (isononanoato-O)(isooctanoato-O)nickel EC / List no: 287-471-8 | CAS no: 85508-46-9 Nickel barium titanium primrose priderite This substance is identified in the Colour Index by Colour Index Constitution Number, C.I. 77900. EC / List no: 271-853-6 | CAS no: 68610-24-2 (isodecanoato-O)(isooctanoato-O)nickel EC / List no: 285-909-2 | CAS no: 85166-19-4 Trisodium [5-[(4,5-dihydro-3-methyl-5-oxo-1-phenyl-1H-pyrazol-4-yl)azo]-4-hydroxy-3-[(2-hydroxy-3-nitro-5-sulphophenyl)azo]naphthalene-2,7-disulphonato(5-)]nickelate(3-) EC / List no: 279-314-7 | CAS no: 79817-91-7 Nickel dicyanide EC / List no: 209-160-8 | CAS no: 557-19-7 [[N,N',N''-[29H,31H-phthalocyaninetriyltris(sulphonylimino-3,1-phenylene)]tris[3-oxobutyramidato]](2-)-N29,N30,N31,N32]nickel EC / List no: 306-784-3 | CAS no: 97404-21-2 Nickel, compound with zirconium (1:2) EC / List no: 235-261-1 | CAS no: 12142-92-6 Nickel diiodide EC / List no: 236-666-6 | CAS no: 13462-90-3 Nickel(2+) octanoate EC / List no: 225-656-7 | CAS no: 4995-91-9 Tetracarbonylnickel EC / List no: 236-669-2 | CAS no: 13463-39-3 Nickel bis(dimethyldithiocarbamate) EC / List no: 239-560-8 | CAS no: 15521-65-0 Dinickel orthosilicate EC / List no: 237-411-1 | CAS no: 13775-54-7 Nickel bis(piperidine-1-carbodithioate) EC / List no: 255-387-0 | CAS no: 41476-75-9 Nickel hydride (NiH) EC / List no: 604-345-3 | CAS no: 14332-32-2 Nickel uranyl tetraacetate, of uranium depleted in uranium-235 EC / List no: 275-994-4 | CAS no: 71767-12-9 Nickel, 5,5'-azobis-2,4,6(1H,3H,5H)-pyrimidinetrione complexes EC / List no: 270-944-8 | CAS no: 68511-62-6 Nickel chromate EC / List no: 238-766-5 | CAS no: 14721-18-7 Nickel, [29H,31H-phthalocyaninato(2-)-N29,N30,N31,N32]-, sulfo [[4-[[2-(sulfooxy)ethyl]sulfonyl]phenyl]amino]sulfonyl derivs. EC / List no: 270-174-2 | CAS no: 68412-18-0 Nickel dithiocyanate EC / List no: 237-205-1 | CAS no: 13689-92-4 Dipotassium tetracyanoniccolate EC / List no: 238-082-7 | CAS no: 14220-17-8 Nickel disulfide EC / List no: - | CAS no: 12035-50-6 Diiron nickel tetraoxide EC / List no: 235-335-3 | CAS no: 12168-54-6 Nickel, isononanoate naphthenate complexes EC / List no: 287-801-0 | CAS no: 85585-98-4 Nickel sulphate EC / List no: 232-104-9 | CAS no: 7786-81-4 Trisodium [22-[[[3-[(5-chloro-2,6-difluoro-4-pyrimidinyl)amino]phenyl]amino]sulphonyl]-29H,31H-phthalocyanine-1,8,15-trisulphonato(5-)-N29,N30,N31,N32]nickelate(3-) EC / List no: 275-295-4 | CAS no: 71243-96-4 Nickel Sulfide (Ni9S5) EC / List no: - | CAS no: 98443-26-6 Nickel dichloride EC / List no: 231-743-0 | CAS no: 7718-54-9 Nickel dioxide EC / List no: 234-823-3 | CAS no: 12035-36-8 Nickel 3,5-bis(tert-butyl-4-hydroxybenzoate (1:2) EC / List no: 258-051-1 | CAS no: 52625-25-9 Diammonium tetrachloronickelate(2-) EC / List no: 308-989-3 | CAS no: 99587-11-8 Nickel divanadium hexaoxide EC / List no: 257-970-5 | CAS no: 52502-12-2 Nickel bis(phosphinate) EC / List no: 238-511-8 | CAS no: 14507-36-9 (propan-2-ol)[[2,2'-thiobis[4-(1,1,3,3-tetramethylbutyl)phenolato]](2-)-O,O',S]nickel EC / List no: 267-045-8 | CAS no: 67763-27-3 Molybdenum nickel tetraoxide EC / List no: 238-034-5 | CAS no: 14177-55-0 NICKEL(II) TRIFLUOROMETHANESULFONATE EC / List no: 663-776-5 | CAS no: 60871-84-3 Bis(2-heptadecyl-1H-imidazole-N3)bis(octanoato-O)nickel EC / List no: 272-799-6 | CAS no: 68912-08-3 Bis[(2-hydroxyethyl)dithiocarbamato-S,S']nickel EC / List no: 257-953-2 | CAS no: 52486-98-3 Nickel, C5-23-branched carboxylate C4-10-fatty acids naphthenate complexes EC / List no: 297-548-8 | CAS no: 93573-14-9 Nickel arsenide EC / List no: - | CAS no: 12795-30-1 (isodecanoato-O)(neodecanoato-O)nickel EC / List no: 287-467-6 | CAS no: 85508-42-5 Bis(butanedione dioximato)nickel EC / List no: 236-782-7 | CAS no: 13478-93-8 Bis(diethyldithiocarbamato-S,S')nickel EC / List no: 258-044-3 | CAS no: 52610-81-8 Polydymite (Ni3S4) EC / List no: - | CAS no: 12059-21-1 Formic acid, copper nickel salt EC / List no: 268-755-0 | CAS no: 68134-59-8 Sulfuric acid, nickel(2+) salt (1:1), dihydrate EC / List no: - | CAS no: 66634-47-7 Hydrogen [3,4-bis[[(2-hydroxy-1-naphthyl)methylene]amino]benzoato(3-)-N3,N4,O3,O4]nickelate(1-) EC / List no: 262-703-0 | CAS no: 61300-98-9 Bis(diethyldithiocarbamato-S,S')nickel EC / List no: 238-157-4 | CAS no: 14267-17-5 Nickel, bis(hexahydro-1H-azepine-1-carbodithioato-κS1,κS'1)-, (SP-4-1)- EC / List no: - | CAS no: 14434-67-4 Nickelate(6-), [22-[[[3-[[4,5-dihydro-3-methyl-5-oxo-1-[3-sulfo-4-[2-[2-sulfo-4-[(2,5,6-trichloro-4-pyrimidinyl)amino]phenyl]ethenyl]phenyl]-1H-pyrazol-4-yl]azo]-4-sulfophenyl]amino]sulfonyl]-29H,31H-phthalocyanine-1,8,15-trisulfonato(8-)-N29,N30,N31,N32]-, hexasodium, (SP-4-2)- EC / List no: 276-399-2 | CAS no: 72152-45-5 Bis(1-nitroso-2-naphtholato)nickel EC / List no: 235-829-9 | CAS no: 12794-26-2 Dichromium nickel tetraoxide EC / List no: 234-636-7 | CAS no: 12018-18-7 Diammonium nickel bis(sulphate) EC / List no: 239-793-5 | CAS no: 15699-18-0 Nickel niobium titanium yellow rutile This substance is identified in the Colour Index by Colour Index Constitution Number, C.I. 77895. EC / List no: 271-892-9 | CAS no: 68611-43-8 (butylamine)[[2,2'-thiobis[4-(1,1,3,3-tetramethylbutyl)phenolato]](2-)-O,O',S]nickel EC / List no: 238-523-3 | CAS no: 14516-71-3 Nickel, isodecanoate naphthenate complexes EC / List no: 287-800-5 | CAS no: 85585-97-3 Nickel Sulfide (Ni5S3) EC / List no: - | CAS no: 97599-06-9 Nickel, [29H,31H-phthalocyaninato(2-)-N29,N30,N31,N32]-, [[3-[(5-chloro-2,6-difluoro-4-pyrimidinyl)amino]phenyl]amino]sulfonyl sulfo derivs., sodium salts EC / List no: 291-678-9 | CAS no: 90459-35-1 [1,3-dihydro-5,6-bis[[(2-hydroxy-1-naphthyl)methylene]amino]-2H-benzimidazol-2-onato(2-)-N5,N6,O5,O6]nickel EC / List no: 255-965-2 | CAS no: 42844-93-9 Naphthenic acids, nickel salts EC / List no: 263-000-1 | CAS no: 61788-71-4 [[3-[1-cyano-2-(methylamino)-2-oxoethylidene]-2,3-dihydro-1H-isoindol-1-ylidene](salicylic)hydrazidato(2-)]nickel EC / List no: 288-967-7 | CAS no: 85958-80-1 Nickel(II) isooctanoate EC / List no: 249-555-2 | CAS no: 29317-63-3 Lithium Nickel Cobalt Aluminium Oxide EC / List no: 803-110-4 | CAS no: 193214-24-3 Tetrapotassium [[[nitrilotris(methylene)]tris[phosphonato]](6-)]nickelate(4-) EC / List no: 264-338-2 | CAS no: 63588-33-0 Nickel, dextrin complexes EC / List no: - | CAS no: 68412-20-4 Nickel selenate EC / List no: 239-125-2 | CAS no: 15060-62-5 Nickel ammonium sulfate hexahydrate EC / List no: 680-452-9 | CAS no: 7785-20-8 Bis(1H-1,2,4-triazole-3-sulphonato-N2,O3)nickel EC / List no: 287-849-2 | CAS no: 85586-46-5 Tetrasodium [bis[[[4-[[2-(sulphooxy)ethyl]sulphonyl]phenyl]amino]sulphonyl]-29H,31H-phthalocyaninedisulphonato(6)-N29,N30,N31,N32]nickelate(4-) EC / List no: 306-462-2 | CAS no: 97280-68-7 Nickel icosatitanium pentatriacontaoxide diwolframate EC / List no: 273-686-4 | CAS no: 69011-05-8 Copper, compound with lanthanum and nickel (4:1:1) EC / List no: 257-510-3 | CAS no: 51912-52-8 Nickel, acetate carbonate C8-10-branched fatty acids C9-11-neofatty acids complexes EC / List no: 291-673-1 | CAS no: 90459-30-6 Aluminium, compound with nickel (1:1) EC / List no: 234-439-6 | CAS no: 12003-78-0 Ethylenediaminetetraacetic Acid Disodium Nickel(II) Salt Hydrate EC / List no: 679-904-8 | CAS no: 11079-07-5 Copper, bis(8-quinolinolato-N1,O8)-, reaction products with C8-10-branched fatty acids, tert-decanoic acid, nickel(2+) diacetate, nickel(2+) carbonate (1:1) and nickel hydroxide (Ni(OH)2) EC / List no: 307-554-5 | CAS no: 97660-42-9 Waste solids, chromium-nickel steel manuf. By-product from refined steel manufacture containing C, Cr, Fe and Ni (as Cr-Ni-grindings) and Cr2O3, FeO, MnO, NiO and SiO2 (as burned slag). EC / List no: 293-796-6 | CAS no: 91082-81-4 Bis(η5-2,4-cyclopentadien-1-yl)nickel EC / List no: 215-039-0 | CAS no: 1271-28-9 Nickel(2+) oleate EC / List no: 235-832-5 | CAS no: 13001-15-5 Bis[2-hydroxy-4-(octyloxy)benzophenonato]nickel EC / List no: 239-949-2 | CAS no: 15843-91-1 Antimony nickel titanium oxide yellow This substance is identified in the Colour Index by Colour Index Constitution Number, C.I. 77788. EC / List no: 232-353-3 | CAS no: 8007-18-9 Nickel, 3-[(4-chlorophenyl)azo]-4-hydroxy-2(1H)-quinolinone complex This substance is identified in the Colour Index by Colour Index Constitution Number, C.I. 12775. EC / List no: 262-934-7 | CAS no: 61725-51-7 Nickel, C5-23-branched carboxylate C4-10 fatty acids complexes EC / List no: 297-774-7 | CAS no: 93762-59-5 Nickel(2+) glycerol phosphate EC / List no: 267-923-0 | CAS no: 67952-69-6 Dysprosium, compound with nickel (1:2) EC / List no: 235-341-6 | CAS no: 12175-27-8 Antimony nickel titanium oxide EC / List no: - | CAS no: 54576-53-3 Sulfuric acid, nickel(2+) salt (1:1), tetrahydrate EC / List no: - | CAS no: 61092-77-1 Nickel subarsenide EC / List no: - | CAS no: 12255-80-0 Nickel compounds EC / List no: - | CAS no: - Bis(1,5-cyclooctadiene)nickel EC / List no: 215-072-0 | CAS no: 1295-35-8 Nickel(2+) hydrogen citrate EC / List no: 242-533-3 | CAS no: 18721-51-2 Nickel oxide (Ni3O4) EC / List no: - | CAS no: 12137-09-6 Bis[2-butene-2,3-dithiolato(2-)-S,S']nickel EC / List no: 254-210-4 | CAS no: 38951-94-9 Sulfuric acid, nickel(2+) salt (1:1), pentahydrate EC / List no: - | CAS no: 66341-42-2 (2-ethylhexanoato-O)(neodecanoato-O)nickel EC / List no: 285-698-7 | CAS no: 85135-77-9 Bis(3-amino-4,5,6,7-tetrachloro-1H-isoindol-1-one oximato-N2,O1)nickel EC / List no: 274-916-6 | CAS no: 70833-37-3 Bis[4,4'-dimethoxy-α,α'-stilbenedithiolato(2-)]nickel EC / List no: 254-212-5 | CAS no: 38951-97-2 Sulfuric acid, nickel(2+) salt (1:1), monohydrate EC / List no: - | CAS no: 14168-76-4 Formic acid, nickel salt EC / List no: 239-946-6 | CAS no: 15843-02-4 nickel(2+) disodium 2,2',2'',2'''-(ethane-1,2-diyldinitrilo)tetraacetate EC / List no: 692-065-2 | CAS no: 15708-55-1 Bis(ethylenediamine-N,N')copper tetrakis(cyano-C)nickelate EC / List no: 264-136-4 | CAS no: 63427-32-7 Nickelate(6-), [4-[[5-[[(3,6-dichloro-4-pyridazinyl)carbonyl]amino]-2-sulfophenyl]azo]-4,5-dihydro-5-oxo-1-[5-[[(trisulfo-29H,31H-phthalocyaninyl)sulfonyl]amino]-2-sulfophenyl]-1H-pyrazole-3-carboxylato(8-)-N29,N30,N31,N32]-, hexahydrogen EC / List no: 272-095-9 | CAS no: 68698-80-6 [μ-(piperazine-N1:N4)]bis[3-[1-[(4,5,6,7-tetrachloro-1-oxo-1H-isoindol-3-yl)hydrazono]ethyl]quinoline-2,4(1H,3H)-dionato(2-)]dinickel EC / List no: 276-168-6 | CAS no: 71889-22-0 Bis[2,4-dihydro-5-methyl-4-(1-oxodecyl)-2-phenyl-3H-pyrazol-3-onato-O,O']nickel EC / List no: 260-258-7 | CAS no: 56557-00-7 phosphoric acid, calcium nickel salt EC / List no: - | CAS no: 17169-61-8 Tetrahydrogen [[[(3-amino-4-sulphophenyl)amino]sulphonyl]-29H,31H-phthalocyaninetrisulphonato(6-)-N29,N30,N31,N32]nickelate(4-) EC / List no: 279-060-7 | CAS no: 79102-62-8 Nickel chloride(NiCl) EC / List no: - | CAS no: 13931-83-4 Sulfuric acid, nickel salt (1:?), reaction products with sulfurized phenol calcium salt (2:1) EC / List no: - | CAS no: 72162-32-4 Nickel dibenzoate EC / List no: 209-046-8 | CAS no: 553-71-9 Citric acid, nickel salt EC / List no: 245-119-0 | CAS no: 22605-92-1 Bis(ethane-1,2-diamine)nickel(2+) sulphate EC / List no: 244-300-1 | CAS no: 21264-77-7 Nickel bisphosphinate EC / List no: 252-840-4 | CAS no: 36026-88-7 Nickel bis(2-ethylhexanoate) EC / List no: 224-699-9 | CAS no: 4454-16-4 Nickel sulphide EC / List no: 240-841-2 | CAS no: 16812-54-7 Bis[N-(2,4-dimethoxyphenyl)-2,3-bis(hydroxyimino)butyramidato-N2,N3]nickel EC / List no: 286-563-5 | CAS no: 85269-39-2 cobalt nickel oxide EC / List no: 620-395-9 | CAS no: 12737-30-3 Nickel, [29H,31H-phthalocyaninato(2-)-N29,N30,N31,N32]-, chlorosulfonyl derivs., reaction products with 2-[(4-aminophenyl)sulfonyl]ethyl hydrogen sulfate monosodium salt, potassium salts EC / List no: 305-643-3 | CAS no: 94891-42-6 Bis[bis(2-hydroxyethyl)dithiocarbamato-S,S']nickel EC / List no: 257-954-8 | CAS no: 52486-99-4 Tetrasodium [[[nitrilotris(methylene)]tris[phosphonato]](6-)-N,O,O'',O'''nickelate(4-)] EC / List no: 268-296-6 | CAS no: 68052-00-6 Nickel Sulfide (Ni7S3) EC / List no: - | CAS no: 84013-51-4 Nickel(2+) propionate EC / List no: 222-102-6 | CAS no: 3349-08-4 Zinc sulfide (ZnS), copper and nickel and silver-doped EC / List no: 272-277-8 | CAS no: 68784-84-9 Godlevskite (Ni7S6) EC / List no: - | CAS no: 66732-80-7 Nickel, isooctanoate naphthenate complexes EC / List no: 291-676-8 | CAS no: 90459-33-9 Bismuth, compound with nickel (1:1) EC / List no: 235-773-5 | CAS no: 12688-64-1 Leach residues, nickel-vanadium ore Residues from basic leaching of nickel-bearing vanadium ores. Composed primarily of silica and insoluble compounds of nickel and vanadium with minor quantities of other metals, such as arsenic, lead, tin and zinc. EC / List no: 282-214-6 | CAS no: 84144-92-3 Nickel [R(R*,R*)]-tartrate EC / List no: 257-610-7 | CAS no: 52022-10-3 [[2,2'-(4,8-dichlorobenzo[1,2-d:4,5-d']bisoxazole-2,6-diyl)bis[4,6-dichlorophenolato]](2-)]nickel EC / List no: 256-331-8 | CAS no: 47726-62-5 Nickel hydrogen phosphate EC / List no: 238-278-2 | CAS no: 14332-34-4 Nickel(II) sulfate hexa-/ heptahydrate EC / List no: 630-456-1 | CAS no: 15244-37-8 Nickel, tetrakis(triphenyl phosphite-.kappa.p)-, (t-4)- EC / List no: 622-848-6 | CAS no: 14221-00-2 Nickel, bis(diisononylcarbamodithioato-S,S')- EC / List no: - | CAS no: 85298-61-9 Nickel diperchlorate EC / List no: 237-124-1 | CAS no: 13637-71-3 Ammonium nickel trichloride EC / List no: 246-378-2 | CAS no: 24640-21-9 Dimethylhexanoic acid, nickel salt EC / List no: 301-323-2 | CAS no: 93983-68-7 Nickelate(6-), [C-[[[3-[2-[4,5-dihydro-3-methyl-5-oxo-1-[3-sulfo-4-[2-[2-sulfo-4-[(2,5,6-trichloro-4-pyrimidinyl)amino]phenyl]ethenyl]phenyl]-1H-pyrazol-4-yl]diazenyl]-4-sulfophenyl]amino]sulfonyl]-29H,31H-phthalocyanine-C,C,C-trisulfonato(8-)-κN29,κN30, EC / List no: - | CAS no: 72453-55-5 Nickel, [carbonato(2-)]hexahydroxytetra- EC / List no: - | CAS no: 12334-31-5 Dinickel boride EC / List no: 234-494-6 | CAS no: 12007-01-1 Nickel selenide EC / List no: 215-216-2 | CAS no: 1314-05-2 Nickel, bis[[2-(hydroxy-κO)-4-octylphenyl]phenylmethanonato-κO]- EC / List no: - | CAS no: 68189-15-1 Nickel bis(dibutyldithiocarbamate) EC / List no: 237-696-2 | CAS no: 13927-77-0 Nickel, [29H,31H-phthalocyaninato(2-)-N29,N30,N31,N32]-, [[3-[(1,3-dioxobutyl)amino]phenyl]amino]sulfonyl derivs. EC / List no: 276-877-0 | CAS no: 72828-53-6 Nickel bis(4-cyclohexylbutyrate) EC / List no: 223-463-2 | CAS no: 3906-55-6 2-ethylhexanoic acid, nickel salt EC / List no: 231-480-1 | CAS no: 7580-31-6 Bis(4-benzoyl-2,4-dihydro-5-methyl-2-phenyl-3H-pyrazol-3-onato-O,O')(2,2,4,4-tetramethyl-7-oxa-3,20-diazadispiro[5.1.11.2]henicosan-21-one-O21)nickel EC / List no: 279-067-5 | CAS no: 79121-51-0 Nickel hexafluorosilicate EC / List no: 247-430-7 | CAS no: 26043-11-8 Tris(4,7-diphenyl-1,10-phenanthroline-N1,N10)nickel(2+) bis[tetrafluoroborate(1-)] EC / List no: 269-684-8 | CAS no: 68309-97-7 Cobalt(2+) dinickel(2+) bis[2-hydroxypropane-1,2,3-tricarboxylate] EC / List no: 303-972-7 | CAS no: 94232-44-7 Tetrasodium (c-(3-(1-(3-(e-6-dichloro-5-cyanopyrimidin-f-yl(methyl)amino)propyl)-1,6-dihydro-2-hydroxy-4-methyl-6-oxo-3-pyridylazo)-4-sulfonatophenylsulfamoyl)phthalocyanine-a,b,d-trisulfonato(6-))nickelato II, where a is 1 or 2 or 3 or 4,b is 8 or 9 or 10 or 11,c is 15 or 16 or 17 or 18, d is 22 or 23 or 24 or 25 and where e and f together are 2 and 4 or 4and 2 respectively BRILLANTGREEN K-RWA 6083; BRILLIANT GREEN K-RWA 6083 EC / List no: 410-160-7 | CAS no: 148732-74-5 Nickel, C5-C23-branched carboxylate octanoate complexes EC / List no: 291-675-2 | CAS no: 90459-32-8 Nickel oxide (Ni2O) EC / List no: - | CAS no: 12359-17-0 Trinickel boride EC / List no: 234-495-1 | CAS no: 12007-02-2 (2-ethylhexanoato-O)(isononanoato-O)nickel EC / List no: 287-470-2 | CAS no: 85508-45-8 Bis(diisobutyldithiocarbamato)nickel EC / List no: 239-354-8 | CAS no: 15317-78-9 Fatty acids, C8-18 and C18-unsatd., nickel salts EC / List no: 283-972-0 | CAS no: 84776-45-4 Nitric acid, nickel salt EC / List no: 238-076-4 | CAS no: 14216-75-2 [[2,2'-sulphonylbis[4-(1,1,3,3-tetramethylbutyl)phenolato]](2-)-O1,O1',O2]nickel EC / List no: 240-485-8 | CAS no: 16432-37-4 Nickel(2+) methacrylate EC / List no: 257-963-7 | CAS no: 52496-91-0 Nickel, compound with niobium (1:1) EC / List no: 234-807-6 | CAS no: 12034-55-8 Nickel boride phosphide EC / List no: - | CAS no: 65229-23-4 Sulfuric acid, nickel(2+) salt (1:1), reaction products with nickel and nickel oxide (NiO) EC / List no: - | CAS no: 68585-48-8 Nickel carbonate hydroxide tetrahydrate EC / List no: 641-002-7 | CAS no: 39430-27-8 Hexasodium (di-[N-(3-(4-[5-(5-amino-3-methyl-1-phenylpyrazol-4-yl-azo)-2,4-disulfo-anilino]-6-chloro-1,3,5-triazin-2-ylamino)phenyl)-sulfamoyl](di-sulfo)-phthalocyaninato)nickel PROCION EMERALD H-EXL COLOUR; SUBSTANCE S156718 EC / List no: 417-250-5 | CAS no: 151436-99-6 Fatty acids, C6-19-branched, nickel salts EC / List no: 294-302-1 | CAS no: 91697-41-5 Phosphoric acid, nickel salt EC / List no: - | CAS no: 14396-43-1 cross-category REACH SVHC candidate list ECHA European Union Candidate list Endocrine disrupting properties (Article 57(f) - environment)",source_context_only,banned_or_prohibited
"trans-2-[(Dimethylamino)methylimino]-5-[2-(5-nitro-2-furyl)vinyl]-1,3,4-oxadiazole cross-category cancer OEHHA California, USA Listed cancer",restricted_or_thresholded,restricted_or_thresholded
