feature_text,actual,predicted
Ceramic Banks With Exterior Designs Lead,heavy_metals,heavy_metals
"Wallets, handbags, clutches and totes, Tape measure Di(2-ethylhexyl)phthalate",phthalates_plasticizers,phthalates_plasticizers
Price Pfister Hot or Cold Mobi Stem lead compounds,heavy_metals,heavy_metals
• CVS Health Spray After-sun Ale Ver Soothing Spray UPC 050428390832 • CVS Health Gel After-sun Aloe Vera Moisturizing Gel UPC 05428324837 Benzene,solvents_vocs,solvents_vocs
Salted Hairtail Fish Lead,heavy_metals,heavy_metals
Vinyl Waterproof Outdoor Bags and Accessories Di(2-ethylhexyl)phthalate (DEHP),phthalates_plasticizers,phthalates_plasticizers
"Vinyl/PVC Aprons Di(2-ethylhexyl)phthalate, Di(2-ethylhexyl)phthalate (DEHP)",phthalates_plasticizers,phthalates_plasticizers
"Upholstered furniture Tris(1,3-dichloro-2-propyl) phosphate (TDCPP)",other_prop65_listed,other_prop65_listed
Rice Lead,heavy_metals,heavy_metals
"Vinyl Flags Di(2-ethylhexyl)phthalate, Di(2-ethylhexyl)phthalate (DEHP)",phthalates_plasticizers,phthalates_plasticizers
Children's Bath Toys Di(2-ethylhexyl)phthalate,phthalates_plasticizers,phthalates_plasticizers
Vinyl checkbook cover Di(2-ethylhexyl)phthalate (DEHP),phthalates_plasticizers,phthalates_plasticizers
Licorice Flavored Candy Lead,heavy_metals,heavy_metals
"Ashata 5 Rolls 0.6mm Fishing Soft Lead Sheet Strip Sinkers Weights Tackle Accessories Supplies New, Fishing Accessories, Lead Sheet Roll Lead",heavy_metals,heavy_metals
tote bags Di(2-ethylhexyl)phthalate (DEHP),phthalates_plasticizers,phthalates_plasticizers
"Geisha, Fancy Smoked Baby Clams, UPC#71140007006 Perfluorononanoic acid (PFNA)",other_prop65_listed,heavy_metals
"Children's backpacks, Children's pillow Di(2-ethylhexyl)phthalate",phthalates_plasticizers,phthalates_plasticizers
Air Pumps with Vinyl/PVC Components Di(2-ethylhexyl)phthalate (DEHP),phthalates_plasticizers,phthalates_plasticizers
Glassware with Exterior Artwork Lead,heavy_metals,heavy_metals
Seasoned Seaweed Lead,heavy_metals,heavy_metals
Vinyl tool grip materials Di(2-ethylhexyl)phthalate (DEHP),phthalates_plasticizers,phthalates_plasticizers
Messenger Bag Di(2-ethylhexyl)phthalate (DEHP),phthalates_plasticizers,phthalates_plasticizers
Leaded crystal glassware lead compounds,heavy_metals,heavy_metals
Bixbee Children’s Bag Di(2-ethylhexyl)phthalate (DEHP),phthalates_plasticizers,phthalates_plasticizers
Vanity Planet - Bolsa Makeup Bag Di(2-ethylhexyl)phthalate (DEHP),phthalates_plasticizers,phthalates_plasticizers
Suction cups Di(2-ethylhexyl)phthalate (DEHP),phthalates_plasticizers,phthalates_plasticizers
"Sewing Machine Cover-15""X8-3/4""X6"" Frosted Vinyl Di(2-ethylhexyl)phthalate (DEHP)",phthalates_plasticizers,phthalates_plasticizers
Hey Honey Walk the Walk Propolis Foot & Heel Repair Cream Diethanolamine,other_prop65_listed,other_prop65_listed
Vinyl/PVC Booster Cables Di(2-ethylhexyl)phthalate (DEHP),phthalates_plasticizers,phthalates_plasticizers
Children's bags/apparel Di(2-ethylhexyl)phthalate (DEHP),phthalates_plasticizers,phthalates_plasticizers
Bruce Bolt Premium Ankle Guard for Children Chromium (hexavalent compounds),heavy_metals,heavy_metals
Tweezers with Vinyl Finger Grips Di(2-ethylhexyl)phthalate (DEHP),phthalates_plasticizers,phthalates_plasticizers
Rice Arsenic (inorganic oxides),heavy_metals,heavy_metals
Creamy Sunflower Butter (SKU 646670516757) cadmium compounds,heavy_metals,heavy_metals
"Dried Seaweed Arsenic (inorganic arsenic compounds), Cadmium",heavy_metals,heavy_metals
Organics Happy Baby Apple Guava Beets Lead,heavy_metals,heavy_metals
Dried Seaweed lead compounds,heavy_metals,heavy_metals
Suction Cups Di(2-ethylhexyl)phthalate (DEHP),phthalates_plasticizers,phthalates_plasticizers
"Vinyl/PVC Electrical Tape, Tool Kit Cases with Vinyl/PVC Components, Vinyl/PVC Tool Grips, Voltage Tester Cords, Solder Lead",heavy_metals,heavy_metals
vinyl bedding storage cases Di-isodecyl phthalate (DIDP),phthalates_plasticizers,phthalates_plasticizers
Ceramic cup lead compounds,heavy_metals,heavy_metals
Fishing Sinker Lead,heavy_metals,heavy_metals
Tool Bags Made With Vinyl-Coated Nylon Lead,heavy_metals,heavy_metals
Seaweed lead compounds,heavy_metals,heavy_metals
1 Piece Vinyl Waterproof PVC Apron Di(2-ethylhexyl)phthalate (DEHP),phthalates_plasticizers,phthalates_plasticizers
"Everpet Tie-Out Cable, C0110; UPC: 4895153308358, DG Hardware™ Extension Cord, 20 Ft.; UPC: 400005477171, Black Wallet “100% Polyurethane”; UPC: 430000793563, Hot Melt Glue Gun, Style No. 1812; UPC750557812464 Di(2-ethylhexyl)phthalate (DEHP)",phthalates_plasticizers,phthalates_plasticizers
"Environmental Exposures; Occupational Exposures; and Product Exposures (Kitchen; Fireplaces and Patio Heaters; Candles; Matches; Second-hand Smoke and Smokeless Tobacco Products; Cleaning Supplies/Janitorial; Maintenance/Power Tools; Furniture/Furnishings/Window Treatments; Public and Guest Bathrooms; Medical/First Aid Supplies; Internal Combustion (“IC”) Engines, Boilers and other Gas Burning Devices, and Fireplaces; Electronic Equipment, Electric Equipment and Associated Cables Wires and Batteries; Office Supplies and Office Equipment; Hand Tools, Hardware and Brass Keys; and Fertilizers, Soil Amendments, and Pesticides and Herbicides). Tobacco smoke (primary)",other_prop65_listed,other_prop65_listed
Vinyl/PVC Jewelry Boxes Di(2-ethylhexyl)phthalate (DEHP),phthalates_plasticizers,phthalates_plasticizers
Magnifying Glasses With Vinyl Components Di(2-ethylhexyl)phthalate (DEHP),phthalates_plasticizers,phthalates_plasticizers
Dried Seaweed lead compounds,heavy_metals,heavy_metals
Maison De Base Lemon Twist Foaming Hand Soap Diethanolamine,other_prop65_listed,other_prop65_listed
Bead Landing Storage Jewelry Organizer 19 Vinyl Pockets 27 Hook & Loop Fasteners; 13in x 27 in; 33 cm x 68.5 cm Di(2-ethylhexyl)phthalate (DEHP),phthalates_plasticizers,phthalates_plasticizers
Seaweed lead compounds,heavy_metals,heavy_metals
"Jojo’s Chocolate, Goes Hawaiian, UPC#850008237041 lead compounds",heavy_metals,heavy_metals
Wallet with PVC Components Diisononyl phthalate (DINP),phthalates_plasticizers,phthalates_plasticizers
PVC Bags Di(2-ethylhexyl)phthalate (DEHP),phthalates_plasticizers,phthalates_plasticizers
"Rabbitfish, Herring, Jeprox Fish lead compounds",heavy_metals,heavy_metals
"Headphones with Vinyl/PVC Ear Cushions, Vinyl/PVC Headphone Bags Di(2-ethylhexyl)phthalate (DEHP)",phthalates_plasticizers,phthalates_plasticizers
"Cosmetic Cases with Clear Plastic and Other Cases Inside, including but not limited to: Blue and Clear Stitch Case, with Other Cases Inside, UPC: 840716263562, Style: LSC342RS, Cosmetic Cases with Clear Plastic and Other Cases Inside, including but not limited to: Minnie Mouse Cosmetic Case, with Other Cases Inside, UPC: 840716263579, Style: MCC323RS Di(2-ethylhexyl)phthalate",phthalates_plasticizers,phthalates_plasticizers
Seaweed Cadmium,heavy_metals,heavy_metals
McCain Seasoned Waffle Fries Acrylamide,heat_generated_contaminants,heat_generated_contaminants
Glassware and Ceramicware Products Lead,heavy_metals,heavy_metals
Handbags Diisononyl phthalate (DINP),phthalates_plasticizers,phthalates_plasticizers
Brown Vinyl Guest Check Presenter/Server Book Diisononyl phthalate (DINP),phthalates_plasticizers,phthalates_plasticizers
Bilindy Canvas Slip on Heels Bisphenol A (BPA),bisphenols,bisphenols
Nail polish Formaldehyde (gas),solvents_vocs,solvents_vocs
El Mexicano Dairy Beverage - UPC No.: 042743150048 Lead,heavy_metals,heavy_metals
Template Guide Sets Lead,heavy_metals,heavy_metals
"Preferred Nation Garment Bag, Style No. 8310 Di(2-ethylhexyl)phthalate (DEHP)",phthalates_plasticizers,phthalates_plasticizers
Measuring Cups with Exterior Designs Lead,heavy_metals,heavy_metals
Ceramicware With Exterior Decorations Lead,heavy_metals,heavy_metals
"Portfolio case, messenger bags Di-n-butyl phthalate (DBP)",phthalates_plasticizers,phthalates_plasticizers
HomeGoods Delphine Lotion Pump Lead,heavy_metals,heavy_metals
Inflatable Ring Cushions with Vinyl/PVC Air Valves Di(2-ethylhexyl)phthalate (DEHP),phthalates_plasticizers,phthalates_plasticizers
Vinyl/PVC Spray Hoses Di(2-ethylhexyl)phthalate (DEHP),phthalates_plasticizers,phthalates_plasticizers
"Upholstered furniture Tris(1,3-dichloro-2-propyl) phosphate (TDCPP)",other_prop65_listed,other_prop65_listed
Shellfish Lead,heavy_metals,heavy_metals
Tools with vinyl/PVC grips Di(2-ethylhexyl)phthalate (DEHP),phthalates_plasticizers,phthalates_plasticizers
Seaweed Tempura Snack cadmium compounds,heavy_metals,heavy_metals
Vinyl coated disc locks Lead,heavy_metals,heavy_metals
"Dora and Boots, Children's Vinyl Bag, item # DE27125UP, UPC 6 93186 11958 3 Diisononyl phthalate (DINP)",phthalates_plasticizers,phthalates_plasticizers
"Discharges from log decks and lumber mills. 1,3-Butadiene, 2,3,7,8-Tetrachlorodibenzo-p-dioxin (TCDD), 2,4,6-Trichlorophenol, Benzene, Benzo[a]pyrene, Benzo[b]fluoranthene, Benzo[j]fluoranthene, Benzo[k]fluoranthene, Chrysene, Creosotes, Dibenz[a,h]anthracene, Hexachlorobenzene, Hexachlorodibenzodioxin, Indeno [1,2,3-cd]pyrene, Lead, Lead",heavy_metals,heat_generated_contaminants
"Wallets, handbags, purses and clutches lead compounds",heavy_metals,heavy_metals
Core Kitchen Ceramic Salt and Pepper Shakers Lead,heavy_metals,heavy_metals
"Chaos and Pain, Cannibal Coma (Deep Sleep and Lucid Dream Aid) - Blue Hawaiian, UPC#610563315000, Chaos and Pain, Cannibal Carnage (Stim-Free Fat Burning Powder) - Killer Bombsicle, UPC#610563314683, Chaos and Pain, Cannibal Ferox (King of All Pre-Workouts) - Strawberry Kiwi, UPC#850000083035 Lead",heavy_metals,heavy_metals
Crossbody Bag Di(2-ethylhexyl)phthalate (DEHP),phthalates_plasticizers,phthalates_plasticizers
Vinyl/PVC Gloves Diisononyl phthalate (DINP),phthalates_plasticizers,phthalates_plasticizers
Nora seaweed snacks Lead,heavy_metals,heavy_metals
Ceramic containers with Exterior Artwork Lead,heavy_metals,heavy_metals
Ice Bag Di(2-ethylhexyl)phthalate (DEHP),phthalates_plasticizers,phthalates_plasticizers
Liuzhhou Lou Si' Rice Noodles Cadmium,heavy_metals,heavy_metals
"Explorer Bilt Dry Bag, UPC No. 8 84475 09020 5 Di(2-ethylhexyl)phthalate (DEHP)",phthalates_plasticizers,phthalates_plasticizers
Suction Cup Phone Mount Diisononyl phthalate (DINP),phthalates_plasticizers,phthalates_plasticizers
Fit Collective pants Perfluorooctanoic Acid (PFOA),pfas,pfas
"Wooden Utility Poles 2,3,7,8-Tetrachlorodibenzo-p-dioxin (TCDD), Hexachlorobenzene, Hexachlorodibenzodioxin, Pentachlorophenol, Polychlorinated dibenzo-p-dioxins",solvents_vocs,solvents_vocs
Headphones with Vinyl/PVC Components Di(2-ethylhexyl)phthalate (DEHP),phthalates_plasticizers,phthalates_plasticizers
El Mexicano Animalitos Animal Cookies Acrylamide,heat_generated_contaminants,heat_generated_contaminants
"Nomad Nutrition Caribbean Curry, Nomad Nutrition Irish Shepherd’s Pie, Nomad Nutrition Cali Breakfast Bowl Cadmium",heavy_metals,heavy_metals
Vinyl card holder Di(2-ethylhexyl)phthalate (DEHP),phthalates_plasticizers,phthalates_plasticizers
Canned smoked mussels Lead,heavy_metals,heavy_metals
Escape gloves Di(2-ethylhexyl)phthalate (DEHP),phthalates_plasticizers,phthalates_plasticizers
Glassware with Exterior Artwork lead compounds,heavy_metals,heavy_metals
Schwinn Quick Wrap Water Bottle Cage Bisphenol A (BPA),bisphenols,bisphenols
Trader Joe's Oven-Baked Cheese Bites with Black Summer Truffle Acrylamide,heat_generated_contaminants,heat_generated_contaminants
AO vinyl cooler Diisononyl phthalate (DINP),phthalates_plasticizers,phthalates_plasticizers
Kett Cosmetics Hydro Foundation Oliver Series Diethanolamine,other_prop65_listed,other_prop65_listed
Faux Leather Purse - Multi-Compartment Cellphone Purse with Touch Screen Diisononyl phthalate (DINP),phthalates_plasticizers,phthalates_plasticizers
Headphones with Vinyl/PVC Cushions Di(2-ethylhexyl)phthalate (DEHP),phthalates_plasticizers,phthalates_plasticizers
"TSV 263pcs Fishing Accessories Kit, Pocket Edition Lure Kit with Fishing Terminal Tackle Box, Barrel Swivels, Snaps, Fishing Sinker Weights, Space Beans, Single Double Barrel Crimp Sleeves, Hooks Lead",heavy_metals,heavy_metals
"Folio Cases Made With Leather, Vinyl, or Imitation Leather Materials Lead",heavy_metals,heavy_metals
cases of circle template sets Di(2-ethylhexyl)phthalate (DEHP),phthalates_plasticizers,phthalates_plasticizers
Taokaenoi Toasted Seaweed Lead,heavy_metals,heavy_metals
Rite-Aid Thrifty Cake Cup Acrylamide,heat_generated_contaminants,heat_generated_contaminants
Pliers with Vinyl/PVC Grips Di(2-ethylhexyl)phthalate (DEHP),phthalates_plasticizers,phthalates_plasticizers
Gloves with Vinyl/PVC Components Di(2-ethylhexyl)phthalate,phthalates_plasticizers,phthalates_plasticizers
Effie's Homemade Pecan Nutcakes Acrylamide,heat_generated_contaminants,heat_generated_contaminants
"Foam containing Tris(1,3- dichloro-2-propyl) phosphate used as Padding in Upholstered Furniture including Companion Chairs Tris(1,3-dichloro-2-propyl) phosphate (TDCPP)",other_prop65_listed,other_prop65_listed
"Aloha Organic Protein Bar Chocolate Fudge Brownie Plant-Based Protein, Aloha Organic Protein Bar Chocolate Mint Plant-Based Protein, Aloha Organic Protein Bar Peanut Butter Cup Plant-Based Protein lead compounds",heavy_metals,heavy_metals
Kate Aspen handbag/clutch Di(2-ethylhexyl)phthalate (DEHP),phthalates_plasticizers,phthalates_plasticizers
Glassware and ceramic products Lead,heavy_metals,heavy_metals
LyTar Shampoo mildly treated oils,other_prop65_listed,other_prop65_listed
Jill & Ally Ceramic Cannister Lead,heavy_metals,heavy_metals
"American Dream Cookie Co Peanut Butter Protein Cookie, American Dream Cookie Co Lemon Protein Cookie, American Dream Cookie Co Chocolate Peanut Butter Protein Cookie lead compounds",heavy_metals,heavy_metals
Vinyl Security Cables Di-n-butyl phthalate (DBP),phthalates_plasticizers,phthalates_plasticizers
Chocolove Strong Dark Chocolate 70%; UPC: 1627000170 lead compounds,heavy_metals,heavy_metals
Cosmetic Case Di(2-ethylhexyl)phthalate (DEHP),phthalates_plasticizers,phthalates_plasticizers
"Upholstered furniture including ottomans Tris(1,3-dichloro-2-propyl) phosphate (TDCPP)",other_prop65_listed,other_prop65_listed
Travel Bag Di(2-ethylhexyl)phthalate (DEHP),phthalates_plasticizers,phthalates_plasticizers
PVC Backpack Makeup Sets Di(2-ethylhexyl)phthalate (DEHP),phthalates_plasticizers,phthalates_plasticizers
No Cow Chocolate Protein Powder Lead,heavy_metals,heavy_metals
Vinyl/PVC Gloves Diisononyl phthalate (DINP),phthalates_plasticizers,phthalates_plasticizers
Vibes Wake + Fake Soothing Dry Shampoo Benzene,solvents_vocs,solvents_vocs
"Upholstered furniture including stools Tris(1,3-dichloro-2-propyl) phosphate (TDCPP)",other_prop65_listed,other_prop65_listed
Vinyl coated hangers Di(2-ethylhexyl)phthalate (DEHP),phthalates_plasticizers,phthalates_plasticizers
Wood floor cleaning spray Formaldehyde (gas),solvents_vocs,solvents_vocs
Crime Scene Investigation Themed Toy Kits with Fingerprint Powder Asbestos,other_prop65_listed,other_prop65_listed
"Don't Quit Clean Sports Protein Smooth Vanilla, Don't Quit Clean Protein Rich Chocolate Lead",heavy_metals,heavy_metals
Vinyl/PVC Cosmetic Bag Hand Straps Di(2-ethylhexyl)phthalate (DEHP),phthalates_plasticizers,phthalates_plasticizers
Canned Squid cadmium compounds,heavy_metals,heavy_metals
Dried Seaweed lead compounds,heavy_metals,heavy_metals
Fermented Fish Chili Paste Lead,heavy_metals,heavy_metals
Vinyl/PVC Dart Wallets Di(2-ethylhexyl)phthalate (DEHP),phthalates_plasticizers,phthalates_plasticizers
Sunshade with Suction Cups Di-n-butyl phthalate (DBP),phthalates_plasticizers,phthalates_plasticizers
"to Happy Fruit Rosen Gummies and other cannabis-infused edibles, including but not limited to gummies and other confectionery products containing THC (Δ⁹-Tetrahydrocannabinol). delta-9-tetrahydrocannabinol",other_prop65_listed,other_prop65_listed
YES! HONEY Conditioner With Shea Butter Ultra Repair For Damaged Hair Diethanolamine,other_prop65_listed,other_prop65_listed
Soap Holder Caddy Di(2-ethylhexyl)phthalate (DEHP),phthalates_plasticizers,phthalates_plasticizers
Dried Seaweed Cadmium,heavy_metals,heavy_metals
Cracker Barrel “I’m Not Perfect” Mug Lead,heavy_metals,heavy_metals
Vinyl flooring Butyl Benzyl Phthalate (BBP),phthalates_plasticizers,phthalates_plasticizers
Ceramic Mugs With Exterior Designs Lead,heavy_metals,heavy_metals
Headphones with Vinyl/PVC Components Di(2-ethylhexyl)phthalate (DEHP),phthalates_plasticizers,phthalates_plasticizers
"Hand Wash, Dish Soap 1,4-Dioxane",other_prop65_listed,other_prop65_listed
Ginger Snap Cookies Acrylamide,heat_generated_contaminants,heat_generated_contaminants
"Footwear made with leather, vinyl or imitation leather Lead",heavy_metals,heavy_metals
"Vinyl/PVC Microphone Pouches, Vinyl/PVC Microphone Cords Di(2-ethylhexyl)phthalate (DEHP)",phthalates_plasticizers,phthalates_plasticizers
Vinyl/PVC Cords Diisononyl phthalate (DINP),phthalates_plasticizers,phthalates_plasticizers
"Vinyl Smocks & Other Children's Toys & Accessories, Vinyl Bathroom Toys/Chidren's Items, Sporting Toys/Children's Items, Vinyl Boxing Gloves, Children's Soft Vinyl Balls, Vniyl Placemats, Vinyl Bags Di(2-ethylhexyl)phthalate",phthalates_plasticizers,phthalates_plasticizers
Bamboo Waterproof Mattress Protector - Case Di(2-ethylhexyl)phthalate (DEHP),phthalates_plasticizers,phthalates_plasticizers
"Vinyl/PVC Exercise Equipment Hand Grips, Compact Mirrors with Vinyl/PVC Components Di(2-ethylhexyl)phthalate (DEHP)",phthalates_plasticizers,phthalates_plasticizers
"Nasal sprays, ointments and eye care products Mercury",heavy_metals,heavy_metals
Plastic Handbag Di(2-ethylhexyl)phthalate (DEHP),phthalates_plasticizers,phthalates_plasticizers
O.ME.R. bag Di(2-ethylhexyl)phthalate (DEHP),phthalates_plasticizers,phthalates_plasticizers
RA Brown Crossbody Bag Di(2-ethylhexyl)phthalate (DEHP),phthalates_plasticizers,phthalates_plasticizers
Pacific Arc Spring Bow Compass Bag Di(2-ethylhexyl)phthalate (DEHP),phthalates_plasticizers,phthalates_plasticizers
bit holders for furniture assembly tools Di(2-ethylhexyl)phthalate (DEHP),phthalates_plasticizers,phthalates_plasticizers
Glassware with Exterior Artwork Lead,heavy_metals,heavy_metals
Ceramic Diffusers with Exterior Decoration Lead,heavy_metals,heavy_metals
Sweet Sugar Fantasy children’s cosmetic set Di(2-ethylhexyl)phthalate (DEHP),phthalates_plasticizers,phthalates_plasticizers
American Atelier Jay Import Santa Belt Mug Lead,heavy_metals,heavy_metals
Hollis Regulator Bag Di(2-ethylhexyl)phthalate (DEHP),phthalates_plasticizers,phthalates_plasticizers
Fishing poles lead compounds,heavy_metals,heavy_metals
Carrying Cases with Vinyl/PVC Components Di(2-ethylhexyl)phthalate (DEHP),phthalates_plasticizers,phthalates_plasticizers
mercury in nasal sprays mercury compounds,heavy_metals,heavy_metals
Cozumi Gut-Friendly Seasoned Rice Turmeric Curry with Ginger & Coconut Lead,heavy_metals,heavy_metals
Alpha Bags Cosmetic Bag Diisononyl phthalate (DINP),phthalates_plasticizers,phthalates_plasticizers
keyring wallets Diisononyl phthalate (DINP),phthalates_plasticizers,phthalates_plasticizers
"Oscar's Chipotle Stoneground Corn Chips , Oscar's Garlic Stoneground Corn Ships Acrylamide",heat_generated_contaminants,heat_generated_contaminants
Plastic Clutch Purse Di(2-ethylhexyl)phthalate (DEHP),phthalates_plasticizers,phthalates_plasticizers
Backpacks with Vinyl/PVC Handles Di(2-ethylhexyl)phthalate (DEHP),phthalates_plasticizers,phthalates_plasticizers
Quinoa Brown & Red Rice with Flaxseed UPC No. 7-4840442018-4 Lead,heavy_metals,heavy_metals
Headsets with Vinyl/PVC Components Di(2-ethylhexyl)phthalate (DEHP),phthalates_plasticizers,phthalates_plasticizers
Hyde and Eek! Boutique Kids’ Convertible Belt Bag Di-isodecyl phthalate (DIDP),phthalates_plasticizers,phthalates_plasticizers
"Casablanca Market, Moroccan Preserved Lemons, UPC#814926014757 lead compounds",heavy_metals,heavy_metals
Inc.Redible Cryo Baby Hydrogel Under Eye Mask Diethanolamine,other_prop65_listed,other_prop65_listed
Insect Repellent Spray Di-n-propyl isocinchomeronate (MGK Repellent 326),other_prop65_listed,other_prop65_listed
"Dowco Iron Rider Cruiser Tank Bag with Map Pocket - Clear Plastic Window and Black Material, UPC#830460001411 Di(2-ethylhexyl)phthalate (DEHP)",phthalates_plasticizers,phthalates_plasticizers
Vinyl/PVC Tape Measure Straps Di(2-ethylhexyl)phthalate (DEHP),phthalates_plasticizers,phthalates_plasticizers
Glass beverage containers Lead,heavy_metals,heavy_metals
#BLUSH The Perfect Clear Bag; SKU 337707; BGS-48816 Diisononyl phthalate (DINP),phthalates_plasticizers,phthalates_plasticizers
"(1) Thread Clear Bag SKU 0517936900019 , (2) Madilyn Suede Bag SKU 0524435402012 Diisononyl phthalate (DINP)",phthalates_plasticizers,phthalates_plasticizers
Nut Harvest Almonds Lightly Roasted Acrylamide,heat_generated_contaminants,heat_generated_contaminants
Cooler/Lunch Bag Lead,heavy_metals,heavy_metals
Water Sprayers with Metal Nozzles Lead,heavy_metals,heavy_metals
Glassware Products Lead,heavy_metals,heavy_metals
"firewood, woodchips, charcoal 1,6-Dinitropyrene, 3-Methylcholanthrene, 5-Nitroacenaphthene, 7H-Dibenzo[c,g]carbazole, Benzo[a]pyrene, Benzo[b]fluoranthene, Benzo[j]fluoranthene, Benzo[k]fluoranthene, Benz[a]anthracene, Chrysene, Creosotes, Dibenzo[a,e]pyrene, Dibenzo[a,h]pyrene, Dibenzo[a,i]pyrene, Dibenzo[a,l]pyrene, Dibenz[a,h]acridine, Dibenz[a,h]anthracene, Dibenz[a,j]acridine",heat_generated_contaminants,heat_generated_contaminants
"E/M Coating Services, 6940 Farmdale Ave., North Hollywood, CA 91605 Chromium (hexavalent compounds)",heavy_metals,heavy_metals
"Skog A Kust Waterproof Dry Sac - White Plastic inside bag and Grey Plastic on bottom of bag, UPC#856882006636 Diisononyl phthalate (DINP)",phthalates_plasticizers,phthalates_plasticizers
"Tuna fish Mercury, Mercury",heavy_metals,heavy_metals
"Vinyl Tubing Di(2-ethylhexyl)phthalate, Di(2-ethylhexyl)phthalate (DEHP)",phthalates_plasticizers,phthalates_plasticizers
Dried Seaweed Strips Arsenic (inorganic oxides),heavy_metals,heavy_metals
Pokemon Mug Lead,heavy_metals,heavy_metals
Candy Lead,heavy_metals,heavy_metals
Suit Storage Bag Di(2-ethylhexyl)phthalate (DEHP),phthalates_plasticizers,phthalates_plasticizers
Delilah Jane Mug and Plate Lead,heavy_metals,heavy_metals
"Charter boats Benzene, Benzo[a]pyrene, Benzo[b]fluoranthene, Benzo[j]fluoranthene, Benzo[k]fluoranthene, Chrysene, Dibenz[a,h]anthracene, Diesel engine exhaust, Indeno [1,2,3-cd]pyrene, Soots, tars",heat_generated_contaminants,heat_generated_contaminants
Dried Seaweed cadmium compounds,heavy_metals,heavy_metals
Cozumi Spicy Tomato Chile Rice Lead,heavy_metals,heavy_metals
Lush Pink Peppermint Foot Cream Diethanolamine,other_prop65_listed,other_prop65_listed
Glassware with artwork or designs on the exterior lead compounds,heavy_metals,heavy_metals
Roasted Seaweed Snack cadmium compounds,heavy_metals,heavy_metals
White Panda “Thank You” Ceramicware Lead,heavy_metals,heavy_metals
Just Desserts Cookies and Cream Cupcake Acrylamide,heat_generated_contaminants,heat_generated_contaminants
Glass soft drink bottles Lead,heavy_metals,heavy_metals
Quietwear Leather Glove Chromium (hexavalent compounds),heavy_metals,heavy_metals
Plastic Cosmetic Bag Di(2-ethylhexyl)phthalate (DEHP),phthalates_plasticizers,phthalates_plasticizers
"Hearing Protection with Vinyl/PVC Components, Hearing Protection with Vinyl/PVC Components Di(2-ethylhexyl)phthalate (DEHP)",phthalates_plasticizers,phthalates_plasticizers
beach toys backpacks Di(2-ethylhexyl)phthalate (DEHP),phthalates_plasticizers,phthalates_plasticizers
Dried Seaweed Undaria Lead,heavy_metals,heavy_metals
Zatarains Crawfish Shrimp & Crab Boil in Bag Cadmium,heavy_metals,heavy_metals
Seaweed Snack Cadmium,heavy_metals,heavy_metals
"Vinyl/PVC Memo Pad Covers, Luggage Tags with Vinyl/PVC Components Di(2-ethylhexyl)phthalate (DEHP)",phthalates_plasticizers,phthalates_plasticizers
Roasted Seaweed Snack Wasabi Cadmium,heavy_metals,heavy_metals
dad mugs Lead,heavy_metals,heavy_metals
Clearly Organized Bag Di(2-ethylhexyl)phthalate (DEHP),phthalates_plasticizers,phthalates_plasticizers
Dried Seaweeds Lead,heavy_metals,heavy_metals
Small Clear Crossbody Bag; ASIN: B07H69WSTY Di(2-ethylhexyl)phthalate (DEHP),phthalates_plasticizers,phthalates_plasticizers
Alfez Moroccan Style Meatball Sauce Lead,heavy_metals,heavy_metals
Seasoned Seaweed Cadmium,heavy_metals,heavy_metals
Bonduelle Spinach Cranberry Pecan Crunch Salad Kit Cadmium,heavy_metals,heavy_metals
"Vinyl/PVC Electrical Tape, Vinyl/PVC Cables, Cords and Wires Di(2-ethylhexyl)phthalate (DEHP)",phthalates_plasticizers,phthalates_plasticizers
Great Value Country Potato Bread Acrylamide,heat_generated_contaminants,heat_generated_contaminants
Crenova Garden Hose Spray Nozzle SKU PG0011N lead compounds,heavy_metals,heavy_metals
Tar based dandruff shampoo mineral oils (untreated,other_prop65_listed,other_prop65_listed
EltaMD Body Lotion Diethanolamine,other_prop65_listed,other_prop65_listed
"firewood, woodchips, charcoal 1,6-Dinitropyrene, 3-Methylcholanthrene, 5-Nitroacenaphthene, 7H-Dibenzo[c,g]carbazole, Benzo[a]pyrene, Benzo[b]fluoranthene, Benzo[j]fluoranthene, Benzo[k]fluoranthene, Benz[a]anthracene, Chrysene, Creosotes, Dibenzo[a,e]pyrene, Dibenzo[a,h]pyrene, Dibenzo[a,i]pyrene, Dibenzo[a,l]pyrene, Dibenz[a,h]acridine, Dibenz[a,h]anthracene, Dibenz[a,j]acridine",heat_generated_contaminants,heat_generated_contaminants
Tasty Tuscany Lacinato green Kale Lead,heavy_metals,heavy_metals
"Organic Brown Rice Flour (Arsenic), Vitamin Pre-Mix (Arsenic; Lead), Organic Whole Raisins (Arsenic), Organic Soft White Wheat Flour (Arsenic), Organic Spelt Flour (Arsenic), Organic Barley Malt Extract (Arsenic), Organic Yellow Split Pea Powder (Arsenic), Medium Grain Whole Rice (Arsenic), Organic Butternut Squash Puree (Arsenic), Organic Whole Wheat Fine Flour (Lead; Cadmium), Organic Quick Oats (Lead), Organic Barley Flour (Lead; Cadmium), Organic Cinnamon Powder (Lead; Cadmium), Organic Date Paste (Lead; Cadmium), IQF Organic Chopped Broccoli (Cadmium), Organic Brown Flax Milled (Cadmium), Organic Yellow Papaya Puree (Cadmium), Organic Red Lentils (Cadmium), Organic Oat Flakes (Cadmium), Organic Oat Flour (Cadmium), Organic Kamut Flour (Arsenic), Organic Fiber Oat (Arsenic), Organic Quinoa Flour (Arsenic), Organic Green Lentil Flour (Arsenic), Medium Grain Whole Rice (Arsenic) Arsenic (inorganic oxides), Cadmium",heavy_metals,heavy_metals
Vinyl/PVC Aprons Di(2-ethylhexyl)phthalate (DEHP),phthalates_plasticizers,phthalates_plasticizers
EltaMD Skin Restore Body Cream Diethanolamine,other_prop65_listed,other_prop65_listed
Ceramic Products Cadmium,heavy_metals,heavy_metals
"Trader Joe's Fair Trade Organic Belgium Dark Chocolate 72%; Product Code: 00547833, Trader Joe's Uganda Dark Chocolate Bar 85%; Product Code: 00662925 lead compounds",heavy_metals,heavy_metals
"Nasal sprays, ointments and eye care products Mercury",heavy_metals,heavy_metals
"Cutter 95784 Citronella Candle, Copper., Cutter 95783 Citro Guard Citronella Candle, Bucket, 17 oz, Pack of 1, Tan., Cutter HG-96479 Citro Guard Citronella Candle, Mercury Glass, 11- Ounce, Case Pack of 1., Cutter Citro Guard Candle (Metallic Copper), Cutter Citronella Candles Set (12-Pack) Natural Insect Repellent Off | Blue, Scented | Deters Bugs, Flying Insects, Mosquitos | Child and Pet Safe, Cruelty Free | Patio, Backyard, Outdoor Use., Cutter Scented Citronella Outdoor Candle, Vanilla & Lavender, 11-Ounce Cutter Citronella Candles, Set (12-Pack) Natural Insect Repellent Off | Red, Scented | Deters Bugs, Flying Insects, Mosquitos | Child and Pet Safe, Cruelty Free | Patio, Backyard, Outdoor Use. Carbon monoxide",other_prop65_listed,other_prop65_listed
"firewood, woodchips, charcoal 1,6-Dinitropyrene, 3-Methylcholanthrene, 5-Nitroacenaphthene, 7H-Dibenzo[c,g]carbazole, Benzo[a]pyrene, Benzo[b]fluoranthene, Benzo[j]fluoranthene, Benzo[k]fluoranthene, Benz[a]anthracene, Chrysene, Creosotes, Dibenzo[a,e]pyrene, Dibenzo[a,h]pyrene, Dibenzo[a,i]pyrene, Dibenzo[a,l]pyrene, Dibenz[a,h]acridine, Dibenz[a,h]anthracene, Dibenz[a,j]acridine",heat_generated_contaminants,heat_generated_contaminants
Glassware and Ceramicware Products Cadmium,heavy_metals,heavy_metals
PVC Snap-Top Pouches For Children's Binoculars Di(2-ethylhexyl)phthalate (DEHP),phthalates_plasticizers,phthalates_plasticizers
"Certain Loose Powder Cosmetic Products, see Exhibit A Titanium dioxide (airborne, unbound particles of respirable size)",food_additives,food_additives
Pioneer Woman Ceramic Pie Plate Lead,heavy_metals,heavy_metals
Glassware Cadmium,heavy_metals,heavy_metals
Canned Tuna Mercury,heavy_metals,heavy_metals
"Space Junkie THCA Hemp Flower, Grape Frosty THCA Hemp Flower, Sex Panther THCA Hemp Flower, MAC1 THCA Hemp Flower, Han Solo THCA Hemp Flower, Northern Lights CBD Hemp Flower, Northern Lights (Small Buds) CBD Hemp Flower, Hawaiian Haze CBD Hemp Flower, Hawaiian Haze (Small Buds) CBD Hemp Flower, Skywalker OG CBD Hemp Flower, Skywalker OG (Small Buds) CBD Hemp Flower, Sour Space Candy CBD Hemp Flower, OG Kush CBD Hemp Flower, OG Kush (Small Buds) CBD Hemp Flower, Kush Mintz CBD Hemp Flower, Sour Diesel CBD Hemp Flower, Sour Diesel (Indoor) CBD Hemp Flower, Sour Diesel (Small Buds) CBD Hemp Flower, Pink Runtz (Indoor) CBD Hemp Flower, Purple Gas CBD Hemp Flower, Wagyu Kush CBD Hemp Flower, Bubba Kush CBD Hemp Flower, Cherry Wine CBD Hemp Flower, Tangie CBD Hemp Flower, Lifter (Small Buds) CBD Hemp Flower, Special Sauce (Small Buds) CBD Hemp Flower, White CBG Hemp Flower, White CBG (Small Buds) Hemp Flower, Gorilla Glue CBD Hemp Flower, John Snow CBG Hemp Flower, John Snow (Small Buds) CBG Hemp Flower, Zkittles CBD Hemp Flower, Zkittles (Small Buds) CBD Hemp Flower, Mimosa CBG Hemp Flower Pre-Roll 5-Pack, Northern Lights CBD Hemp Flower Pre-Roll 5-Pack, Goliath CBD Hemp Flower Pre-Roll 5-Pack, Hawaiian Haze CBD Hemp Flower Pre-Roll 5-Pack, Sour Space Candy CBD Hemp Flower Pre-Roll 5-Pack, Sour Diesel CBD Hemp Flower Pre-Roll 5-Pack, Gorilla Glue CBD Hemp Flower Pre-Roll 5-Pack, Cookies CBD Hemp Flower Pre-Roll 5-Pack, Super Silver Haze CBD Hemp Flower Pre-Roll 5-Pack, OG Kush CBD Hemp Flower Pre-Roll 5-Pack, Skywalker OG CBD Hemp Flower Pre-Roll 5-Pack, Bubba Kush CBD Hemp Flower Pre-Roll 5-Pack, Grape Soda CBD Hemp Flower Pre-Roll 5-Pack, Lifter CBD Hemp Flower Pre-Roll 5-Pack, Sour Lifter CBD Hemp Flower Pre-Roll 5-Pack, Tangie CBD Hemp Flower Pre-Roll 5-Pack, Cherry Wine CBD Hemp Flower Pre-Roll 5-Pack, Zkittles CBD Hemp Flower Pre-Roll 5-Pack, Waygu Kush CBD Hemp Flower Pre-Roll 5-Pack, Special Sauce CBD Hemp Flower Pre-Roll 5-Pack, John Snow CBG Hemp Flower Pre-Roll 5-Pack, Marathon CBG Hemp Flower, Mimosa CBG Hemp Flower, Goliath (Small Buds) CBD Hemp Flower, Goliath (CBD:CBG 1:1) CBD Hemp Flower, Sour Lifter CBD Hemp Flower, Sour Lifter (Small Buds) CBD Hemp Flower, Cherry Wine (Small Buds) CBD Hemp Flower, Cookies CBD Hemp Flower, Cookies (Small Buds) CBD Hemp Flower, Super Silver Haze CBD Hemp Flower, Super Silver Haze (Small Buds) CBD Hemp Flower, Mimosa CBG (Small Buds) CBD Hemp Flower, Bubba Kush (Small Buds) CBD Hemp Flower, Tangie (Small Buds) CBD Hemp Flower, Wagyu Kush (Small Buds) CBD Hemp Flower, Golden Sour CBD Hemp Flower, Ceiba Fox CBD Hemp Flower, Grape Soda CBD Hemp Flower, Suzy Q CBD Hemp Flower, Durban Diesel CBD Hemp Flower, Special Sauce CBD Hemp Flower, Sour Diesel CBD Hemp Vape Cartridge, Jack Herer CBD Hemp Vape Cartridge, OG Kush CBD Hemp Vape Cartridge, Gorilla Glue CBD Hemp Vape Cartridge, Caramel Macchiato CBD Hemp Vape Cartridge, Fruity Cereal CBD Hemp Vape Cartridge, Blackberry Kush CBD Hemp Vape Cartridge, Cactus Cooler CBD Hemp Vape Cartridge, Pineapple Express CBD Hemp Vape Cartridge, Mango CBD Hemp Vape Cartridge, Menthol CBD Hemp Vape Cartridge, Watermelon CBD Hemp Vape Cartridge, Bubblegum CBD Hemp Vape Cartridge, Starfruit CBD Hemp Vape Cartridge, Blackberry CBD Hemp Vape Cartridge, Lemonade CBD Hemp Vape Cartridge, Mimosa CBD Hemp Vape Cartridge, Lychee Ice CBD Hemp Vape Cartridge, Passionfruit CBD Hemp Vape Cartridge, Pixie Stix CBD Hemp Vape Cartridge beta-Myrcene, delta-9-tetrahydrocannabinol",other_prop65_listed,other_prop65_listed
Cosmetics lead compounds,heavy_metals,heavy_metals
Clear Stadium Tote Bag; UPC: 0209000955034; Model: B1955 – BK/RED Di(2-ethylhexyl)phthalate (DEHP),phthalates_plasticizers,phthalates_plasticizers
Plastic Soap Dish with Suctions Cups Di(2-ethylhexyl)phthalate (DEHP),phthalates_plasticizers,phthalates_plasticizers
Vinyl/PVC Hoses Di(2-ethylhexyl)phthalate,phthalates_plasticizers,phthalates_plasticizers
"bhCosmetics Vanilla Strawberry Truffle Blush Palette Titanium dioxide (airborne, unbound particles of respirable size)",food_additives,food_additives
Nail polish Di-n-butyl phthalate (DBP),phthalates_plasticizers,phthalates_plasticizers
Raw Seaweed Lead,heavy_metals,heavy_metals
Cooked White Rice with Seaweed Soup Mix UPC No. 8-0717671036-4 Lead,heavy_metals,heavy_metals
Dried Seaweed cadmium compounds,heavy_metals,heavy_metals
Vinyl Tape Measures Di(2-ethylhexyl)phthalate (DEHP),phthalates_plasticizers,phthalates_plasticizers
Seasoned Seaweed lead compounds,heavy_metals,heavy_metals
SOO’AE New York skin cream Diethanolamine,other_prop65_listed,other_prop65_listed
Wallet Diisononyl phthalate (DINP),phthalates_plasticizers,phthalates_plasticizers
Beal Pro commande bag Diisononyl phthalate (DINP),phthalates_plasticizers,phthalates_plasticizers
Seaweed Salad Lead,heavy_metals,heavy_metals
"No Cow Dipped Protein Bar Chocolate Peanut Butter Cup Naturally Flavored, No Cow Protein Bar Peanut Butter Chocolate Chip Naturally Flavored, No Cow Dipped Chocolate Sea Salt Naturally Flavored Protein Bar lead compounds",heavy_metals,heavy_metals
Vinyl/PVC Shower Hoses Di(2-ethylhexyl)phthalate (DEHP),phthalates_plasticizers,phthalates_plasticizers
Go Fit Men’s Elite Trainer Leather Glove Chromium (hexavalent compounds),heavy_metals,heavy_metals
Lago Wafer Cookies with Chocolate Cream Filling Sugar Free Acrylamide,heat_generated_contaminants,heat_generated_contaminants
Lead in plastic clothing Lead,heavy_metals,heavy_metals
mercury in nasal sprays mercury compounds,heavy_metals,heavy_metals
Mug-Ceramic Lead,heavy_metals,heavy_metals
Tool Pouches and Chain Rolls with Vinyl Components Di(2-ethylhexyl)phthalate (DEHP),phthalates_plasticizers,phthalates_plasticizers
"Large Embossed Magic Wallet – Matte Black, UPC#700645612575 Diisononyl phthalate (DINP)",phthalates_plasticizers,phthalates_plasticizers
"Equate Cucumber Dry Spray Antiperspirant, 3.8 Oz Benzene",solvents_vocs,solvents_vocs
Suction Cups Di(2-ethylhexyl)phthalate (DEHP),phthalates_plasticizers,phthalates_plasticizers
Glassware with Exterior Artwork Cadmium,heavy_metals,heavy_metals
Sandalwood Shaving Cream Taylor Of Old Bond Street UPC: 696770010013 Diethanolamine,other_prop65_listed,other_prop65_listed
Latex Resistance Bands N-Nitrosodiethylamine,heat_generated_contaminants,heat_generated_contaminants
"Vinyl/PVC Hoses, Vinyl/PVC Hoses Lead",heavy_metals,heavy_metals
Rice Arsenic (inorganic oxides),heavy_metals,heavy_metals
Vinyl Placemats including Spider Web Placemats Di(2-ethylhexyl)phthalate,phthalates_plasticizers,phthalates_plasticizers
Proud Grill Company Yellowstone BBQ & Utility Glove Chromium (hexavalent compounds),heavy_metals,heavy_metals
"Upholstered furniture including chairs Tris(1,3-dichloro-2-propyl) phosphate (TDCPP)",other_prop65_listed,other_prop65_listed
Multi-Purpose Bags Di(2-ethylhexyl)phthalate (DEHP),phthalates_plasticizers,phthalates_plasticizers
Snack chips Acrylamide,heat_generated_contaminants,heat_generated_contaminants
Can openers Di(2-ethylhexyl)phthalate (DEHP),phthalates_plasticizers,phthalates_plasticizers
Pond's Cold Cream Make-Up Remover Deep Cleanser Diethanolamine,other_prop65_listed,other_prop65_listed
garden gloves Di-n-butyl phthalate (DBP),phthalates_plasticizers,phthalates_plasticizers
Pliers with Vinyl Grips & Brass Craft Tools lead compounds,heavy_metals,heavy_metals
Vinyl tool grips Di(2-ethylhexyl)phthalate (DEHP),phthalates_plasticizers,phthalates_plasticizers
Apex Carex Healthcare Products Adjustable Folding Cane (clear plastic storage case) Diisononyl phthalate (DINP),phthalates_plasticizers,phthalates_plasticizers
soldered home decorative furniture Lead,heavy_metals,heavy_metals
Nail polish Toluene,solvents_vocs,solvents_vocs
Crime Scene Investigation Themed Toy Kits w/Fingerprint Powder Asbestos,other_prop65_listed,other_prop65_listed
Moisturizing Creams Progesterone,other_prop65_listed,other_prop65_listed
Ceramic products Cadmium,heavy_metals,heavy_metals
Polycarbonate Plastic Bottles for Use in Water Coolers Bisphenol A (BPA),bisphenols,bisphenols
"This notice pertains to cannabis-infused products, including but not limited to edibles such as gummies, chocolates, and other confectionery items containing THC (Δ⁹-Tetrahydrocannabinol), as well as beverages infused with THC or other cannabis compounds. The products covered by this notice also extend to cannabis flower, pre-rolls, and other inhalable marijuana products. These items emit cannabis/marijuana smoke when consumed, exposing consumers to THC and other chemicals without providing clear and reasonable warnings as required under Proposition 65. This includes all similar products sold by the Violator that expose individuals to such substances in a manner that violates the provisions of the statute. Marijuana smoke",other_prop65_listed,other_prop65_listed
Lunch Bags Di(2-ethylhexyl)phthalate,phthalates_plasticizers,phthalates_plasticizers
So French Bag Di(2-ethylhexyl)phthalate (DEHP),phthalates_plasticizers,phthalates_plasticizers
"Natures Plus, Spiru-Tein Strawberry, UPC#097467458413, Natures Plus, Spiru-Tein Vanilla, UPC#097467458215, Natures Plus, Source of Life Energy Shake Creamy Granola, UPC#097467305977 lead compounds",heavy_metals,heavy_metals
Seaweed cadmium compounds,heavy_metals,heavy_metals
Fish Cracker Lead,heavy_metals,heavy_metals
lead coinbag seals Lead,heavy_metals,heavy_metals
"Environmental Exposures; Occupational Exposures; and Product Exposures (Second-hand Smoke and Smokeless Tobacco Products; Use of Combustible Products and Materials by Tenants; Use of Hobby-Related Products and Materials by Tenants; Apartment Properties Construction Materials; Natural gas, liquid fuel gases and fuel oil conversion; Parking Facilities and Designated Loading/Unloading Locations Cause Exposure to Vehicle Emissions; Emergency Generators; Tenant, Employee and Business Invitees Transportation Services; In-Apartment Cleaning and Maintenance; Exterior and Common Area Apartment Maintenance; and Exposures to Designated Chemicals Associated with Apartment Property Amenities). Tobacco smoke (primary)",other_prop65_listed,other_prop65_listed
Nail polish Toluene,solvents_vocs,solvents_vocs
Bags with Vinyl Components Di(2-ethylhexyl)phthalate (DEHP),phthalates_plasticizers,phthalates_plasticizers
Ceramic Spoon Rests With Designs Lead,heavy_metals,heavy_metals
"Wallets, Handbags, Purses and Clutches Made with Leather, Vinyl or Imitation Leather Materials Lead",heavy_metals,heavy_metals
Tools with vinyl grips Di(2-ethylhexyl)phthalate (DEHP),phthalates_plasticizers,phthalates_plasticizers
Treated wood utility poles and other treated wood Polychlorinated dibenzofurans,other_prop65_listed,other_prop65_listed
Immunity on the Go Lavender Scent Kit (with clear zippered plastic bag) Di(2-ethylhexyl)phthalate (DEHP),phthalates_plasticizers,phthalates_plasticizers
Upholstered furniture including chairs Tris(2-chloroethyl) phosphate,other_prop65_listed,other_prop65_listed
Dried Seaweed Lead,heavy_metals,heavy_metals
Raw Seaweed Cadmium,heavy_metals,heavy_metals
Bibliophile “The Writer’s Companion” Ceramic Vase Lead,heavy_metals,heavy_metals
Vinyl shower curtain Di(2-ethylhexyl)phthalate (DEHP),phthalates_plasticizers,phthalates_plasticizers
Waste Bags with Metal Components Lead,heavy_metals,heavy_metals
"Brass door, cabinet and wall hardware lead compounds",heavy_metals,heavy_metals
MODA Kuru Biber Dolma Lead,heavy_metals,heavy_metals
Shellfish Lead,heavy_metals,heavy_metals
"Nasal sprays, ointments and eye care products mercury compounds",heavy_metals,heavy_metals
Allerease Pure & Clean Mattress Pad Di(2-ethylhexyl)phthalate (DEHP),phthalates_plasticizers,phthalates_plasticizers
Cream Waffers (Lemon Flavour) Acrylamide,heat_generated_contaminants,heat_generated_contaminants
"Exposure to plastic packaging of washcloths, Exposure to plastic packaging of rawhide chews Di(2-ethylhexyl)phthalate (DEHP)",phthalates_plasticizers,phthalates_plasticizers
Cosmetic Case Di(2-ethylhexyl)phthalate (DEHP),phthalates_plasticizers,phthalates_plasticizers
Dried Seaweed Cadmium,heavy_metals,heavy_metals
Seaweed cadmium compounds,heavy_metals,heavy_metals
Glassware with exterior artwork Lead,heavy_metals,heavy_metals
"Stools with Vinyl/PVC Upholstery containing Di(2-ethylhexyl)phthalate, Earphones with Vinyl/PVC Cords containing Di(2-ethylhexyl)phthalate, Vinyl/PVC Pet Ties containing Di(2-ethylhexyl)phthalate, Tool Grips, Vinyl/PVC Hoses, Cases with Vinyl/PVC Shoulder Strap Pads, Hearing Protection with Vinyl/PVC Ear Cushions Di(2-ethylhexyl)phthalate (DEHP)",phthalates_plasticizers,phthalates_plasticizers
"Handbags Di(2-ethylhexyl)phthalate, Di(2-ethylhexyl)phthalate (DEHP)",phthalates_plasticizers,phthalates_plasticizers
"Artfood, Canned Grape Leaves, UPC#4850017007297 lead compounds",heavy_metals,heavy_metals
"Gastone Lago Hazelnut Wafers, all animal cookies and animal crackers (sweet), thin and crispy cookies, and sandwich wafers manufactured by Lago USA, Inc. Acrylamide",heat_generated_contaminants,heat_generated_contaminants
Handbag Di(2-ethylhexyl)phthalate,phthalates_plasticizers,phthalates_plasticizers
Children's bags/apparel Di(2-ethylhexyl)phthalate (DEHP),phthalates_plasticizers,phthalates_plasticizers
Hampton Farms Salted Roasted Peanuts Acrylamide,heat_generated_contaminants,heat_generated_contaminants
"Seaweed Snack , Seaweed Salad Lead",heavy_metals,heavy_metals
Plastic Bathmat with suction cups Di(2-ethylhexyl)phthalate (DEHP),phthalates_plasticizers,phthalates_plasticizers
Shellfish Cadmium,heavy_metals,heavy_metals
3 Pcs Plastic Gift Bags; ASIN: B0832ZF9SW Di(2-ethylhexyl)phthalate (DEHP),phthalates_plasticizers,phthalates_plasticizers
Dodo Premium Fishball Lead,heavy_metals,heavy_metals
Seaweed lead compounds,heavy_metals,heavy_metals
Red Wallet Di(2-ethylhexyl)phthalate (DEHP),phthalates_plasticizers,phthalates_plasticizers
Heavy Bag Hanger Strap Di(2-ethylhexyl)phthalate (DEHP),phthalates_plasticizers,phthalates_plasticizers
Rice Lead,heavy_metals,heavy_metals
SKIN NUTR Collagen Hyaluronic Wrinkle Smoothing Cream Diethanolamine,other_prop65_listed,other_prop65_listed
Backpacks with Vinyl/PVC Components Diisononyl phthalate (DINP),phthalates_plasticizers,phthalates_plasticizers
Vinyl/PVC Candy Boxes Di(2-ethylhexyl)phthalate,phthalates_plasticizers,phthalates_plasticizers
The Orange C Monogram Mug Lead,heavy_metals,heavy_metals
"Treated wood utility poles and other treated wood 2,3,7,8-Tetrachlorodibenzo-p-dioxin (TCDD), Hexachlorodibenzodioxin, Pentachlorophenol, Polychlorinated dibenzo-p-dioxins",other_prop65_listed,solvents_vocs
Dried Seaweed Arsenic (inorganic arsenic compounds),heavy_metals,heavy_metals
"girl's chokers, crossbody phone bags Di(2-ethylhexyl)phthalate (DEHP)",phthalates_plasticizers,phthalates_plasticizers
"Clutches, vinyl Di(2-ethylhexyl)phthalate (DEHP)",phthalates_plasticizers,phthalates_plasticizers
Nunn Care Cleansing Cream Mercury,heavy_metals,heavy_metals
Dried Seaweed Lead,heavy_metals,heavy_metals
"Hand Soap, Hair Gel, Shower Gel, Bathing Milk Diethanolamine",other_prop65_listed,other_prop65_listed
Vinyl key covering Di(2-ethylhexyl)phthalate,phthalates_plasticizers,phthalates_plasticizers
Equate Ultra Strength Pain Relieving Cream Diethanolamine,other_prop65_listed,other_prop65_listed
Roasted Seaweed lead compounds,heavy_metals,heavy_metals
"Kwikset Tylo Knob Antique Brass, Kwikset Tylo Knob Polished Brass Lead",heavy_metals,heavy_metals
Surf Junior Field Hockey Stick for Children Di(2-ethylhexyl)phthalate (DEHP),phthalates_plasticizers,phthalates_plasticizers
Cases with Vinyl Components Di(2-ethylhexyl)phthalate (DEHP),phthalates_plasticizers,phthalates_plasticizers
Ceramic Mugs With Exterior Designs Lead,heavy_metals,heavy_metals
Baby bibs Di(2-ethylhexyl)phthalate,phthalates_plasticizers,phthalates_plasticizers
Tools with vinyl grips Di(2-ethylhexyl)phthalate (DEHP),phthalates_plasticizers,phthalates_plasticizers
Danco Universal Kitchen Spray Hose Di(2-ethylhexyl)phthalate (DEHP),phthalates_plasticizers,phthalates_plasticizers
"Environmental Exposures; Occupational Exposures; and Product Exposures (Swimming Pool/Hot Tubs; Food and Beverage Operations; Automobile Parking Facilities; Fireplaces and Patio Heaters; Valet (shoeshine and dry cleaning delivery); Candles; Matches; Sterno Cooking Fuel; Second-hand Smoke and Smokeless Tobacco Products; Cleaning Supplies/Janitorial; Maintenance/Power Tools; Furniture/Furnishings/Window Treatments; Public and Guest Bathrooms; Medical/First Aid Supplies; Internal Combustion (“IC”) Engines, Boilers and other Gas Burning Devices, and Fireplaces; Electronic Equipment, Electric Equipment and Associated Cables Wires and Batteries; Office Supplies and Office Equipment; Hand Tools, Hardware and Brass Keys; and Fertilizers, Soil Amendments, and Pesticides and Herbicides). Tobacco smoke (primary)",other_prop65_listed,other_prop65_listed
"Tools with Vinyl/PVC Grips, Goggles with Vinyl/PVC Components, Lens Pouches Di(2-ethylhexyl)phthalate (DEHP), Etodolac",phthalates_plasticizers,phthalates_plasticizers
Copper Mugs Lead,heavy_metals,heavy_metals
Hardy Large Utility PVC-Coated Glove (Black Color) Item #68391 UPC#792363683913 Di(2-ethylhexyl)phthalate (DEHP),phthalates_plasticizers,phthalates_plasticizers
Ceramic Mugs With Exterior Designs Lead,heavy_metals,heavy_metals
Gold Serving Bowl Lead,heavy_metals,heavy_metals
Salerm Cosmetics’ Stop Stress Shampoing-Gel Coconut oil diethanolamine condensate (cocamide diethanolamine),other_prop65_listed,other_prop65_listed
boxing gloves Di(2-ethylhexyl)phthalate (DEHP),phthalates_plasticizers,phthalates_plasticizers
Fishing Sinker Lead,heavy_metals,heavy_metals
Leaded crystal glassware Lead,heavy_metals,heavy_metals
"Disney Camp Rock Bag, RN No. 97208, 2Boom Headphones, UPC No. 6 88955 85143 6 Di(2-ethylhexyl)phthalate (DEHP)",phthalates_plasticizers,phthalates_plasticizers
Glassware and Ceramic Products Lead,heavy_metals,heavy_metals
"Fish and Shellfish containing Ahi Tuna, Salmon and Mahi Mahi. mercury compounds",heavy_metals,heavy_metals
Bath Set Tote Bag Di(2-ethylhexyl)phthalate (DEHP),phthalates_plasticizers,phthalates_plasticizers
Little Me Ceramic Piggy Bank Lead,heavy_metals,heavy_metals
Seaweed cadmium compounds,heavy_metals,heavy_metals
Vinyl/PVC Inflatables Di(2-ethylhexyl)phthalate (DEHP),phthalates_plasticizers,phthalates_plasticizers
vinyl bedding storage cases Diisononyl phthalate (DINP),phthalates_plasticizers,phthalates_plasticizers
Ceramic Mugs With Exterior Designs Lead,heavy_metals,heavy_metals
"Scout backpack, Scout bag Di(2-ethylhexyl)phthalate (DEHP)",phthalates_plasticizers,phthalates_plasticizers
CoverOn brand of wallet/phone cases Lead,heavy_metals,heavy_metals
Vinyl/PVC Extension Cords Di(2-ethylhexyl)phthalate (DEHP),phthalates_plasticizers,phthalates_plasticizers
"Glass Candle Containers, Ceramic Products Lead",heavy_metals,heavy_metals
Shoulder bags Lead,heavy_metals,heavy_metals
Baby Lotion Formaldehyde (gas),solvents_vocs,solvents_vocs
Milk Makeup Kit Di(2-ethylhexyl)phthalate (DEHP),phthalates_plasticizers,phthalates_plasticizers
canned tuna fish Mercury,heavy_metals,heavy_metals
Shea Butter Cream Diethanolamine,other_prop65_listed,other_prop65_listed
"Superior SnowForce Extreme Cold Winter Ski Glove, SNOW388V, X000VQR195 Diisononyl phthalate (DINP)",phthalates_plasticizers,phthalates_plasticizers
folding canes Di(2-ethylhexyl)phthalate (DEHP),phthalates_plasticizers,phthalates_plasticizers
Gloves Di(2-ethylhexyl)phthalate (DEHP),phthalates_plasticizers,phthalates_plasticizers
Rice Lead,heavy_metals,heavy_metals
The Lord Mug Lead,heavy_metals,heavy_metals
Clear Lunch Bag with Cold Pack Compartment; ASIN: B07KCLKKMD Diisononyl phthalate (DINP),phthalates_plasticizers,phthalates_plasticizers
Bag Di(2-ethylhexyl)phthalate (DEHP),phthalates_plasticizers,phthalates_plasticizers
Unicorn Cosmetics Case Di(2-ethylhexyl)phthalate (DEHP),phthalates_plasticizers,phthalates_plasticizers
"Walking Sticks with Vinyl/PVC Grips, Walking Sticks with Vinyl/PVC Grips Di(2-ethylhexyl)phthalate (DEHP)",phthalates_plasticizers,phthalates_plasticizers
Dried Seaweed Slices Lead,heavy_metals,heavy_metals
The Blue Peach Clear Crossbody Purse; ID: B076PX8T99 Di(2-ethylhexyl)phthalate (DEHP),phthalates_plasticizers,phthalates_plasticizers
Athletic/Duffel bag Lead,heavy_metals,heavy_metals
Duffelbags.com Heavy Duty Clear Backpack; B008CHWL2S Di(2-ethylhexyl)phthalate (DEHP),phthalates_plasticizers,phthalates_plasticizers
"Wallets Made with Leather, Vinyl, or Imitation Leather Materials Lead",heavy_metals,heavy_metals
Roasted Seaweed cadmium compounds,heavy_metals,heavy_metals
"No Cow Protein Powder Smooth Chocolate Naturally Flavored, No Cow Protein Bar Cookies 'N Cream, No Cow Protein Powder Creamy Vanilla Naturally Flavored, No Cow Protein Bar Chocolate Chip Cookie Dough, No Cow Dipped Protein Bar Chocolate Sprinkled Donut, No Cow Protein Bar Blueberry Cobbler Naturally Flavored, No Cow Protein Bar Chunky Peanut Butter Naturally Flavored, No Cow Protein Bar Peanut Butter Chocolate Chip Naturally Flavored, No Cow Dipped Protein Bar Chocolate Sea Salt Naturally Flavored, No Cow Protein Bar S'Mores Naturally Flavored, No Cow Dipped Protein Bar Chocolate Salted Caramel Naturally Flavored, No Cow Protein Bar Chocolate Fudge Brownie Naturally Flavored, No Cow Dipped Protein Bar Chocolate Peanut Butter Cup Naturally Flavored, No Cow Dipped Protein Bar Birthday Cake Naturally Flavored, No Cow Dipped Protein Bar Sticky Cinnamon Roll Naturally Flavored, No Cow Dipped Protein Bar Key Lime Pie Naturally Flavored Lead",heavy_metals,heavy_metals
Glass beverage containers Lead,heavy_metals,heavy_metals
Seaweed Arsenic (inorganic arsenic compounds),heavy_metals,heavy_metals
Cash Envelopes Wallet Diisononyl phthalate (DINP),phthalates_plasticizers,phthalates_plasticizers
"Tegrin Medicated Soap, Tegrin Extra Conditioning Advanced Formula Dandruff Shampoo mineral oils (untreated",other_prop65_listed,other_prop65_listed
Glassware With Exterior Designs Lead,heavy_metals,heavy_metals
Baby Octopus Whole Cleaned Cadmium,heavy_metals,heavy_metals
Glass and ceramic beverage containers Lead,heavy_metals,heavy_metals
Dried Seaweed Lead,heavy_metals,heavy_metals
ORACAL 651 Multi-Color Vinyl Starter Kit Bundle Diisononyl phthalate (DINP),phthalates_plasticizers,phthalates_plasticizers
Asweets Bag Di(2-ethylhexyl)phthalate (DEHP),phthalates_plasticizers,phthalates_plasticizers
On The Nice List Ceramic Mug Lead,heavy_metals,heavy_metals
Dried Seaweed Slice Lead,heavy_metals,heavy_metals
"Environmental Exposures; Occupational Exposures; and Product Exposures (Swimming Pool/Hot Tubs; Food and Beverage Operations; Automobile Parking Facilities; Hotel Transportation Vehicles; Kitchen; Valet (shoeshine and dry cleaning delivery); Matches; Sterno Cooking Fuel; Second-hand Smoke and Smokeless Tobacco Products; Cleaning Supplies/Janitorial; Maintenance/Power Tools; Furniture/Furnishings/Window Treatments; Public and Guest Bathrooms; Medical/First Aid Supplies; Internal Combustion (“IC”) Engines, Boilers and other Gas Burning Devices, and Fireplaces; Electronic Equipment, Electric Equipment and Associated Cables Wires and Batteries; Office Supplies and Office Equipment; Hand Tools, Hardware and Brass Keys; and Fertilizers, Soil Amendments, and Pesticides and Herbicides). Tobacco smoke (primary)",other_prop65_listed,other_prop65_listed
Peanuts Pie Plate Lead,heavy_metals,heavy_metals
Discharge to drinking water 4-(N-Nitrosomethylamino)-1-(3-pyridyl)1-butanone,heat_generated_contaminants,other_prop65_listed
Vinyl/PVC Water Bottle Sleeves Diisononyl phthalate (DINP),phthalates_plasticizers,phthalates_plasticizers
Vinyl Waterproof Outdoor Bags and Accessories Diisononyl phthalate (DINP),phthalates_plasticizers,phthalates_plasticizers
Green Thumb Reinforced 3-Ply Vinyl Garden Hose 5/8” x 50’ Di(2-ethylhexyl)phthalate (DEHP),phthalates_plasticizers,phthalates_plasticizers
Cinnapuff Crispy Sweetened Whole Wheat & Rice Cereal Lead,heavy_metals,heavy_metals
Dried Seaweed lead compounds,heavy_metals,heavy_metals
"Upholstered furniture including children's chairs Tris(1,3-dichloro-2-propyl) phosphate (TDCPP)",other_prop65_listed,other_prop65_listed
Sprayers with Metal Nozzles Lead,heavy_metals,heavy_metals
Vinyl furniture including stools Di(2-ethylhexyl)phthalate (DEHP),phthalates_plasticizers,phthalates_plasticizers
Louisiana Fish Fry Products Seasoned Fish Fry Lead,heavy_metals,heavy_metals
"Hello Gorgeous Mug/Brush Holder, UPC# 1 94914 55951 5 Lead",heavy_metals,heavy_metals
Fish Salt & Pepper Shakers Lead,heavy_metals,heavy_metals
Vinyl Bags Di(2-ethylhexyl)phthalate (DEHP),phthalates_plasticizers,phthalates_plasticizers
Beal Professional Rescuer Canyoneer Guide Pack Diisononyl phthalate (DINP),phthalates_plasticizers,phthalates_plasticizers
"Exposure to the plastic packaging of rawhide donuts, Exposure to the plastic packaging of decorative river rocks Di(2-ethylhexyl)phthalate (DEHP)",phthalates_plasticizers,phthalates_plasticizers
French-Fried Potatoes Sold Under Private Label Brands Acrylamide,heat_generated_contaminants,heat_generated_contaminants
Fishing Sinker Lead,heavy_metals,heavy_metals
"Halloween Costumes containing one or more of the chemicals listed herein., Halloween Costume Accessories, specifically wigs, masks, gloves, footwear, belts, bags, hats, costume props, hosiery, weapons and jewelry intended to accessorize a costume (but excluding makeup) containing one or more of the chemicals listed herein. cadmium compounds, Di(2-ethylhexyl)phthalate (DEHP)",phthalates_plasticizers,solvents_vocs
Glass and ceramicware with exterior artwork Lead,heavy_metals,heavy_metals
"Cannone, Sundried Tomatoes in Sunflower Oil, UPC#8003828001848 lead compounds",heavy_metals,heavy_metals
Ceramic Mugs with Exterior Designs Lead,heavy_metals,heavy_metals
Candy Lead,heavy_metals,heavy_metals
Bayliss & Harding luxury wash bags Di(2-ethylhexyl)phthalate (DEHP),phthalates_plasticizers,phthalates_plasticizers
Nectar Clothing Receipt Bisphenol S (BPS),bisphenols,bisphenols
"Sweet Potato Threads for Hot Pot, Shredded Cabbage Bun, Fried Fish Ball, Vegiehouse Bamboo Shoots Lead",heavy_metals,heavy_metals
Mag-Mate cup magnet tool holder Diisononyl phthalate (DINP),phthalates_plasticizers,phthalates_plasticizers
"EC Sports Greens N' Reds Blend Superfoods Mental Boost - Probiotics - Adaptogens Pineapple Punch, EC Sports Greens N' Reds Blend Superfoods Mental Boost - Probiotics - Adaptogens Peach Berry, EC Sports Whey+ with Digestive Enzymes Protein Powder + Collagen Peptides Double Chocolate, EC Sports Xtreme Force X Extreme Pre-Workout Juicy Peach, EC Sports Xtreme Force X Extreme Pre-Workout Rocket Pop, EC Sports Non-Stim Pump Pre-Workout Juicy Peach Lead",heavy_metals,heavy_metals
Vinyl Rolling Mats Di(2-ethylhexyl)phthalate (DEHP),phthalates_plasticizers,phthalates_plasticizers
Baby Love Bath Book Di(2-ethylhexyl)phthalate,phthalates_plasticizers,phthalates_plasticizers
Glassware with artwork or designs on the exterior Lead,heavy_metals,heavy_metals
Izola First Aid Bag Diisononyl phthalate (DINP),phthalates_plasticizers,phthalates_plasticizers
Dried Seaweed cadmium compounds,heavy_metals,heavy_metals
Children's clothing Di(2-ethylhexyl)phthalate (DEHP),phthalates_plasticizers,phthalates_plasticizers
Raley's Tortilla Chips Acrylamide,heat_generated_contaminants,heat_generated_contaminants
Lunch Bag Tags Di(2-ethylhexyl)phthalate (DEHP),phthalates_plasticizers,phthalates_plasticizers
Santa Cruz Organic Crunchy Light Roasted Peanut Butter Acrylamide,heat_generated_contaminants,heat_generated_contaminants
"LTH Grass-Fed Whey Protein Naturally Flavored Chocolate with Other Natural Flavors Whey, LTH Grass-Fed Whey+ All-In-One Naturally Flavored Chocolate with Other Natural Flavors Build Lead",heavy_metals,heavy_metals
Tools with vinyl grips Di(2-ethylhexyl)phthalate (DEHP),phthalates_plasticizers,phthalates_plasticizers
Vinyl Plant Ties Di(2-ethylhexyl)phthalate (DEHP),phthalates_plasticizers,phthalates_plasticizers
BEAUTY TREATS Beauty Balm Cream Diethanolamine,other_prop65_listed,other_prop65_listed
"Minnow America, Sardines Small Fish in Olive Oil, UPC#797776053261, Minnow America, Mussels in Escabeche, UPC#754590809962 Lead",heavy_metals,heavy_metals
Vinyl Eyewear Cases Di(2-ethylhexyl)phthalate (DEHP),phthalates_plasticizers,phthalates_plasticizers
Protective Industrial Products gloves Chromium (hexavalent compounds),heavy_metals,heavy_metals
Mugs With Exterior Designs Lead,heavy_metals,heavy_metals
Tuna fish Methylmercury compounds,heavy_metals,heavy_metals
Glassware and Ceramic Products Lead,heavy_metals,heavy_metals
Clover Valley Mexican Rice Tuna Bowl Lead,heavy_metals,heavy_metals
Caboo Bamboo Baby Wipes Perfluorooctane Sulfonate (PFOS),pfas,pfas
Vinyl/PVC bags Di(2-ethylhexyl)phthalate (DEHP),phthalates_plasticizers,phthalates_plasticizers
Leaded glassware Lead,heavy_metals,heavy_metals
Children's purses Lead,heavy_metals,heavy_metals
Pinewood Derby Car Kits Lead,heavy_metals,heavy_metals
Gloves with Vinyl/PVC Components Di(2-ethylhexyl)phthalate (DEHP),phthalates_plasticizers,phthalates_plasticizers
"Tape Measures with Vinyl/PVC Grips, Tools with Vinyl/PVC Grips, Tool Bags with Vinyl/PVC Handles, Vinyl/PVC Tape Di(2-ethylhexyl)phthalate (DEHP)",phthalates_plasticizers,phthalates_plasticizers
Bridgford Ready to Eat Wraps Mexican Style Beef Filling Cadmium,heavy_metals,heavy_metals
Vinyl shower curtain Di(2-ethylhexyl)phthalate (DEHP),phthalates_plasticizers,phthalates_plasticizers
Circuit Testers with Vinyl/PVC Cords and Clamp Handle Grips Di(2-ethylhexyl)phthalate (DEHP),phthalates_plasticizers,phthalates_plasticizers
Dried Seaweed Lead,heavy_metals,heavy_metals
water spray nozzles Di(2-ethylhexyl)phthalate (DEHP),phthalates_plasticizers,phthalates_plasticizers
Mexican Style Candy lead compounds,heavy_metals,heavy_metals
Endangered Species Chocolate Bold and Silky Dark Chocolate 72%; UPC: 9857500115 Lead,heavy_metals,heavy_metals
Metal Fishing Egg Sinkers Lead,heavy_metals,heavy_metals
"Talc-containing baby and body powder products, CVS Health Protective Powder Fresh Scent lead compounds, Silica, crystalline (airborne particles of respirable size)",heavy_metals,heavy_metals
San Merican Tomatoes Puree Tomatoes Lead,heavy_metals,heavy_metals
"Fish and shellfish in the form of meals containing swordfish, salmon and lobster. mercury compounds",heavy_metals,heavy_metals
handbags Diisononyl phthalate (DINP),phthalates_plasticizers,phthalates_plasticizers
Oh! Nuts Dry Roasted Unsalted AlmondsAma Acrylamide,heat_generated_contaminants,heat_generated_contaminants
Seaweed Chips Cadmium,heavy_metals,heavy_metals
"Wallets, Keychains, Luggage tag, Zipper pulls, Eyeglass cases, Mobile phone cases Di(2-ethylhexyl)phthalate (DEHP)",phthalates_plasticizers,phthalates_plasticizers
"Upholstered furniture including chairs Tris(1,3-dichloro-2-propyl) phosphate (TDCPP)",other_prop65_listed,other_prop65_listed
Vinyl/PVC Racquet Cases Di(2-ethylhexyl)phthalate (DEHP),phthalates_plasticizers,phthalates_plasticizers
Clinique Advanced Stop Signs Cream Acrylamide,heat_generated_contaminants,heat_generated_contaminants
Kotobuki Green Hobnail Tea Cup Lead,heavy_metals,heavy_metals
Sport Design Bowling Set Di(2-ethylhexyl)phthalate,phthalates_plasticizers,phthalates_plasticizers
Bottle Openers with Vinyl/PVC Grips Di(2-ethylhexyl)phthalate (DEHP),phthalates_plasticizers,phthalates_plasticizers
Seaweed Lead,heavy_metals,heavy_metals
Seaweed Salad lead compounds,heavy_metals,heavy_metals
The Insulated Pizza Delivery Bag Diisononyl phthalate (DINP),phthalates_plasticizers,phthalates_plasticizers
Farm Fresh Nuts Dry Roasted Salted Almonds Acrylamide,heat_generated_contaminants,heat_generated_contaminants
Plastic Makeup Bag Set Di(2-ethylhexyl)phthalate (DEHP),phthalates_plasticizers,phthalates_plasticizers
As do Mar Solid Light Yellowfin Tuna in Olive Oil Lead,heavy_metals,heavy_metals
Organics Chocolate Animal Cookies Acrylamide,heat_generated_contaminants,heat_generated_contaminants
Blue Vinyl Sleeve (MALVB-6HS) Di(2-ethylhexyl)phthalate (DEHP),phthalates_plasticizers,phthalates_plasticizers
"No Cow Protein Powder Smooth Chocolate Naturally Flavored, No Cow Protein Bar Cookies 'N Cream, No Cow Protein Powder Creamy Vanilla Naturally Flavored, No Cow Protein Bar Chocolate Chip Cookie Dough, No Cow Dipped Protein Bar Chocolate Sprinkled Donut, No Cow Protein Bar Blueberry Cobbler Naturally Flavored, No Cow Protein Bar Chunky Peanut Butter Naturally Flavored, No Cow Protein Bar Peanut Butter Chocolate Chip Naturally Flavored, No Cow Dipped Protein Bar Chocolate Sea Salt Naturally Flavored, No Cow Protein Bar S'Mores Naturally Flavored, No Cow Dipped Protein Bar Chocolate Salted Caramel Naturally Flavored, No Cow Protein Bar Chocolate Fudge Brownie Naturally Flavored, No Cow Dipped Protein Bar Chocolate Peanut Butter Cup Naturally Flavored, No Cow Dipped Protein Bar Birthday Cake Naturally Flavored, No Cow Dipped Protein Bar Sticky Cinnamon Roll Naturally Flavored, No Cow Dipped Protein Bar Key Lime Pie Naturally Flavored Mercury",heavy_metals,heavy_metals
"Compact disk accessories , Sunglasses accessories , Cooking utensils, Shelf liners , Book lights , Safety accessories , Suction cup hooks, Automobile care accessories Di(2-ethylhexyl)phthalate (DEHP)",phthalates_plasticizers,phthalates_plasticizers
Duffel Bag Di(2-ethylhexyl)phthalate (DEHP),phthalates_plasticizers,phthalates_plasticizers
"""Pfaltzgraff” American Flag themed coffee mug, including 18oz. 5153437, 0-25398-13505-9, 810465843 Lead",heavy_metals,heavy_metals
Dried Seaweed Lead,heavy_metals,heavy_metals
"Aloha Organic Protein Bar Coconut Chocolate Almond Plant-Based Protein, Aloha Organic Protein Bar Chocolate Fudge Brownie Plant-Based Protein, Aloha Organic Protein Bar Chocolate Mint Plant-Based Protein, Aloha Organic Protein Bar Vanilla Almond Crunch Plant-Based Protein, Aloha Organic Protein Bar Peanut Butter Chocolate Chip Plant-Based Protein, Aloha Organic Protein Bar Chocolate Caramel Pecan Plant-Based Protein, Aloha Limited Edition Organic Protein Bar Maple Sea Salt Plant-Based Protein, Aloha Organic Protein Bar Chocolate Espresso Plant-Based Protein, Aloha Organic Protein Bar Lemon Cashew Plant-Based Protein, Aloha Limited Edition Organic Protein Bar Peppermint White Chocolate Plant-Based Protein, Aloha Organic Protein Bar Peanut Butter Cup Plant-Based Protein, Aloha Limited Edition Organic Protein Bar Oatmeal Chocolate Chip Plant-Based Protein, Aloha Organic Protein Bar Almond Butter Cup Plant-Based Protein, Aloha Organic Protein Bar Chocolate Chip Cookie Dough Plant-Based Protein mercury compounds",heavy_metals,heavy_metals
Children's Sport Toys Di(2-ethylhexyl)phthalate,phthalates_plasticizers,phthalates_plasticizers
US Polo Association Clear Purse SKU_400265053443001499 UPC_0786660876871 Di(2-ethylhexyl)phthalate (DEHP),phthalates_plasticizers,phthalates_plasticizers
"Upholstered furniture including children's chairs Tris(1,3-dichloro-2-propyl) phosphate (TDCPP)",other_prop65_listed,other_prop65_listed
Exposure to the plastic packaging of Morgan Home Ivory Lane Bedding Di(2-ethylhexyl)phthalate,phthalates_plasticizers,phthalates_plasticizers
Rice Pilaf Mix Wild Mushroom & Herb Lead,heavy_metals,heavy_metals
Mugs With Exterior Designs Lead,heavy_metals,heavy_metals
"Fried Bombay Duck Fish, Fried Dragon Head Fish Lead",heavy_metals,heavy_metals
Glassware Lead,heavy_metals,heavy_metals
Vinyl/PVC Cutting Mats Di(2-ethylhexyl)phthalate (DEHP),phthalates_plasticizers,phthalates_plasticizers
"Chocolate Covered Espresso Bean Blend Jar Made with All Natural Ingredients 3 LB Bulk Jar Features White and Milk, Dark Chocolate by Dilettante Chocolate, Product Code 037041050992 Lead",heavy_metals,heavy_metals
Weems & Plath protractor bag Di(2-ethylhexyl)phthalate (DEHP),phthalates_plasticizers,phthalates_plasticizers
Seaweed Salad Mix lead compounds,heavy_metals,heavy_metals
Fishing kits w/lead sinkers Lead,heavy_metals,heavy_metals
"Glass Dressing Shaker Bottles with Exterior Designs, Nylon Cooking Utensils Lead",heavy_metals,heavy_metals
"Tools with Vinyl/PVC Grips, Stethoscopes with Vinyl/PVC Tubing Di(2-ethylhexyl)phthalate (DEHP)",phthalates_plasticizers,phthalates_plasticizers
"Wallet, Sandals Di(2-ethylhexyl)phthalate (DEHP)",phthalates_plasticizers,phthalates_plasticizers
CVS Health Arthritis Pain Relief Cream Diethanolamine,other_prop65_listed,other_prop65_listed
"Halloween Costumes containing one or more of the chemicals listed herein., Halloween Costume Accessories, specifically wigs, masks, gloves, footwear, belts, bags, hats, costume props, hosiery, weapons and jewelry intended to accessorize a costume (but excluding makeup) containing one or more of the chemicals listed herein., Halloween Indoor and Outdoor Home/Party Décor and Games, specifically Halloween candy bowls, lawn, wall, door and table ornaments and lights, decorative spiders/webs, lighting, ghosts, witches, goblins, skeletons, bats, cats and tombstones containing one or more of the chemicals listed herein. Di-n-butyl phthalate (DBP)",phthalates_plasticizers,solvents_vocs
Roasted Seaweed Arsenic (inorganic arsenic compounds),heavy_metals,heavy_metals
Clear Vinyl Saddle Covers Di(2-ethylhexyl)phthalate (DEHP),phthalates_plasticizers,phthalates_plasticizers
Vinyl Tote Bag Handles Di(2-ethylhexyl)phthalate (DEHP),phthalates_plasticizers,phthalates_plasticizers
"See Your Stuff Storage Bag, UPC No. 7 66516 14001 1 Di(2-ethylhexyl)phthalate (DEHP)",phthalates_plasticizers,phthalates_plasticizers
fabric shower liners Perfluorooctanoic Acid (PFOA),pfas,pfas
Pillowfort Star Canister Lead,heavy_metals,heavy_metals
Lead in licorice lead compounds,heavy_metals,heavy_metals
Chairs with vinyl/pvc seats Di(2-ethylhexyl)phthalate (DEHP),phthalates_plasticizers,phthalates_plasticizers
SunButter On The Go Chocolate Sunflower Seed Butter (SKU # 73753919646) Cadmium,heavy_metals,heavy_metals
Wood Treatment Chromium (hexavalent compounds),heavy_metals,heavy_metals
"Fire starter bricks, firelogs and firewood Formaldehyde (gas), Furan, Indeno [1,2,3-cd]pyrene, Soots, tars",solvents_vocs,solvents_vocs
Vinyl flooring Di(2-ethylhexyl)phthalate,phthalates_plasticizers,phthalates_plasticizers
"Be Curly Style Prep, Botanical Repair Strengthening Conditioner, Botanical Repair Strengthening Leave-In Treatment, Cherry Almond Body Lotion, Full Spectrum Vibrants Semi-Permanent Treatment Hair Color (Azalea, Charcoal, Clear, Cobalt, Daffodil, Emerald, Lagoon, Poppy, Raspberry & Tangerine), Hand Relief Moisturizing Crème, Invati Advanced Exfoliating Shampoo, Thickening Tonic Methyleugenol",other_prop65_listed,other_prop65_listed
Magic Coffee Heat Sensitive Mug Lead,heavy_metals,heavy_metals
Waterproof bags; JV0014; B01KZKJ686 Di(2-ethylhexyl)phthalate (DEHP),phthalates_plasticizers,phthalates_plasticizers
Justice Bare-ly 6 Nail Polish Set (Component test was the clear face of the reusable bag) Di(2-ethylhexyl)phthalate (DEHP),phthalates_plasticizers,phthalates_plasticizers
"True Blood mugs, single/taken mugs Lead",heavy_metals,heavy_metals
Mama Cup Shrimp Creamy Tom Yum Noodles Lead,heavy_metals,heavy_metals
Kolor Me Koby Mug Lead,heavy_metals,heavy_metals
Headphones with Vinyl/PVC Components Di(2-ethylhexyl)phthalate (DEHP),phthalates_plasticizers,phthalates_plasticizers
Seasoned Seaweed Lead,heavy_metals,heavy_metals
Vinyl/PVC Golf Bag Rain Hoods Di(2-ethylhexyl)phthalate (DEHP),phthalates_plasticizers,phthalates_plasticizers
ABG Spill Bully Kit Bag Di(2-ethylhexyl)phthalate (DEHP),phthalates_plasticizers,phthalates_plasticizers
Cody James leather rancher glove Chromium (hexavalent compounds),heavy_metals,heavy_metals
Root Valley Root Smarts Organic Sweet Potato Root Vegetable Chips Acrylamide,heat_generated_contaminants,heat_generated_contaminants
Mugs With Exterior Designs Lead,heavy_metals,heavy_metals
Glassware and Ceramic Products Cadmium,heavy_metals,heavy_metals
Glassware With Exterior Designs Lead,heavy_metals,heavy_metals
Dried Seaweed Arsenic (inorganic oxides),heavy_metals,heavy_metals
Vinyl/PVC Gloves Diisononyl phthalate (DINP),phthalates_plasticizers,phthalates_plasticizers
"Brass door, cabinet and wall hardware Lead",heavy_metals,heavy_metals
Turtle Chips Sweet Corn Flavor Acrylamide,heat_generated_contaminants,heat_generated_contaminants
"Salted Fish , Fish Crackers Cadmium",heavy_metals,heavy_metals
"Red Steer Waterproff PVC Gloves, UPC No. 0 46065 01843 7 Diisononyl phthalate (DINP)",phthalates_plasticizers,phthalates_plasticizers
"Pyranha Revitalizing Pet Shampoo; UPC: 791738114557, Pet Effects Provence Shampoo; UPC: 721343250555, Auromere deep conditioning shampoo; UPC: 027275700022, Hair Lover's Shampoo with Jojoba; UPC: 076791001021, Super cleaning & conditioning shampoo; UPC: 721343854111, Botanical shampoo; UPC: 341795, Olivella Hair Olive Shampoo; UPC: 764412204073 Coconut oil diethanolamine condensate (cocamide diethanolamine)",other_prop65_listed,other_prop65_listed
vinyl-coated utility and storage hooks Di(2-ethylhexyl)phthalate (DEHP),phthalates_plasticizers,phthalates_plasticizers
Glassware Products Lead,heavy_metals,heavy_metals
Vinyl/PVC Pouches Di(2-ethylhexyl)phthalate (DEHP),phthalates_plasticizers,phthalates_plasticizers
Plastic children's clothing Lead,heavy_metals,heavy_metals
Lab 35 Sulfate Free Shampoo Diethanolamine,other_prop65_listed,other_prop65_listed
Superbibs Perfluorooctanoic Acid (PFOA),pfas,pfas
Dried Seaweed lead compounds,heavy_metals,heavy_metals
"G.O.A.T. Fuel Sports Energy Black Cherry Ginger Ale Flavored Sports Energy Drink , G.O.A.T. Fuel Sports Energy Pineapple Cream Soda Flavored Sports Energy Drink , G.O.A.T. Fuel Sports Energy Candy Flavored Sports Energy Drink , G.O.A.T. Fuel Sports Energy Blueberry Lemonade Flavored Sports Energy Drink , G.O.A.T. Fuel Sports Energy Tropical Berry Flavored Sports Energy Drink , G.O.A.T. Fuel Sports Energy Peach Pineapple Flavored Sports Energy Drink Lead",heavy_metals,heavy_metals
"Dave's Killer Bread - Thin-sliced 21 Whole Grains and Seeds, Dave's Killer Bread - White Bread Done Right Acrylamide",heat_generated_contaminants,heat_generated_contaminants
Vinyl Plant Ties Di(2-ethylhexyl)phthalate (DEHP),phthalates_plasticizers,phthalates_plasticizers
Tuna Cadmium,heavy_metals,heavy_metals
Ceramic Products Lead,heavy_metals,heavy_metals
Makeup Foundation and Concealer Perfluorooctanoic Acid (PFOA),pfas,pfas
"heart bags, backpacks Di(2-ethylhexyl)phthalate (DEHP)",phthalates_plasticizers,phthalates_plasticizers
"Kitchen Plaster Walls, Ceramic Tiles in Bathroom Showers lead compounds",heavy_metals,heavy_metals
Ceramic Planters With Exterior Designs Lead,heavy_metals,heavy_metals
Sink Caddy with Plastic Suction Cups Di(2-ethylhexyl)phthalate (DEHP),phthalates_plasticizers,phthalates_plasticizers
"Checkbook Covers, Vinyl Pouches Di-isodecyl phthalate (DIDP)",phthalates_plasticizers,phthalates_plasticizers
Silver Fever Leather Coin Purse with Kisslock Closure Di(2-ethylhexyl)phthalate (DEHP),phthalates_plasticizers,phthalates_plasticizers
Glow Getter Body Care Gift Set Bag Di(2-ethylhexyl)phthalate (DEHP),phthalates_plasticizers,phthalates_plasticizers
Upholstered furniture including chairs Tris(2-chloroethyl) phosphate,other_prop65_listed,other_prop65_listed
"Aramco Imports Inc., Hamdan Bread Sticks Baton de lye Laugenstange Lye stick, UPC#253802260354 Acrylamide",heat_generated_contaminants,heat_generated_contaminants
Vegetable Rice Paper Lead,heavy_metals,heavy_metals
Vinyl utility mat Lead,heavy_metals,heavy_metals
"50PCS Fishing Soft Sheet Lead Roll Fishing Sinkers, UPC#X003PVIETB Lead",heavy_metals,heavy_metals
Vinyl rainwear Lead,heavy_metals,heavy_metals
GoodSam Dark Chocolate Mint Mercury,heavy_metals,heavy_metals
Glass Food Storage Containers With Exterior Designs Lead,heavy_metals,heavy_metals
"Infant travel beds with padding Tris(1,3-dichloro-2-propyl) phosphate (TDCPP)",other_prop65_listed,other_prop65_listed
• CVS Health Spray After-sun Ale Ver Soothing Spray UPC 050428390832 • CVS Health Gel After-sun Aloe Vera Moisturizing Gel UPC 05428324837 Benzene,solvents_vocs,solvents_vocs
Rainbow Soap Pump and Sponge Set Lead,heavy_metals,heavy_metals
Cosmetic Brush Organizers With Brass Components Lead,heavy_metals,heavy_metals
Clear Plastic Handbags Di(2-ethylhexyl)phthalate (DEHP),phthalates_plasticizers,phthalates_plasticizers
cosmetic kits lead compounds,heavy_metals,heavy_metals
SLMD Skincare Glycolic Acid Body Lotion Diethanolamine,other_prop65_listed,other_prop65_listed
Vinyl/PVC Golf Ball Retriever Grips Di(2-ethylhexyl)phthalate (DEHP),phthalates_plasticizers,phthalates_plasticizers
Dried Seaweed Lead,heavy_metals,heavy_metals
Seasoned Seaweed Lead,heavy_metals,heavy_metals
Pop Potato Chips Barbeque Acrylamide,heat_generated_contaminants,heat_generated_contaminants
La Bourse Best Anti Hair Loss Shampoo Hair Regrowth Treatment Repair Dotox Detoxification Revival Strengthening with Garlic Herbal Extract; ASIN: B07QP1NJ2C Coconut oil diethanolamine condensate (cocamide diethanolamine),other_prop65_listed,other_prop65_listed
Glassware Products Lead,heavy_metals,heavy_metals
Tuna Lead,heavy_metals,heavy_metals
Vinyl/PVC Gloves Diisononyl phthalate (DINP),phthalates_plasticizers,phthalates_plasticizers
"Upholstered Office/Stacking Chairs with Foam Padding containing Tris(1,3-dichloro-2-propyl) phosphate, Upholstered Office/ Stacking Chairs with Foam Padding containing Tris(2-chloroethyl) phosphate, Upholstered Chairs with Foam Padding containing Tris(1,3-dichloro-2-propyl) phosphate, Chairs with Vinyl/PVC Upholstery containing Di(2-ethylhexyl)phthalate Tris(1,3-dichloro-2-propyl) phosphate (TDCPP)",other_prop65_listed,other_prop65_listed
Lil' Dutch Maid Almond Windmill Cookies Acrylamide,heat_generated_contaminants,heat_generated_contaminants
"Bibamm, Dried Shiitake Mushroom, UPC#X003PPNLB lead compounds",heavy_metals,heavy_metals
Vinyl Fabric Di(2-ethylhexyl)phthalate (DEHP),phthalates_plasticizers,phthalates_plasticizers
"Pouches with Vinyl/PVC Components Di(2-ethylhexyl)phthalate, Di(2-ethylhexyl)phthalate (DEHP)",phthalates_plasticizers,phthalates_plasticizers
Forks over Knives Tuscan Garden Penne Cadmium,heavy_metals,heavy_metals
VMV Hypoallergenics Hydra Balance Gentle Cream Cleanser for Combination Skin Diethanolamine,other_prop65_listed,other_prop65_listed
Tough Guy storage bag Di(2-ethylhexyl)phthalate (DEHP),phthalates_plasticizers,phthalates_plasticizers
Roasted Seaweed Snack lead compounds,heavy_metals,heavy_metals
Tackle bag lead compounds,heavy_metals,heavy_metals
Shellfish Cadmium,heavy_metals,heavy_metals
Glassware Products Lead,heavy_metals,heavy_metals
Walgreens Cool 'n Heat Cream+ Lidocaine Diethanolamine,other_prop65_listed,other_prop65_listed
Glassware Lead,heavy_metals,heavy_metals
"Vinyl Pouches Di(2-ethylhexyl)phthalate, Di(2-ethylhexyl)phthalate (DEHP)",phthalates_plasticizers,phthalates_plasticizers
Ceramic Pump Dispensers With Exterior Designs Lead,heavy_metals,heavy_metals
Sports Gloves Made with Leather Chromium (hexavalent compounds),heavy_metals,heavy_metals
cappuccino cups Lead,heavy_metals,heavy_metals
Bloom Sprayer Lead,heavy_metals,heavy_metals
Ceramicware with exterior artwork Lead,heavy_metals,heavy_metals
Children's jewelry items Di(2-ethylhexyl)phthalate,phthalates_plasticizers,phthalates_plasticizers
ZonePerfect Nutrition Bar Double Dark Chocolate Lead,heavy_metals,heavy_metals
"Upholstered furniture including ottomans Tris(1,3-dichloro-2-propyl) phosphate (TDCPP)",other_prop65_listed,other_prop65_listed
"Wallets, handbags, purses and clutches lead compounds",heavy_metals,heavy_metals
Car Mounts with Polymer Suction Cups Di(2-ethylhexyl)phthalate (DEHP),phthalates_plasticizers,phthalates_plasticizers
Sophia’s Doll Science Set for children Di(2-ethylhexyl)phthalate (DEHP),phthalates_plasticizers,phthalates_plasticizers
Black Handbag Di(2-ethylhexyl)phthalate (DEHP),phthalates_plasticizers,phthalates_plasticizers
Sondra Roberts Tote Bag Di(2-ethylhexyl)phthalate (DEHP),phthalates_plasticizers,phthalates_plasticizers
Wood Treatment Arsenic (inorganic arsenic compounds),heavy_metals,heavy_metals
"Wallets, Handbags, purses, clutches and totes Lead",heavy_metals,heavy_metals
Crispy Seaweed with Almond Cadmium,heavy_metals,heavy_metals
Fishing Weights Containing Lead Lead,heavy_metals,heavy_metals
"Save My Gut Tri-Maca Supreme Elevate Vitality, Energy, & Balance, Save My Gut GutRenew Detox, Save My Gut Grass-Fed Collagen Creamer Rebuild Replenish Revitalize Vanilla Perfluorooctanoic Acid (PFOA)",pfas,heavy_metals
Seaweed Cadmium,heavy_metals,heavy_metals
Taco Tuesday Collection Bowl Lead,heavy_metals,heavy_metals
Handbags Di(2-ethylhexyl)phthalate (DEHP),phthalates_plasticizers,phthalates_plasticizers
American Scallops Cadmium,heavy_metals,heavy_metals
Swiss Miss Milk Chocolate Flavor No Sugar Added Lead,heavy_metals,heavy_metals
Crispy Seaweed Lead,heavy_metals,heavy_metals
Vinyl/PVC Spring Clamp Grips Di(2-ethylhexyl)phthalate (DEHP),phthalates_plasticizers,phthalates_plasticizers
Ceramic Mugs With Exterior Designs Lead,heavy_metals,heavy_metals
Hot Cocoa Mix Lead,heavy_metals,heavy_metals
Dried Seaweed Lead,heavy_metals,heavy_metals
Fishing Sinker Lead,heavy_metals,heavy_metals
ChocZero 70% Dark Chocolate Squares Lead,heavy_metals,heavy_metals
"PlantFusion Vegan Complete Protein Powder Rich Chocolate, PlantFusion Vegan Complete Protein Powder Cookies and Cream, PlantFusion Vegan Complete Meal Replacement Shake Chocolate Caramel, PlantFusion Organic Mushrooms + Protein Powder Rich Chocolate Cadmium",heavy_metals,heavy_metals
Del Monte Family Pack fruit cup snacks Lead,heavy_metals,heavy_metals
Bibigo Sweet Corn Seaweed Chips Lead,heavy_metals,heavy_metals
Pet Central beg bag Di(2-ethylhexyl)phthalate (DEHP),phthalates_plasticizers,phthalates_plasticizers
Red Vines Black Licorice Sugar Free Vines Lead,heavy_metals,heavy_metals
UPC740985882122; Item #8212 Cook’s Kitchen Can Opener Di(2-ethylhexyl)phthalate (DEHP),phthalates_plasticizers,phthalates_plasticizers
"Make-Up Bag - Leopard Pattern, CC0012-#6 Di(2-ethylhexyl)phthalate (DEHP)",phthalates_plasticizers,phthalates_plasticizers
Market Pantry White Enriched Round Top Bread Acrylamide,heat_generated_contaminants,heat_generated_contaminants
nasal sprays Mercury,heavy_metals,heavy_metals
Evergreen travel mugs Lead,heavy_metals,heavy_metals
Seaweed Cadmium,heavy_metals,heavy_metals
Gloves with Vinyl/PVC Palms Di(2-ethylhexyl)phthalate (DEHP),phthalates_plasticizers,phthalates_plasticizers
Handbags Di(2-ethylhexyl)phthalate (DEHP),phthalates_plasticizers,phthalates_plasticizers
"Lifting Hooks with Vinyl Grips Di(2-ethylhexyl)phthalate, Di(2-ethylhexyl)phthalate (DEHP)",phthalates_plasticizers,phthalates_plasticizers
firewood mildly treated oils,other_prop65_listed,other_prop65_listed
Keychains with Vinyl Components Di(2-ethylhexyl)phthalate (DEHP),phthalates_plasticizers,phthalates_plasticizers
Waterproof Fanny Pack and Dry Bag Di(2-ethylhexyl)phthalate (DEHP),phthalates_plasticizers,phthalates_plasticizers
Cosmetic Bag with Plastic Components Di(2-ethylhexyl)phthalate (DEHP),phthalates_plasticizers,phthalates_plasticizers
Candy lead compounds,heavy_metals,heavy_metals
Impacto Gloves Chromium (hexavalent compounds),heavy_metals,heavy_metals
Keychain Cactus Bag Di(2-ethylhexyl)phthalate (DEHP),phthalates_plasticizers,phthalates_plasticizers
Rice Arsenic (inorganic oxides),heavy_metals,heavy_metals
Baba Foods Pita Chips Acrylamide,heat_generated_contaminants,heat_generated_contaminants
Tools with vinyl grips Di(2-ethylhexyl)phthalate (DEHP),phthalates_plasticizers,phthalates_plasticizers
Ceramic Bowls With Exterior Designs Lead,heavy_metals,heavy_metals
Casematic Cosmetic Organizer bags Di(2-ethylhexyl)phthalate (DEHP),phthalates_plasticizers,phthalates_plasticizers
Ceramic Mugs With Exterior Designs Lead,heavy_metals,heavy_metals
"Child Seats, Chair Covers Diisononyl phthalate (DINP)",phthalates_plasticizers,phthalates_plasticizers
Tools with vinyl grips Di(2-ethylhexyl)phthalate (DEHP),phthalates_plasticizers,phthalates_plasticizers
"Wooden Utility Poles 2,3,7,8-Tetrachlorodibenzo-p-dioxin (TCDD), Hexachlorobenzene, Hexachlorodibenzodioxin, Pentachlorophenol, Polychlorinated dibenzo-p-dioxins",solvents_vocs,solvents_vocs
"Firewood, firestarters, firebricks and firelogs mineral oils (untreated",other_prop65_listed,other_prop65_listed
"Environmental Exposures; Occupational Exposures; and Product Exposures (Alcoholic Beverages (bars, mini bars); Swimming Pool/Hot Tubs; Food and Beverage Operations; Automobile Parking Facilities; Beach Fronts and sand areas (silica); Fuel Dispensing; Equipment Maintenance; Hotel Transportation Vehicles; Dry-cleaning Facilities; Valet (shoeshine and dry cleaning delivery); Candles; Matches; Equestrian Facilities; Arts & Crafts Supplies and Classes; Sterno Cooking Fuel; Second-hand Smoke and Smokeless Tobacco Products; Cleaning Supplies/Janitorial; Maintenance/Power Tools; Furniture/Furnishings/Window Treatments; Public and Guest Bathrooms; Medical/First Aid Supplies; Internal Combustion (“IC”) Engines, Boilers and other Gas Burning Devices, and Fireplaces; Electronic Equipment, Electric Equipment and Associated Cables Wires and Batteries; Office Supplies and Office Equipment; Hand Tools, Tobacco smoke (primary)",other_prop65_listed,other_prop65_listed
Vinyl/PVC Gloves Diisononyl phthalate (DINP),phthalates_plasticizers,phthalates_plasticizers
Jeni’s Ice Cream Receipt Bisphenol S (BPS),bisphenols,bisphenols
"Fish and shellfish in the form of meals containing swordfish, salmon and lobster. Mercury",heavy_metals,heavy_metals
Srixon All Weather Gloves Chromium (hexavalent compounds),heavy_metals,heavy_metals
"PlantFusion, Organic Fruitful Greens, UPC#855560002380, PlantFusion, Organic Mushrooms + Protein Powder - Creamy Vanilla Bean, UPC#840052400805, PlantFusion, Organic Alkalizing Greens, UPC#855560002410 Lead",heavy_metals,heavy_metals
Gold Circle Hurricane Candle Holder - Classic Touch Lead,heavy_metals,heavy_metals
Vinyl/PVC Covers Di(2-ethylhexyl)phthalate (DEHP),phthalates_plasticizers,phthalates_plasticizers
Seaweed Chips Cadmium,heavy_metals,heavy_metals
Vinyl/PVC Gloves Diisononyl phthalate (DINP),phthalates_plasticizers,phthalates_plasticizers
"Luxe Products USA Black Rig/Bong, Luxe Products USA 11"" Broad Based Crystal Shower perc Bong and Dab Rig, Luxe Products USA 11"" Green Recycler Luxury Dab Rig and Water Pipe, Luxe Products USA 11"" Thick Durable Key Lime Percolator and dab rig Water pipe, Luxe Products USA 12"" American Made Luxury Beaker Bong, Luxe Products USA 12"" Blue Clear Steel- Crystal Percolated Dab Rig and Water Pipe, Luxe Products USA 13"" American Made Luxury Beaker Bong, Luxe Products USA 14"" Circular Hefty Dab Dig and Water Pipe, Luxe Products USA 14"" Turquoise Cypress Style dab Rig and/or bong, Luxe Products USA 14.5"" American Made Luxury Beaker Bong, Luxe Products USA 16"" American Made Luxury Beaker Bong, Luxe Products USA 16"" Large Ice Catcher Bong (Made in the USA), Luxe Products USA 9"" Beaker Bong with Ice Catcher , Luxe Products USA 9"" Bong w/ Ice catcher, Luxe Products USA 9"" Straight Tubed, Ice Catcher Bong, Luxe Products USA 9"" Turquoise Luxury Dab Rig and Bong, Luxe Products USA Wholesale Bongs 6-9 Inches Assorted Marijuana smoke",other_prop65_listed,other_prop65_listed
Vinyl Coated Measuring Tapes Lead,heavy_metals,heavy_metals
Double Roasted Seaweed cadmium compounds,heavy_metals,heavy_metals
365 Restaurant Style Tortilla Chips Acrylamide,heat_generated_contaminants,heat_generated_contaminants
"Footwear, Tote bags Di(2-ethylhexyl)phthalate (DEHP)",phthalates_plasticizers,phthalates_plasticizers
Pure Touch by Therapedic Bag Di(2-ethylhexyl)phthalate (DEHP),phthalates_plasticizers,phthalates_plasticizers
Cosmetic Bags Di(2-ethylhexyl)phthalate (DEHP),phthalates_plasticizers,phthalates_plasticizers
"bowls, oil dispensers Lead",heavy_metals,heavy_metals
Cut N Clean Greens Tuscan kale Lead,heavy_metals,heavy_metals
"firewood, woodchips, charcoal 1,6-Dinitropyrene, 3-Methylcholanthrene, 5-Nitroacenaphthene, 7H-Dibenzo[c,g]carbazole, Benzo[a]pyrene, Benzo[b]fluoranthene, Benzo[j]fluoranthene, Benzo[k]fluoranthene, Benz[a]anthracene, Chrysene, Creosotes, Dibenzo[a,e]pyrene, Dibenzo[a,h]pyrene, Dibenzo[a,i]pyrene, Dibenzo[a,l]pyrene, Dibenz[a,h]acridine, Dibenz[a,h]anthracene, Dibenz[a,j]acridine",heat_generated_contaminants,heat_generated_contaminants
Ceramic Mugs With Exterior Designs Lead,heavy_metals,heavy_metals
Ceramic Pitchers with Exterior Decorations Lead,heavy_metals,heavy_metals
"A-MAZE-N Smoker 6"" Tube, A-MAZE-N Premium Wood BBQ Pellets Carbon monoxide, soots, tar",other_prop65_listed,other_prop65_listed
FosPower 24K Gold Plated Audio Cable Diisononyl phthalate (DINP),phthalates_plasticizers,phthalates_plasticizers
Bell Sports mount bottle cage Bisphenol A (BPA),bisphenols,bisphenols
Rice Seasoning/Wakame Chazuke lead compounds,heavy_metals,heavy_metals
Ceramicware Lead,heavy_metals,heavy_metals
green fabric Perfluorooctanoic Acid (PFOA),pfas,pfas
Cadina Texas Fries Tomato Flavor Acrylamide,heat_generated_contaminants,heat_generated_contaminants
Power Systems Deluxe Vinyl Dumbbell Di(2-ethylhexyl)phthalate (DEHP),phthalates_plasticizers,phthalates_plasticizers
Glassware lead compounds,heavy_metals,heavy_metals
Vinyl/PVC Gloves Diisononyl phthalate (DINP),phthalates_plasticizers,phthalates_plasticizers
Gentle Real Gold Glass Mushroom Mug Lead,heavy_metals,heavy_metals
Glassware with artwork or designs on the exterior lead compounds,heavy_metals,heavy_metals
"Raw Seaweed, Seaweed Chips lead compounds",heavy_metals,heavy_metals
"Heavy Hitters - Malibu OG 1g, 10 Blue Dream - 1g bag Designated Chemicals - see notice",other_prop65_listed,other_prop65_listed
Tortilleria Santacruz Corn Tortilla Chips Acrylamide,heat_generated_contaminants,heat_generated_contaminants
Glassware Lead,heavy_metals,heavy_metals
Ceramic Spoon Rests With Surface Designs Lead,heavy_metals,heavy_metals
Signature Select Chocolate Wafer Cookies Acrylamide,heat_generated_contaminants,heat_generated_contaminants
Ceramic Mugs with Exterior Designs Lead,heavy_metals,heavy_metals
Spinach Rice Paper Banh Trang Lead,heavy_metals,heavy_metals
Imagitarium Creative Comforts Driftwood Wood dust,other_prop65_listed,other_prop65_listed
ONN Mobile Phone Waterproof Bag UPC 6 81131 15858 9 Di(2-ethylhexyl)phthalate (DEHP),phthalates_plasticizers,phthalates_plasticizers
vinyl bedding storage cases Diisononyl phthalate (DINP),phthalates_plasticizers,phthalates_plasticizers
Maxcera Plate Set Lead,heavy_metals,heavy_metals
Glassware Products Lead,heavy_metals,heavy_metals
"PLUSINNO 156pcs Fishing Accessories Kit, Including Jig Hooks, Bullet Bass Casting Sinker Weights, Different Fishing Swivels Snaps, Sinker Slides, Fishing Line Beads, Fishing Set with Tackle Box Lead",heavy_metals,heavy_metals
Attwood Mercury Fuel Tank Fitting 8899LP6 Lead,heavy_metals,heavy_metals
"Fitness Vests with Vinyl/PVC Components, Hydration Bladders with Vinyl/PVC Tubing Di(2-ethylhexyl)phthalate (DEHP)",phthalates_plasticizers,phthalates_plasticizers
Pedometers with Vinyl/PVC ID Holders Di(2-ethylhexyl)phthalate (DEHP),phthalates_plasticizers,phthalates_plasticizers
Stools with Vinyl/PVC Components Di(2-ethylhexyl)phthalate (DEHP),phthalates_plasticizers,phthalates_plasticizers
"Shampoo 1,4-Dioxane",other_prop65_listed,other_prop65_listed
"Vinyl/PVC Safety Vests, Gloves with Vinyl/PVC Components, Tent/Shelter Fabrics Tris(2-chloroethyl) phosphate",other_prop65_listed,other_prop65_listed
ID Wallet Di(2-ethylhexyl)phthalate (DEHP),phthalates_plasticizers,phthalates_plasticizers
Rhodes American Steel Wool including but not limited to: Rhodes American Steel Wool Grade #1 Wood dust,other_prop65_listed,other_prop65_listed
firewood mildly treated oils,other_prop65_listed,other_prop65_listed
Glassware with Exterior Artwork Lead,heavy_metals,heavy_metals
"Seats with Vinyl Upholstery, Hoses Di(2-ethylhexyl)phthalate (DEHP)",phthalates_plasticizers,phthalates_plasticizers
"Upholstered furniture including stools Tris(1,3-dichloro-2-propyl) phosphate (TDCPP)",other_prop65_listed,other_prop65_listed
"No Cow Protein Bar Cookies 'N Cream Naturally Flavored, No Cow Protein Bar Chocolate Chip Cookie Dough Naturally Flavored, No Cow Dipped Protein Bar Chocolate Sea Salt Naturally Flavored, No Cow Dipped Protein Bar Key Lime Pie Naturally Flavored, No Cow Protein Bar Blueberry Cobbler Naturally Flavored, No Cow Protein Bar Peanut Butter Chocolate Chip Naturally Flavored, No Cow Protein Bar Chunky Peanut Butter Naturally Flavored, No Cow Dipped Protein Bar Birthday Cake Naturally Flavored lead compounds",heavy_metals,heavy_metals
"Electrical Test Kits with Vinyl/PVC Wires, Vinyl/PVC Electrical Tape, Voltage Testers with Vinyl/PVC Cords Di(2-ethylhexyl)phthalate (DEHP)",phthalates_plasticizers,phthalates_plasticizers
"El Super Leon, Baked Coconut Macaroon Candy, UPC#852605002022, El Super Leon, Baked Coconut Macaroon Candy, UPC#852605002022, El Ponchin, Dulce De Leche Milk Candy, UPC#852605000707 , El Super Leon, Coconut Candy, UPC#852605000240 lead compounds",heavy_metals,heavy_metals
"Zatarain's, Dirty Rice, UPC#071429095359 lead compounds",heavy_metals,heavy_metals
Discharge into Rice Creek and the Sacramento River Lead,heavy_metals,heavy_metals
Vinyl zipper pulls Di(2-ethylhexyl)phthalate,phthalates_plasticizers,phthalates_plasticizers
Vinyl/PVC Jump Rope Di(2-ethylhexyl)phthalate (DEHP),phthalates_plasticizers,phthalates_plasticizers
Nail polish Toluene,solvents_vocs,solvents_vocs
gloves Di(2-ethylhexyl)phthalate (DEHP),phthalates_plasticizers,phthalates_plasticizers
Lead-Based Fishing Sinkers Lead,heavy_metals,heavy_metals
Roasted Seaweed Lead,heavy_metals,heavy_metals
Softy Core Wallet Di(2-ethylhexyl)phthalate (DEHP),phthalates_plasticizers,phthalates_plasticizers
"Candles Benzene, Carbon tetrachloride, Carbon-black extracts, Chloroform, Lead, Soots, tars",heavy_metals,solvents_vocs
Ladies Watch & Mug Gift Set Lead,heavy_metals,heavy_metals
Citrus Hand Soap Coconut oil diethanolamine condensate (cocamide diethanolamine),other_prop65_listed,other_prop65_listed
Seaweed Cadmium,heavy_metals,heavy_metals
Children's Belts lead compounds,heavy_metals,heavy_metals
Vinyl Storage Cases Di(2-ethylhexyl)phthalate (DEHP),phthalates_plasticizers,phthalates_plasticizers
Vinyl/PVC Tool Grips Di(2-ethylhexyl)phthalate (DEHP),phthalates_plasticizers,phthalates_plasticizers
Children's PVC Jackets Di(2-ethylhexyl)phthalate,phthalates_plasticizers,phthalates_plasticizers
"Upholstered Stools with Foam Padding containing Tris(1,3-dichloro-2-propyl) phosphate, Stools with Vinyl/PVC Upholstery containing Di(2-ethylhexyl)phthalate Tris(1,3-dichloro-2-propyl) phosphate (TDCPP)",other_prop65_listed,other_prop65_listed
Seasoned Seaweed cadmium compounds,heavy_metals,heavy_metals
Osari Seaweed cadmium compounds,heavy_metals,heavy_metals
Everyday Children’s Backpack Diisononyl phthalate (DINP),phthalates_plasticizers,phthalates_plasticizers
Live Life in the Meow Mug Lead,heavy_metals,heavy_metals
"AR New York Purse, AR68819LRE Di(2-ethylhexyl)phthalate (DEHP)",phthalates_plasticizers,phthalates_plasticizers
Betres Avena Oatmeal Body Lotion Diethanolamine,other_prop65_listed,other_prop65_listed
Dried Seaweed Arsenic (inorganic arsenic compounds),heavy_metals,heavy_metals
Vinyl/PVC Guitar Straps Di(2-ethylhexyl)phthalate (DEHP),phthalates_plasticizers,phthalates_plasticizers
vinyl pool repair kits Diisononyl phthalate (DINP),phthalates_plasticizers,phthalates_plasticizers
Vinyl/PVC Hose Grips Di(2-ethylhexyl)phthalate (DEHP),phthalates_plasticizers,phthalates_plasticizers
Seats with Vinyl/PVC Upholstery Di(2-ethylhexyl)phthalate (DEHP),phthalates_plasticizers,phthalates_plasticizers
"Clairol Herbal Essences Shampoo, Tide Totalcare Laundry Detergent, Head & Shoulders Shampoo 1,4-Dioxane",other_prop65_listed,other_prop65_listed
Ceramic Rosanna Pasta Design Butter Dish Lead,heavy_metals,heavy_metals
Woven Phone Crossbody Bag Di(2-ethylhexyl)phthalate (DEHP),phthalates_plasticizers,phthalates_plasticizers
Vinyl/PVC Faux Leather Storage Bin Material Di(2-ethylhexyl)phthalate (DEHP),phthalates_plasticizers,phthalates_plasticizers
"Headphones with Vinyl/PVC Ear Cups, Cable Wires Diisononyl phthalate (DINP)",phthalates_plasticizers,phthalates_plasticizers
"OAD New York Clear Marta Bag, UPC# 810849032809 Diisononyl phthalate (DINP)",phthalates_plasticizers,phthalates_plasticizers
"Scissors with Vinyl Grips Di(2-ethylhexyl)phthalate, Di(2-ethylhexyl)phthalate (DEHP)",phthalates_plasticizers,phthalates_plasticizers
Glass and ceramicware with exterior artwork Lead,heavy_metals,heavy_metals
"Half Moon Black and Blue Sparkle Purse, SKU: 400254711422 Di(2-ethylhexyl)phthalate (DEHP)",phthalates_plasticizers,phthalates_plasticizers
PlayDay children's ball set Di(2-ethylhexyl)phthalate (DEHP),phthalates_plasticizers,phthalates_plasticizers
"Environmental Exposures; Occupational Exposures; and Product Exposures (Second-hand Smoke and Smokeless Tobacco Products; Use of Combustible Products and Materials by Tenants; Use of Hobby-Related Products and Materials by Tenants; Apartment Properties Construction Materials; Natural gas, liquid fuel gases and fuel oil conversion; Parking Facilities and Designated Loading/Unloading Locations Cause Exposure to Vehicle Emissions; Emergency Generators; Tenant, Employee and Business Invitees Transportation Services; In-Apartment Cleaning and Maintenance; Exterior and Common Area Apartment Maintenance; and Exposures to Designated Chemicals Associated with Apartment Property Amenities). Tobacco smoke (primary)",other_prop65_listed,other_prop65_listed
"firewood, woodchips, charcoal 1,6-Dinitropyrene, 3-Methylcholanthrene, 5-Nitroacenaphthene, 7H-Dibenzo[c,g]carbazole, Benzo[a]pyrene, Benzo[b]fluoranthene, Benzo[j]fluoranthene, Benzo[k]fluoranthene, Benz[a]anthracene, Chrysene, Creosotes, Dibenzo[a,e]pyrene, Dibenzo[a,h]pyrene, Dibenzo[a,i]pyrene, Dibenzo[a,l]pyrene, Dibenz[a,h]acridine, Dibenz[a,h]anthracene, Dibenz[a,j]acridine",heat_generated_contaminants,heat_generated_contaminants
Goodies by DW Home Pink Lemonade Candle Lead,heavy_metals,heavy_metals
Canyon Bakehouse Gluten Free Honey Whole Grain English Muffins Lead,heavy_metals,heavy_metals
Glassware with Colored Artwork Lead,heavy_metals,heavy_metals
"Bounce Sport Ball, Vinyl Puffy Character, Sporting Toys, Character Toys Di(2-ethylhexyl)phthalate",phthalates_plasticizers,phthalates_plasticizers
"cannabis flower, pre-rolls, and other inhalable marijuana products Marijuana smoke",other_prop65_listed,other_prop65_listed
Glassware lead compounds,heavy_metals,heavy_metals
"Remedy Organics Blue Essentials 8g Protein 100% Plant Based Shake, Remedy Organics Golden Mind 10g Protein 100% Plant Based Shake, Remedy Organics 20g Protein Berry Immunity 100% Plant Based Shake, Remedy Organics 20g Protein Super Chai Fuel 100% Plant Based Shake, Remedy Organics Super Ube Glow 12g Protein 100% Plant Based Shake, Remedy Organics Chocolate Fudge 20g Protein 100% Plant Based Shake, Remedy Organics 20g Protein Matcha Fuel 100% Plant Based Shake, Remedy Organics Cold Brew Latte 20g Protein 100% Plant Based Shake lead compounds",heavy_metals,heavy_metals
Vinyl seats Di(2-ethylhexyl)phthalate (DEHP),phthalates_plasticizers,phthalates_plasticizers
Heyday Tomato Alla Vodka Cannellini Beans - UPC No.: 850043369004 Lead,heavy_metals,heavy_metals
toy soldiers Di(2-ethylhexyl)phthalate (DEHP),phthalates_plasticizers,phthalates_plasticizers
Jordan duffle bags Perfluorooctanoic Acid (PFOA),pfas,pfas
Kohl’s vinyl tablecloth Diisononyl phthalate (DINP),phthalates_plasticizers,phthalates_plasticizers
Wood Screw Anchors lead compounds,heavy_metals,heavy_metals
"Shampoo and Liquid Soaps Such as Hand Soap, Body Wash and Bubble Bath Coconut oil diethanolamine condensate (cocamide diethanolamine)",other_prop65_listed,other_prop65_listed
Hawaiian Kettle Style Chips Acrylamide,heat_generated_contaminants,heat_generated_contaminants
"Environmental Exposures; Occupational Exposures; and Product Exposures (Swimming Pool/Hot Tubs; Food and Beverage Operations; Automobile Parking Facilities; Kitchen; Candles; Matches; Sterno Cooking Fuel; Second-hand Smoke and Smokeless Tobacco Products; Cleaning Supplies/Janitorial; Maintenance/Power Tools; Furniture/Furnishings/Window Treatments; Public and Guest Bathrooms; Medical/First Aid Supplies; Internal Combustion (“IC”) Engines, Boilers and other Gas Burning Devices, and Fireplaces; Electronic Equipment, Electric Equipment and Associated Cables Wires and Batteries; Office Supplies and Office Equipment; Hand Tools, Hardware and Brass Keys; and Fertilizers, Soil Amendments, and Pesticides and Herbicides). Tobacco smoke (primary)",other_prop65_listed,other_prop65_listed
"Gastone Lago Hazelnut Wafers, all animal cookies and animal crackers (sweet), thin and crispy cookies, and sandwich wafers manufactured by Lago USA, Inc. Acrylamide",heat_generated_contaminants,heat_generated_contaminants
Mugs and Lids With Exterior Designs Lead,heavy_metals,heavy_metals
Chefs Quality Canned Black Beans Lead,heavy_metals,heavy_metals
Vinyl/PVC Cases Di(2-ethylhexyl)phthalate (DEHP),phthalates_plasticizers,phthalates_plasticizers
4 Play Or Travel TSA-Approved 4 Clear 3-Oz Bottles; UPC: 022169700447 Diisononyl phthalate (DINP),phthalates_plasticizers,phthalates_plasticizers
"6940 Farmdale Ave., North Hollywood, CA 91605 Chromium (hexavalent compounds)",heavy_metals,heavy_metals
"Belts Made With Leather, Vinyl, or Imitation Leather Materials Lead",heavy_metals,heavy_metals
Glassware Lead,heavy_metals,heavy_metals
Tools with Vinyl/PVC Grips Lead,heavy_metals,heavy_metals
"Clover Valley pecan halves, Clover Valley chopped walnuts, Clover Valley bar mix, Good & Smart tropical trail mix Lead",heavy_metals,heavy_metals
Lolo Hello Gorgeous Bag Di(2-ethylhexyl)phthalate (DEHP),phthalates_plasticizers,phthalates_plasticizers
Seaweed lead compounds,heavy_metals,heavy_metals
Crispy Seaweed lead compounds,heavy_metals,heavy_metals
"Environmental Exposures; Occupational Exposures; and Product Exposures (Second-hand Smoke and Smokeless Tobacco Products; Use of Combustible Products and Materials by Tenants; Use of Hobby-Related Products and Materials by Tenants; Apartment Properties Construction Materials; Natural gas, liquid fuel gases and fuel oil conversion; Parking Facilities and Designated Loading/Unloading Locations Cause Exposure to Vehicle Emissions; Emergency Generators; Tenant, Employee and Business Invitees Transportation Services; In-Apartment Cleaning and Maintenance; Exterior and Common Area Apartment Maintenance; and Exposures to Designated Chemicals Associated with Apartment Property Amenities). Tobacco smoke (primary)",other_prop65_listed,other_prop65_listed
Fishing Sinker Lead,heavy_metals,heavy_metals
Bathroom bowl deodorizer p-Dichlorobenzene,solvents_vocs,heavy_metals
SKLZ smart glove Chromium (hexavalent compounds),heavy_metals,heavy_metals
Licorice Lead,heavy_metals,heavy_metals
Vinyl Storage/ Packaging Cases Di(2-ethylhexyl)phthalate (DEHP),phthalates_plasticizers,phthalates_plasticizers
Wrist Lanyard with Wallet SKU None; UPC 0844673024426 Di(2-ethylhexyl)phthalate (DEHP),phthalates_plasticizers,phthalates_plasticizers
"Bay Island Holiday Top Hat Character Mug, Bay Island Cocoa Mug Set Lead",heavy_metals,heavy_metals
diaper rash ointments; medicated baby powder Lead,heavy_metals,heavy_metals
Handbag Di(2-ethylhexyl)phthalate,phthalates_plasticizers,phthalates_plasticizers
Gift Wrap Organizer with vinyl/PVC components Diisononyl phthalate (DINP),phthalates_plasticizers,phthalates_plasticizers
"change purses, love pouches Diisononyl phthalate (DINP)",phthalates_plasticizers,phthalates_plasticizers
Tackle bag Lead,heavy_metals,heavy_metals
"twin pole alignment systems, umbrellas, bags of inflation kits Di(2-ethylhexyl)phthalate (DEHP)",phthalates_plasticizers,phthalates_plasticizers
Glassware with exterior artwork Cadmium,heavy_metals,heavy_metals
"Shviro Non-Slip Baby Bath Mat Frog & Duck, 27.2"" x 15.5"" Di(2-ethylhexyl)phthalate (DEHP)",phthalates_plasticizers,phthalates_plasticizers
Vinyl/PVC Bicycle Handle Grips Di(2-ethylhexyl)phthalate (DEHP),phthalates_plasticizers,phthalates_plasticizers
Dried Seaweeds cadmium compounds,heavy_metals,heavy_metals
Glassware Products Cadmium,heavy_metals,heavy_metals
RiLahy JetNozzle Spray Nozzle UPC 743724581737 Lead,heavy_metals,heavy_metals
Honeymara plush toy Di(2-ethylhexyl)phthalate (DEHP),phthalates_plasticizers,phthalates_plasticizers
Seaweed Cadmium,heavy_metals,heavy_metals
Hollywood Beauty Carrot Creme Leave In Conditioner Diethanolamine,other_prop65_listed,other_prop65_listed
Chocolate products Lead,heavy_metals,heavy_metals
"Footwear Made With Leather, Vinyl or Imitation Leather Materials Lead",heavy_metals,heavy_metals
Dried Seaweed Arsenic (inorganic arsenic compounds),heavy_metals,heavy_metals
Marinela Gansito 2 Pack Chocolatey Filled Snake Cake - UPC No.: 074323095012 Lead,heavy_metals,heavy_metals
Ceramic Mugs With Exterior Designs Lead,heavy_metals,heavy_metals
Kellog's Nutrigrain Soft Baked Apple Cinnamon Acrylamide,heat_generated_contaminants,heat_generated_contaminants
Lifestyles Home Plush 4 Piece Sheet Set (Component Tested was the clear plastic of the reusable bag Di(2-ethylhexyl)phthalate (DEHP),phthalates_plasticizers,phthalates_plasticizers
Vinyl Pouches Di(2-ethylhexyl)phthalate (DEHP),phthalates_plasticizers,phthalates_plasticizers
Secret Key Snow White Cream Diethanolamine,other_prop65_listed,other_prop65_listed
"firewood, woodchips, charcoal 1,6-Dinitropyrene, 3-Methylcholanthrene, 5-Nitroacenaphthene, 7H-Dibenzo[c,g]carbazole, Benzo[a]pyrene, Benzo[b]fluoranthene, Benzo[j]fluoranthene, Benzo[k]fluoranthene, Benz[a]anthracene, Chrysene, Creosotes, Dibenzo[a,e]pyrene, Dibenzo[a,h]pyrene, Dibenzo[a,i]pyrene, Dibenzo[a,l]pyrene, Dibenz[a,h]acridine, Dibenz[a,h]anthracene, Dibenz[a,j]acridine",heat_generated_contaminants,heat_generated_contaminants
Tote bag Di(2-ethylhexyl)phthalate,phthalates_plasticizers,phthalates_plasticizers
Dried Seaweed lead compounds,heavy_metals,heavy_metals
Tortilleria Santa Fe Chipotle Spiced Corn Tortilla Chips Acrylamide,heat_generated_contaminants,heat_generated_contaminants
SurgiCare Cream Hair Remover for Face Fresh Scent Diethanolamine,other_prop65_listed,other_prop65_listed
MAAS Metal Polish lead compounds,heavy_metals,heavy_metals
Fried or Baked Potato or Sweet Potato Based Snack Foods Sold Under the Simply Nature Brand Acrylamide,heat_generated_contaminants,heat_generated_contaminants
Vinyl/PVC Musical Instrument Cases Di(2-ethylhexyl)phthalate (DEHP),phthalates_plasticizers,phthalates_plasticizers
Dried Seaweed Cadmium,heavy_metals,heavy_metals
nifty wrappers Diisononyl phthalate (DINP),phthalates_plasticizers,phthalates_plasticizers
Vinyl/PVC Gloves Diisononyl phthalate (DINP),phthalates_plasticizers,phthalates_plasticizers
Abuelita Mexican Style Instant Hot Chocolate Mix - UPC No.: 0-28000 52553-8 Lead,heavy_metals,heavy_metals
Handbag Diisononyl phthalate (DINP),phthalates_plasticizers,phthalates_plasticizers
St. Nicholas Square Snowman Friends Mug Lead,heavy_metals,heavy_metals
"Jans Enterprises, Mie Sedaap Cup Korean Spicy Chicken, UPC#8998866202404 lead compounds",heavy_metals,heavy_metals
"Amazing Grass Greens Blend Kidz Superfood Protein and Probiotics Strawberry Blast, Amazing Grass Kidz Superfood Blend Outrageous Chocolate, Amazing Grass Greens Blend Superfood Berry, Amazing Grass Greens Blend Immunity Elderberry, Amazing Grass Greens Blend Immunity Tangerine Lead",heavy_metals,heavy_metals
"purses, bags including manbags, clutches, and wallets Diisononyl phthalate (DINP)",phthalates_plasticizers,phthalates_plasticizers
makeup brush bags Di(2-ethylhexyl)phthalate (DEHP),phthalates_plasticizers,phthalates_plasticizers
"nivea bath care, mascara, eye cream Nickel",other_prop65_listed,other_prop65_listed
Vinyl Flags Di(2-ethylhexyl)phthalate (DEHP),phthalates_plasticizers,phthalates_plasticizers
Fishing Sinker Lead,heavy_metals,heavy_metals
Dried Seaweed Cadmium,heavy_metals,heavy_metals
Glassware with Exterior Artwork Lead,heavy_metals,heavy_metals
Brass Candle Snuffers Lead,heavy_metals,heavy_metals
Purses with Plastic Components Di(2-ethylhexyl)phthalate (DEHP),phthalates_plasticizers,phthalates_plasticizers
floral mugs Lead,heavy_metals,heavy_metals
Vinyl/PVC Keychains Di(2-ethylhexyl)phthalate (DEHP),phthalates_plasticizers,phthalates_plasticizers
"Superior Pellets - Hardwood Fuel Pellets, Premium Grade Wood dust",other_prop65_listed,other_prop65_listed
Travel Bag Di(2-ethylhexyl)phthalate (DEHP),phthalates_plasticizers,phthalates_plasticizers
"Dream Catcher Design Cream-Colored Purse; CWW-0062 MULTI, Bangle Bar Jewelry Case; UPC: 818344018946; BANWD1011 - 704, Color & Color Key Chain Wallet; BW2032 PURPLE Di(2-ethylhexyl)phthalate (DEHP)",phthalates_plasticizers,phthalates_plasticizers
"Colored, Vinyl-Coated Paper Fasteners Lead",heavy_metals,heavy_metals
5 pocket velcro wallet Lead,heavy_metals,heavy_metals
Soda Bottle Lead,heavy_metals,heavy_metals
Sprayers With Adjustable Tips Lead,heavy_metals,heavy_metals
Ceramic Mugs With Exterior Designs Lead,heavy_metals,heavy_metals
Ceramic Mugs With Exterior Designs Lead,heavy_metals,heavy_metals
Winnwell bag Di(2-ethylhexyl)phthalate (DEHP),phthalates_plasticizers,phthalates_plasticizers
Berruto Pasta Cup- Italian Tagliatelle with Creamy Mushroom Sauce Lead,heavy_metals,heavy_metals
Olivia's Stuffing Cornbread Dressing Acrylamide,heat_generated_contaminants,heat_generated_contaminants
Scott & Jon's Honey Sesame Salmon Rice Bowl Cadmium,heavy_metals,heavy_metals
Art Sketchbook (Component Tested was the Clear Plastic Marker Bag) Di(2-ethylhexyl)phthalate (DEHP),phthalates_plasticizers,phthalates_plasticizers
Vinyl/PVC Car Shades Di(2-ethylhexyl)phthalate (DEHP),phthalates_plasticizers,phthalates_plasticizers
"Seaweed Salad Mix, Seaweed Snack Lead",heavy_metals,heavy_metals
Trunk Organizers with Vinyl/PVC Handles Di(2-ethylhexyl)phthalate (DEHP),phthalates_plasticizers,phthalates_plasticizers
West Marine mesh bag Diisononyl phthalate (DINP),phthalates_plasticizers,phthalates_plasticizers
Glassware and other Tableware Lead,heavy_metals,heavy_metals
Vinyl Upholstery on Arm Pads Di(2-ethylhexyl)phthalate (DEHP),phthalates_plasticizers,phthalates_plasticizers
Fishing kits with lead weights Lead,heavy_metals,heavy_metals
Cosmetic Kits Lead,heavy_metals,heavy_metals
Summit Racing Clear Bag SKU SUM-P1110 UPC 0190861263093 Di(2-ethylhexyl)phthalate (DEHP),phthalates_plasticizers,phthalates_plasticizers
Scott & Jon’s Fish Tikka Masala Lead,heavy_metals,heavy_metals
Wonderluxe Bag Di(2-ethylhexyl)phthalate (DEHP),phthalates_plasticizers,phthalates_plasticizers
"Wood-burning outdoor heating products such as fire pits, fire rings, fire tables and chimineas Carbon monoxide",other_prop65_listed,other_prop65_listed
Safety Vests with Vinyl/PVC Components Di(2-ethylhexyl)phthalate (DEHP),phthalates_plasticizers,phthalates_plasticizers
RW Garcia Organic Bar-B-Q Corn Chips Acrylamide,heat_generated_contaminants,heat_generated_contaminants
nasal sprays mercury compounds,heavy_metals,heavy_metals
Cabelas leather gloves Chromium (hexavalent compounds),heavy_metals,heavy_metals
Mom to Mom Advantage - Milk-Based Infant Formula with Iron (23.2 oz) Lead,heavy_metals,heavy_metals
faux leather and vinyl fabric Di(2-ethylhexyl)phthalate (DEHP),phthalates_plasticizers,phthalates_plasticizers
Moisturizing creams Progesterone,other_prop65_listed,other_prop65_listed
Seaweed Lead,heavy_metals,heavy_metals
Spicy Mini Filefish Arsenic (inorganic arsenic compounds),heavy_metals,heavy_metals
“Killin It” Skull Mug Lead,heavy_metals,heavy_metals
Glassware Products Lead,heavy_metals,heavy_metals
"Agar Agar, a seaweed derivative lead compounds",heavy_metals,heavy_metals
"Wallets, Handbags, Purses and Clutches Made With Leather, Vinyl or Imitation Leather Materials Lead",heavy_metals,heavy_metals
Orgain Chocolate Peanut Butter lead compounds,heavy_metals,heavy_metals
"UPC841643117126; Item 13332 Vera® Reagan Full Queen 3 Piece Set; ID: 60-7066-106783-001999-10-2, UPC842100122479; CW-0270 Blue Cosmetic Bag; ID: 87-60-190127-000800-41, P.O. #YW-00001; Style 66-0003; Color: Blue; TJ-2301 “Hey Beautiful” Cosmetic Bag; ID: 87-6006-215162-000699-10-2, P.O.#: YW-00001; Style: 66-0008; Color: Pink Clear Bag with Gold Trim; ID: 87-6007-186560-000999-10-2, UPC5052599016189 Dream Odyssey Blue Cosmetic Bag A Gift From the Gods; ID: 87-160668-000499, UPC841179115887; SN21013NIK Bino® Shower Caddy Di(2-ethylhexyl)phthalate (DEHP)",phthalates_plasticizers,phthalates_plasticizers
Infant Safety Accessories Di(2-ethylhexyl)phthalate (DEHP),phthalates_plasticizers,phthalates_plasticizers
Vinyl key chains Di(2-ethylhexyl)phthalate,phthalates_plasticizers,phthalates_plasticizers
Strawberry artificially Flavored wafers cookies Acrylamide,heat_generated_contaminants,heat_generated_contaminants
Ceramic Mugs With Exterior Designs Lead,heavy_metals,heavy_metals
Dried Seaweed Lead,heavy_metals,heavy_metals
"Green & Blacks Organic Dark Chocolate 70%; UPC: 0865600145, Green & Blacks Organic Dark Chocolate 85%; UPC: 0865600145 Cadmium",heavy_metals,heavy_metals
vinyl fenders Di(2-ethylhexyl)phthalate (DEHP),phthalates_plasticizers,phthalates_plasticizers
Vinyl/PVC Bags Di(2-ethylhexyl)phthalate (DEHP),phthalates_plasticizers,phthalates_plasticizers
Glassware With Exterior Designs Lead,heavy_metals,heavy_metals
Vinyl rainwear Lead,heavy_metals,heavy_metals
Mutant Flex Food Vanilla Cupcake Lead,heavy_metals,heavy_metals
Ongredients aqua keeping cream Diethanolamine,other_prop65_listed,other_prop65_listed
"Mi Patria, Sand Clay Bowl, Plato de Barro Arenoso, UPC#804151205440, Mi Patria, Clay Beverage Cup, Rusa de Barro, UPC#804151004470, Mi Patria, Ceramic Mug, Taza de Ceramica Azul, UPC#804151209202 lead compounds",heavy_metals,heavy_metals
Cosmetic Bag with Plastic Components Di(2-ethylhexyl)phthalate (DEHP),phthalates_plasticizers,phthalates_plasticizers
Glory Foods Seasoned Southern Style Canned Vegetables lead compounds,heavy_metals,heavy_metals
Vinyl/PVC Coated Wires Di(2-ethylhexyl)phthalate (DEHP),phthalates_plasticizers,phthalates_plasticizers
Dried Seaweed Arsenic (inorganic arsenic compounds),heavy_metals,heavy_metals
X-ACTO Wood Carving Knives including but not limited to: X-ACTO Wood Carving Knife “D” Handle Knife Wood dust,other_prop65_listed,other_prop65_listed
Seaweed Crisps Cadmium,heavy_metals,heavy_metals
Seaweed lead compounds,heavy_metals,heavy_metals
Spirit Halloween Zombie Makeup Kit - Deluxe Theatrical Blood Diethanolamine,other_prop65_listed,other_prop65_listed
Alfocan Crawfish Frozen Whole Cooked Lead,heavy_metals,heavy_metals
"Environmental Exposures; Occupational Exposures; and Product Exposures (Second-hand Smoke and Smokeless Tobacco Products; Use of Combustible Products and Materials by Tenants; Use of Hobby-Related Products and Materials by Tenants; Apartment Properties Construction Materials; Natural gas, liquid fuel gases and fuel oil conversion; Parking Facilities and Designated Loading/Unloading Locations Cause Exposure to Vehicle Emissions; Emergency Generators; Tenant, Employee and Business Invitees Transportation Services; In-Apartment Cleaning and Maintenance; Exterior and Common Area Apartment Maintenance; and Exposures to Designated Chemicals Associated with Apartment Property Amenities). Tobacco smoke (primary)",other_prop65_listed,other_prop65_listed
Soft food containers (lunchboxes) Lead,heavy_metals,heavy_metals
Seaweed Lead,heavy_metals,heavy_metals
Glassware and Ceramic Products Cadmium,heavy_metals,heavy_metals
"Simply Balanced All Natural Creamy Almond Butter, Simply Balanced All Natural Creamy Cashew Butter, Simply Balanced Organic Creamy Peanut Butter, Simply Balanced Organic Crunchy Peanut Butter Lead",heavy_metals,heat_generated_contaminants
Mojo Metal Polish and Sealant Lead,heavy_metals,heavy_metals
"FUNKYMONKEY Women's Comfort Slides, NZ Home 3XL Insulated Cooler Bag Di(2-ethylhexyl)phthalate (DEHP)",phthalates_plasticizers,phthalates_plasticizers
Poppy & Ivy __ beauty __ 5 Piece __ Eye __ Brush Set (with reusable plastic bag) Diisononyl phthalate (DINP),phthalates_plasticizers,phthalates_plasticizers
Bridgford Sweet Baby Ray’s Beef Jerky lead compounds,heavy_metals,heavy_metals
Vegan Dark Hot Chocolate Mix Lead,heavy_metals,heavy_metals
"Under One Sky Bag, Style: 8007092, Sea 3 ACC 09 208 69350885 0 1/1 Di(2-ethylhexyl)phthalate (DEHP)",phthalates_plasticizers,phthalates_plasticizers
Ceramic Mugs With Exterior Designs Lead,heavy_metals,heavy_metals
Children's Sport Toys Di(2-ethylhexyl)phthalate,phthalates_plasticizers,phthalates_plasticizers
"Tools with Vinyl/PVC Grips Di(2-ethylhexyl)phthalate, Di(2-ethylhexyl)phthalate (DEHP)",phthalates_plasticizers,phthalates_plasticizers
Totebag with Polymer Components Diisononyl phthalate (DINP),phthalates_plasticizers,phthalates_plasticizers
vinyl placemats Di(2-ethylhexyl)phthalate (DEHP),phthalates_plasticizers,phthalates_plasticizers
"Hudson Deck Sprayer, UPC No. 0 2992567882, Model No. 67882 Di-isodecyl phthalate (DIDP)",phthalates_plasticizers,phthalates_plasticizers
Children's Plastic Folding Chair Di(2-ethylhexyl)phthalate (DEHP),phthalates_plasticizers,phthalates_plasticizers
Ceramic Mugs With Exterior Designs Lead,heavy_metals,heavy_metals
Home Essentials ceramic mugs Lead,heavy_metals,heavy_metals
Ceramic Plates With Designs Containing Lead Lead,heavy_metals,heavy_metals
Beanbag chairs Lead,heavy_metals,heavy_metals
Ceramic beverage container Cadmium,heavy_metals,heavy_metals
"AväntGreens Advanced Daily Nutrition, Solle Complete Protein Plus Natural Vanilla Crème, Solle Complete Protein Plus Double Dutch Cocoa, Solle Complete Protein Plus Natural Gluten and Lactose Free lead compounds",heavy_metals,heavy_metals
Vinyl/PVC Journal Covers Di(2-ethylhexyl)phthalate (DEHP),phthalates_plasticizers,phthalates_plasticizers
Fried or Baked Potato or Sweet Potato Based Snack Foods Acrylamide,heat_generated_contaminants,heat_generated_contaminants
Dried Seaweed lead compounds,heavy_metals,heavy_metals
Great Value Vanilla Creme Wafer Cookies Acrylamide,heat_generated_contaminants,heat_generated_contaminants
"Standard Pillowcase Pair, Kate Spade ID: 60-0230-010043-001299-22-6, Sealy Allergy Protection Zippered Pillow Protector; UPC022415033572 ID: 60-6000-026467-000599-20-2, Nicole Miller Home™ Two Standard Pillowcases; RN #104905 ID: 60-0280-024096-000799-23-1, American Crew® Travel Grooming Kit; UPC669316067789 ID: 73-0202-846646-000699-21-2 Di(2-ethylhexyl)phthalate (DEHP)",phthalates_plasticizers,phthalates_plasticizers
Serving Plate and Spreader Set Lead,heavy_metals,heavy_metals
"Environmental Exposures; Occupational Exposures; and Product Exposures (Alcoholic Beverages (bars, mini bars); Swimming Pool/Hot Tubs; Food and Beverage Operations; Automobile Parking Facilities; Bicycle Rental and Repair; Hotel Transportation Vehicles; Kitchen; Salon; Matches; Arts & Crafts Supplies and Classes; Sterno Cooking Fuel; Second-hand Smoke and Smokeless Tobacco Products; Cleaning Supplies/Janitorial; Maintenance/Power Tools; Furniture/Furnishings/Window Treatments; Public and Guest Bathrooms; Medical/First Aid Supplies; Internal Combustion (“IC”) Engines, Boilers and other Gas Burning Devices, and Fireplaces; Electronic Equipment, Electric Equipment and Associated Cables Wires and Batteries; Office Supplies and Office Equipment; Hand Tools, Hardware and Brass Keys; and Fertilizers, Soil Amendments, and Pesticides and Herbicides). Tobacco smoke (primary)",other_prop65_listed,other_prop65_listed
Sport duffel bags lead compounds,heavy_metals,heavy_metals
"Murphy´s Mosquito repellent. (Sticks). 8 STICKS, Murphy´s Mosquito repellent. OUTDOOR. (Sticks). 12 STICKS, Murphy´s Mosquito repellent. TEA LIGHT CANDLES. 12 CANDLES PER BOX, Murphy´s Mosquito Repellent Incense Cones. 36 CONES, Murphy´s Mosquito Repellent Sticks | Plant Based DEET | Bamboo Infused w/Citronella, Lemongrass & Rosemary. 12 Sticks., Murphy´s Ceramic Mosquito Repellent Candle | Made with Essential Oils and a Soy/Beeswax Blend. Carbon monoxide",other_prop65_listed,other_prop65_listed
Vinyl/PVC Helmet Pumps Di(2-ethylhexyl)phthalate (DEHP),phthalates_plasticizers,phthalates_plasticizers
2s Company Specialty Crisps Fig and Pecan Acrylamide,heat_generated_contaminants,heat_generated_contaminants
Grand Sierra gloves Chromium (hexavalent compounds),heavy_metals,heavy_metals
Rice Arsenic (inorganic oxides),heavy_metals,heavy_metals
Lender's Bagel Shop Bagels Plain 17.1 oz Acrylamide,heat_generated_contaminants,heat_generated_contaminants
Rice Macaroni Lead,heavy_metals,heavy_metals
Dried Salted Mullet Fish lead compounds,heavy_metals,heavy_metals
Fishing Sinker Lead,heavy_metals,heavy_metals
Dia De Muertos Collection Bag Di(2-ethylhexyl)phthalate (DEHP),phthalates_plasticizers,phthalates_plasticizers
HD Designs Bag Di(2-ethylhexyl)phthalate (DEHP),phthalates_plasticizers,phthalates_plasticizers
Oklahoma Joe's Leather Gloves Chromium (hexavalent compounds),heavy_metals,heavy_metals
Children's Sport Toys Di(2-ethylhexyl)phthalate,phthalates_plasticizers,phthalates_plasticizers
Modern Gourmet Foods Godiva Hot Cocoa Gift Set Lead,heavy_metals,heavy_metals
Daruma Mug Lead,heavy_metals,heavy_metals
Rice Arsenic (inorganic oxides),heavy_metals,heavy_metals
3M sanding blocks and sanding paper including but not limited to: 3M Sanding Block and 3M Wood Sandpaper 150 fine Wood dust,other_prop65_listed,other_prop65_listed
"Greenbrier International Inc., Home Style Select Restaurant Style Tortilla Chips, UPC#639277409782 Acrylamide",heat_generated_contaminants,heat_generated_contaminants
"Antibacterial Hand Soap 1,4-Dioxane",other_prop65_listed,other_prop65_listed
"Glass Sets, Drinking Glasses and Other Glassware with Colored Artwork or Designs on the Exterior. Lead",heavy_metals,heavy_metals
Rice Lead,heavy_metals,heavy_metals
"Cosmetic bags and cases, Tote bags Di(2-ethylhexyl)phthalate (DEHP)",phthalates_plasticizers,phthalates_plasticizers
"Kiwi Artisan, Manuka Wood Smoked Olives, UPC#794969932747 Lead",heavy_metals,heavy_metals
Anthropologie “All Spruced Up” Mug Lead,heavy_metals,heavy_metals
Vinyl/PVC Cord Protectors Di(2-ethylhexyl)phthalate (DEHP),phthalates_plasticizers,phthalates_plasticizers
Mini Purse Diisononyl phthalate (DINP),phthalates_plasticizers,phthalates_plasticizers
"Grow Well Tummy Prune, Pear, Peach & Pumpkin with Chia, Mighty Dinos - Cheddar Organic Baked Crackers, Mighty Sticks Berry beet while grain snacks, Mighty snack bars strawberry, Mighty Sticks Apple Carrot whole grain snacks, Mighty Snack Bars - Blueberry, Little Yums - Pumpkin & Banana organic Teething wafers Acrylamide",heat_generated_contaminants,heat_generated_contaminants
Abuelita Mexican Hot Chocolate Tablets - UPC No.: 0-28000 15785-2 Lead,heavy_metals,heavy_metals
"Infinichi Five Elements Of Health Balance & Longevity Ancient Secrets Infinite Vitality, Wellness Living Allergy Tamer Chinese Herbal Dietary Supplement Lungs & Respiration, Wellness Living Passages Plus Chinese Herbal Dietary Supplement Especially For Women, Wellness Living Dura-Bone Chinese Herbal Dietary Supplement Traditional Support, Infinichi Wood Element Authoritative Type Ancient Secrets Infinite Vitality 120 Capsules, Wellness Living Mood Elevation Chinese Herbal Dietary Supplement Shen & Spirit 65 Capsules, Wellness Living Hair Nurture Chinese Herbal Dietary Supplement Hair, Skin & Beauty 65 Capsules lead compounds",heavy_metals,heavy_metals
Aluminum cookware Lead,heavy_metals,heavy_metals
Grace Camper Mug & Playcard Set Lead,heavy_metals,heavy_metals
Natural Life Mushroom Mug Lead,heavy_metals,heavy_metals
French Horn Four Taper Candleholder Lead,heavy_metals,heavy_metals
"Canary, Cooked Mallow, UPC#6210081617071 lead compounds",heavy_metals,heavy_metals
"Le Italiane, Soft Toffee Licorice from Calabria Italy, UPC#8004590111445 lead compounds",heavy_metals,heavy_metals
"Shampoo and Liquid Soaps Such as Hand Soap, Body Wash and Bubble Bath Coconut oil diethanolamine condensate (cocamide diethanolamine)",other_prop65_listed,other_prop65_listed
Tools with vinyl grips Di(2-ethylhexyl)phthalate (DEHP),phthalates_plasticizers,phthalates_plasticizers
Bag clips lead compounds,heavy_metals,heavy_metals
Jump ropes with vinyl/PVC components Di(2-ethylhexyl)phthalate (DEHP),phthalates_plasticizers,phthalates_plasticizers
Glassware and Ceramic Products (Supplemental) Cadmium,heavy_metals,heavy_metals
La Bourse Best Anti Hair Loss Shampoo Hair Regrowth Treatment Repair Dotox Detoxification Revival Strengthening with Garlic Herbal Extract Coconut oil diethanolamine condensate (cocamide diethanolamine),other_prop65_listed,other_prop65_listed
Glassware with exterior artwork Lead,heavy_metals,heavy_metals
Bio-Med Tar-Sulfur Shampoo (Veterinary Strength) mineral oils (untreated,other_prop65_listed,other_prop65_listed
Peach Clear Cosmetic Bag Diisononyl phthalate (DINP),phthalates_plasticizers,phthalates_plasticizers
Soft Food and Beverage Containers Lead,heavy_metals,heavy_metals
Storage Bag & Handbag Di(2-ethylhexyl)phthalate (DEHP),phthalates_plasticizers,phthalates_plasticizers
"Halloween Costumes containing one or more of the chemicals listed herein., Halloween Costume Accessories, specifically wigs, masks, gloves, footwear, belts, bags, hats, costume props, hosiery, weapons and jewelry intended to accessorize a costume (but excluding makeup) containing one or more of the chemicals listed herein. Arsenic (inorganic arsenic compounds)",heavy_metals,solvents_vocs
Dried Seaweed cadmium compounds,heavy_metals,heavy_metals
Brown Rice Syrup Arsenic (inorganic arsenic compounds),heavy_metals,heavy_metals
Bonduelle Bistro Bowls Sunflower Crunch Cadmium,heavy_metals,heavy_metals
Waterproof Phone Bag Di(2-ethylhexyl)phthalate (DEHP),phthalates_plasticizers,phthalates_plasticizers
Noopel Eight Pattern Spray Nozzle and Expandable Hose X0015K2OVN Lead,heavy_metals,heavy_metals
Vinyl Cable Di(2-ethylhexyl)phthalate (DEHP),phthalates_plasticizers,phthalates_plasticizers
Dried Salted Rabbitfish Lead,heavy_metals,heavy_metals
"Vinyl/PVC Menu Covers, Nylon Cooking Utensils 4,4'-Methylenedianiline, Di(2-ethylhexyl)phthalate (DEHP)",phthalates_plasticizers,phthalates_plasticizers
crossbody bags Di(2-ethylhexyl)phthalate (DEHP),phthalates_plasticizers,phthalates_plasticizers
REMA Tip Top Vulcanizing Fluid Trichloroethylene,other_prop65_listed,other_prop65_listed
Vinyl/PVC Tool Grips Di(2-ethylhexyl)phthalate (DEHP),phthalates_plasticizers,phthalates_plasticizers
Dry Bags Di(2-ethylhexyl)phthalate (DEHP),phthalates_plasticizers,phthalates_plasticizers
nasal spray mercury compounds,heavy_metals,heavy_metals
Moisturizing Creams Progesterone,other_prop65_listed,other_prop65_listed
Seaweed Chips Filled with Pumpkin Seeds lead compounds,heavy_metals,heavy_metals
TOTALLY CRUSHING IT TODAY HONEY ALMOND SCENTED FOAMING HAND SOAP Diethanolamine,other_prop65_listed,other_prop65_listed
Rice Arsenic (inorganic arsenic compounds),heavy_metals,heavy_metals
Upholstered furniture including stools Tris(2-chloroethyl) phosphate,other_prop65_listed,other_prop65_listed
Seaweed Chips Cadmium,heavy_metals,heavy_metals
Handbag with PVC Components Di(2-ethylhexyl)phthalate (DEHP),phthalates_plasticizers,phthalates_plasticizers
Tony’s Chocolonely Dark Chocolate 70%; UPC: 858010005627 lead compounds,heavy_metals,heavy_metals
"Seaweed Chips, Raw Seaweed Cadmium",heavy_metals,heavy_metals
Waterproof & Float Large Phone Dry Bag; UPC: 819702020793; GWP-20793OR Diisononyl phthalate (DINP),phthalates_plasticizers,phthalates_plasticizers
Ceramic Plates With Designs Containing Lead Lead,heavy_metals,heavy_metals
Vinyl/PVC Gloves Diisononyl phthalate (DINP),phthalates_plasticizers,phthalates_plasticizers
Tools with vinyl grips Lead,heavy_metals,heavy_metals
"Love Wins mugs, Vacay Mode mugs Lead",heavy_metals,heavy_metals
De La Cruz Moisturizer Vitamin E Cream Diethanolamine,other_prop65_listed,other_prop65_listed
Vinyl/PVC Battery Clamp Cables Di(2-ethylhexyl)phthalate (DEHP),phthalates_plasticizers,phthalates_plasticizers
Cecile Maison Bag Di(2-ethylhexyl)phthalate (DEHP),phthalates_plasticizers,phthalates_plasticizers
MusclePharm Combat XL Mass Gainer - Chocolate Lead,heavy_metals,heavy_metals
"Wallets, handbags, purses, and clutches lead compounds",heavy_metals,heavy_metals
"Snack Food Products Derived From Potatoes or Sweet Potatoes, Including Potato or Sweet Potato Flour, Such as Vegetable Chips, Vegetable Sticks and Vegetable Straws Acrylamide",heat_generated_contaminants,heat_generated_contaminants
Glassware with exterior artwork Lead,heavy_metals,heavy_metals
Lonstin Moroccan Argan Oil Clear Hydrating Shampoo; ASIN: B08DQZNQBJ Coconut oil diethanolamine condensate (cocamide diethanolamine),other_prop65_listed,other_prop65_listed
Dried Seaweed Slice lead compounds,heavy_metals,heavy_metals
MoroccanOil Molding Cream Diethanolamine,other_prop65_listed,other_prop65_listed
Candy Lead,heavy_metals,heavy_metals
Seaweed snacks lead compounds,heavy_metals,heavy_metals
Glass and ceramicware with exterior artwork Cadmium,heavy_metals,heavy_metals
Ceramic Mugs with Exterior Designs Lead,heavy_metals,heavy_metals
"Licorice Powder, Cinnamon Powder Lead",heavy_metals,heavy_metals
Breakfast cereals Acrylamide,heat_generated_contaminants,heat_generated_contaminants
"Canoe adhesive, trade name ""Hydrogrip"" Dichloromethane (Methylene chloride)",other_prop65_listed,other_prop65_listed
Glassware and Ceramicware Products Cadmium,heavy_metals,heavy_metals
"Environmental Exposures; Occupational Exposures; and Product Exposures (Swimming Pool/Hot Tubs; Food and Beverage Operations; Automobile Parking Facilities; Kitchen; Valet (shoeshine and dry cleaning delivery); Matches; Second-hand Smoke and Smokeless Tobacco Products; Cleaning Supplies/Janitorial; Maintenance/Power Tools; Furniture/Furnishings/Window Treatments; Public and Guest Bathrooms; Medical/First Aid Supplies; Internal Combustion (“IC”) Engines, Boilers and other Gas Burning Devices, and Fireplaces; Electronic Equipment, Electric Equipment and Associated Cables Wires and Batteries; Office Supplies and Office Equipment; Hand Tools, Hardware and Brass Keys; and Fertilizers, Soil Amendments, and Pesticides and Herbicides). Tobacco smoke (primary)",other_prop65_listed,other_prop65_listed
Vinyl fabric Di(2-ethylhexyl)phthalate (DEHP),phthalates_plasticizers,phthalates_plasticizers
Fried Fish Ball Lead,heavy_metals,heavy_metals
Sandless Laver Seaweed lead compounds,heavy_metals,heavy_metals
Ceramic Mugs With Exterior Designs Lead,heavy_metals,heavy_metals
Unicorn Cosmetics Case Di(2-ethylhexyl)phthalate (DEHP),phthalates_plasticizers,phthalates_plasticizers
Glass beverage containers Lead,heavy_metals,heavy_metals
"Parent's Choice 2 Toddler Beginnings Complete Nutrition DHA, Choline & Iron Milk-Based Powder Infant Formula with Iron, Up & Up Toddler Beginnings Infant Formula with Iron Milk-Based Powder Lead",heavy_metals,heavy_metals
Vinyl/PVC Tool Grips Di-n-butyl phthalate (DBP),phthalates_plasticizers,phthalates_plasticizers
Nalini Originals Woven Bag Di(2-ethylhexyl)phthalate (DEHP),phthalates_plasticizers,phthalates_plasticizers
"Tiberino, Basmati Rice with Porcini Mushrooms, UPC#814772020032 lead compounds",heavy_metals,heavy_metals
"firewood, woodchips, charcoal 1,6-Dinitropyrene, 3-Methylcholanthrene, 5-Nitroacenaphthene, 7H-Dibenzo[c,g]carbazole, Benzo[a]pyrene, Benzo[b]fluoranthene, Benzo[j]fluoranthene, Benzo[k]fluoranthene, Benz[a]anthracene, Chrysene, Creosotes, Dibenzo[a,e]pyrene, Dibenzo[a,h]pyrene, Dibenzo[a,i]pyrene, Dibenzo[a,l]pyrene, Dibenz[a,h]acridine, Dibenz[a,h]anthracene, Dibenz[a,j]acridine",heat_generated_contaminants,heat_generated_contaminants
bifold wallets Di(2-ethylhexyl)phthalate (DEHP),phthalates_plasticizers,phthalates_plasticizers
Infant Shoes Di(2-ethylhexyl)phthalate,phthalates_plasticizers,phthalates_plasticizers
Long's Therapeutic T+Plus Gel Shampoo mineral oils (untreated,other_prop65_listed,other_prop65_listed
hose bibs Lead,heavy_metals,heavy_metals
Candy Lead,heavy_metals,heavy_metals
"Tuna fish Mercury, Mercury",heavy_metals,heavy_metals
Upholstered furniture including chairs Tris(2-chloroethyl) phosphate,other_prop65_listed,other_prop65_listed
Vinyl/PVC Aprons Diisononyl phthalate (DINP),phthalates_plasticizers,phthalates_plasticizers
Vinyl rainwear Di(2-ethylhexyl)phthalate (DEHP),phthalates_plasticizers,phthalates_plasticizers
Makeup Foundation Perfluorooctanoic Acid (PFOA),pfas,pfas
Signature Select Chocolate Wafer Cookies Acrylamide,heat_generated_contaminants,heat_generated_contaminants
"Grainger Leather Gloves, RN # 123970 Chromium (hexavalent compounds)",heavy_metals,heavy_metals
Swordfish & Ahi Tuna mercury compounds,heavy_metals,heavy_metals
Tool bags Lead,heavy_metals,heavy_metals
"Paul Mitchell soft Style Super Clean Light Finishing Spray, see attached Exhibit 1 for additional items, John Paul Pet Awapoocji shampoo Coconut oil diethanolamine condensate (cocamide diethanolamine)",other_prop65_listed,other_prop65_listed
Chocolate lead compounds,heavy_metals,heavy_metals
Wild Rice Lead,heavy_metals,heavy_metals
Cannisco's Mint Dark Chocolate Bar delta-9-tetrahydrocannabinol,other_prop65_listed,other_prop65_listed
Three Twins Ice Cream 12 Organic Cake Cones Acrylamide,heat_generated_contaminants,heat_generated_contaminants
Bush's Best Canned Baked Beans - Original with Bacon & Brown Sugar (28 oz) mercury compounds,heavy_metals,heavy_metals
Skintimate Coconut Delight Shaving Cream and Gel Diethanolamine,other_prop65_listed,other_prop65_listed
Seastar Sparkle Sunshine & Glitter Bag Di(2-ethylhexyl)phthalate (DEHP),phthalates_plasticizers,phthalates_plasticizers
Nibmor Dark Chocolate Tart Cherry Lead,heavy_metals,heavy_metals
Seaweed Snacks cadmium compounds,heavy_metals,heavy_metals
"Vinyl/PVC Car Phone Mount Suction Cups, Vinyl/PVC Car Phone Mount Suction Cups Di(2-ethylhexyl)phthalate (DEHP)",phthalates_plasticizers,phthalates_plasticizers
"Inflatable Soft Vinyl Balls, Party Hats w/Vinyl Components, Necklaces w/Vinyl Ducks Di(2-ethylhexyl)phthalate",phthalates_plasticizers,phthalates_plasticizers
"Riot Society Panda Rose Drip Mug, Riot Society Sake Set Lead",heavy_metals,heavy_metals
"Upholstered furniture including chairs Tris(1,3-dichloro-2-propyl) phosphate (TDCPP)",other_prop65_listed,other_prop65_listed
Plastics in bags and luggage lead compounds,heavy_metals,heavy_metals
Dried Seaweed Lead,heavy_metals,heavy_metals
Dried Seaweeds Arsenic (inorganic oxides),heavy_metals,heavy_metals
Goode Health Moroccan Chocolate Superfood Nutrition Shake Perfluorooctanoic Acid (PFOA),pfas,pfas
Tools with vinyl grips Di(2-ethylhexyl)phthalate (DEHP),phthalates_plasticizers,phthalates_plasticizers
Glassware Lead,heavy_metals,heavy_metals
Dried Seaweed Lead,heavy_metals,heavy_metals
"Footwear Made With Leather, Vinyl or Imitation Leather Materials Lead",heavy_metals,heavy_metals
nasal sprays Mercury,heavy_metals,heavy_metals
Children's Sandals Di(2-ethylhexyl)phthalate (DEHP),phthalates_plasticizers,phthalates_plasticizers
Spirit Halloween Skeleton Body Paint Makeup Kit Diethanolamine,other_prop65_listed,other_prop65_listed
Jerry Leigh mugs with exterior decorations Lead,heavy_metals,heavy_metals
Reusable shopping bags Lead,heavy_metals,heavy_metals
Wood Treatment Chromium (hexavalent compounds),heavy_metals,heavy_metals
belt wallets Perfluorooctane Sulfonate (PFOS),pfas,pfas
Dried Seaweed cadmium compounds,heavy_metals,heavy_metals
Nalini Originals Woven Bag Di(2-ethylhexyl)phthalate (DEHP),phthalates_plasticizers,phthalates_plasticizers
Vinyl Totes Di(2-ethylhexyl)phthalate (DEHP),phthalates_plasticizers,phthalates_plasticizers
"Hook K series__Suction Cup__Suction Hook Small__Daiso Japan, Suction Cup – With A Hole – 4cm__4 pcs__Daiso Japan, Sponge and Bottle Rack with Suction Cups__Brown Color__Daiso Industries Co. Ltd., Wall Pockets__Calendar– Weekly__52 x 27cm__ Daiso, Wall Pockets__7 Pockets__Basic__Daiso Japan , Wall Hanging Pockets__6 Pockets__Storage Pocket__Size 9.1” x 19.5” __Daiso, Scarf Hanger__Hangs 5pcs__Non – Slip__Daiso Japan, Stylish Hand Strap__19cm__Daiso Japan, Towel Bar__Easy to Attach with included Suction Cups__Loading Capacity up to 500 g__Daiso Japan Di(2-ethylhexyl)phthalate (DEHP)",phthalates_plasticizers,phthalates_plasticizers
"Maxi Health NatureMAX Boost Pea Protein Natural Vanilla Flavor, Maxi Health NatureMAX Boost Pea Protein Natural Chocolate Flavor, Maxi Health D&S Support Weight Management, Maxi Health NatureMAX PLUS Soy Protein Weight Management Natural Strawberry Flavor, Maxi Health NatureMAX PLUS Soy Protein Weight Management Natural Chocolate Flavor lead compounds, Mercury",heavy_metals,heavy_metals
"Environmental Exposures; Occupational Exposures; and Product Exposures (Alcoholic Beverages (bars, mini bars); Swimming Pool/Hot Tubs; Food and Beverage Operations; Automobile Parking Facilities; Kitchen; Fireplaces and Patio Heaters; Valet (shoeshine and dry cleaning delivery); Candles; Matches; Arts & Crafts Supplies and Classes; Sterno Cooking Fuel; Second-hand Smoke and Smokeless Tobacco Products; Cleaning Supplies/Janitorial; Maintenance/Power Tools; Furniture/Furnishings/Window Treatments; Public and Guest Bathrooms; Medical/First Aid Supplies; Internal Combustion (“IC”) Engines, Boilers and other Gas Burning Devices, and Fireplaces; Electronic Equipment, Electric Equipment and Associated Cables Wires and Batteries; Office Supplies and Office Equipment; Hand Tools, Hardware and Brass Keys; and Fertilizers, Soil Amendments, and Pesticides and Herbicides). Tobacco smoke (primary)",other_prop65_listed,other_prop65_listed
Roasted Seaweeds Lead,heavy_metals,heavy_metals
"Colored, Vinyl-Coated Paper Fasteners Lead",heavy_metals,heavy_metals
"Telephone poles Chromium (hexavalent compounds), Chrysene, Creosotes, Dibenz[a,h]anthracene, Hexachlorobenzene, Hexachlorodibenzodioxin, Indeno [1,2,3-cd]pyrene, N-Nitrosodiphenylamine, Pentachlorophenol, Polychlorinated dibenzo-p-dioxins",heavy_metals,heavy_metals
Aromatics Elixir Body Smoother Lotion Diethanolamine,other_prop65_listed,other_prop65_listed
Glass and ceramicware with exterior artwork Cadmium,heavy_metals,heavy_metals
Valves with Handles with Vinyl/PVC Grips Di(2-ethylhexyl)phthalate (DEHP),phthalates_plasticizers,phthalates_plasticizers
Plastic clothing lead compounds,heavy_metals,heavy_metals
Lollicup Receipt Bisphenol S (BPS),bisphenols,bisphenols
Vinyl/PVC Electrical Tape Di(2-ethylhexyl)phthalate (DEHP),phthalates_plasticizers,phthalates_plasticizers
"See Your Stuff Storage Bag, UPC No. 7 66516 14001 1 Di(2-ethylhexyl)phthalate (DEHP)",phthalates_plasticizers,phthalates_plasticizers
travel bags Di(2-ethylhexyl)phthalate (DEHP),phthalates_plasticizers,phthalates_plasticizers
"Hudson Deck Sprayer, UPC No. 0 2992567882, Model No. 67882 Di-isodecyl phthalate (DIDP)",phthalates_plasticizers,phthalates_plasticizers
Handbags with Plastic Components Di(2-ethylhexyl)phthalate (DEHP),phthalates_plasticizers,phthalates_plasticizers
cosmetics bags Di(2-ethylhexyl)phthalate (DEHP),phthalates_plasticizers,phthalates_plasticizers
Metal and Glass Makeup Brush Holders Lead,heavy_metals,heavy_metals
"Environmental Exposures; Occupational Exposures; and Product Exposures (Food and Beverage Operations; Kitchen; Second-hand Smoke and Smokeless Tobacco Products; Cleaning Supplies/Janitorial; Maintenance/Power Tools; Furniture/Furnishings/Window Treatments; Public and Guest Bathrooms; Medical/First Aid Supplies; Internal Combustion (“IC”) Engines, Boilers and other Gas Burning Devices, and Fireplaces; Electronic Equipment, Electric Equipment and Associated Cables Wires and Batteries; Office Supplies and Office Equipment; Hand Tools, Hardware and Brass Keys; and Fertilizers, Soil Amendments, and Pesticides and Herbicides). Tobacco smoke (primary)",other_prop65_listed,other_prop65_listed
Chrono Toys Receipt Bisphenol S (BPS),bisphenols,bisphenols
Children's Backpack Di-n-butyl phthalate (DBP),phthalates_plasticizers,phthalates_plasticizers
Vinyl/PVC wallets Di(2-ethylhexyl)phthalate (DEHP),phthalates_plasticizers,phthalates_plasticizers
Mugs with Colored Artwork or Designs on the Exterior and Tableware with Colored Artwork or Designs on the Exterior lead compounds,heavy_metals,heavy_metals
Transparent Plastic / Vinyl Pouch Di(2-ethylhexyl)phthalate (DEHP),phthalates_plasticizers,phthalates_plasticizers
Vinyl/PVC Cutting Mats Di(2-ethylhexyl)phthalate (DEHP),phthalates_plasticizers,phthalates_plasticizers
Baby Shampoo Formaldehyde (gas),solvents_vocs,solvents_vocs
Divine Exquisitely Smooth Dark Chocolate 85%; UPC: 5274900466 lead compounds,heavy_metals,heavy_metals
Nail polish Toluene,solvents_vocs,solvents_vocs
saddle bags Perfluorooctanoic Acid (PFOA),pfas,pfas
Glass beverage container Lead,heavy_metals,heavy_metals
Ceramic Products Lead,heavy_metals,heavy_metals
San Carlo Wavy Potato Chips Acrylamide,heat_generated_contaminants,heat_generated_contaminants
Glassware with colored artwork or designs on the exterior Lead,heavy_metals,heavy_metals
1/4-Inch x 25-Ft. Gray Vinyl Screen Spline Diisononyl phthalate (DINP),phthalates_plasticizers,phthalates_plasticizers
BWC daily facial lotion SPF 18; UPC: 000056454154 Benzophenone,other_prop65_listed,other_prop65_listed
Little Fish Lead,heavy_metals,heavy_metals
Dazey Shades clutch/purse Di-isodecyl phthalate (DIDP),phthalates_plasticizers,phthalates_plasticizers
Strat – Big Block – Mexican Model – 10.5 mm Lead,heavy_metals,heavy_metals
Wallet Di(2-ethylhexyl)phthalate (DEHP),phthalates_plasticizers,phthalates_plasticizers
Seaweed Lead,heavy_metals,heavy_metals
Crime Scene Investigation Themed Toy Kits w/Fingerprint Powder Asbestos,other_prop65_listed,other_prop65_listed
Hot & Cold Stem for Price Pfister Lead,heavy_metals,heavy_metals
Plastic Waterproof Travel Bags Di(2-ethylhexyl)phthalate (DEHP),phthalates_plasticizers,phthalates_plasticizers
"Kroger Almond Butter Creamy, Kroger Creamy Peanut Butter, Kroger Crunchy Peanut Butter, Kroger Natural Creamy Peanut Butter, Kroger Natural Crunchy Peanut Butter, Kroger Roasted Peanuts & Honey Creamy, Kroger Roasted Peanuts & Honey Crunchy, Kroger Hazelnut Spread with Cocoa Creamy Lead",heavy_metals,heat_generated_contaminants
"Morrocan Sun Travel Tea Palette Titanium dioxide (airborne, unbound particles of respirable size)",food_additives,food_additives
Seasoned Seaweed Cadmium,heavy_metals,heavy_metals
Totally Tiffany Easy 2 Organize Storage System Debra Buddy Bag UPC #855556000154 SKU#SNG09 Di(2-ethylhexyl)phthalate (DEHP),phthalates_plasticizers,phthalates_plasticizers
Dried Seaweed cadmium compounds,heavy_metals,heavy_metals
Vinyl/PVC Greenhouses Di(2-ethylhexyl)phthalate (DEHP),phthalates_plasticizers,phthalates_plasticizers
"Aloha Limited Edition Organic Protein Bar Banana Bread Chocolate Chip Plant-Based Protein, Aloha Organic Protein Bar Almond Butter Cup Plant-Based Protein, Aloha Special Edition Organic Protein Bar The Taro Bar Plant-Based Protein, Aloha Limited Edition Organic Protein Bar Oatmeal Chocolate Chip Plant-Based Protein Cadmium, Lead",heavy_metals,heavy_metals
Vinyl key chains Di(2-ethylhexyl)phthalate,phthalates_plasticizers,phthalates_plasticizers
"Beam Kids All-In-One Greens Superpowder Chocolate Flavor, Beam Kids All-In-One Superpowder Chocolate Chip Cookie Flavor lead compounds",heavy_metals,heavy_metals
Vinyl pencil pouches Lead,heavy_metals,heavy_metals
insulated lunch bags Di-n-butyl phthalate (DBP),phthalates_plasticizers,phthalates_plasticizers
"hardwood charcoal lumps and briquettes Formaldehyde (gas), Soots, tars",solvents_vocs,solvents_vocs
Tape Logic Solid Vinyl Safety Tape 6.0 Mil 1” x 36 yds Black 3/Case T91363PKBL Di(2-ethylhexyl)phthalate (DEHP),phthalates_plasticizers,phthalates_plasticizers
Healthy You Vinyl Coated Yellow 2lb Hexagon Dumbbells Di(2-ethylhexyl)phthalate (DEHP),phthalates_plasticizers,phthalates_plasticizers
Rice Product Lead,heavy_metals,heavy_metals
Vintage Summer Vacay Blue Tote Bag; RN174919; UPC: 817586028041 Di(2-ethylhexyl)phthalate (DEHP),phthalates_plasticizers,phthalates_plasticizers
Kroger Gluten Free Corn & Rice Pasta Blend Rotini Lead,heavy_metals,heavy_metals
Glass beverage container Lead,heavy_metals,heavy_metals
Messenger Bag Di(2-ethylhexyl)phthalate (DEHP),phthalates_plasticizers,phthalates_plasticizers
ceramic cartridges Lead,heavy_metals,heavy_metals
"“Roy Kirkham” mug with exterior decorations (of birds/flowers/butterflies), HomeGoods style #563187 Lead",heavy_metals,heavy_metals
Dakota Makeup Bag Diisononyl phthalate (DINP),phthalates_plasticizers,phthalates_plasticizers
"Talc-containing baby and body powder products, CVS Health Protective Powder Fresh Scent Arsenic (inorganic arsenic compounds)",heavy_metals,heavy_metals
"Bargoose Bedding Protector for Mattress, UPC No. 013838509607 Di(2-ethylhexyl)phthalate (DEHP)",phthalates_plasticizers,phthalates_plasticizers
Polymer Evening Bag Di(2-ethylhexyl)phthalate (DEHP),phthalates_plasticizers,phthalates_plasticizers
"Wallets, handbags, clutches and totes Lead",heavy_metals,heavy_metals
Starbucks Cocoa & Cocoa Nib Cookies Acrylamide,heat_generated_contaminants,heat_generated_contaminants
nasal sprays Mercury,heavy_metals,heavy_metals
Children's clothing Di(2-ethylhexyl)phthalate,phthalates_plasticizers,phthalates_plasticizers
Faux Leather Furniture Lead,heavy_metals,heavy_metals
Aunt Helene Rocks N’ Roll Almond Cookies Acrylamide,heat_generated_contaminants,heat_generated_contaminants
13th and Elm Candy Bowl Lead,heavy_metals,heavy_metals
"Upholstered furniture including chairs Tris(1,3-dichloro-2-propyl) phosphate (TDCPP)",other_prop65_listed,other_prop65_listed
"Sensors with Brass Components, Vinyl Banners Lead",heavy_metals,heavy_metals
"27-in Clear Extruded Vinyl Runner (By-The-Foot), 36-in Gray Extruded Vinyl Runner (By-the-Foot) Di(2-ethylhexyl)phthalate (DEHP)",phthalates_plasticizers,phthalates_plasticizers
Vinyl Rubber Ducks Di(2-ethylhexyl)phthalate,phthalates_plasticizers,phthalates_plasticizers
"Furniture Wax, limited to clear and colored products that are branded, supplied or made by “Briwax International Inc.” Toluene",solvents_vocs,solvents_vocs
Hu Gem Chocolate Vegan Snacks Lead,heavy_metals,heavy_metals
Vinyl Coated Tape Measures Lead,heavy_metals,heavy_metals
"Goblets, Carafe and Goblets Sets and Other Glassware with Colored Artwork or Designs on the Exterior. lead compounds",heavy_metals,heavy_metals
"Buried Treasure, Childrens ACF Advanced Immune Response, UPC#016055456822 lead compounds",heavy_metals,heavy_metals
"Jane and Berry Clear Handbag, D1519 C5442 Di(2-ethylhexyl)phthalate (DEHP)",phthalates_plasticizers,phthalates_plasticizers
Ceramic Mugs With Exterior Designs Lead,heavy_metals,heavy_metals
Vinyl/PVC Arm Bands Di(2-ethylhexyl)phthalate (DEHP),phthalates_plasticizers,phthalates_plasticizers
"Eataly Los Angeles Mug, # 1121088 Lead",heavy_metals,heavy_metals
"Vinyl/PVC Golf Ball Retriever Grips, Vinyl/PVC Bags Di(2-ethylhexyl)phthalate (DEHP)",phthalates_plasticizers,phthalates_plasticizers
Seaweed Lead,heavy_metals,heavy_metals
Potato Chips Thai Taste Mieng Kam Krob Ros Flavor Acrylamide,heat_generated_contaminants,heat_generated_contaminants
Roasted Seaweed Arsenic (inorganic arsenic compounds),heavy_metals,heavy_metals
Glassware Products Lead,heavy_metals,heavy_metals
"Dry Bags, UPC No. 0 25282 39650 4 Di(2-ethylhexyl)phthalate (DEHP)",phthalates_plasticizers,phthalates_plasticizers
"1. Any chocolate, cocoa, or cacao products, including chocolate pieces, callets, bars, nibs, liquors, and confections that contain lead and/or cadmium and are, at any time, manufactured, distributed, or sold by the alleged violator., 2. Nestle Toll House Cocoa (Powder)., 3. Nestle Toll House Dark Chocolate Chips. lead compounds",heavy_metals,heavy_metals
Keeper Vinyl Coated Hooks 10- Pack Di(2-ethylhexyl)phthalate (DEHP),phthalates_plasticizers,phthalates_plasticizers
Working Hands PVC Coated Rubber Glove Diisononyl phthalate (DINP),phthalates_plasticizers,phthalates_plasticizers
Metolius gloves Chromium (hexavalent compounds),heavy_metals,heavy_metals
"Upholstered Chairs with Foam Padding containing Tris(1,3-dichloro-2-propyl) phosphate, Upholstered Chairs with Foam Padding containing Tris(2-chloroethyl) phosphate , Chairs with Vinyl/PVC Upholstery containing Di(2-ethylhexyl)phthalate Tris(2-chloroethyl) phosphate",other_prop65_listed,other_prop65_listed
West Elm Sculpted Snake Salad and Dessert Plate Lead,heavy_metals,heavy_metals
Multi-Surface Wall Mount Suction Cups Di(2-ethylhexyl)phthalate (DEHP),phthalates_plasticizers,phthalates_plasticizers
Bush's Best Baked Beans - Original (16 oz) Acrylamide,heat_generated_contaminants,heat_generated_contaminants
"Crown Prince Natural from Managed Fisheries Boiled Whole Oysters Packed in Water, Crown Prince Natural from Managed Fisheries Naturally Smoked Oysters with Red Chili Peppers Mildly Spiced Hand Packed in Pure Olive Oil , Crown Prince Natural from Managed Fisheries Naturally Smoked Oysters Hand Packed in Pure Olive Oil , Crown Prince Fancy Whole Smoked Oysters in Cottonseed Oil, Crown Prince Natural Wild Caught Smoked Baby Clams Hand Packed in Olive Oil, Ocean Prince Fancy Whole Smoked Oysters with Red Chili Pepper Mildly Spiced , Ocean Prince Cocktail Smoked Oysters in Cottonseed Oil Lead",heavy_metals,heavy_metals
Raw Seaweed Cadmium,heavy_metals,heavy_metals
Abuelita Mexican Style Instant Hot Chocolate Mix - UPC No.: 0-2800052553-8 Lead,heavy_metals,heavy_metals
Taza Chocolate Sea Salt and Almond Organic Dark Chocolate Bar Lead,heavy_metals,heavy_metals
"Foam-Cushioned Pads for Infants and Children to Lie On Tris(1,3-dichloro-2-propyl) phosphate (TDCPP)",other_prop65_listed,other_prop65_listed
Ceramic Mugs with Exterior Designs Lead,heavy_metals,heavy_metals
Fishing Sinker Lead,heavy_metals,heavy_metals
Vinyl coated fasteners Lead,heavy_metals,heavy_metals
Vinyl Hoses Di-n-butyl phthalate (DBP),phthalates_plasticizers,phthalates_plasticizers
My Tagalongs Compass Design Bag Di(2-ethylhexyl)phthalate (DEHP),phthalates_plasticizers,phthalates_plasticizers
"iMoshion Clear PVC Bag ""Style: 66-0005""; SKU # 400185824703 Di(2-ethylhexyl)phthalate (DEHP)",phthalates_plasticizers,phthalates_plasticizers
Glass Bottles with Exterior Decoration Lead,heavy_metals,heavy_metals
matoen Fishing Egg Bullet Rig Sinkers Angling Lead Weight Split Shot Box Lead,heavy_metals,heavy_metals
Ceramic Containers with Exterior Artwork Lead,heavy_metals,heavy_metals
Vinyl/PVC Greenhouse Covers Di(2-ethylhexyl)phthalate (DEHP),phthalates_plasticizers,phthalates_plasticizers
Rubie's Costume Clear Vinyl Storage Cases Di(2-ethylhexyl)phthalate (DEHP),phthalates_plasticizers,phthalates_plasticizers
"Studio-Ready 6 Oz Cannonball Weight; SKU10283, Studio-Ready Dungeon Master Locks ¾”; SKU10283 lead compounds",heavy_metals,heavy_metals
"Environmental Exposures; Occupational Exposures; and Product Exposures (Alcoholic Beverages (bars, mini bars); Swimming Pool/Hot Tubs; Food and Beverage Operations; Automobile Parking Facilities; Kitchen; Matches; Second-hand Smoke and Smokeless Tobacco Products; Cleaning Supplies/Janitorial; Maintenance/Power Tools; Furniture/Furnishings/Window Treatments; Public and Guest Bathrooms; Medical/First Aid Supplies; Internal Combustion (“IC”) Engines, Boilers and other Gas Burning Devices, and Fireplaces; Electronic Equipment, Electric Equipment and Associated Cables Wires and Batteries; Office Supplies and Office Equipment; Hand Tools, Hardware and Brass Keys; and Fertilizers, Soil Amendments, and Pesticides and Herbicides). Tobacco smoke (primary)",other_prop65_listed,other_prop65_listed
Specially Selected Shrimp Creamy Garlic & Spinach Lead,heavy_metals,heavy_metals
"Upholstered furniture including ottomans Tris(1,3-dichloro-2-propyl) phosphate (TDCPP)",other_prop65_listed,other_prop65_listed
GEM White Wood Bedding Shavings Wood dust,other_prop65_listed,other_prop65_listed
Laura Ashley Under The Bed Storage Bag in Almeida Item # D496245S Di-isodecyl phthalate (DIDP),phthalates_plasticizers,phthalates_plasticizers
"cases of nail polish sets, bit holders in tool sets Di(2-ethylhexyl)phthalate (DEHP)",phthalates_plasticizers,phthalates_plasticizers
Upholstered furniture including ottomans Tris(2-chloroethyl) phosphate,other_prop65_listed,other_prop65_listed
"Electrical Test Kits with Vinyl/PVC Wires, Vinyl/PVC Electrical Tape, Voltage Testers with Vinyl/PVC Cords, Hand tools & parts (wrenches, soldering irons, torches/lighters and pocket knives with plastic grips), Interior hardware and supplies (plastic tapes, adhesives, hinges and mounts), Fasteners (nuts, bolts and O-rings), Apparel, eyewear and accessories (vinyl safety gloves, camo gear, safety glasses and dust masks), Tableware (indoor and outdoor glassware and utensils such as plastic spatulas, knives and tumblers), Lighting and electrical equipment (chip-on-board lights and electrical switches with plastic components), Cell phone accessories (plastic cases, screen protectors and chargers) Lead",heavy_metals,heavy_metals
Vinyl/PVC Charms Di(2-ethylhexyl)phthalate (DEHP),phthalates_plasticizers,phthalates_plasticizers
The Vintage Cosmetic Company Makeup Bag Di(2-ethylhexyl)phthalate (DEHP),phthalates_plasticizers,phthalates_plasticizers
Snow Peak gloves Chromium (hexavalent compounds),heavy_metals,heavy_metals
Children's backpacks Di(2-ethylhexyl)phthalate,phthalates_plasticizers,phthalates_plasticizers
The Professional Fitness Lifting Gloves Di(2-ethylhexyl)phthalate (DEHP),phthalates_plasticizers,phthalates_plasticizers
Seaweed Snacks and Seaweed Chips Cadmium,heavy_metals,heavy_metals
Color Changing Nail Polish Di-n-butyl phthalate (DBP),phthalates_plasticizers,phthalates_plasticizers
"Maxi Health NatureMAX Plus Soy Protein Weight Management Natural Vanilla Flavor, Maxi Health NatureMAX Energize Whey Protein Weight Management Natural Vanilla Flavor, Maxi Health Max Energee Abundant Energy Super Whole Food Blend, Maxi Health Maxi Active Lax Digestion & Absorption Cleansing Formula, Maxi Health NatureMAX Energize Whey Protein Weight Management Natural Chocolate Flavor lead compounds",heavy_metals,heavy_metals
Three Ladies Brand Black Glutinous Rice Lead,heavy_metals,heavy_metals
Mister Landscaper 1/4-in x 30-ft Vinyl Drip Irrigation Distribution Tubing Diisononyl phthalate (DINP),phthalates_plasticizers,phthalates_plasticizers
"KOS, Organic Plant Protein Chocolate Peanut Butter Flavored, UPC#850015510489 Lead",heavy_metals,heavy_metals
Pond Nets with Vinyl/PVC Handle Grips Di(2-ethylhexyl)phthalate (DEHP),phthalates_plasticizers,phthalates_plasticizers
Candy lead compounds,heavy_metals,heavy_metals
Dried Seaweed Lead,heavy_metals,heavy_metals
Crispy Seaweed Lead,heavy_metals,heavy_metals
Nori Seaweed Lead,heavy_metals,heavy_metals
"Fish, specifically albacore tuna, salmon, cod, sole and halibut. mercury compounds",heavy_metals,heavy_metals
"Smokeless tobacco 3-(N-Nitrosomethylamino) propionitrile, 4-(N-Nitrosomethylamino)-1-(3-pyridyl)1-butanone, Acetaldehyde",heat_generated_contaminants,other_prop65_listed
Vinyl document holders Di(2-ethylhexyl)phthalate (DEHP),phthalates_plasticizers,phthalates_plasticizers
Yellow Glass Candle Holder SKU 26544458 UPC None Lead,heavy_metals,heavy_metals
Fuel Pump Nozzles with Vinyl Covers Di(2-ethylhexyl)phthalate (DEHP),phthalates_plasticizers,phthalates_plasticizers
Glassware lead compounds,heavy_metals,heavy_metals
Rope bags Di(2-ethylhexyl)phthalate (DEHP),phthalates_plasticizers,phthalates_plasticizers
"LBD Protective Clothing PVC Rain Suit, Style No. 9835 Di(2-ethylhexyl)phthalate (DEHP)",phthalates_plasticizers,phthalates_plasticizers
Get Cultured Baked Rice Chips Sweet Chili Garlic Lead,heavy_metals,heavy_metals
"Halloween Costumes containing one or more of the chemicals listed herein., Halloween Costume Accessories, specifically wigs, masks, gloves, footwear, belts, bags, hats, costume props, hosiery, weapons and jewelry intended to accessorize a costume (but excluding makeup) containing one or more of the chemicals listed herein. lead compounds",heavy_metals,solvents_vocs
"Bath Soap, Shampoo 1,4-Dioxane",other_prop65_listed,other_prop65_listed
H&M Home Animal Print Mug Lead,heavy_metals,heavy_metals
Gloves Made With Leather Materials Chromium (hexavalent compounds),heavy_metals,heavy_metals
Childrens Toys Lead,heavy_metals,heavy_metals
Nature’s Intent Dark Chocolate Covered Dried Fruit- Pineapples Lead,heavy_metals,heavy_metals
Ceramic containers with Exterior Artwork Lead,heavy_metals,heavy_metals
Holiday Pie Plate Lead,heavy_metals,heavy_metals
floral mugs Lead,heavy_metals,heavy_metals
Hearing Protection with Vinyl/PVC Ear Cushions Diisononyl phthalate (DINP),phthalates_plasticizers,phthalates_plasticizers
"hose nozzles, sprinklers, sprinkler supports and bases, wands, shower heads, sprayers, hose couplings, connectors, quick connects, caps, converters, valves lead compounds",heavy_metals,heavy_metals
"Aerospace facility its salts, N-Nitrosodimethylamine, Toluene, Trichloroethylene",heat_generated_contaminants,heat_generated_contaminants
Delta Cannabis Water- Blood Orange delta-9-tetrahydrocannabinol,other_prop65_listed,other_prop65_listed
Roasted Seaweed cadmium compounds,heavy_metals,heavy_metals
Taokaenoi Toasted Seaweed cadmium compounds,heavy_metals,heavy_metals
Hose Bibb Lock Model #DSL-1 UPC186552000108 Lead,heavy_metals,heavy_metals
Tools with vinyl grips Di(2-ethylhexyl)phthalate (DEHP),phthalates_plasticizers,phthalates_plasticizers
"Belt, Handbag Lead",heavy_metals,heavy_metals
Furniture products Formaldehyde (gas),solvents_vocs,solvents_vocs
"Blend Mineral Cosmetics Pure Pigment Eyeshadow - Ultramine Blue Titanium dioxide (airborne, unbound particles of respirable size)",food_additives,food_additives
Ashland Pink and Red Strip Ceramic Container Lead,heavy_metals,heavy_metals
Cold Stem for American Standard lead compounds,heavy_metals,heavy_metals
"Easter Mug, UPC # 1 95511 05179 2 Lead",heavy_metals,heavy_metals
cabinet doors with leaded glass and leaded glass inserts and other similar glass doors lead compounds,heavy_metals,heavy_metals
"VMi Sports Greens + Reds Dragon Fruit Naturally Flavored, VMi Sports Natural Protolyte Electrolytes + Enzymes Plant Protein Chocolate Peanut Butter Natural Flavors, Vmi Sports Natural Protolyte Electrolytes + Enzymes Plant Protein Vanilla Peanut Butter Natural Flavors, VMi Sports Greens + Reds Peach Iced Tea Naturally Flavored, VMi Natural Protolyte Electrolytes + Enzymes Plant Protein Vanilla Cake Batter Natural Flavors, VMi Natural Protolyte Electrolytes + Enzymes Plant Protein Chocolate Fudge Cookie Natural Flavors, VMi Sports Major Mass Lean Mass Gainer Apple Pie a la Mode Natural Flavors, VMi Sports Major Mass Lean Mass Gainer Marshmallow Charms Natural Flavors, VMi Sports Major Mass Lean Mass Gainer Chocolate Milkshake Natural Flavors lead compounds",heavy_metals,heavy_metals
Crossbody Bag with PVC Components Di(2-ethylhexyl)phthalate (DEHP),phthalates_plasticizers,phthalates_plasticizers
Roasted Seaweed Cadmium,heavy_metals,heavy_metals
"NATIONAL- BEEF BIRYANI, NATIONAL- ACHAR GOSHT, NATIONAL- BIHARI KABAB, NATIONAL- BIRYANI, NATIONAL- CHAPLI KABAB, NATIONAL- DAAL MAKHNI, NATIONAL- CELHI NIHARI , NATIONAL- CURRY POWDER, NATIONAL- DAIHGI DANEDAR HALEEM, NATIONAL- GARAM MASALA, NATIONAL- HALEEM, NATIONAL- KOFTA, NATIONAL- LAHORI FISH, NATIONAL- MALAI TIKKA, NATIONAL- MASALEDAR BOMBAY BIRYANI, NATIONAL- MUTTON BIRYANI, NATIONAL- PALAK GOSHT, NATIONAL- SEEKH KABAB, NATIONAL- SINDHI BIRYANI, NATIONAL- TURMERIC POWDER, NATIONAL- QUICK COOK HALEEM , NATIONAL- QUORMA, NATIONAL- VEGETABLE BOMBAY BIRYANI, NATIONAL- VEGETABLE PULAO, NATIONAL- WHITE KARAHI Lead",heavy_metals,heavy_metals
"Upholstered furniture including chairs Tris(1,3-dichloro-2-propyl) phosphate (TDCPP)",other_prop65_listed,other_prop65_listed
"Hodo, Vegan All-Day Egg Scramble, UPC# 850565007408, Hodo, Adobo Mexican Crumbles, UPC#850565007293 Lead",heavy_metals,heavy_metals
"Colored, Vinyl-Coated Paper Fasteners Lead",heavy_metals,heavy_metals
"progesterone creams and gels, firewood, fire logs and fire starters mildly treated oils",other_prop65_listed,other_prop65_listed
nasal sprays Mercury,heavy_metals,heavy_metals
Glass Measuring Cups with Exterior Designs Lead,heavy_metals,heavy_metals
Fishing Sinker Lead,heavy_metals,heavy_metals
Pond's Cold Cream Make-Up Remover Deep Cleanser Diethanolamine,other_prop65_listed,other_prop65_listed
Floral Ceramic Bird Statue Lead,heavy_metals,heavy_metals
Danielle® Creations Holographic Compact Mirror D9040HMNR Upper Canada Company UPC: 064323209892 Di(2-ethylhexyl)phthalate (DEHP),phthalates_plasticizers,phthalates_plasticizers
Health Valley Organic Cream of Mushroom Soup Lead,heavy_metals,heavy_metals
Glassware Lead,heavy_metals,heavy_metals
Glassware and Ceramic Products Cadmium,heavy_metals,heavy_metals
"Environmental Exposures; Occupational Exposures; and Product Exposures (Food and Beverage Operations; Automobile Parking Facilities; Equipment Maintenance; Matches; Second-hand Smoke and Smokeless Tobacco Products; Cleaning Supplies/Janitorial; Maintenance/Power Tools; Furniture/Furnishings/Window Treatments; Public and Guest Bathrooms; Medical/First Aid Supplies; Internal Combustion (“IC”) Engines, Boilers and other Gas Burning Devices, and Fireplaces; Electronic Equipment, Electric Equipment and Associated Cables Wires and Batteries; Office Supplies and Office Equipment; Hand Tools, Hardware and Brass Keys; and Fertilizers, Soil Amendments, and Pesticides and Herbicides). Tobacco smoke (primary)",other_prop65_listed,other_prop65_listed
Vinyl Valve Handle Sleeves Di(2-ethylhexyl)phthalate (DEHP),phthalates_plasticizers,phthalates_plasticizers
Glassware and Ceramicware Products Lead,heavy_metals,heavy_metals
"Ceramic Easter Bunny, UPC# 4 81058 71710 0 Lead",heavy_metals,heavy_metals
"Garden of Life Raw Protein Beyond Organic - Protein Formula Chocolate Cacao Flavor, Garden of Life Raw Protein Beyond Organic - Protein Formula Original Flavor, Garden of Life Perfect Food Raw Organic Green - Super Food Chocolate Cacao Flavor, Garden of Life Raw Meal Beyond Organic Snack and Meal Replacement Vanilla Spiced Chai Flavor Lead",heavy_metals,heavy_metals
Glassware with exterior artwork Lead,heavy_metals,heavy_metals
Fermitif Neck Renewal Cream Broad Spectrum SPF 15 Diethanolamine,other_prop65_listed,other_prop65_listed
Vinyl Journal Covers Di(2-ethylhexyl)phthalate (DEHP),phthalates_plasticizers,phthalates_plasticizers
"Environmental Exposures; Occupational Exposures; and Product Exposures (Kitchen; Second-hand Smoke and Smokeless Tobacco Products; Cleaning Supplies/Janitorial; Maintenance/Power Tools; Furniture/Furnishings/Window Treatments; Public and Guest Bathrooms; Medical/First Aid Supplies; Internal Combustion (“IC”) Engines, Boilers and other Gas Burning Devices, and Fireplaces; Electronic Equipment, Electric Equipment and Associated Cables Wires and Batteries; Office Supplies and Office Equipment; Hand Tools, Hardware and Brass Keys; and Fertilizers, Soil Amendments, and Pesticides and Herbicides). Tobacco smoke (primary)",other_prop65_listed,other_prop65_listed
Vinyl/PVC Syringes Di(2-ethylhexyl)phthalate (DEHP),phthalates_plasticizers,phthalates_plasticizers
"Vinyl/PVC Backpacks, Vinyl/PVC Headphone Components Di(2-ethylhexyl)phthalate (DEHP)",phthalates_plasticizers,phthalates_plasticizers
Rice Arsenic (inorganic oxides),heavy_metals,heavy_metals
Dried Seaweed Arsenic (inorganic arsenic compounds),heavy_metals,heavy_metals
Glass and ceramicware with exterior artwork Lead,heavy_metals,heavy_metals
Polytar Shampoo used engine oils),other_prop65_listed,other_prop65_listed
"Rilakkuma Bear Bag, UPC#4525636230806 Di(2-ethylhexyl)phthalate (DEHP)",phthalates_plasticizers,phthalates_plasticizers
"Environmental Exposures; Occupational Exposures; and Product Exposures (Swimming Pool/Hot Tubs; Food and Beverage Operations; Automobile Parking Facilities; Hotel Transportation Vehicles; Kitchen; Candles; Matches; Second-hand Smoke and Smokeless Tobacco Products; Cleaning Supplies/Janitorial; Maintenance/Power Tools; Furniture/Furnishings/Window Treatments; Public and Guest Bathrooms; Medical/First Aid Supplies; Internal Combustion (“IC”) Engines, Boilers and other Gas Burning Devices, and Fireplaces; Electronic Equipment, Electric Equipment and Associated Cables Wires and Batteries; Office Supplies and Office Equipment; Hand Tools, Hardware and Brass Keys; and Fertilizers, Soil Amendments, and Pesticides and Herbicides). Tobacco smoke (primary)",other_prop65_listed,other_prop65_listed
Nestle’s Rich Milk Chocolate Hot Cocoa Mix Lead,heavy_metals,heavy_metals
Bath Basket with Suction Cups Di(2-ethylhexyl)phthalate (DEHP),phthalates_plasticizers,phthalates_plasticizers
Glassware and Ceramic Products Lead,heavy_metals,heavy_metals
"Courtly Check Candlestick, Medium Lead",heavy_metals,heavy_metals
Children's Bath Toys Di(2-ethylhexyl)phthalate,phthalates_plasticizers,phthalates_plasticizers
Glassware Products Lead,heavy_metals,heavy_metals
Harney & Son's Chocolate Mint Flavored Black Tea UPC3604631619 Lead,heavy_metals,heavy_metals
Dried Seaweed Cadmium,heavy_metals,heavy_metals
Chairs with vinyl seats Di(2-ethylhexyl)phthalate (DEHP),phthalates_plasticizers,phthalates_plasticizers
Artisan Handcrafted Indonesian Singing Bowl and Mortar Lead,heavy_metals,heavy_metals
Purse Diisononyl phthalate (DINP),phthalates_plasticizers,phthalates_plasticizers
Makeup Sponges Di(2-ethylhexyl)phthalate (DEHP),phthalates_plasticizers,phthalates_plasticizers
"Kashi Sales, LLC Organic Honey Cinnamon Cereal Acrylamide",heat_generated_contaminants,heat_generated_contaminants
"Valve Handles with Vinyl/PVC Grips Di(2-ethylhexyl)phthalate, Di(2-ethylhexyl)phthalate (DEHP)",phthalates_plasticizers,phthalates_plasticizers
Ceramic beverage containers Lead,heavy_metals,heavy_metals
"Conagra, Swiss Miss Simply Cocoa, UPC#070920472331 lead compounds",heavy_metals,heavy_metals
Dried Seaweed cadmium compounds,heavy_metals,heavy_metals
Shellfish Cadmium,heavy_metals,heavy_metals
"Lasplash Cosmetics Golden Gatsby Glam Eyeshadow Palette Titanium dioxide (airborne, unbound particles of respirable size)",food_additives,food_additives
"G&F Products Dark Owl High Visibility Reflective Gloves, UPC# 899324002179 Chromium (hexavalent compounds)",heavy_metals,heavy_metals
Vinyl/PVC Zipper Pulls for Eyewear Cases Di(2-ethylhexyl)phthalate (DEHP),phthalates_plasticizers,phthalates_plasticizers
Soaps Mercury,heavy_metals,heavy_metals
"Seats with Vinyl Upholstery, Hoses Di-isodecyl phthalate (DIDP)",phthalates_plasticizers,phthalates_plasticizers
"Nunn Care Cleansing Cream, Crema La Milagrosa Cleansing Cream, La Tia Nana Crema Limpiadora mercury compounds",heavy_metals,heavy_metals
Lead fishing weights Lead,heavy_metals,heavy_metals
Glassware lead compounds,heavy_metals,heavy_metals
Suave aloe soothing lotion Diethanolamine,other_prop65_listed,other_prop65_listed
Oven Dried Jeprox Fish Lead,heavy_metals,heavy_metals
Vinyl/PVC Travel Game Bags Di(2-ethylhexyl)phthalate (DEHP),phthalates_plasticizers,phthalates_plasticizers
Bags with Vinyl/PVC Components Diisononyl phthalate (DINP),phthalates_plasticizers,phthalates_plasticizers
"Foam-Cushioned Upholstered Furniture Tris(1,3-dichloro-2-propyl) phosphate (TDCPP)",other_prop65_listed,other_prop65_listed
Bovano Clear Tote with Flower pattern inner bag SKU_400262337898000599; UPC_None Di(2-ethylhexyl)phthalate (DEHP),phthalates_plasticizers,phthalates_plasticizers
nasal sprays Mercury,heavy_metals,heavy_metals
Chloe Alexis Tote Bags Di-n-butyl phthalate (DBP),phthalates_plasticizers,phthalates_plasticizers
Vinyl tool grips Di(2-ethylhexyl)phthalate (DEHP),phthalates_plasticizers,phthalates_plasticizers
Tech Cargo pants Perfluorooctanoic Acid (PFOA),pfas,pfas
"Vinyl/PVC Holiday Door Decorations, Ceramic and Glass Drinking Vessels with Exterior Designs Lead",heavy_metals,heavy_metals
Cosmetics bags Di(2-ethylhexyl)phthalate (DEHP),phthalates_plasticizers,phthalates_plasticizers
Zrike Brands Pet Mug Lead,heavy_metals,heavy_metals
Hangers with Vinyl Components Di(2-ethylhexyl)phthalate (DEHP),phthalates_plasticizers,phthalates_plasticizers
dark chocolate Lead,heavy_metals,heavy_metals
"Elite Golf Glove, UPC# 0 49565 28221 6 Chromium (hexavalent compounds)",heavy_metals,heavy_metals
Glassware w/ Exterior Artwork Lead,heavy_metals,heavy_metals
Seaweed lead compounds,heavy_metals,heavy_metals
Vinyl-Coated Cables Di(2-ethylhexyl)phthalate (DEHP),phthalates_plasticizers,phthalates_plasticizers
6 Pack Gift Wrap Bag with Handles; ASIN: B07NW7WP9X Di(2-ethylhexyl)phthalate (DEHP),phthalates_plasticizers,phthalates_plasticizers
Vinyl/PVC Bags Diisononyl phthalate (DINP),phthalates_plasticizers,phthalates_plasticizers
Ceramic Mugs With Exterior Designs Lead,heavy_metals,heavy_metals
Tumblers and Other Glassware with Colored Designs on the Exterior (containing lead) lead compounds,heavy_metals,heavy_metals
Dried Seaweed Lead,heavy_metals,heavy_metals
Dennis Vinyl Stair Treads Diisononyl phthalate (DINP),phthalates_plasticizers,phthalates_plasticizers
candy Lead,heavy_metals,heavy_metals
Plum Organics Little Teethers Organic Multigrain Teething Wafers - Banana with Pumpkin (3.17 oz) Acrylamide,heat_generated_contaminants,heat_generated_contaminants
Vinyl rainwear Di(2-ethylhexyl)phthalate (DEHP),phthalates_plasticizers,phthalates_plasticizers
Tai Kae Seaweed Lead,heavy_metals,heavy_metals
"Hand Soap Yardley London English Lavender UPC 041840829277, Shampoo Design Essentials Anti Itch Shampoo UPC 875408004185, Shampoo Borghese Modena UPC 855844003034, Shampoo Bed Head Brunette Goddess UPC 09174448173, Shampoo J beverly hill Fragile color safe, Soap Kinerase Gentle Daily Cleanser UPC 301870416022, Shampoo Daily Protein Shampoo UPC 838364004262, Shampoo Herbavita Line Normalizing Shampoo UPC 666248001324, Shampoo Daily Protein Shampoo UPC 838364004262 Diethanolamine",other_prop65_listed,other_prop65_listed
American Moving Supplies gloves Diisononyl phthalate (DINP),phthalates_plasticizers,phthalates_plasticizers
Vinyl/PVC Pen Pouches Di(2-ethylhexyl)phthalate (DEHP),phthalates_plasticizers,phthalates_plasticizers
Rice Cadmium,heavy_metals,heavy_metals
Oxygen Cylinder Shoulder Bags (With vinyl windows) Di(2-ethylhexyl)phthalate (DEHP),phthalates_plasticizers,phthalates_plasticizers
Ceramic Crocks With Exterior Designs Lead,heavy_metals,heavy_metals
"Seaweed Crisps Arsenic (inorganic oxides), Cadmium",heavy_metals,heavy_metals
Soaps Mercury,heavy_metals,heavy_metals
Condoms N-Nitrosodiethylamine,heat_generated_contaminants,heat_generated_contaminants
Seaweed Snacks lead compounds,heavy_metals,heavy_metals
"Soft Vinyl Balls, Children's Vinyl Backpacks Di(2-ethylhexyl)phthalate",phthalates_plasticizers,phthalates_plasticizers
Seaweed Snack cadmium compounds,heavy_metals,heavy_metals
"IDRYBAG Dry Bags for Kayaking Waterproof, C2G Legrand Flush Cutters Di(2-ethylhexyl)phthalate (DEHP)",phthalates_plasticizers,phthalates_plasticizers
"Tent Fabric Tris(1,3-dichloro-2-propyl) phosphate (TDCPP)",other_prop65_listed,other_prop65_listed
EGO Edger Blade Bag Di(2-ethylhexyl)phthalate (DEHP),phthalates_plasticizers,phthalates_plasticizers
"Waste Bag Dispensers Di(2-ethylhexyl)phthalate, Di(2-ethylhexyl)phthalate (DEHP)",phthalates_plasticizers,phthalates_plasticizers
Plastic Crossbody Bags Diisononyl phthalate (DINP),phthalates_plasticizers,phthalates_plasticizers
Canned Processed Pork Products Bisphenol A (BPA),bisphenols,bisphenols
"160 West Living 6 Piece Sheet Set (clear plastic zippered container), SKU: 400254396360, Betty Boop Black Sliders Sandals, SKU: 400262214113, Nameless Black Small Bag in Clear Stadium Bag with Gold Cat Shaped Handles (clear plastic bag), SKU: 400252381429, Large Brown Purse with Silver Details, SKU: 400258774492 Di(2-ethylhexyl)phthalate (DEHP)",phthalates_plasticizers,phthalates_plasticizers
Field & Stream brand of bags including CEH01902 Di(2-ethylhexyl)phthalate (DEHP),phthalates_plasticizers,phthalates_plasticizers
Atlas Vinylove Glove Diisononyl phthalate (DINP),phthalates_plasticizers,phthalates_plasticizers
Yvonne Ellen Teapot & Mug Set Lead,heavy_metals,heavy_metals
Vinyl/PVC Sprayer Hoses Di(2-ethylhexyl)phthalate (DEHP),phthalates_plasticizers,phthalates_plasticizers
Shellfish Lead,heavy_metals,heavy_metals
"IT Cosmetics Bye Bye Pores Pressed - Translucent Tan/Rich Titanium dioxide (airborne, unbound particles of respirable size)",food_additives,food_additives
Coco + Lola Bowl Set Lead,heavy_metals,heavy_metals
Nori Seaweed Lead,heavy_metals,heavy_metals
Upholstered furniture including chairs Tris(2-chloroethyl) phosphate,other_prop65_listed,other_prop65_listed
Ortho Max Malathion Insect Spray Concentrate Malathion,pesticides,pesticides
"Colored, Vinyl-Coated Paper Fasteners Lead",heavy_metals,heavy_metals
Aloha Organic Protein Powder Chocolate Lead,heavy_metals,heavy_metals
"Gray Bunny Inc. GB Home Collections Vinyl Coated Ceiling Hook, Pack of 5, White Di(2-ethylhexyl)phthalate (DEHP)",phthalates_plasticizers,phthalates_plasticizers
Children's Inflatable Toys Di(2-ethylhexyl)phthalate,phthalates_plasticizers,phthalates_plasticizers
Ceramic Lead,heavy_metals,heavy_metals
Vinyl/PVC Storage Bags Di(2-ethylhexyl)phthalate (DEHP),phthalates_plasticizers,phthalates_plasticizers
Trader Joe’s Baby Red Lettuce & Baby Arugula Cadmium,heavy_metals,heavy_metals
"Rainbow Light Chocolate Protein Energizer, and other similar products Cadmium",heavy_metals,heavy_metals
Umbrellas with Polymer Canopy Diisononyl phthalate (DINP),phthalates_plasticizers,phthalates_plasticizers
"VEGA Essential Protein Creamy Chocolate, UPC: 838766001388 Lead",heavy_metals,heavy_metals
Seaweed lead compounds,heavy_metals,heavy_metals
Glassware with Exterior Artwork Lead,heavy_metals,heavy_metals
Glass beverage container Lead,heavy_metals,heavy_metals
Great American Seafood Crab & Seafood Cakes Lead,heavy_metals,heavy_metals
Discharge into a source of drinking water - Dominguez Canal. Benzene,solvents_vocs,heat_generated_contaminants
Candy Lead,heavy_metals,heavy_metals
Shellfish lead compounds,heavy_metals,heavy_metals
Cococare Shea Butter Cream Diethanolamine,other_prop65_listed,other_prop65_listed
"Geisha, Fancy Smoked Baby Clams, UPC#71140007006 Perfluorooctane Sulfonate (PFOS)",pfas,pfas
Lead bag seals Lead,heavy_metals,heavy_metals
"Environmental Exposures; Occupational Exposures; and Product Exposures (Swimming Pool/Hot Tubs; Food and Beverage Operations; Automobile Parking Facilities; Kitchen; Valet (shoeshine and dry cleaning delivery); Candles; Matches; Arts & Crafts Supplies and Classes; Sterno Cooking Fuel; Second-hand Smoke and Smokeless Tobacco Products; Cleaning Supplies/Janitorial; Maintenance/Power Tools; Furniture/Furnishings/Window Treatments; Public and Guest Bathrooms; Medical/First Aid Supplies; Internal Combustion (“IC”) Engines, Boilers and other Gas Burning Devices, and Fireplaces; Electronic Equipment, Electric Equipment and Associated Cables Wires and Batteries; Office Supplies and Office Equipment; Hand Tools, Hardware and Brass Keys; and Fertilizers, Soil Amendments, and Pesticides and Herbicides). Tobacco smoke (primary)",other_prop65_listed,other_prop65_listed
Plastic Wallet Di(2-ethylhexyl)phthalate (DEHP),phthalates_plasticizers,phthalates_plasticizers
Mirrors with Suction Cups Di(2-ethylhexyl)phthalate (DEHP),phthalates_plasticizers,phthalates_plasticizers
VOS All Purpose bag/tote Diisononyl phthalate (DINP),phthalates_plasticizers,phthalates_plasticizers
Cirrus Bagless Cyclonic Upright Vacuum Hose Diisononyl phthalate (DINP),phthalates_plasticizers,phthalates_plasticizers
Ceramic and Glassware Products Lead,heavy_metals,heavy_metals
Bottled water Chloroform,other_prop65_listed,other_prop65_listed
nasal sprays Mercury,heavy_metals,heavy_metals
Glass and ceramic products Lead,heavy_metals,heavy_metals
Seaweed Snacks Lead,heavy_metals,heavy_metals
"LTH Vegan Protein Limited Edition Naturally Flavored Raspberry-Lemon Cake, LTH Vegan Protein Naturally Flavored Chocolate with Other Natural Flavors Vital, LTH Grass-Fed Collagen Peptides Naturally Flavored Chocolate with other natural flavors Prime, LTH Grass-Fed Collagen Peptides Naturally Flavored Vanilla with Other Natural Flavors Prime Lead",heavy_metals,heavy_metals
Sunday Golf Bag Di(2-ethylhexyl)phthalate (DEHP),phthalates_plasticizers,phthalates_plasticizers
zipper wallets Diisononyl phthalate (DINP),phthalates_plasticizers,phthalates_plasticizers
Gift Set Bag Di(2-ethylhexyl)phthalate (DEHP),phthalates_plasticizers,phthalates_plasticizers
"Greens First The Original Dream Protein Caramel Cappuccino Vegan, Greens First The Original Greens Powder Peach Mango, Greens First Rice Fiber First 885mg, Greens First Pro Dream Protein Plant-Based 14 grams of Vegan Protein Per Serving Vanilla Dream, Greens First Lean Protein 5 Plus Chocolate 21 grams of protein, Greens First Lean Protein 5 Plus Vanilla 21 grams of protein Lead",heavy_metals,heavy_metals
"Consumer Progesterone & Testosterone Creams, Gels and/or Lotion Products Testosterone enanthate",other_prop65_listed,other_prop65_listed
Candles mineral oils (untreated,other_prop65_listed,other_prop65_listed
Cinsa Morelia Mug Lead,heavy_metals,heavy_metals
Breakfast cereals Acrylamide,heat_generated_contaminants,heat_generated_contaminants
Ocean Reef Bag Di(2-ethylhexyl)phthalate (DEHP),phthalates_plasticizers,phthalates_plasticizers
The Cosmetics Company Store Receipt Bisphenol S (BPS),bisphenols,bisphenols
makeup kit pouches Di(2-ethylhexyl)phthalate (DEHP),phthalates_plasticizers,phthalates_plasticizers
Annie Chun's Peanut Sesame Noodle Bowl Cadmium,heavy_metals,heavy_metals
vinyl bedding storage cases Diisononyl phthalate (DINP),phthalates_plasticizers,phthalates_plasticizers
Black Paper Party Plush in Mug Lead,heavy_metals,heavy_metals
Water Bottle Bisphenol A (BPA),bisphenols,bisphenols
Brain Fabricate Space Explorer figurine Lead,heavy_metals,heavy_metals
Clear Handbag Diisononyl phthalate (DINP),phthalates_plasticizers,phthalates_plasticizers
Ceramic Pots with Exterior Designs Lead,heavy_metals,heavy_metals
"Environmental Exposures; Occupational Exposures; and Product Exposures (Alcoholic Beverages (bars, mini bars); Swimming Pool/Hot Tubs; Food and Beverage Operations; Automobile Parking Facilities; Hotel Transportation Vehicles; Kitchen; Valet (shoeshine and dry cleaning delivery); Matches; Second-hand Smoke and Smokeless Tobacco Products; Cleaning Supplies/Janitorial; Maintenance/Power Tools; Furniture/Furnishings/Window Treatments; Public and Guest Bathrooms; Medical/First Aid Supplies; Internal Combustion (“IC”) Engines, Boilers and other Gas Burning Devices, and Fireplaces; Electronic Equipment, Electric Equipment and Associated Cables Wires and Batteries; Office Supplies and Office Equipment; Hand Tools, Hardware and Brass Keys; and Fertilizers, Soil Amendments, and Pesticides and Herbicides). Tobacco smoke (primary)",other_prop65_listed,other_prop65_listed
"Fire starter bricks, firelogs and firewood mildly treated oils",other_prop65_listed,other_prop65_listed
Cocoa Powder Cadmium,heavy_metals,heavy_metals
Roasted Seaweed Cadmium,heavy_metals,heavy_metals
Dried Seaweed lead compounds,heavy_metals,heavy_metals
nasal sprays mercury compounds,heavy_metals,heavy_metals
"Hi-Vinyl Leg Tips, UPC No. 0 39003 19205 4 Di(2-ethylhexyl)phthalate (DEHP)",phthalates_plasticizers,phthalates_plasticizers
Dixie Ultra bowls Perfluorooctane Sulfonate (PFOS),pfas,pfas
Wallet with Plastic Components Di(2-ethylhexyl)phthalate (DEHP),phthalates_plasticizers,phthalates_plasticizers
"Basics Collection Cosmetic Bag, 8760003 Di(2-ethylhexyl)phthalate (DEHP)",phthalates_plasticizers,phthalates_plasticizers
Market Pantry White Enriched Round Top Bread Acrylamide,heat_generated_contaminants,heat_generated_contaminants
bed canopies Di(2-ethylhexyl)phthalate (DEHP),phthalates_plasticizers,phthalates_plasticizers
Dried Seaweed lead compounds,heavy_metals,heavy_metals
Silvadur PurDefense Bag Di(2-ethylhexyl)phthalate (DEHP),phthalates_plasticizers,phthalates_plasticizers
"Electronic accessory products: cleaners, degreasers, defluxes, confromal and protective coatings, lubricants and adhesives. lead compounds",heavy_metals,solvents_vocs
Glass Beaker Measuring Cups With Exterior Designs Lead,heavy_metals,heavy_metals
Lead bag seals Lead,heavy_metals,heavy_metals
Stationary Packs/Kits with Vinyl Components Lead,heavy_metals,heavy_metals
PAGODA Cream Cheese Wontons Lead,heavy_metals,heavy_metals
"Tent/Shelter Fabrics Tris(1,3-dichloro-2-propyl) phosphate (TDCPP)",other_prop65_listed,other_prop65_listed
Wallet Diisononyl phthalate (DINP),phthalates_plasticizers,phthalates_plasticizers
Trader Joe’s – Crystallized Candied Ginger lead compounds,heavy_metals,heavy_metals
Met-Rx meal replacement extreme chocolate lead compounds,heavy_metals,heavy_metals
Wood Treatment Chromium (hexavalent compounds),heavy_metals,heavy_metals
Pillowfort Star Canister Lead,heavy_metals,heavy_metals
Baby Bibs Di(2-ethylhexyl)phthalate,phthalates_plasticizers,phthalates_plasticizers
"Baseball Sports Bag with Bat, Balls and Glove, Sporting Toys Di(2-ethylhexyl)phthalate",phthalates_plasticizers,phthalates_plasticizers
dog mugs Lead,heavy_metals,heavy_metals
Eucalyptus Memory Foam Pillow Bags Di(2-ethylhexyl)phthalate (DEHP),phthalates_plasticizers,phthalates_plasticizers
Comfort Lab 10lb. Weighted Blanket Bag Di(2-ethylhexyl)phthalate (DEHP),phthalates_plasticizers,phthalates_plasticizers
Dan-D Pack Roasted Almonds Hickory Smoke Acrylamide,heat_generated_contaminants,heat_generated_contaminants
Yellow Plastic Exterior of Handbag Di(2-ethylhexyl)phthalate (DEHP),phthalates_plasticizers,phthalates_plasticizers
Walnut Acres Organic Baked Beans - Maple & Onion (15 oz) Acrylamide,heat_generated_contaminants,heat_generated_contaminants
"Vega, Premium All-In-One Nutrition - Berry, UPC#838766004815, Vega, Premium Protein + Supergreens - Creamy Vanilla, UPC#838766001425 lead compounds",heavy_metals,heavy_metals
Holiday Gift Set Mug Lead,heavy_metals,heavy_metals
Roasted Seaweed cadmium compounds,heavy_metals,heavy_metals
Simple Truth Organic Canned Yellow Cling Sliced Peaches Mercury,heavy_metals,heavy_metals
"Fly Racing Street Mini Tank Bag - Clear Plastic, UPC#191361022104 Di(2-ethylhexyl)phthalate (DEHP)",phthalates_plasticizers,phthalates_plasticizers
PerCara baby lotion Diethanolamine,other_prop65_listed,other_prop65_listed
Vinyl/PVC Zipper Bags Di(2-ethylhexyl)phthalate (DEHP),phthalates_plasticizers,phthalates_plasticizers
crossbody bags Di(2-ethylhexyl)phthalate (DEHP),phthalates_plasticizers,phthalates_plasticizers
Alvarado St. Bakery Whole Wheat Sliced Bread Acrylamide,heat_generated_contaminants,heat_generated_contaminants
4x6 Photo Opening – polished Metal Lead,heavy_metals,heavy_metals
Mise En Scene Hello Bubble Cream Hair Color Dye Kit Diethanolamine,other_prop65_listed,other_prop65_listed
"jelly sandals, pump sprayers Di-n-butyl phthalate (DBP)",phthalates_plasticizers,phthalates_plasticizers
"Christmas Mug “Joy To The World”, Be Merry Espresso Set Mug Lead",heavy_metals,heavy_metals
"good vibes mugs, plant lady mugs Lead",heavy_metals,heavy_metals
"Traeger Hickory BBQ Pellets, Traeger Mesquite BBQ Pellets, Traeger Alder BBQ Pellets, Traeger Maple BBQ Pellets, Traeger Cherry BBQ Pellets, Traeger Apple BBQ Pellets, Traeger Pecan BBQ Pellets, Traeger Gourmet Blend BBQ Pellets Wood dust",other_prop65_listed,other_prop65_listed
Handbag with PVC Components Di(2-ethylhexyl)phthalate (DEHP),phthalates_plasticizers,phthalates_plasticizers
Secondhand Tobacco Smoke; Furnishings and Electrical Components; Food and Beverage Service; Transportation-related Exposures; Environmental Exposures; Occupational Exposures; and Consumer Product Exposures Tobacco smoke (primary),other_prop65_listed,other_prop65_listed
Bibs Di(2-ethylhexyl)phthalate,phthalates_plasticizers,phthalates_plasticizers
"Dried Seaweed Arsenic (inorganic oxides), Cadmium",heavy_metals,heavy_metals
"Air emissions at Santa Susana and Canoga Park facilities Vinyl trichloride (1,1,2-Trichloroethane)",other_prop65_listed,solvents_vocs
Seaweed Salad Mix Cadmium,heavy_metals,heavy_metals
Glassware and Ceramic Products Cadmium,heavy_metals,heavy_metals
Glassware Lead,heavy_metals,heavy_metals
Seaweed Chips cadmium compounds,heavy_metals,heavy_metals
Elemis The Skinny Confidential cosmetic case Di-isodecyl phthalate (DIDP),phthalates_plasticizers,phthalates_plasticizers
Vinyl/PVC Cosmetic Cases Di(2-ethylhexyl)phthalate (DEHP),phthalates_plasticizers,phthalates_plasticizers
Canned Escargot Cadmium,heavy_metals,heavy_metals
Viewtainer candy container Diisononyl phthalate (DINP),phthalates_plasticizers,phthalates_plasticizers
Seasoned Seaweed Cadmium,heavy_metals,heavy_metals
ApotheCARE Essentials phyto young eye cream Diethanolamine,other_prop65_listed,other_prop65_listed
Global Beauty VITAMIN C EXTRACT MAKEUP CLEANSING WIPES Diethanolamine,other_prop65_listed,other_prop65_listed
Nadex coin purse Di(2-ethylhexyl)phthalate (DEHP),phthalates_plasticizers,phthalates_plasticizers
Dalinda lunch bags Perfluorooctanoic Acid (PFOA),pfas,pfas
Seaweed cadmium compounds,heavy_metals,heavy_metals
"Upholstered furniture including children's carseats Tris(1,3-dichloro-2-propyl) phosphate (TDCPP)",other_prop65_listed,other_prop65_listed
Dried Seaweed Cadmium,heavy_metals,heavy_metals
"Fireplace wood, packaged kindling, pellet fuel and pellet firestarters Formaldehyde (gas), Furan, Indeno [1,2,3-cd]pyrene, Soots, tars",solvents_vocs,solvents_vocs
Dried Sea Mustard Seaweed cadmium compounds,heavy_metals,heavy_metals
Hedo Shave Cream Diethanolamine,other_prop65_listed,other_prop65_listed
"Talc-containing body, baby, and foot powder products, DG Baby Baby Powder, DG Body Shower & Bath Body Powder, DG Body Medicated Body Powder, Rexall Foot Powder, Rexall Medicated Foot Powder Chromium (hexavalent compounds), Lead, Lead",heavy_metals,heavy_metals
Pho Souper Noodle Bowl Rice Noodle Hot Lead,heavy_metals,heavy_metals
Vinyl Ab Mats Di(2-ethylhexyl)phthalate (DEHP),phthalates_plasticizers,phthalates_plasticizers
Vinyl Rosary Cases Di(2-ethylhexyl)phthalate (DEHP),phthalates_plasticizers,phthalates_plasticizers
Vinyl bedding storage cases Diisononyl phthalate (DINP),phthalates_plasticizers,phthalates_plasticizers
"bettergoods Mexican Tuna Salad Bowls, Chunk Light Tuna Perfluorooctane Sulfonate (PFOS)",pfas,pfas
Tote bags Di-n-butyl phthalate (DBP),phthalates_plasticizers,phthalates_plasticizers
Wonderful Roasted & Salted Almonds Acrylamide,heat_generated_contaminants,heat_generated_contaminants
Ceramic Vases With Exterior Designs Lead,heavy_metals,heavy_metals
Classic Fashion handbags Di(2-ethylhexyl)phthalate (DEHP),phthalates_plasticizers,phthalates_plasticizers
Dried Seaweed Cadmium,heavy_metals,heavy_metals
Vinyl-coated storage & utility hooks Di(2-ethylhexyl)phthalate (DEHP),phthalates_plasticizers,phthalates_plasticizers
Boulder Canyon Hickory Barbeque Chips Acrylamide,heat_generated_contaminants,heat_generated_contaminants
Fishing Sinker Lead,heavy_metals,heavy_metals
Thick Cut Seaweed lead compounds,heavy_metals,heavy_metals
Ceramic Baking Dishes With Exterior Decorations Lead,heavy_metals,heavy_metals
Leaded glassware Lead,heavy_metals,heavy_metals
Bristol Farms Chocolate Bar Dark Raspberry Hibiscus Lead,heavy_metals,heavy_metals
Wrenches With Vinyl Grip Di(2-ethylhexyl)phthalate (DEHP),phthalates_plasticizers,phthalates_plasticizers
Various oils and lubricants mildly treated oils,other_prop65_listed,other_prop65_listed
Vinyl/PVC Dustpan Grips Di(2-ethylhexyl)phthalate (DEHP),phthalates_plasticizers,phthalates_plasticizers
Ascent Battery Supply Vinyl Charge & Sync Cables Diisononyl phthalate (DINP),phthalates_plasticizers,phthalates_plasticizers
Fish Paste lead compounds,heavy_metals,heavy_metals
Mr. Bubble Children foam soap Diethanolamine,other_prop65_listed,other_prop65_listed
Seaweed Snack Foods Lead,heavy_metals,heavy_metals
"Nutrient Survival Protein Shake, Creamy Vanilla Lead",heavy_metals,heavy_metals
Brushed Brass Cabinet Pulls Lead,heavy_metals,heavy_metals
Mindspace organizer bag Di(2-ethylhexyl)phthalate (DEHP),phthalates_plasticizers,phthalates_plasticizers
Ceramic Mugs Lead,heavy_metals,heavy_metals
"Upholstered furniture including chairs Tris(1,3-dichloro-2-propyl) phosphate (TDCPP)",other_prop65_listed,other_prop65_listed
"Fried Squid, Roasted Squid, Dried Shrimp, Fried Baby Crab cadmium compounds",heavy_metals,heavy_metals
"Underbed Storage Bag , Extra Large Hanging Crystal Clear Over Door Shoe Organizers Di(2-ethylhexyl)phthalate (DEHP)",phthalates_plasticizers,phthalates_plasticizers
Lindt Excellence 85% Cocoa Extra Dark Chocolate Bar Lead,heavy_metals,heavy_metals
Dried Seaweed lead compounds,heavy_metals,heavy_metals
Roasted Seaweed lead compounds,heavy_metals,heavy_metals
Toddler Girl first purse set Di-isodecyl phthalate (DIDP),phthalates_plasticizers,phthalates_plasticizers
"Metal and Glass Candle Holders, Metal and Glass Terrariums Lead",heavy_metals,heavy_metals
Wander Beauty cosmetic set Di(2-ethylhexyl)phthalate (DEHP),phthalates_plasticizers,phthalates_plasticizers
"Hair shampoo, Bodywash 1,4-Dioxane",other_prop65_listed,other_prop65_listed
Delta Brands Personal Care Shave Cream – Extra Thick Nitrous oxide,other_prop65_listed,other_prop65_listed
"Halloween Costume Accessories, specifically wigs, masks, gloves, footwear, belts, bags, hats, costume props, hosiery, weapons and jewelry intended to accessorize a costume (but excluding makeup) containing one or more of the chemicals listed herein. Lead",heavy_metals,solvents_vocs
Vinyl/PVC Footwear Di(2-ethylhexyl)phthalate (DEHP),phthalates_plasticizers,phthalates_plasticizers
Metal and Glass Candle Holders Lead,heavy_metals,heavy_metals
Soft food and beverage containers lead compounds,heavy_metals,heavy_metals
packaging for eye shadow Di(2-ethylhexyl)phthalate (DEHP),phthalates_plasticizers,phthalates_plasticizers
"Weber Firespice Apple Wood Chips , Weber Firespice Cherry Wood Chips , Weber Firespice Hickory Wood Chips , Weber Firespice Pecan Wood Chips , Weber Firespice Apple Wood Chunks , Weber Firespice Cherry Wood Chunks , Weber Firespice Hickory Wood Chunks , Weber Firespice Pecan Wood Chunks , Weber Firespice Mesquite Wood Chunks Wood dust",other_prop65_listed,other_prop65_listed
Proud Grill Company Yellowstone BBQ & Utility Glove Chromium (hexavalent compounds),heavy_metals,heavy_metals
"Deep Original Plantain Chips, Bansi Plantain Chips Acrylamide",heat_generated_contaminants,heat_generated_contaminants
Travel Bottle & Tube Sets with Vinyl Cases Di(2-ethylhexyl)phthalate,phthalates_plasticizers,phthalates_plasticizers
Pet Bag Di(2-ethylhexyl)phthalate (DEHP),phthalates_plasticizers,phthalates_plasticizers
Blanching Baskets with Vinyl Grips Di(2-ethylhexyl)phthalate (DEHP),phthalates_plasticizers,phthalates_plasticizers
Osari Seaweed Lead,heavy_metals,heavy_metals
Furniture products Benzene,solvents_vocs,solvents_vocs
"Gillette Pro Sensitive Shave Gel, Pure Venus Deep Sea Minerals Shave Cream, Gillette Satin Care Irritation Defense, Gillette Foamy Sensitive Shave Foam, Gillette Series Soothing Shave Gel, Gillette Venus Invigorating Shave Gel, Gillette Foamy Regular Shave Gel, Gillette Labs Rapid Foaming Shave Gel Diethanolamine",other_prop65_listed,other_prop65_listed
French-Fried Potatoes Sold Under the Season's Choice Brand Acrylamide,heat_generated_contaminants,heat_generated_contaminants
"Padded armrests and other vinyl upholstered components used for wheelchairs, Grips and other vinyl upholstered components used for wheelchairs, Wheelchairs with padded armrests and/or other accessible vinyl components, Rollators with accessible vinyl upholstered components Diisononyl phthalate (DINP)",phthalates_plasticizers,phthalates_plasticizers
Fishing Sinker Lead,heavy_metals,heavy_metals
First Aid Beauty Ultra Repair Cream Bundle Diethanolamine,other_prop65_listed,other_prop65_listed
"Upholstered furniture Tris(1,3-dichloro-2-propyl) phosphate (TDCPP)",other_prop65_listed,other_prop65_listed
Mugs With Exterior Designs Lead,heavy_metals,heavy_metals
"Vinyl balls, Vinyl backpacks, Vinyl coated string, Vinyl coated measuring tape Di(2-ethylhexyl)phthalate",phthalates_plasticizers,phthalates_plasticizers
"Yum Earth, Organic Licorice Black, UPC#810165019003 lead compounds",heavy_metals,heavy_metals
Seaweed lead compounds,heavy_metals,heavy_metals
Reusable Beach Bag Diisononyl phthalate (DINP),phthalates_plasticizers,phthalates_plasticizers
Glassware Cadmium,heavy_metals,heavy_metals
Clear Vinyl Storage Bags Di(2-ethylhexyl)phthalate (DEHP),phthalates_plasticizers,phthalates_plasticizers
Seaweed Snacks and Seaweed Chips cadmium compounds,heavy_metals,heavy_metals
Pimpernel “Poppy De Villeneuve” Mug Lead,heavy_metals,heavy_metals
"Vinyl/PVC Ear Plug Cords, Safety Vests with Vinyl/PVC Components Di(2-ethylhexyl)phthalate (DEHP)",phthalates_plasticizers,phthalates_plasticizers
"Lang, Service Tool pliers with vinyl-coated grips Di-isodecyl phthalate (DIDP)",phthalates_plasticizers,phthalates_plasticizers
MAC COSMETICS Studio Fix 24-Hour Smooth Wear Concealer Diethanolamine,other_prop65_listed,other_prop65_listed
"Footwear Made With Leather, Vinyl or Imitation Leather Materials Lead",heavy_metals,heavy_metals
Salted Seaweed Cadmium,heavy_metals,heavy_metals
Ceramic Containers with Exterior Artwork Lead,heavy_metals,heavy_metals
Face Cream Mercury,heavy_metals,heavy_metals
Trader Joe’s Veggie & Flaxseed Corn Tortilla Chips Acrylamide,heat_generated_contaminants,heat_generated_contaminants
Wallet with Plastic Components Di(2-ethylhexyl)phthalate (DEHP),phthalates_plasticizers,phthalates_plasticizers
JUCFHY Vinyl Tablecloths Di(2-ethylhexyl)phthalate (DEHP),phthalates_plasticizers,phthalates_plasticizers
"Shoe polish products Acetaldehyde, Benzene",solvents_vocs,solvents_vocs
BCL - Momo Puri Moist Barrier Cream Diethanolamine,other_prop65_listed,other_prop65_listed
Bully Tools Pro-Grade Flooring Scraper UPC735390913004 Di(2-ethylhexyl)phthalate (DEHP),phthalates_plasticizers,phthalates_plasticizers
vinyl coated dumbbell set Di(2-ethylhexyl)phthalate (DEHP),phthalates_plasticizers,phthalates_plasticizers
wallets Di(2-ethylhexyl)phthalate (DEHP),phthalates_plasticizers,phthalates_plasticizers
Dried Seaweed cadmium compounds,heavy_metals,heavy_metals
Ready to Eat Cereals Acrylamide,heat_generated_contaminants,heat_generated_contaminants
Ceramicware with Exterior Designs Lead,heavy_metals,heavy_metals
7 Packs Transparent Waterproof Cosmetic Bag Di(2-ethylhexyl)phthalate (DEHP),phthalates_plasticizers,phthalates_plasticizers
"Seaweed Chips, Raw Seaweed cadmium compounds",heavy_metals,heavy_metals
Vinyl key covering Di(2-ethylhexyl)phthalate,phthalates_plasticizers,phthalates_plasticizers
sealants and lubricants mineral oils (untreated,other_prop65_listed,other_prop65_listed
Baggallini bag/case/organizer Di-isodecyl phthalate (DIDP),phthalates_plasticizers,phthalates_plasticizers
Glassware Lead,heavy_metals,heavy_metals
"Stickie Bandits, Happy Face Wallet, Item No.: 444117, UPC: 44411760001 Diisononyl phthalate (DINP)",phthalates_plasticizers,phthalates_plasticizers
"Dried Seaweed Arsenic (inorganic oxides), Cadmium",heavy_metals,heavy_metals
Vinyl Coated Kettlebell Di(2-ethylhexyl)phthalate (DEHP),phthalates_plasticizers,phthalates_plasticizers
Glass beverage container Lead,heavy_metals,heavy_metals
Gloves Made with Leather Materials Chromium (hexavalent compounds),heavy_metals,heavy_metals
Roasted Seaweed lead compounds,heavy_metals,heavy_metals
Freezrflex All Climate Vinyl Electrical Tape. Lead,heavy_metals,heavy_metals
Dried Seaweed Knots Lead,heavy_metals,heavy_metals
"Cinnabon Cinnamon Bread, 16 oz Acrylamide",heat_generated_contaminants,heat_generated_contaminants
"umbrellas, bags, wallets Di(2-ethylhexyl)phthalate (DEHP)",phthalates_plasticizers,phthalates_plasticizers
"skin-lightening, whitening, and/or brightening cosmetics containing 1 ppm or more mercury or mercury compounds, Crave Sparkling Glow Beauty Cream, Crema la Milagrosa, Face Fresh Gold Beauty Cream, Hi Glow Beauty Cream, Seven Herbal Ubtan Cream, White Gold Anti-Marks Cream mercury compounds",heavy_metals,heavy_metals
Stethoscopes with Vinyl/PVC Tubing Di(2-ethylhexyl)phthalate (DEHP),phthalates_plasticizers,phthalates_plasticizers
Pokemon Mug Lead,heavy_metals,heavy_metals
Vinyl tool grips Lead,heavy_metals,heavy_metals
Jack's Surfboards bag Di(2-ethylhexyl)phthalate (DEHP),phthalates_plasticizers,phthalates_plasticizers
"F&F flourescent workwear, leather wallets Diisononyl phthalate (DINP)",phthalates_plasticizers,phthalates_plasticizers
Shellfish lead compounds,heavy_metals,heavy_metals
"Wallets, handbags, belts Di(2-ethylhexyl)phthalate (DEHP)",phthalates_plasticizers,phthalates_plasticizers
Go Macro Macrobar White Chocolate + Macadamia Nuts Lead,heavy_metals,heavy_metals
Vinyl/PVC Aprons Diisononyl phthalate (DINP),phthalates_plasticizers,phthalates_plasticizers
Dried Seaweed Knots lead compounds,heavy_metals,heavy_metals
Fried or Baked Potato or Sweet Potato Based Snack Foods Acrylamide,heat_generated_contaminants,heat_generated_contaminants
grilling gloves Perfluorooctanoic Acid (PFOA),pfas,pfas
"North American Neck Tension Air Cushion, Model # JB8121 Di(2-ethylhexyl)phthalate (DEHP)",phthalates_plasticizers,phthalates_plasticizers
"elephant mugs, nature mugs, best life mugs Lead",heavy_metals,heavy_metals
Seaweed Crisps lead compounds,heavy_metals,heavy_metals
Glassware with Exterior Artwork Lead,heavy_metals,heavy_metals
"Footwear Made With Leather, Vinyl or Imitation Leather Materials Lead",heavy_metals,heavy_metals
Flott – Baby Clams lead compounds,heavy_metals,heavy_metals
can openers Di(2-ethylhexyl)phthalate (DEHP),phthalates_plasticizers,phthalates_plasticizers
Shellfish Lead,heavy_metals,heavy_metals
"Belts Made With Leather, Vinyl or Imitation Leather Materials Lead",heavy_metals,heavy_metals
Rice Arsenic (inorganic arsenic compounds),heavy_metals,heavy_metals
stadium crossbody bags Di(2-ethylhexyl)phthalate (DEHP),phthalates_plasticizers,phthalates_plasticizers
Cholesterol Free White Bread Acrylamide,heat_generated_contaminants,heat_generated_contaminants
Libby's - Canned Corn - Whole Kernel Sweet (15.25 oz) Bisphenol A (BPA),bisphenols,bisphenols
"Belts, Apparel including gloves and headwear, Charms and zipper pulls Di(2-ethylhexyl)phthalate (DEHP)",phthalates_plasticizers,phthalates_plasticizers
"Moira Waterproof Setting Powder Soft Focus Foundation Makeup Concealer - 400 Titanium dioxide (airborne, unbound particles of respirable size)",food_additives,food_additives
"Candles, Soaps and Other Aromatics w/Decorative Metal Lead",heavy_metals,heavy_metals
Insulated 36 Can Cooler Tote Di(2-ethylhexyl)phthalate (DEHP),phthalates_plasticizers,phthalates_plasticizers
Cerra Travel Mug Lead,heavy_metals,heavy_metals
Beatrix Potter Peter Rabbit Ceramic Egg Cups Lead,heavy_metals,heavy_metals
Vinyl/PVC ID Holder Components Di(2-ethylhexyl)phthalate (DEHP),phthalates_plasticizers,phthalates_plasticizers
Glassware with colored artwork or designs on the exterior Lead,heavy_metals,heavy_metals
Great Value™ Vanilla Creme Wafer Cookies Acrylamide,heat_generated_contaminants,heat_generated_contaminants
WTC Glass Ghost Can Sipper Lead,heavy_metals,heavy_metals
Kamado Ceramic Grill mineral oils (coal tar),other_prop65_listed,other_prop65_listed
“Killin It” Skull Mug Lead,heavy_metals,heavy_metals
Glassware with artwork or designs on the exterior lead compounds,heavy_metals,heavy_metals
My Gourmet tuna salad Mercury,heavy_metals,heavy_metals
Montezuma’s Royal Mint Chocolate Bar Cadmium,heavy_metals,heavy_metals
Ceramic Plates with Decoration Lead,heavy_metals,heavy_metals
Roasted Seaweed lead compounds,heavy_metals,heavy_metals
Clear Storage Bags Di(2-ethylhexyl)phthalate (DEHP),phthalates_plasticizers,phthalates_plasticizers
Nakkas Ceramic Mug Lead,heavy_metals,heavy_metals
Annie Chun's Peanut Sesame Noodle Bowl Cadmium,heavy_metals,heavy_metals
Children's vinyl bags Di(2-ethylhexyl)phthalate,phthalates_plasticizers,phthalates_plasticizers
Black Diamond Charwood mineral oils (coal tar),other_prop65_listed,other_prop65_listed
Bunny Love Mug Lead,heavy_metals,heavy_metals
"Bristol Farms, Dark Chocolate Almonds, UPC#797299004825, Bristol Farms, Dark Chocolate Espresso Beans, UPC#797299004870 , Bristol Farms, Low Sugar Mangos, UPC#204619907518 Lead",heavy_metals,heavy_metals
crossbody bags Di(2-ethylhexyl)phthalate (DEHP),phthalates_plasticizers,phthalates_plasticizers
Animal Crackers Acrylamide,heat_generated_contaminants,heat_generated_contaminants
Waterproof Phone Bags Di(2-ethylhexyl)phthalate (DEHP),phthalates_plasticizers,phthalates_plasticizers
Ceramic Treat Jars With With Exterior Designs Lead,heavy_metals,heavy_metals
"Furniture Wax, limited to clear and colored products that are branded, supplied or made by “Briwax International Inc.” Toluene",solvents_vocs,solvents_vocs
Seasoned Seaweed Lead,heavy_metals,heavy_metals
"Vinyl tool grips, Vinyl key covers Di(2-ethylhexyl)phthalate (DEHP)",phthalates_plasticizers,phthalates_plasticizers
Roasted Seaweed Lead,heavy_metals,heavy_metals
Rice Lead,heavy_metals,heavy_metals
Lourdes Mexican Food Receipt Bisphenol S (BPS),bisphenols,bisphenols
yellow plaid mugs Lead,heavy_metals,heavy_metals
Peach Clear Cosmetic Bag Diisononyl phthalate (DINP),phthalates_plasticizers,phthalates_plasticizers
Vinyl/PVC Gloves Di(2-ethylhexyl)phthalate (DEHP),phthalates_plasticizers,phthalates_plasticizers
NRS Kilt Nylon Small Deck Bag Di(2-ethylhexyl)phthalate (DEHP),phthalates_plasticizers,phthalates_plasticizers
Nail polish Toluene,solvents_vocs,solvents_vocs
Ceramicware Products Cadmium,heavy_metals,heavy_metals
Ceramic Tableware Lead,heavy_metals,heavy_metals
"Identification Tags with Vinyl/PVC Windows, Sewing Kits with Vinyl Pouches Diisononyl phthalate (DINP)",phthalates_plasticizers,phthalates_plasticizers
Ceramicware With Decorations Lead,heavy_metals,heavy_metals
"Nasal sprays, ointments and eye care products Mercury",heavy_metals,heavy_metals
Suave Advanced Therapy Body Lotion Diethanolamine,other_prop65_listed,other_prop65_listed
"Zula slides, blush wallets Di(2-ethylhexyl)phthalate (DEHP)",phthalates_plasticizers,phthalates_plasticizers
Swordfish (cooked) mercury compounds,heavy_metals,heavy_metals
Masterbuilt smoker and grill products with vinyl latch covers Diisononyl phthalate (DINP),phthalates_plasticizers,phthalates_plasticizers
Ceramic Products Lead,heavy_metals,heavy_metals
Tract Wallet Diisononyl phthalate (DINP),phthalates_plasticizers,phthalates_plasticizers
"Ocean's Halo, Big Noodle Bowl Vegan Chicken, UPC#811670030446, Ocean's Halo, Big Noodle Bowl Vegan Beef, UPC#811670030453 Lead",heavy_metals,heavy_metals
Glass beverage container Lead,heavy_metals,heavy_metals
Baby Cuttlefish Cadmium,heavy_metals,heavy_metals
"Tools with Vinyl/PVC Grips Di(2-ethylhexyl)phthalate, Di(2-ethylhexyl)phthalate (DEHP)",phthalates_plasticizers,phthalates_plasticizers
"Seaweed Chips, Raw Seaweed Lead",heavy_metals,heavy_metals
Shopping bags Lead,heavy_metals,heavy_metals
Chairs with Vinyl/PVC Upholstery containing Di(2-ethylhexyl)phthalate Di(2-ethylhexyl)phthalate (DEHP),phthalates_plasticizers,phthalates_plasticizers
"Personal Care Products in Powder Form (e.g., makeup, sunscreen, acrylic nail systems) Titanium dioxide (airborne, unbound particles of respirable size)",food_additives,food_additives
Vinyl/PVC Sprayer Hoses Di(2-ethylhexyl)phthalate (DEHP),phthalates_plasticizers,phthalates_plasticizers
Blocksurf Gear bag Di(2-ethylhexyl)phthalate (DEHP),phthalates_plasticizers,phthalates_plasticizers
Seaweed Crisps Lead,heavy_metals,heavy_metals
"Shan, Fried Fish, UPC#8882100914 Lead",heavy_metals,heavy_metals
Upholstered furniture including stools Tris(2-chloroethyl) phosphate,other_prop65_listed,other_prop65_listed
Ceramic Mugs With Exterior Designs Lead,heavy_metals,heavy_metals
Walnut Acres Organic Baked Beans (15 oz) Acrylamide,heat_generated_contaminants,heat_generated_contaminants
"Upholstered furniture Tris(1,3-dichloro-2-propyl) phosphate (TDCPP)",other_prop65_listed,other_prop65_listed
Glassware Products Cadmium,heavy_metals,heavy_metals
Shellfish Cadmium,heavy_metals,heavy_metals
"Wallets, Handbags, Purses and Clutches Made with Leather, Vinyl or Imitation Leather Materials Lead",heavy_metals,heavy_metals
Crossbody Purse; UPC: 840611163875; 9854446; Item: 19248M Di(2-ethylhexyl)phthalate (DEHP),phthalates_plasticizers,phthalates_plasticizers
"Shampoo and Liquid Soaps Such as Hand Soap, Body Wash and Bubble Bath Coconut oil diethanolamine condensate (cocamide diethanolamine)",other_prop65_listed,other_prop65_listed
Gelson’s Dark Chocolate 72%; UPC: 5002329300 lead compounds,heavy_metals,heavy_metals
Mugs With Exterior Designs Lead,heavy_metals,heavy_metals
PowerBar Performance Energy Bar Chocolate Lead,heavy_metals,heavy_metals
Children's Vinyl Toys Di(2-ethylhexyl)phthalate,phthalates_plasticizers,phthalates_plasticizers
Novelty Clip-Ons with Vinyl/PVC Components Di(2-ethylhexyl)phthalate (DEHP),phthalates_plasticizers,phthalates_plasticizers
Shellfish lead compounds,heavy_metals,heavy_metals
"Spray On Sunscreens Titanium dioxide (airborne, unbound particles of respirable size)",food_additives,food_additives
Cookware Di(2-ethylhexyl)phthalate (DEHP),phthalates_plasticizers,phthalates_plasticizers
Vinyl Coated Hangers Di(2-ethylhexyl)phthalate (DEHP),phthalates_plasticizers,phthalates_plasticizers
Dried Seaweed lead compounds,heavy_metals,heavy_metals
Bettergoods Gluten Free Mexican Casserole Lead,heavy_metals,heavy_metals
Vinyl/PVC Tote Bags Di(2-ethylhexyl)phthalate (DEHP),phthalates_plasticizers,phthalates_plasticizers
Bush's Best Canned Baked Beans - Original with Bacon & Brown Sugar (28 oz) Mercury,heavy_metals,heavy_metals
Milk-Based Powder Infant Formula with Iron Lead,heavy_metals,heavy_metals
lead coinbag seals lead compounds,heavy_metals,heavy_metals
Seaweed Chips cadmium compounds,heavy_metals,heavy_metals
"HLTH Code, Complete Meal - Creamy Vanilla, UPC#860003320617, HLTH Code, Complete Meal (Plant Based) - Vanilla, UPC#860003320631 lead compounds",heavy_metals,heavy_metals
"Ronstan Boat Bag, UPC No. 9 316800 407125 Diisononyl phthalate (DINP)",phthalates_plasticizers,phthalates_plasticizers
Lily's Extra Dark Chocolate 70%; UPC: 856481003197 Lead,heavy_metals,heavy_metals
Trader Joe's Dry Roasted & Salted Almonds Acrylamide,heat_generated_contaminants,heat_generated_contaminants
Ceramic Mugs with Exterior Designs Lead,heavy_metals,heavy_metals
"White Flexible Pvc Vinyl Vent Duct Hose, 4 in. x 8 ft. Di(2-ethylhexyl)phthalate (DEHP)",phthalates_plasticizers,phthalates_plasticizers
Metal and Glass Candle Holders Lead,heavy_metals,heavy_metals
"Chomperz, Crunchy Seaweed Chips Original, UPC#811201020205, Chomperz, Crunchy Seaweed Chips Onion, UPC#811201020212, Chomperz, Crunchy Seaweed Chips Barbecue, UPC#811201020229, Chomperz, Crunchy Seaweed Chips Jalapeno, UPC#811201020236 Lead",heavy_metals,heavy_metals
Roasted Seaweed cadmium compounds,heavy_metals,heavy_metals
Vinyl/PVC Tool Grips Di(2-ethylhexyl)phthalate (DEHP),phthalates_plasticizers,phthalates_plasticizers
Various oils and lubricants mineral oils (untreated,other_prop65_listed,other_prop65_listed
Gourmet Bottle; Glassware Lead,heavy_metals,heavy_metals
"Dark Chocolate Bar, 88% Cacao, which is manufactured, distributed and/or sold in California by Endangered Species Chocolates [lead], Organic & Fairly Traded Dark Chocolate Bar, Ecuador, 65% Cacao, which is manufactured, distributed and/or sold in California by Equal Exchange, Inc. [cadmium], Dark Chocolate Bar, 80% Cacao, which is manufactured, distributed and/or sold in California by Madecasse, LLC [lead], Dark Chocolate for Baking Bar, 85% Cacao, which is manufactured, distributed and/or sold in California by Theo Chocolate, Inc. [lead and cadmium], Smoked Salt Super Dark Bar, 80% Cacao, which is manufactured, distributed and/or sold in California by Vosges Haut-Chocolat [lead], Ritter Sport Fine Extra Dark Chocolate Bar, 73% Cacao, which is manufactured, distributed and/or sold in California by Alfred Ritter GmbH & Co. KG [cadmium], Chocolat Stella Noir Extra Dark Chocolate Bar, Costa Rica, 75% Cacao, which is manufactured, distributed and/or sold in California by Chocolat Bernrain AG [cadmium], Cocoa liquor WA/Peru, 100% Cacao, which is manufactured, distributed and/or sold in California by Fuchs & Hoffman GmbH [lead and cadmium], Pascha Organic Dark Chocolate Chips, Bitter-Sweet, 85% Cacao, which is manufactured, distributed and/or sold in California by Machu Picchu Foods SAC [cadmium], Schmerling’s of Switzerland Extra Dark Finest Swiss Chocolate Bar, 85% Cacao, which is manufactured, distributed and/or sold in California by Maestrani Schweizer Schokoladen AG [cadmium], deZaan Cacao Powder, 100% Cacao, which is manufactured, distributed and/or sold in California by Olam Americas, Inc. [cadmium], Belcolade Cocoa Butter & Natural Vanilla Noir Powder, Peru, 64.5% Cacao, which is manufactured, distributed and/or sold in California by Puratos Group NV [cadmium], Dark Chocolate Couverture, 59% Cacao, which is manufactured, distributed and/or sold in California by Schokinag-Schokolade-Industrie GmbH [lead], Signature Select Dark Chocolate Bar, 85% Cacao, which is manufactured, distributed and/or sold in California by Chocolat Frey AG [cadmium], Premium Baking Unsweetened Cocoa Powder, 100% Cacao, which is manufactured, distributed and/or sold in California by First Source, LLC [lead], Fran’s Dark Hot Chocolate Powder, Single Origin Venezuelan, 65% Cacao, which is manufactured, distributed and/or sold in California by Fran’s Chocolate Ltd. [cadmium] Cadmium",heavy_metals,heavy_metals
Crispy Seaweed Cadmium,heavy_metals,heavy_metals
Glassware w/Exterior Artwork Cadmium,heavy_metals,heavy_metals
"frames, lamps, candles lead compounds",heavy_metals,heavy_metals
ice bags Perfluorooctane Sulfonate (PFOS),pfas,pfas
Chulis Children’s Sandals Di(2-ethylhexyl)phthalate (DEHP),phthalates_plasticizers,phthalates_plasticizers
Vinyl/PVC Electrical Tape Di(2-ethylhexyl)phthalate (DEHP),phthalates_plasticizers,phthalates_plasticizers
Big Win Roasted Almonds Salted Acrylamide,heat_generated_contaminants,heat_generated_contaminants
"Unmatched Firewood Carbon monoxide, soots, tar",other_prop65_listed,other_prop65_listed
Crystal glassware Lead,heavy_metals,heavy_metals
"Vinyl/PVC Electrical Tape, Vinyl/PVC Gloves Di(2-ethylhexyl)phthalate (DEHP)",phthalates_plasticizers,phthalates_plasticizers
ProActive Sports Cover Bag Di(2-ethylhexyl)phthalate (DEHP),phthalates_plasticizers,phthalates_plasticizers
vinyl-coated hooks Di-isodecyl phthalate (DIDP),phthalates_plasticizers,phthalates_plasticizers
Gold Serving Bowl Lead,heavy_metals,heavy_metals
"Vinyl Covers, Vinyl Speed Ropes Di(2-ethylhexyl)phthalate, Di(2-ethylhexyl)phthalate (DEHP)",phthalates_plasticizers,phthalates_plasticizers
Roasted Seaweed cadmium compounds,heavy_metals,heavy_metals
Smoked Herring and Dried Ponyfish lead compounds,heavy_metals,heavy_metals
Cookware Di(2-ethylhexyl)phthalate (DEHP),phthalates_plasticizers,phthalates_plasticizers
"Identification Tags with Vinyl/PVC Windows, Sewing Kits with Vinyl Pouches Di(2-ethylhexyl)phthalate (DEHP)",phthalates_plasticizers,phthalates_plasticizers
Tools with vinyl/PVC grips Di(2-ethylhexyl)phthalate (DEHP),phthalates_plasticizers,phthalates_plasticizers
Porcelain plates with Exterior Artwork Lead,heavy_metals,heavy_metals
Baby Phat Shimmer Dreams Cosmetic bag/kit Di(2-ethylhexyl)phthalate (DEHP),phthalates_plasticizers,phthalates_plasticizers
Plastic Cosmetic Case Di(2-ethylhexyl)phthalate (DEHP),phthalates_plasticizers,phthalates_plasticizers
cases of makeup brush sets Di(2-ethylhexyl)phthalate (DEHP),phthalates_plasticizers,phthalates_plasticizers
Roasted Seaweed Lead,heavy_metals,heavy_metals
Plastic Cooler Bag Di(2-ethylhexyl)phthalate (DEHP),phthalates_plasticizers,phthalates_plasticizers
Plastic shopping bags lead compounds,heavy_metals,heavy_metals
Ceramic Mugs With Exterior Designs Lead,heavy_metals,heavy_metals
"Recycled heat logs, firelog, recycled wood waste and bengalogs mildly treated oils",other_prop65_listed,other_prop65_listed
Basis Cupcake Plate Lead,heavy_metals,heavy_metals
Seaweed lead compounds,heavy_metals,heavy_metals
"Padded armrests and/or other vinyl upholstered components used for wheelchairs, Wheelchairs with padded armrests and/or other accessible vinyl components, Grips and/or other vinyl upholstered components used for wheelchairs, Rollators with accessible vinyl upholstered components Diisononyl phthalate (DINP)",phthalates_plasticizers,phthalates_plasticizers
"Canyonwerks Bag, UPC No. 7 32670 06383 1 Di(2-ethylhexyl)phthalate (DEHP)",phthalates_plasticizers,phthalates_plasticizers
Mini Chips Ahoy! Acrylamide,heat_generated_contaminants,heat_generated_contaminants
"Yami Yogurt, Strawberry Cream/Peach Cream Lead",heavy_metals,heavy_metals
mercury in nasal sprays Mercury,heavy_metals,heavy_metals
Dried Nori Seaweed Cadmium,heavy_metals,heavy_metals
Soft Food and Beverage Containers Lead,heavy_metals,heavy_metals
Old East Main Co. Canister Lead,heavy_metals,heavy_metals
Suction cup hooks Di(2-ethylhexyl)phthalate (DEHP),phthalates_plasticizers,phthalates_plasticizers
mercury in nasal sprays mercury compounds,heavy_metals,heavy_metals
Glassware with exterior artwork Lead,heavy_metals,heavy_metals
"Belts made with leather, vinyl or imitation leather materials Lead",heavy_metals,heavy_metals
"Jhalak Hand & Foot Beauty Cream, Deluxe Nadinola Silken Bleaching Cream, Orbi 20 Whitening Underarm Cream, 88 Total White Underarm Cream, Le Crema de Rebeca mercury compounds",heavy_metals,heavy_metals
Ceramic Containers with Exterior Artwork Lead,heavy_metals,heavy_metals
Dried Seaweed Cadmium,heavy_metals,heavy_metals
Profusion Cosmetics Eyeshadow Primer Diethanolamine,other_prop65_listed,other_prop65_listed
Vinyl Tablecloth Di(2-ethylhexyl)phthalate (DEHP),phthalates_plasticizers,phthalates_plasticizers
Lead in children's toys Lead,heavy_metals,heavy_metals
"Harphia Binder Daily Planner, Clear PVC Makeup Organizer Diisononyl phthalate (DINP)",phthalates_plasticizers,phthalates_plasticizers
"MINI MAKEUP BRUSH SET, UPC#8806190710505 Di(2-ethylhexyl)phthalate (DEHP)",phthalates_plasticizers,phthalates_plasticizers
"Shampoo 1,4-Dioxane",other_prop65_listed,other_prop65_listed
Close Shaver’s Squadron™ Ultimate Brushless Shave Cream Crimp ID 18NO003; UPC: 3700194700263 Diethanolamine,other_prop65_listed,other_prop65_listed
Tools with Vinyl/PVC Grips Diisononyl phthalate (DINP),phthalates_plasticizers,phthalates_plasticizers
Tools with vinyl grips Lead,heavy_metals,heavy_metals
Hot and Cold Stem for Price Pfister PP-45CD-NL Lead,heavy_metals,heavy_metals
Tee-Shirt Collection 1 Standard Pillowcase Emoji UPC887924019901 Di(2-ethylhexyl)phthalate (DEHP),phthalates_plasticizers,phthalates_plasticizers
"firewood, woodchips, charcoal 1,6-Dinitropyrene, 3-Methylcholanthrene, 5-Nitroacenaphthene, 7H-Dibenzo[c,g]carbazole, Benzo[a]pyrene, Benzo[b]fluoranthene, Benzo[j]fluoranthene, Benzo[k]fluoranthene, Benz[a]anthracene, Chrysene, Creosotes, Dibenzo[a,e]pyrene, Dibenzo[a,h]pyrene, Dibenzo[a,i]pyrene, Dibenzo[a,l]pyrene, Dibenz[a,h]acridine, Dibenz[a,h]anthracene, Dibenz[a,j]acridine",heat_generated_contaminants,heat_generated_contaminants
"Aloha Organic Protein Bar Chocolate Chip Cookie Dough Plant-Based Protein, Aloha Organic Protein Bar Peanut Butter Cup Plant-Based Protein, Aloha Organic Protein Bar Peanut Butter Chocolate Chip Plant-Based Protein, Aloha Organic Protein Bar Coconut Chocolate Almond Plant-Based Protein mercury compounds",heavy_metals,heavy_metals
Cosmetic bags and cases Toluene,solvents_vocs,solvents_vocs
"Habitat Luxury Home Collection Square Bag, RN# 148488 Di(2-ethylhexyl)phthalate (DEHP)",phthalates_plasticizers,phthalates_plasticizers
Bag Clips With Vinyl Grips Di(2-ethylhexyl)phthalate (DEHP),phthalates_plasticizers,phthalates_plasticizers
Roasted Seaweed Laver Cadmium,heavy_metals,heavy_metals
Seaweed Crisps lead compounds,heavy_metals,heavy_metals
Wallet with Plastic Components Di(2-ethylhexyl)phthalate (DEHP),phthalates_plasticizers,phthalates_plasticizers
"Footwear with leather, vinyl and imitation leather components Lead",heavy_metals,heavy_metals
"This notice pertains to cannabis-infused products, including but not limited to edibles such as gummies, chocolates, and other confectionery items containing THC (Δ⁹-Tetrahydrocannabinol), as well as beverages infused with THC or other cannabis compounds. The products covered by this notice also extend to cannabis flower, pre-rolls, and other inhalable marijuana products. delta-9-tetrahydrocannabinol",other_prop65_listed,other_prop65_listed
Vinyl/PVC Gloves Diisononyl phthalate (DINP),phthalates_plasticizers,phthalates_plasticizers
Duffel Bag Di(2-ethylhexyl)phthalate (DEHP),phthalates_plasticizers,phthalates_plasticizers
Ceramic Products Lead,heavy_metals,heavy_metals
"Environmental Exposures; Occupational Exposures; and Product Exposures (Food and Beverage Operations; Automobile Parking Facilities; Equipment Maintenance; Kitchen; Valet (shoeshine and dry cleaning delivery); Matches; Second-hand Smoke and Smokeless Tobacco Products; Cleaning Supplies/Janitorial; Maintenance/Power Tools; Furniture/Furnishings/Window Treatments; Public and Guest Bathrooms; Medical/First Aid Supplies; Internal Combustion (“IC”) Engines, Boilers and other Gas Burning Devices, and Fireplaces; Electronic Equipment, Electric Equipment and Associated Cables Wires and Batteries; Office Supplies and Office Equipment; Hand Tools, Hardware and Brass Keys; and Fertilizers, Soil Amendments, and Pesticides and Herbicides). Tobacco smoke (primary)",other_prop65_listed,other_prop65_listed
JOICO BY JOICO Blonde Life Brightening Conditioner Diethanolamine,other_prop65_listed,other_prop65_listed
copper mugs with brass components Lead,heavy_metals,heavy_metals
Herdez Tortilla Chips Acrylamide,heat_generated_contaminants,heat_generated_contaminants
Beatrix Potter Peter Rabbit Ceramic Egg Cups Lead,heavy_metals,heavy_metals
Ceramicware Products Lead,heavy_metals,heavy_metals
Black vinyl armrest Di(2-ethylhexyl)phthalate (DEHP),phthalates_plasticizers,phthalates_plasticizers
K-Cliffs purse Di(2-ethylhexyl)phthalate (DEHP),phthalates_plasticizers,phthalates_plasticizers
Ceramic Mugs With Exterior Designs Lead,heavy_metals,heavy_metals
Travel Mugs With Exterior Designs Lead,heavy_metals,heavy_metals
Vinyl/PVC Headphone Components Di(2-ethylhexyl)phthalate (DEHP),phthalates_plasticizers,phthalates_plasticizers
Crispy Seaweeds cadmium compounds,heavy_metals,heavy_metals
"Craftsman 12” Large Mouth Tool Bag Color: black w/red accents UPC#7 21415 81027 4, Craftsman Heavy Duty Air Hose 50 Ft. x 3/8” Color: red UPC# 0 92329 34014 1 Diisononyl phthalate (DINP)",phthalates_plasticizers,phthalates_plasticizers
"Backpacks Made With Leather, Vinyl, or Imitation Leather Materials Lead",heavy_metals,heavy_metals
"Glass Bottles with Exterior Decoration, Coasters, Ceramic Mugs with Exterior Decoration Lead",heavy_metals,heavy_metals
"Brybelly Vinyl Hex 1 LB Weights, Hand Weights Dumbbells Set, Free Weights Di(2-ethylhexyl)phthalate (DEHP)",phthalates_plasticizers,phthalates_plasticizers
Ceramic Bowls With Designs Lead,heavy_metals,heavy_metals
UTZ Baked Tortillas (bite size) Acrylamide,heat_generated_contaminants,heat_generated_contaminants
Glass Soda Bottle Lead,heavy_metals,heavy_metals
Glass beverage container Lead,heavy_metals,heavy_metals
Children's zipper pulls Di(2-ethylhexyl)phthalate,phthalates_plasticizers,phthalates_plasticizers
"firewood, woodchips, charcoal 1,6-Dinitropyrene, 3-Methylcholanthrene, 5-Nitroacenaphthene, 7H-Dibenzo[c,g]carbazole, Benzo[a]pyrene, Benzo[b]fluoranthene, Benzo[j]fluoranthene, Benzo[k]fluoranthene, Benz[a]anthracene, Chrysene, Creosotes, Dibenzo[a,e]pyrene, Dibenzo[a,h]pyrene, Dibenzo[a,i]pyrene, Dibenzo[a,l]pyrene, Dibenz[a,h]acridine, Dibenz[a,h]anthracene, Dibenz[a,j]acridine",heat_generated_contaminants,heat_generated_contaminants
Cotixan Mexican Food Receipt Bisphenol S (BPS),bisphenols,bisphenols
"Ear Muffs with Vinyl/PVC Components, Ear Muffs Di(2-ethylhexyl)phthalate (DEHP)",phthalates_plasticizers,phthalates_plasticizers
Book Covers with Vinyl/PVC Components Di(2-ethylhexyl)phthalate (DEHP),phthalates_plasticizers,phthalates_plasticizers
Rejuvenate Wood Furniture Repair Markers (Packaging) Di(2-ethylhexyl)phthalate (DEHP),phthalates_plasticizers,phthalates_plasticizers
Savile Shampoo With Aloe Pulp And Chile Extract Coconut oil diethanolamine condensate (cocamide diethanolamine),other_prop65_listed,other_prop65_listed
Sandless Laver Seaweed Lead,heavy_metals,heavy_metals
Smart Sense™ “For Baby” Broad Spectrum SPF50 Sunscreen; UPC: 883967392544 Diethanolamine,other_prop65_listed,other_prop65_listed
"Inflatable Vinyl Toys, Waist Bag Di(2-ethylhexyl)phthalate",phthalates_plasticizers,phthalates_plasticizers
Eli + Ana Ceramic Strawberry Measuring Cups Lead,heavy_metals,heavy_metals
C&T Premium Clear Vinyl; 12 Gauge Di(2-ethylhexyl)phthalate (DEHP),phthalates_plasticizers,phthalates_plasticizers
Salted Seaweed Lead,heavy_metals,heavy_metals
Glassware Cadmium,heavy_metals,heavy_metals
Ceramica Cuore Spoon Rest Lead,heavy_metals,heavy_metals
"Tools with Vinyl/PVC Grips containing Di(2-ethylhexyl)phthalate, Shop Seats with Vinyl/PVC Upholstery containing Di(2-ethylhexyl)phthalate Di(2-ethylhexyl)phthalate (DEHP)",phthalates_plasticizers,phthalates_plasticizers
"Belts Made With Leather, Vinyl or Imitation Leather Materials Lead",heavy_metals,heavy_metals
"Lead Sheet, 10 Rolls Fishing Soft Lead Sheet Strip Sinkers Weights Brand Ziosxin, UPC#NA lead compounds",heavy_metals,heavy_metals
Plastic Sequin Handbag Di(2-ethylhexyl)phthalate (DEHP),phthalates_plasticizers,phthalates_plasticizers
Vinyl/PVC Luggage and Totes Di(2-ethylhexyl)phthalate (DEHP),phthalates_plasticizers,phthalates_plasticizers
Eli + Ana Ceramic Strawberry Measuring Cups Lead,heavy_metals,heavy_metals
Glass Containers for Reed Diffusers with Exterior Designs containing Lead Lead,heavy_metals,heavy_metals
Vinyl/PVC Electrical Tape Di(2-ethylhexyl)phthalate (DEHP),phthalates_plasticizers,phthalates_plasticizers
Swordfish steak and yellowfin tuna Methylmercury compounds,heavy_metals,heavy_metals
Botanical shampoo; UPC: 341795 Coconut oil diethanolamine condensate (cocamide diethanolamine),other_prop65_listed,other_prop65_listed
"Mommy Knows Best Lactation Brownie Mix Double Chocolate, Mommy Knows Best Chocolate Brewer's Yeast Powder Cadmium",heavy_metals,heavy_metals
Glam on the Go! Cosmetics bag/purse Di(2-ethylhexyl)phthalate (DEHP),phthalates_plasticizers,phthalates_plasticizers
"Padded Upholstered Furniture Tris(1,3-dichloro-2-propyl) phosphate (TDCPP)",other_prop65_listed,other_prop65_listed
Simple Serenity soap mold Bisphenol A (BPA),bisphenols,bisphenols
Bowlology Receipt Bisphenol S (BPS),bisphenols,bisphenols
BAGedge Clear PVC Backpack - BE259 Di(2-ethylhexyl)phthalate (DEHP),phthalates_plasticizers,phthalates_plasticizers
3Pcs Crystal Clear Cosmetic Bag Di-isodecyl phthalate (DIDP),phthalates_plasticizers,phthalates_plasticizers
"Rabbitfish, Herring, Jeprox Fish Lead",heavy_metals,heavy_metals
"Hand Tool Grips, Hand Tool Grips, Bells with Vinyl/PVC Handles, Bells with Vinyl/PVC Handles Di(2-ethylhexyl)phthalate (DEHP)",phthalates_plasticizers,phthalates_plasticizers
"Padded armrests and other vinyl upholstered components used for wheelchairs, Grips and other vinyl upholstered components used for wheelchairs, Wheelchairs with padded armrests and/or other accessible vinyl components, Rollators with accessible vinyl upholstered components Lead",heavy_metals,heavy_metals
"Mrs. Meyer's Clean Day Liquid Dish Soap 1,4-Dioxane",other_prop65_listed,other_prop65_listed
"Mina, Tomato Sauce Moroccan Shakshuka, UPC#852955007005 lead compounds",heavy_metals,heavy_metals
"Discharge into source of drinking water 2,3,7,8-Tetrachlorodibenzo-p-dioxin (TCDD), 2,4,6-Trichlorophenol, Benzene, Benzo[a]pyrene, Benzo[b]fluoranthene, Benzo[j]fluoranthene, Benzo[k]fluoranthene, Hexachlorodibenzodioxin, Pentachlorophenol, Polychlorinated dibenzo-p-dioxins, Polychlorinated dibenzofurans",heat_generated_contaminants,heat_generated_contaminants
"Pinky Rose Cosmetics Extreme Contour Palette 1 Titanium dioxide (airborne, unbound particles of respirable size)",food_additives,food_additives
HomeGoods Brass Feather Bowl Lead,heavy_metals,heavy_metals
"SPEEDWOX Special Angle Tip Lock Ring Pliers, Bveyzi Women RFID Blocking Wallet Diisononyl phthalate (DINP)",phthalates_plasticizers,phthalates_plasticizers
"Fish in the form of meals containing albacore tuna and cod, as well as flounder, catfish, salmon, trout, grouper, haddock and swordfish. Mercury",heavy_metals,heavy_metals
Gloves Di(2-ethylhexyl)phthalate (DEHP),phthalates_plasticizers,phthalates_plasticizers
"Sooez plastic zip pouches, cases of Silolever travel bottles Di(2-ethylhexyl)phthalate (DEHP)",phthalates_plasticizers,phthalates_plasticizers
Ceramic Candle Holders With Exterior Descorations Lead,heavy_metals,heavy_metals
"Lucerne Foods, Inc., O Organics Organic Raisin Bran Cereal, Lucerne Foods, Inc Organics Organic Cereal Honey Crunch 'n Oats Acrylamide",heat_generated_contaminants,heat_generated_contaminants
Glassware and Ceramicware Products Lead,heavy_metals,heavy_metals
All Turbana plantain chips Acrylamide,heat_generated_contaminants,heat_generated_contaminants
Clamp Lamps with Vinyl/PVC Components Di(2-ethylhexyl)phthalate (DEHP),phthalates_plasticizers,phthalates_plasticizers
"Fireplace wood, packaged kindling, pellet fuel and pellet firestarters used engine oils)",other_prop65_listed,other_prop65_listed
World Traveler Ceramic Tabletop Lead,heavy_metals,heavy_metals
Lonstin Moroccan Argan Oil Clear Hydrating Shampoo; ASIN: B08DQZNQBJ Coconut oil diethanolamine condensate (cocamide diethanolamine),other_prop65_listed,other_prop65_listed
All Purpose Shampoo for Dogs Coconut oil diethanolamine condensate (cocamide diethanolamine),other_prop65_listed,other_prop65_listed
ceramic bowls with exterior decoration Lead,heavy_metals,heavy_metals
Ponyo Tea Cup and Saucer Set Lead,heavy_metals,heavy_metals
Roasted Seaweed lead compounds,heavy_metals,heavy_metals
Everbilt PVC Coated Canvas Drop Cloth Di(2-ethylhexyl)phthalate (DEHP),phthalates_plasticizers,phthalates_plasticizers
Little Fish cadmium compounds,heavy_metals,heavy_metals
Vinyl/PVC Safety Treads Di(2-ethylhexyl)phthalate (DEHP),phthalates_plasticizers,phthalates_plasticizers
"Catrice Cosmetics Prime and Fine Mattifying Powder Waterproof Titanium dioxide (airborne, unbound particles of respirable size)",food_additives,food_additives
"GingerGems, Candied Ginger with Lemon, UPC#195893895595 Lead",heavy_metals,heavy_metals
Backpacks with Vinyl/PVC Handles Di(2-ethylhexyl)phthalate (DEHP),phthalates_plasticizers,phthalates_plasticizers
Ceramic Incense Holders With Exterior Designs Lead,heavy_metals,heavy_metals
"My Curls Shampoo, Mystic Black Shampoo, Powerful Charcoal Shampoo Coconut oil diethanolamine condensate (cocamide diethanolamine)",other_prop65_listed,other_prop65_listed
Vibe Mesh Tackle Tray Bag Di(2-ethylhexyl)phthalate (DEHP),phthalates_plasticizers,phthalates_plasticizers
Felicia Brown Rice and Spirulina Fusilli Lead,heavy_metals,heavy_metals
"Tobacco and tobacco smoke DDT (Dichlorodiphenyl-trichloroethane), Dibenzo[a,e]pyrene, Dibenzo[a,h]pyrene, Dibenzo[a,i]pyrene, Dibenzo[a,l]pyrene, Dibenz[a,h]acridine, Dibenz[a,h]anthracene, Dibenz[a,j]acridine, Lead, N-Nitrosodi-n-butylamine, N-Nitrosodiethanolamine, N-Nitrosodiethylamine, N-Nitrosomethylethylamine, N-Nitrosonornicotine, N-Nitrosopiperidine, N-Nitrosopyrrolidine, Nickel, Nicotine, o-Anisidine, o-Toluidine, Styrene oxide, Tobacco smoke, Toluene",heavy_metals,heat_generated_contaminants
"Girly Pineapple Tote Bag, Item# 3720049911 Diisononyl phthalate (DINP)",phthalates_plasticizers,phthalates_plasticizers
Children's Backpack with Polymer Components Di(2-ethylhexyl)phthalate (DEHP),phthalates_plasticizers,phthalates_plasticizers
"Andrea Eye Q’s Makeup Remover Gel; Item #66255, Woody’s for Men Shave Lather; UPC: 859999905717; Item #90571; Lot 8E31A, Woody’s Quality Grooming for Men Wood Glue; UPC: 859999905380; Item #90538; Lot 8D17A1 Diethanolamine",other_prop65_listed,other_prop65_listed
"Trend Lab Diaper Bag, UPC No. 8 4621603198 4 Diisononyl phthalate (DINP)",phthalates_plasticizers,phthalates_plasticizers
VinylWorks speed opener Diisononyl phthalate (DINP),phthalates_plasticizers,phthalates_plasticizers
Duffel Bag with Polymer Components Diisononyl phthalate (DINP),phthalates_plasticizers,phthalates_plasticizers
"Horse Boots with Vinyl Components, Riding Crops Di(2-ethylhexyl)phthalate, Di(2-ethylhexyl)phthalate (DEHP)",phthalates_plasticizers,phthalates_plasticizers
"Ascent Plant Protein Plant-Powered Post-Workout Recovery Vanilla Bean Plant Protein Powder Blend, Ascent Plant Protein Plant-Powered Post-Workout Recovery Chocolate Plant Protein Powder Blend Cadmium",heavy_metals,heavy_metals
cosmetic kits lead compounds,heavy_metals,heavy_metals
"La Coman Danta, Oaxacan Mole Sauce, UPC#7503021130099 Lead",heavy_metals,heavy_metals
"Monda Studio Cosmteic Bag, UPC No. 8 10619 01051 8 Di(2-ethylhexyl)phthalate (DEHP)",phthalates_plasticizers,phthalates_plasticizers
Home Essentials ceramic mugs Lead,heavy_metals,heavy_metals
Fried Baby Crab Lead,heavy_metals,heavy_metals
Wonderful Roasted & Salted Almonds Acrylamide,heat_generated_contaminants,heat_generated_contaminants
"Wicked Foods, Late Night Rice Noodles, UPC#850023690043, Wicked Foods, Punchy Pumpkin Laksa Kit, UPC#850023690081, Wicked Foods, Shitake Ramen Broth Kit, UPC#850023690074 Lead",heavy_metals,heavy_metals
Rice Flour Lead,heavy_metals,heavy_metals
Dermablend Lock and Last Water-Resistant Setting Spray Diethanolamine,other_prop65_listed,other_prop65_listed
Seasoned Seaweeds (Laver) Cadmium,heavy_metals,heavy_metals
Glassware with exterior artwork Lead,heavy_metals,heavy_metals
Glassware and Ceramic Products Lead,heavy_metals,heavy_metals
Vinyl flooring Di(2-ethylhexyl)phthalate,phthalates_plasticizers,phthalates_plasticizers
Black Speckled Mug with exterior design Lead,heavy_metals,heavy_metals
"Fire starter bricks, firelogs and firewood mildly treated oils",other_prop65_listed,other_prop65_listed
"You the Balm Travel Bag with Lip Balm, UPC: 810084319314 (storage bag) Di(2-ethylhexyl)phthalate (DEHP)",phthalates_plasticizers,phthalates_plasticizers
"Fire starter bricks, firelogs and firewood used engine oils)",other_prop65_listed,other_prop65_listed
PVC Bags Di(2-ethylhexyl)phthalate (DEHP),phthalates_plasticizers,phthalates_plasticizers
"NATIONAL- BEEF BIRYANI, NATIONAL- ACHAR GOSHT, NATIONAL- BIHARI KABAB, NATIONAL- BIRYANI, NATIONAL- CHAPLI KABAB, NATIONAL- CHILI POWDER, NATIONAL- CUMIN SEED , NATIONAL- DAAL MAKHNI, NATIONAL- CELHI NIHARI , NATIONAL- CURRY POWDER, NATIONAL- DAIHGI DANEDAR HALEEM, NATIONAL- GARAM MASALA, NATIONAL- HALEEM, NATIONAL- KOFTA, NATIONAL- LAHORI FISH, NATIONAL- MALAI TIKKA, NATIONAL- MASALEDAR BOMBAY BIRYANI, NATIONAL- MUTTON BIRYANI, NATIONAL- PALAK GOSHT, NATIONAL- SEEKH KABAB, NATIONAL- SHAMI KABAB, NATIONAL- SINDHI BIRYANI, NATIONAL- TURMERIC POWDER, NATIONAL- QUICK COOK HALEEM , NATIONAL- QUORMA, NATIONAL- VEGETABLE BOMBAY BIRYANI, NATIONAL- VEGETABLE PULAO, NATIONAL- WHITE KARAHI Lead",heavy_metals,heavy_metals
silver wallets Di(2-ethylhexyl)phthalate (DEHP),phthalates_plasticizers,phthalates_plasticizers
El Mexicano Yogurt Smoothie with Pecan & Cereals - UPC No.: 042743124766 Lead,heavy_metals,heavy_metals
"Land O Lakes Cocoa Classics, Chocolate Supreme Hot Cocoa Mix. Lead",heavy_metals,heavy_metals
"Cando Foam Wedge, Item No. 312001 Diisononyl phthalate (DINP)",phthalates_plasticizers,phthalates_plasticizers
Dried Seaweed lead compounds,heavy_metals,heavy_metals
Greeting cards with vinyl components Di(2-ethylhexyl)phthalate (DEHP),phthalates_plasticizers,phthalates_plasticizers
"Ceramic Floral Design Pot, UPC# 8 86153 00920 2 Lead",heavy_metals,heavy_metals
Clear Purse Stadium Crossbody Bag; ID: X00266774J; ASIN: B07RPQGTNP Di(2-ethylhexyl)phthalate (DEHP),phthalates_plasticizers,phthalates_plasticizers
"Vinyl/PVC Seat Consoles, Automotive Seat Cushions with Vinyl/PVC Components Di(2-ethylhexyl)phthalate (DEHP)",phthalates_plasticizers,phthalates_plasticizers
"Telephone poles Chromium (hexavalent compounds), Chrysene, Creosotes, Dibenz[a,h]anthracene, Hexachlorobenzene, Hexachlorodibenzodioxin, Indeno [1,2,3-cd]pyrene, N-Nitrosodiphenylamine, Pentachlorophenol, Polychlorinated dibenzo-p-dioxins",heavy_metals,heavy_metals
Ceramicware with exterior artwork Lead,heavy_metals,heavy_metals
Children's bed set Di(2-ethylhexyl)phthalate,phthalates_plasticizers,phthalates_plasticizers
"Consumer Progesterone & Testosterone Creams, Gels and/or Lotion Products its esters, Testosterone cypionate",other_prop65_listed,other_prop65_listed
Glassware Lead,heavy_metals,heavy_metals
Smoked Herring and Dried PonyFish Lead,heavy_metals,heavy_metals
"Upholstered Office Chairs with Foam Padding containing Tris(1,3-dichloro-2-propyl) phosphate, Folding Chairs with Vinyl/PVC Upholstery containing Di(2-ethylhexyl)phthalate Tris(1,3-dichloro-2-propyl) phosphate (TDCPP)",other_prop65_listed,other_prop65_listed
"750 ML Bottle of Ketel One Vodka, All beer products listed under the beer section at cheersondemandla.com, All wine products listed under the wines section at cheersondemandla.com, All liquor products listed under the liqueur section at cheersondemandla.com Alcoholic beverages, when associated with alcohol abuse",other_prop65_listed,other_prop65_listed
Ceramic Trinket Tray Lead,heavy_metals,heavy_metals
"Oroweat, Country White Bread, 24 oz Acrylamide",heat_generated_contaminants,heat_generated_contaminants
"Hose nozzles; sprinklers; sprinklers supports and bases; wands; shower heads; sprayers; hose couplings; connectors; quick connects; caps; converters; valves (including automatic, manual, remote controlled, vacuum relief, pressure regulating and quick coupling valves); shut offs; unions and hose ends made from leaded brass. Lead",heavy_metals,heavy_metals
Sewing Kits with Vinyl/PVC Handles Di(2-ethylhexyl)phthalate (DEHP),phthalates_plasticizers,phthalates_plasticizers
Glassware with Exterior Artwork Lead,heavy_metals,heavy_metals
Roasted and Seasoned Seaweed Lead,heavy_metals,heavy_metals
Bewaltz Novelty Bags with Vinyl Components Diisononyl phthalate (DINP),phthalates_plasticizers,phthalates_plasticizers
"Baby Wash, Baby Wipes Formaldehyde (gas)",solvents_vocs,solvents_vocs
Treated wood products Polychlorinated dibenzofurans,other_prop65_listed,other_prop65_listed
copper cookware with brass components Lead,heavy_metals,heavy_metals
mercury in nasal sprays Mercury,heavy_metals,heavy_metals
"Go-To-Work Kit, G-Tek Gloves, 34-C232/L, Go-To-Work Kit, Ear Plug (red cord), 265-100C/NRR32 Di(2-ethylhexyl)phthalate (DEHP)",phthalates_plasticizers,phthalates_plasticizers
Clothing Lead,heavy_metals,heavy_metals
Ceramic containers with Exterior Artwork Lead,heavy_metals,heavy_metals
Metal and Glass Candle Holders Lead,heavy_metals,heavy_metals
Glassware With Exterior Designs Lead,heavy_metals,heavy_metals
"NATIONAL- BEEF BIRYANI, NATIONAL- ACHAR GOSHT, NATIONAL- BIHARI KABAB, NATIONAL- BIRYANI, NATIONAL- CHAPLI KABAB, NATIONAL- DAAL MAKHNI, NATIONAL- CELHI NIHARI , NATIONAL- CURRY POWDER, NATIONAL- DAIHGI DANEDAR HALEEM, NATIONAL- GARAM MASALA, NATIONAL- HALEEM, NATIONAL- KOFTA, NATIONAL- LAHORI FISH, NATIONAL- MALAI TIKKA, NATIONAL- MASALEDAR BOMBAY BIRYANI, NATIONAL- MUTTON BIRYANI, NATIONAL- PALAK GOSHT, NATIONAL- SEEKH KABAB, NATIONAL- SINDHI BIRYANI, NATIONAL- TURMERIC POWDER, NATIONAL- QUICK COOK HALEEM , NATIONAL- QUORMA, NATIONAL- VEGETABLE BOMBAY BIRYANI, NATIONAL- VEGETABLE PULAO, NATIONAL- WHITE KARAHI Lead",heavy_metals,heavy_metals
"Gussaci Black Wallet, SKU: 400279188391 Di(2-ethylhexyl)phthalate (DEHP)",phthalates_plasticizers,phthalates_plasticizers
Jeprox Fish lead compounds,heavy_metals,heavy_metals
Ceramic Mugs With Exterior Decorations Lead,heavy_metals,heavy_metals
Ceramic Dishes With Decorations Lead,heavy_metals,heavy_metals
Crispy Seaweed cadmium compounds,heavy_metals,heavy_metals
Rice Seasoning/Wakame Chazuke Lead,heavy_metals,heavy_metals
"Punky Colour Temporary Hair Color Spray Titanium dioxide (airborne, unbound particles of respirable size)",food_additives,food_additives
"Oats Over Night Shake Chocolate Peanut Butter Naturally Flavored, Oats Over Night Just Add Milk Green Apple Cinnamon Naturally Flavored 20g Protein, Oats Over Night Just Add Milk Mocha Dream Naturally Flavored 20g Protein, Oats Over Night Just Add Milk Chocolate Peanut Butter Banana 20g Protein, Oats Over Night Just Add Milk Strawberries & Cream Naturally Flavored 20g Protein, Oats Over Night Just Add Milk Coconut Cream Pie Naturally Flavored 20g Protein, Oats Over Night Just Add Mylk Dark Chocolate Sea Salt Naturally Flavored 10g Protein, Oats Over Night Just Add Mylk Cinnamon Roll Naturally Flavored 20g Protein, Oats Over Night Just Add Mylk Chocolate Covered Banana Naturally Flavored 20g Protein, Oats Over Night Just Add Milk Chocolate Satin Pie Naturally Flavored 20g Protein Lead",heavy_metals,heavy_metals
Parks Project Cali Dreamin Mug Lead,heavy_metals,heavy_metals
SHIKAI Volumizing Shampoo Diethanolamine,other_prop65_listed,other_prop65_listed
Artistic Krystal Nonglare Deskmat - Rectangle - Polyvinyl Diisononyl phthalate (DINP),phthalates_plasticizers,phthalates_plasticizers
"Candy Direct, Diced Apricots (Bulk), UPC#N/A lead compounds",heavy_metals,heavy_metals
Mugs with Sleeves Di(2-ethylhexyl)phthalate (DEHP),phthalates_plasticizers,phthalates_plasticizers
"Paderno World Cuisine Punch Bowl, UPC No. 8 014808701603 Bisphenol A (BPA)",bisphenols,bisphenols
Style to Go™ TSA Approved Travel Bottle Set; UPC: 620584585153; ID: 1781607 Di(2-ethylhexyl)phthalate (DEHP),phthalates_plasticizers,phthalates_plasticizers
Glassware and Ceramic Products Cadmium,heavy_metals,heavy_metals
Rice Lead,heavy_metals,heavy_metals
Mug Lead,heavy_metals,heavy_metals
Mugs and Other Cermaic Containers with Exterior Artwork Lead,heavy_metals,heavy_metals
Shave Cream- The Art of Shaving Diethanolamine,other_prop65_listed,other_prop65_listed
"Rilakkuma Bear Bag, UPC#4525636230806 Di(2-ethylhexyl)phthalate (DEHP)",phthalates_plasticizers,phthalates_plasticizers
White Cosmetic Bag with “I Woke Up like This” Print SKU#40­171841 Di(2-ethylhexyl)phthalate (DEHP),phthalates_plasticizers,phthalates_plasticizers
Vinyl/PVC Kitchen Utensil Grips Di(2-ethylhexyl)phthalate (DEHP),phthalates_plasticizers,phthalates_plasticizers
Cosmetics Toluene,solvents_vocs,solvents_vocs
"44Lx33W 6mil, Vinyl Blu Raw-Edge Medium-Heavy Duty, CPP Apron Di(2-ethylhexyl)phthalate (DEHP)",phthalates_plasticizers,phthalates_plasticizers
US Sports Children’s Shoes Di(2-ethylhexyl)phthalate (DEHP),phthalates_plasticizers,phthalates_plasticizers
5 Piece Diaper Bag Organizer Set; ASIN: B08PJRYCQ2 Di(2-ethylhexyl)phthalate (DEHP),phthalates_plasticizers,phthalates_plasticizers
Dried Seaweed Lead,heavy_metals,heavy_metals
Vinyl closet Covers Di(2-ethylhexyl)phthalate (DEHP),phthalates_plasticizers,phthalates_plasticizers
Wine Boxes with Vinyl Straps Di(2-ethylhexyl)phthalate (DEHP),phthalates_plasticizers,phthalates_plasticizers
"Potato Chips, Potato Crisps, Potato Strings Acrylamide",heat_generated_contaminants,heat_generated_contaminants
Headphones with Vinyl/PVC Components Di(2-ethylhexyl)phthalate (DEHP),phthalates_plasticizers,phthalates_plasticizers
Plastic Purses Di(2-ethylhexyl)phthalate (DEHP),phthalates_plasticizers,phthalates_plasticizers
Seaweed cadmium compounds,heavy_metals,heavy_metals
Naturavis Coconut Shampoo and Conditioner Set Coconut oil diethanolamine condensate (cocamide diethanolamine),other_prop65_listed,other_prop65_listed
Vinyl Flags Diisononyl phthalate (DINP),phthalates_plasticizers,phthalates_plasticizers
Roasted Seaweed Lead,heavy_metals,heavy_metals
VitaminSea Seaweed Lead,heavy_metals,heavy_metals
Ceramic Mugs with Exterior Designs Lead,heavy_metals,heavy_metals
Vinyl Stickers Di(2-ethylhexyl)phthalate (DEHP),phthalates_plasticizers,phthalates_plasticizers
Fortune Cat Hand Cream Duo Diethanolamine,other_prop65_listed,other_prop65_listed
"firewood, woodchips, charcoal 1,6-Dinitropyrene, 3-Methylcholanthrene, 5-Nitroacenaphthene, 7H-Dibenzo[c,g]carbazole, Benzo[a]pyrene, Benzo[b]fluoranthene, Benzo[j]fluoranthene, Benzo[k]fluoranthene, Benz[a]anthracene, Chrysene, Creosotes, Dibenzo[a,e]pyrene, Dibenzo[a,h]pyrene, Dibenzo[a,i]pyrene, Dibenzo[a,l]pyrene, Dibenz[a,h]acridine, Dibenz[a,h]anthracene, Dibenz[a,j]acridine",heat_generated_contaminants,heat_generated_contaminants
"Hard Candy Look Pro! Eyeshadow Palette Titanium dioxide (airborne, unbound particles of respirable size)",food_additives,food_additives
Twinluxe Smooth Shaving Cream; UPC: 899529002004 Coconut oil diethanolamine condensate (cocamide diethanolamine),other_prop65_listed,other_prop65_listed
Cookie & Co Ceramic Mug Lead,heavy_metals,heavy_metals
Glassware Products Lead,heavy_metals,heavy_metals
Sopranos Mug Lead,heavy_metals,heavy_metals
"grad cups, lemon cups, grateful plates Cadmium",heavy_metals,heavy_metals
Exhibitor Harnesses with Vinyl/PVC Components Di(2-ethylhexyl)phthalate (DEHP),phthalates_plasticizers,phthalates_plasticizers
Nori Komi Furikake Rice Seasoning Lead,heavy_metals,heavy_metals
Beam Protein 100% Grass-Fed Whey Protein Isolate for Muscle Recovery & Performance Chocolate Peanut Butter Flavored Lead,heavy_metals,heavy_metals
Ceramic Trays With Surface Designs Lead,heavy_metals,heavy_metals
Seaweed cadmium compounds,heavy_metals,heavy_metals
Reusable Clear Bag Containing Smart Travel Containers Di(2-ethylhexyl)phthalate (DEHP),phthalates_plasticizers,phthalates_plasticizers
referee wallets Diisononyl phthalate (DINP),phthalates_plasticizers,phthalates_plasticizers
Bakeey Grtsunsea Wallet SKU503688 Lead,heavy_metals,heavy_metals
Core Home “Love Dog” Mug Lead,heavy_metals,heavy_metals
"Meowtastic Blood Bags for Drinks, Auseibeely Clear Cosmetics Bag Di(2-ethylhexyl)phthalate (DEHP)",phthalates_plasticizers,phthalates_plasticizers
The FACE SHOP the Therapy Vegan Blending Cream Diethanolamine,other_prop65_listed,other_prop65_listed
Secateurs/Pruner with vinyl/PVC Grip Di(2-ethylhexyl)phthalate (DEHP),phthalates_plasticizers,phthalates_plasticizers
"Environmental Exposures; Occupational Exposures; and Product Exposures (Alcoholic Beverages (bars, mini bars); Swimming Pool/Hot Tubs; Food and Beverage Operations; Automobile Parking Facilities; Hotel Transportation Vehicles; Kitchen; Matches; Second-hand Smoke and Smokeless Tobacco Products; Cleaning Supplies/Janitorial; Maintenance/Power Tools; Furniture/Furnishings/Window Treatments; Public and Guest Bathrooms; Medical/First Aid Supplies; Internal Combustion (“IC”) Engines, Boilers and other Gas Burning Devices, and Fireplaces; Electronic Equipment, Electric Equipment and Associated Cables Wires and Batteries; Office Supplies and Office Equipment; Hand Tools, Hardware and Brass Keys; and Fertilizers, Soil Amendments, and Pesticides and Herbicides). Tobacco smoke (primary)",other_prop65_listed,other_prop65_listed
Dried Seaweed Arsenic (inorganic arsenic compounds),heavy_metals,heavy_metals
Seaweed lead compounds,heavy_metals,heavy_metals
Neutrogena Therapeutic T-Gel Shampoo Extra Strength Shampoo used engine oils),other_prop65_listed,other_prop65_listed
"Organic Roasted Seaweed, Organic Raw Seaweed Cadmium",heavy_metals,heavy_metals
Heat Holder youth gloves Perfluorooctanoic Acid (PFOA),pfas,pfas
"Gift Wrap bag, UPC # 765032270059 Di(2-ethylhexyl)phthalate (DEHP)",phthalates_plasticizers,phthalates_plasticizers
"Woodstock, Organic Non-Pereil Capers, UPC#042563019013 Lead",heavy_metals,heavy_metals
Ceramic Mugs With Exterior Designs Lead,heavy_metals,heavy_metals
Dried Seaweed Cadmium,heavy_metals,heavy_metals
"White plastic exterior of jewelry boxes, Shiny exterior of wine bottle totes Di(2-ethylhexyl)phthalate (DEHP)",phthalates_plasticizers,phthalates_plasticizers
Vinyl/PVC Handheld Exercise Weights Di(2-ethylhexyl)phthalate (DEHP),phthalates_plasticizers,phthalates_plasticizers
"Greens First The Original Dream Protein Caramel Cappuccino Vegan, Greens First The Original Greens Powder Peach Mango, Greens First Rice Fiber First 885mg, Greens First Pro Dream Protein Plant-Based 14 grams of Vegan Protein Per Serving Vanilla Dream, Greens First Lean Protein 5 Plus Chocolate 21 grams of protein, Greens First Lean Protein 5 Plus Vanilla 21 grams of protein lead compounds",heavy_metals,heavy_metals
"Crave Sparkling Glow Beauty Cream, Crema La Milagrosa, Face Fresh Gold Beauty Cream, Hi Glow Beauty Cream, Seven Herbal Ubtan Cream, White Gold Anti-Marks Cream mercury compounds",heavy_metals,heavy_metals
Gloves with Vinyl/PVC Components Di(2-ethylhexyl)phthalate (DEHP),phthalates_plasticizers,phthalates_plasticizers
Arrowhead Brass 1/2 Fip x 3/4 Hose Bib UPC69004320744 Lead,heavy_metals,heavy_metals
Fish Balls Lead,heavy_metals,heavy_metals
ceramicware lead compounds,heavy_metals,heavy_metals
Whole Foods Market Tortilla Chips Heirloom White Corn Acrylamide,heat_generated_contaminants,heat_generated_contaminants
Tote Bag with Polymer Components Diisononyl phthalate (DINP),phthalates_plasticizers,phthalates_plasticizers
Coofit 3 Piece Handbag Organizer Di(2-ethylhexyl)phthalate (DEHP),phthalates_plasticizers,phthalates_plasticizers
"Clutches wity Vinyl Components Di(2-ethylhexyl)phthalate, Di(2-ethylhexyl)phthalate (DEHP)",phthalates_plasticizers,phthalates_plasticizers
Dried Salted Pony Fish Lead,heavy_metals,heavy_metals
"SurfStow Tailgate Pad, UPC No. 8 14154 01573 1, SurfStow SUPBAG Di(2-ethylhexyl)phthalate (DEHP)",phthalates_plasticizers,phthalates_plasticizers
"Environmental Exposures; Occupational Exposures; and Product Exposures (Alcoholic Beverages (bars, mini bars); Swimming Pool/Hot Tubs; Food and Beverage Operations; Automobile Parking Facilities; Beach Fronts and sand areas (silica); Fuel Dispensing; Equipment Maintenance; Hotel Transportation Vehicles; Dry-cleaning Facilities; Kitchen; Fireplaces and Patio Heaters; Salon; Valet (shoeshine and dry cleaning delivery); Candles; Matches; Arts & Crafts Supplies and Classes; Sterno Cooking Fuel; Second-hand Smoke and Smokeless Tobacco Products; Cleaning Supplies/Janitorial; Maintenance/Power Tools; Furniture/Furnishings/Window Treatments; Public and Guest Bathrooms; Medical/First Aid Supplies; Internal Combustion (“IC”) Engines, Boilers and other Gas Burning Devices, and Fireplaces; Electronic Equipment, Electric Equipment and Associated Cables Wires and Batteries; Office Supplies and Office Tobacco smoke (primary)",other_prop65_listed,other_prop65_listed
"Upholstered furniture including stools Tris(1,3-dichloro-2-propyl) phosphate (TDCPP)",other_prop65_listed,other_prop65_listed
Children's Sequined Handbag with Plastic or Vinyl Components Di(2-ethylhexyl)phthalate (DEHP),phthalates_plasticizers,phthalates_plasticizers
"Legacy Partners Stitch Set of Two Zip Bags, SKU: LIN16456401997516 Di(2-ethylhexyl)phthalate (DEHP)",phthalates_plasticizers,phthalates_plasticizers
Glass and ceramicware with exterior artwork Lead,heavy_metals,heavy_metals
Eyeshadow Compacts with Vinyl/PVC Components Di(2-ethylhexyl)phthalate (DEHP),phthalates_plasticizers,phthalates_plasticizers
Various oils and lubricants used engine oils),other_prop65_listed,other_prop65_listed
Seaweed Snack cadmium compounds,heavy_metals,heavy_metals
Ceramic Mugs With Exterior Designs Lead,heavy_metals,heavy_metals
Tahari tech pants Perfluorooctanoic Acid (PFOA),pfas,pfas
"Probar, LLC, Pro Bar Bite Peanut Butter Chocolate Chip, UPC#5315200667 Lead",heavy_metals,heavy_metals
"Once Again Creamy Roasted Almond Butter , Once Again Sunflower Seed Butter , Once Again Crunchy No-Stir Butter, Once Again Crunchy Roasted Almond Butter Acrylamide",heat_generated_contaminants,heat_generated_contaminants
Vinyl/PVC Tool Pouches Di(2-ethylhexyl)phthalate (DEHP),phthalates_plasticizers,phthalates_plasticizers
Mastercool R134a Can Tap Valve UPC700376855104 Lead,heavy_metals,heavy_metals
"Yum Earth, Organic Licorice Black, UPC#810165019003 Lead",heavy_metals,heavy_metals
EGO Edger Blade Bag Di(2-ethylhexyl)phthalate (DEHP),phthalates_plasticizers,phthalates_plasticizers
Candles mildly treated oils,other_prop65_listed,other_prop65_listed
Nail polish Formaldehyde (gas),solvents_vocs,solvents_vocs
Children's Jackets Di(2-ethylhexyl)phthalate,phthalates_plasticizers,phthalates_plasticizers
NPW Plant Lady Mug Lead,heavy_metals,heavy_metals
Candy lead compounds,heavy_metals,heavy_metals
Tacupeto Corn Chips Acrylamide,heat_generated_contaminants,heat_generated_contaminants
Lotion Dispensers with Exterior Designs Lead,heavy_metals,heavy_metals
Trader Joe's Laceys Cookies Dark Chocolate Almond Acrylamide,heat_generated_contaminants,heat_generated_contaminants
Glassware with colored artwork or designs on the exterior lead compounds,heavy_metals,heavy_metals
Glass and Metal Candleholders Lead,heavy_metals,heavy_metals
"Orly Corp, Girls Safety Kit Clear Zip Bag, UPC#9146621387 Diisononyl phthalate (DINP)",phthalates_plasticizers,phthalates_plasticizers
Peak Refuel Premium Freeze Dried Homestyle Chicken and Rice Lead,heavy_metals,heavy_metals
Dried Seaweed lead compounds,heavy_metals,heavy_metals
Footwear with Vinyl/PVC Straps Di-n-butyl phthalate (DBP),phthalates_plasticizers,phthalates_plasticizers
"Upholstered furniture including chairs Tris(1,3-dichloro-2-propyl) phosphate (TDCPP)",other_prop65_listed,other_prop65_listed
"Premier Protein supplement, including but not limited to chocolate flavored 6-43843-71588-7 Lead",heavy_metals,heavy_metals
"Glassware, Ceramic Lead",heavy_metals,heavy_metals
Glassware Lead,heavy_metals,heavy_metals
Lead hammers and lubricants Nickel compounds,other_prop65_listed,heavy_metals
ProSobee Soy Infant Formula for Sensitive Tummy lead compounds,heavy_metals,heavy_metals
"Onassis, Dolmadakia Vine Leaves Stuffed with Rice, UPC#5202581101014 lead compounds",heavy_metals,heavy_metals
Seaweed lead compounds,heavy_metals,heavy_metals
"Environmental Exposures; Occupational Exposures; and Product Exposures (Swimming Pool/Hot Tubs; Automobile Parking Facilities; Equipment Maintenance; Second-hand Smoke and Smokeless Tobacco Products; Cleaning Supplies/Janitorial; Maintenance/Power Tools; Furniture/Furnishings/Window Treatments; Public and Guest Bathrooms; Medical/First Aid Supplies; Internal Combustion (“IC”) Engines, Boilers and other Gas Burning Devices, and Fireplaces; Electronic Equipment, Electric Equipment and Associated Cables Wires and Batteries; Office Supplies and Office Equipment; Hand Tools, Hardware and Brass Keys; and Fertilizers, Soil Amendments, and Pesticides and Herbicides). Tobacco smoke (primary)",other_prop65_listed,other_prop65_listed
Dried Seaweed Arsenic (inorganic oxides),heavy_metals,heavy_metals
Vinyl/PVC Gloves Di(2-ethylhexyl)phthalate (DEHP),phthalates_plasticizers,phthalates_plasticizers
Glassware with Exterior Design or Artwork Lead,heavy_metals,heavy_metals
Ceramic Pet Bowls With Exterior Decorations Lead,heavy_metals,heavy_metals
Dried Seaweed Arsenic (inorganic arsenic compounds),heavy_metals,heavy_metals
"Change Purse, UPC No. 09103734454 0 Di(2-ethylhexyl)phthalate (DEHP)",phthalates_plasticizers,phthalates_plasticizers
cosmetic kits Lead,heavy_metals,heavy_metals
Seaweed Sticks Cadmium,heavy_metals,heavy_metals
Children's plastic keychain Di(2-ethylhexyl)phthalate (DEHP),phthalates_plasticizers,phthalates_plasticizers
mobile wallets Di(2-ethylhexyl)phthalate (DEHP),phthalates_plasticizers,phthalates_plasticizers
Dried Seaweed cadmium compounds,heavy_metals,heavy_metals
Neon Green LED Bag Di-n-butyl phthalate (DBP),phthalates_plasticizers,phthalates_plasticizers
"Vinyl tool grips, Vinyl rainwear Lead",heavy_metals,heavy_metals
"Drainage Bag, Lab Spatula – Reusable Case Diisononyl phthalate (DINP)",phthalates_plasticizers,phthalates_plasticizers
"Sun-Maid Yogurt Raisins, Dark Chocolate Dried Fruit Healthy Snack, 1 oz 6 pack Bar Code Lead",heavy_metals,heavy_metals
Baby Spinach Cadmium,heavy_metals,heavy_metals
Three Twins Ice Cream 12 Organic Cake Cones Acrylamide,heat_generated_contaminants,heat_generated_contaminants
Aeropostale Sweatpants/Joggers Di(2-ethylhexyl)phthalate (DEHP),phthalates_plasticizers,phthalates_plasticizers
"Real De Oaxaca, Oaxacan Black Mole, UPC#N/A Lead",heavy_metals,heavy_metals
Tools with Vinyl/PVC Grips Di(2-ethylhexyl)phthalate (DEHP),phthalates_plasticizers,phthalates_plasticizers
"Telephone poles Chromium (hexavalent compounds), Chrysene, Creosotes, Dibenz[a,h]anthracene, Hexachlorobenzene, Hexachlorodibenzodioxin, Indeno [1,2,3-cd]pyrene, N-Nitrosodiphenylamine, Pentachlorophenol, Polychlorinated dibenzo-p-dioxins",heavy_metals,heavy_metals
Nori Seaweed Cadmium,heavy_metals,heavy_metals
Milk-Based Powder Infant Formula with Iron lead compounds,heavy_metals,heavy_metals
"Environmental Exposures; Occupational Exposures; and Product Exposures (Swimming Pool/Hot Tubs; Food and Beverage Operations; Automobile Parking Facilities; Valet (shoeshine and dry cleaning delivery); Matches; Arts & Crafts Supplies and Classes; Second-hand Smoke and Smokeless Tobacco Products; Cleaning Supplies/Janitorial; Maintenance/Power Tools; Furniture/Furnishings/Window Treatments; Public and Guest Bathrooms; Medical/First Aid Supplies; Internal Combustion (“IC”) Engines, Boilers and other Gas Burning Devices, and Fireplaces; Electronic Equipment, Electric Equipment and Associated Cables Wires and Batteries; Office Supplies and Office Equipment; Hand Tools, Hardware and Brass Keys; and Fertilizers, Soil Amendments, and Pesticides and Herbicides). Tobacco smoke (primary)",other_prop65_listed,other_prop65_listed
“BP” brand of handbags Di(2-ethylhexyl)phthalate (DEHP),phthalates_plasticizers,phthalates_plasticizers
De La Cruz Moisturizer Vitamin E Cream Diethanolamine,other_prop65_listed,other_prop65_listed
Organic Chocolate Vegan Protein Powder Lead,heavy_metals,heavy_metals
Wood Treatment Arsenic (inorganic arsenic compounds),heavy_metals,heavy_metals
Adamsbuilt Wet/Dry Bag Di(2-ethylhexyl)phthalate (DEHP),phthalates_plasticizers,phthalates_plasticizers
365 Whole Foods Market Apple Cinnamon Mini Rice Crisps Lead,heavy_metals,heavy_metals
Seaweed lead compounds,heavy_metals,heavy_metals
Corn Nuts Crunchy Kernels - Chile Picante con Limon Acrylamide,heat_generated_contaminants,heat_generated_contaminants
"Signature Under the Bed Storage Bags - Clear Plastic, UPC#840432188484 Di(2-ethylhexyl)phthalate (DEHP)",phthalates_plasticizers,phthalates_plasticizers
Seaweed Crisps lead compounds,heavy_metals,heavy_metals
Seasoned Seaweed cadmium compounds,heavy_metals,heavy_metals
Handbags with Plastic Components Di(2-ethylhexyl)phthalate (DEHP),phthalates_plasticizers,phthalates_plasticizers
"Organic Roasted Seaweed, Organic Raw Seaweed lead compounds",heavy_metals,heavy_metals
Glassware and Ceramicware Products Lead,heavy_metals,heavy_metals
"Scout Wild Yellowfin Tuna + Chili Crisp Crunchy Topper, Scout Wild Yellowfin Tuna + Chile Jalapeno Crunchy Topper Lead",heavy_metals,heavy_metals
Dried Seaweed lead compounds,heavy_metals,heavy_metals
Studio Mabelle Bag Di(2-ethylhexyl)phthalate (DEHP),phthalates_plasticizers,phthalates_plasticizers
Fishing Sinker Lead,heavy_metals,heavy_metals
Cozy Cover infant carriers Perfluorooctanoic Acid (PFOA),pfas,pfas
"DMI 16"" Inflatable Ring Cushion - Blue Vinyl, UPC#041298080190 Diisononyl phthalate (DINP)",phthalates_plasticizers,phthalates_plasticizers
"Less Naked Pea - Chocolate, Naked Rice, Naked Pea + Matcha, Naked Whey + Greens, Naked Choc PB lead compounds",heavy_metals,heavy_metals
"Seaweed Arsenic (inorganic arsenic compounds), Cadmium",heavy_metals,heavy_metals
Tools with vinyl grips Di(2-ethylhexyl)phthalate (DEHP),phthalates_plasticizers,phthalates_plasticizers
Bowl with Animal Attachment Lead,heavy_metals,heavy_metals
Soap Dish with Plastic Suction cup Di(2-ethylhexyl)phthalate (DEHP),phthalates_plasticizers,phthalates_plasticizers
"Upholstered furniture Tris(1,3-dichloro-2-propyl) phosphate (TDCPP)",other_prop65_listed,other_prop65_listed
Divine Exquisitely Smooth Dark Chocolate 85%; UPC: 5274900466 Lead,heavy_metals,heavy_metals
TIGI BED HEAD: Brunette Goddess Shampoo Coconut oil diethanolamine condensate (cocamide diethanolamine),other_prop65_listed,other_prop65_listed
Lake Champlain Organic Cocoa Powder Cadmium,heavy_metals,heavy_metals
Mug Lead,heavy_metals,heavy_metals
Wakame Dried Seaweed cadmium compounds,heavy_metals,heavy_metals
Revitalash Cosmetics Hi-Def Brow Gel Diethanolamine,other_prop65_listed,other_prop65_listed
"Bluey Tote Bag, UPC: 840716286332 Di(2-ethylhexyl)phthalate (DEHP)",phthalates_plasticizers,phthalates_plasticizers
"IDRYBAG Dry Bags for Kayaking Waterproof, C2G Legrand Flush Cutters Diisononyl phthalate (DINP)",phthalates_plasticizers,phthalates_plasticizers
"KINGART 19"" x 25"" Vinyl/Mesh Bag With Handle Di(2-ethylhexyl)phthalate (DEHP)",phthalates_plasticizers,phthalates_plasticizers
Carry Tote Bag – Grey; Item: 26784814; Model: TOE185 Di(2-ethylhexyl)phthalate (DEHP),phthalates_plasticizers,phthalates_plasticizers
Dried Seaweed cadmium compounds,heavy_metals,heavy_metals
Storage Containers With PVC Components Di(2-ethylhexyl)phthalate (DEHP),phthalates_plasticizers,phthalates_plasticizers
Ceramic Products Cadmium,heavy_metals,heavy_metals
"Children's Sport Toys, Children's Watches, Baby Bibs, Children's Drinking Cups Di(2-ethylhexyl)phthalate",phthalates_plasticizers,phthalates_plasticizers
"Vista Gloves Clear Book Cover 12"" Di(2-ethylhexyl)phthalate (DEHP)",phthalates_plasticizers,phthalates_plasticizers
Seaweed Cadmium,heavy_metals,heavy_metals
Attwood Mercury Fuel Tank Fitting 8899LP6 lead compounds,heavy_metals,heavy_metals
Ceramic mugs with exterior decorations lead compounds,heavy_metals,heavy_metals
JUCFHY Vinyl Tablecloths Di(2-ethylhexyl)phthalate (DEHP),phthalates_plasticizers,phthalates_plasticizers
El Mexicano Achiote Rojo Seasoning Paste Lead,heavy_metals,heavy_metals
Children's Sandals Di-n-butyl phthalate (DBP),phthalates_plasticizers,phthalates_plasticizers
20PCS Small Makeup bags w zipper; ASIN: B07YRHPRJ1 Di(2-ethylhexyl)phthalate (DEHP),phthalates_plasticizers,phthalates_plasticizers
Seaweed Salad Lead,heavy_metals,heavy_metals
"Footwear Made With Leather, Vinyl or Imitation Leather Materials Lead",heavy_metals,heavy_metals
Pouches with Vinyl/PVC Components Di(2-ethylhexyl)phthalate (DEHP),phthalates_plasticizers,phthalates_plasticizers
Moisturizing Creams Progesterone,other_prop65_listed,other_prop65_listed
Pickled Vegetables Bag Lead,heavy_metals,heavy_metals
Glassware with exterior artwork Lead,heavy_metals,heavy_metals
"Flats Mary Jane Dance Party Cosplay Shoes, MGparty Halloween Blood IV Bags Di-n-butyl phthalate (DBP)",phthalates_plasticizers,phthalates_plasticizers
Vinyl/PVC Pillows Di(2-ethylhexyl)phthalate (DEHP),phthalates_plasticizers,phthalates_plasticizers
"Vinyl tool grips, Tape measures Di(2-ethylhexyl)phthalate (DEHP)",phthalates_plasticizers,phthalates_plasticizers
Dried Laver and Dried Seaweed Lead,heavy_metals,heavy_metals
"Orange Vinyl Electrical Tape 6070RG, IPG™; UPC077922856824 Di(2-ethylhexyl)phthalate (DEHP)",phthalates_plasticizers,phthalates_plasticizers
Vinyl/PVC Gloves Di(2-ethylhexyl)phthalate (DEHP),phthalates_plasticizers,phthalates_plasticizers
"Claraluna de Noche, Sajal Beauty Cream, Milk Cream, Be Be Special Cream, Collagen Plus Day & Night Cream, Madame Organic Whitening Arbutin Cream, Crave Sparkling Glow C Beauty Cream Mercury",heavy_metals,heavy_metals
Peter Thomas Roth Mega-Rich Nourishing Body Lotion Diethanolamine,other_prop65_listed,other_prop65_listed
Sprouts Creamy and Salted Almond Butter Acrylamide,heat_generated_contaminants,heat_generated_contaminants
Vinyl coated wire Lead,heavy_metals,heavy_metals
"Vinyl/PVC Coated Cables, Vinyl/PVC Tool Pouches Di(2-ethylhexyl)phthalate (DEHP)",phthalates_plasticizers,phthalates_plasticizers
"Gloves with Vinyl Components, Dog Leads with Brass Hooks, Number Holders with Vinyl Components Lead",heavy_metals,heavy_metals
"Painted Bird Mug, #31 391138 Lead",heavy_metals,heavy_metals
Santa Fe Black Beans & Rice Lead,heavy_metals,heavy_metals
"Eyeglass cases, Vinyl purses Di(2-ethylhexyl)phthalate",phthalates_plasticizers,phthalates_plasticizers
SurgiCare Cream Hair Remover for Face Fresh Scent Diethanolamine,other_prop65_listed,other_prop65_listed
Ceramic Mugs with Exterior Designs Lead,heavy_metals,heavy_metals
Miniso We Bare Bears children’s hand soap Diethanolamine,other_prop65_listed,other_prop65_listed
Sprouts Farmers Market Roasted Seaweed Lead,heavy_metals,heavy_metals
Ceramic containers with Exterior Artwork Lead,heavy_metals,heavy_metals
Furniture products Formaldehyde (gas),solvents_vocs,solvents_vocs
Wild Rice lead compounds,heavy_metals,heavy_metals
Glassware with Exterior Artwork Lead,heavy_metals,heavy_metals
Glassware With Exterior Decorations Lead,heavy_metals,heavy_metals
Vinyl/PVC Cosmetic Cases Di(2-ethylhexyl)phthalate (DEHP),phthalates_plasticizers,phthalates_plasticizers
Tuna lead compounds,heavy_metals,heavy_metals
Vinyl discus carrier Diisononyl phthalate (DINP),phthalates_plasticizers,phthalates_plasticizers
Vinyl/PVC Tubing Di(2-ethylhexyl)phthalate (DEHP),phthalates_plasticizers,phthalates_plasticizers
Nori Seaweed cadmium compounds,heavy_metals,heavy_metals
TMV Motorcycle Parts Bag Diisononyl phthalate (DINP),phthalates_plasticizers,phthalates_plasticizers
Summer River Floral Mug Lead,heavy_metals,heavy_metals
Dried Arame Seaweed Arsenic (inorganic oxides),heavy_metals,heavy_metals
"Upholstered Chairs with Foam Padding containing Tris(1,3-dichloro-2-propyl) phosphate and Tris(2-chloroethyl) phosphate, Upholstered Children’s Chairs with Foam Padding containing Tris(1,3-dichloro-2-propyl) phosphate, Children’s Chairs with Vinyl/PVC Upholstery containing Di(2-ethylhexyl)phthalate Tris(1,3-dichloro-2-propyl) phosphate (TDCPP)",other_prop65_listed,other_prop65_listed
Brass Handled Cookware lead compounds,heavy_metals,heavy_metals
"Strainers with Vinyl/PVC Handles containing Di(2-ethylhexyl)phthalate, Mugs with Vinyl/PVC Sleeves containing Di(2-ethylhexyl)phthalate, Bottles with Vinyl/PVC Sleeves containing Lead Di(2-ethylhexyl)phthalate (DEHP)",phthalates_plasticizers,phthalates_plasticizers
"Wallets, handbags, clutches and totes Lead",heavy_metals,heavy_metals
handbags Diisononyl phthalate (DINP),phthalates_plasticizers,phthalates_plasticizers
Wallets Di(2-ethylhexyl)phthalate (DEHP),phthalates_plasticizers,phthalates_plasticizers
Sport duffel bag Lead,heavy_metals,heavy_metals
Vinyl Banners Di(2-ethylhexyl)phthalate (DEHP),phthalates_plasticizers,phthalates_plasticizers
Mugs With Exterior Designs Lead,heavy_metals,heavy_metals
"Treated Wood Products, Utility poles and crossarms, Treated Wood Waste 2,3,7,8-Tetrachlorodibenzo-p-dioxin (TCDD), Hexachlorodibenzodioxin, Pentachlorophenol, Polychlorinated dibenzo-p-dioxins",other_prop65_listed,solvents_vocs
"Crossbody Bag, Handbag Di(2-ethylhexyl)phthalate (DEHP)",phthalates_plasticizers,phthalates_plasticizers
Sage & Emily 3 Piece Cosmetic Set Bag Di(2-ethylhexyl)phthalate (DEHP),phthalates_plasticizers,phthalates_plasticizers
"Upholstered furniture including office chairs Tris(1,3-dichloro-2-propyl) phosphate (TDCPP)",other_prop65_listed,other_prop65_listed
"Wallets, Handbags, Purses and Clutches Made With Leather, Vinyl or Imitation Leather Materials lead compounds",heavy_metals,heavy_metals
Ginger Candy Lead,heavy_metals,heavy_metals
"Upholstered furniture including benches Tris(1,3-dichloro-2-propyl) phosphate (TDCPP)",other_prop65_listed,other_prop65_listed
"Trifold Wallet, Sport Wallet Di(2-ethylhexyl)phthalate (DEHP)",phthalates_plasticizers,phthalates_plasticizers
Leather Gloves Chromium (hexavalent compounds),heavy_metals,heavy_metals
Pure Protein bar chocolate deluxe Lead,heavy_metals,heavy_metals
Fishing tackle Lead,heavy_metals,heavy_metals
Neon Green LED Bag Di(2-ethylhexyl)phthalate (DEHP),phthalates_plasticizers,phthalates_plasticizers
Seaweed Crisps cadmium compounds,heavy_metals,heavy_metals
Reusable shopping bags lead compounds,heavy_metals,heavy_metals
Soap Tray with Suction Cups Di(2-ethylhexyl)phthalate (DEHP),phthalates_plasticizers,phthalates_plasticizers
Children's Furniture Formaldehyde (gas),solvents_vocs,solvents_vocs
"Floral One Loved Gigi Mug, #80 897073 Lead",heavy_metals,heavy_metals
"Lord mugs, travel mugs Lead",heavy_metals,heavy_metals
"Jamaican Style Tamarind Balls, Sweet and Sour, Caramelo De Tamarindo (2 oz Bag) 3-Pack (Barcode: 027246020319) Lead",heavy_metals,heavy_metals
Roasted Seaweed Snack cadmium compounds,heavy_metals,heavy_metals
Exercise Bars with Vinyl Components Diisononyl phthalate (DINP),phthalates_plasticizers,phthalates_plasticizers
Heart & Soil Pure American Liver 500 MG Each 180 Capsules Perfluorononanoic acid (PFNA),other_prop65_listed,other_prop65_listed
Little Journey Apple Rice Rusks Gentle Teething Wafers Lead,heavy_metals,heavy_metals
"Brass door, cabinet and wall hardware Lead",heavy_metals,heavy_metals
Mugs With Exterior Designs Lead,heavy_metals,heavy_metals
"Dream Premium Fabric Shower Cap, DRE5103, UPC No. 8 4362 03451 3 Di(2-ethylhexyl)phthalate (DEHP)",phthalates_plasticizers,phthalates_plasticizers
Ceramic products Cadmium,heavy_metals,heavy_metals
Plastic Bathmat with Suction Cups Diisononyl phthalate (DINP),phthalates_plasticizers,phthalates_plasticizers
Pants Saver runner mat Di(2-ethylhexyl)phthalate (DEHP),phthalates_plasticizers,phthalates_plasticizers
Nomad Design Bag Di(2-ethylhexyl)phthalate (DEHP),phthalates_plasticizers,phthalates_plasticizers
"Nora, Seaweed Snacks - Tempura Spicy, UPC#855258006249, Nora, Seaweed Snacks - Crispy Original, UPC#855258006225 lead compounds",heavy_metals,heavy_metals
Happy Halloween Deluxe Makeup Kit Diethanolamine,other_prop65_listed,other_prop65_listed
Glassware Products Cadmium,heavy_metals,heavy_metals
Vinyl/PVC Gloves Diisononyl phthalate (DINP),phthalates_plasticizers,phthalates_plasticizers
Vinyl Gloves Di(2-ethylhexyl)phthalate,phthalates_plasticizers,phthalates_plasticizers
"Vinyl/PVC Watch Straps, Faux Leather Covered Flasks Lead",heavy_metals,heavy_metals
Wood Treatment Arsenic (inorganic arsenic compounds),heavy_metals,heavy_metals
Crispy Seaweed with Almond cadmium compounds,heavy_metals,heavy_metals
Seaweed cadmium compounds,heavy_metals,heavy_metals
"Footwear Made With Leather, Vinyl or Imitation Leather Materials Lead",heavy_metals,heavy_metals
"Dr. Bronner’s All-One Chocolate, Salted Dark Chocolate Mercury",heavy_metals,heavy_metals
Glassware and Ceramic Products Lead,heavy_metals,heavy_metals
Ideal Tuff Rod Fishing Pole Container Di(2-ethylhexyl)phthalate (DEHP),phthalates_plasticizers,phthalates_plasticizers
Raw Seaweed cadmium compounds,heavy_metals,heavy_metals
Quadratini Almonds bite size Wafer cookies Acrylamide,heat_generated_contaminants,heat_generated_contaminants
Bibs Di(2-ethylhexyl)phthalate,phthalates_plasticizers,phthalates_plasticizers
clear handbags Di(2-ethylhexyl)phthalate (DEHP),phthalates_plasticizers,phthalates_plasticizers
Earbuds with vinyl/PVC components Di(2-ethylhexyl)phthalate (DEHP),phthalates_plasticizers,phthalates_plasticizers
Glassware and Ceramicware Products Cadmium,heavy_metals,heavy_metals
"Wallet, Fashion accessories Di(2-ethylhexyl)phthalate",phthalates_plasticizers,phthalates_plasticizers
Soft Toys With Suction Cups Diisononyl phthalate (DINP),phthalates_plasticizers,phthalates_plasticizers
sling bags Diisononyl phthalate (DINP),phthalates_plasticizers,phthalates_plasticizers
Stethoscopes with Vinyl/PVC Tubing Di(2-ethylhexyl)phthalate (DEHP),phthalates_plasticizers,phthalates_plasticizers
Roasted Seaweed Lead,heavy_metals,heavy_metals
Handheld Baby Animal Feeders Di(2-ethylhexyl)phthalate (DEHP),phthalates_plasticizers,phthalates_plasticizers
"Storage Boxes with Vinyl/PVC Components Di(2-ethylhexyl)phthalate, Di(2-ethylhexyl)phthalate (DEHP)",phthalates_plasticizers,phthalates_plasticizers
Upholstered furniture including ottomans Tris(2-chloroethyl) phosphate,other_prop65_listed,other_prop65_listed
"Leaded crystal vessels such as decanters, tumblers, wine glasses, champagne flutes, and cocktail glasses. lead compounds",heavy_metals,heavy_metals
Tongs with vinyl/PVC grips Di(2-ethylhexyl)phthalate (DEHP),phthalates_plasticizers,phthalates_plasticizers
Equate Ultra Strength Pain Relieving Cream Diethanolamine,other_prop65_listed,other_prop65_listed
Fishing Sinker Lead,heavy_metals,heavy_metals
American Vintage Receipt Bisphenol S (BPS),bisphenols,bisphenols
Fishing Weights Containing Lead Lead,heavy_metals,heavy_metals
Vinyl gloves Di(2-ethylhexyl)phthalate,phthalates_plasticizers,phthalates_plasticizers
"Fish and shellfish in the form of meals containing mahi-mahi, flounder, catfish, crab, salmon, trout, grouper, haddock, swordfish and lobster. Mercury",heavy_metals,heavy_metals
Ceramic Mugs with Exterior Designs Lead,heavy_metals,heavy_metals
Lofthouse Red Velvet Frosted Sugar Cookies Acrylamide,heat_generated_contaminants,heat_generated_contaminants
"The Bomb Co. Muscle Builder Bomb Plant Protein Vanilla Protein Powder, The Bomb Co. Muscle Builder Bomb Plant Protein Chocolate Protein Powder, The Bomb Co. Immune Booster Coconut Kick Blender Bomb Sunflower Seed and Coconut lead compounds",heavy_metals,heavy_metals
Ceramic beverage containers Lead,heavy_metals,heavy_metals
standing too close mugs Lead,heavy_metals,heavy_metals
Vinyl Art Smocks Di(2-ethylhexyl)phthalate,phthalates_plasticizers,phthalates_plasticizers
Glassware Products Cadmium,heavy_metals,heavy_metals
Caulipower Spinach Gnocchi with Tuscan Style Marinara Lead,heavy_metals,heavy_metals
Metal and Glass Containers Lead,heavy_metals,heavy_metals
Glassware with exterior artwork Lead,heavy_metals,heavy_metals
Wood Treatment Arsenic (inorganic arsenic compounds),heavy_metals,heavy_metals
San Francisco Giants Front Pocket Wallet Di(2-ethylhexyl)phthalate (DEHP),phthalates_plasticizers,phthalates_plasticizers
Gina Concepts cosmetic bag Di-isodecyl phthalate (DIDP),phthalates_plasticizers,phthalates_plasticizers
"Bella Pierre Cosmetics Best in Complexion Kit Titanium dioxide (airborne, unbound particles of respirable size)",food_additives,food_additives
Dried Seaweed Cadmium,heavy_metals,heavy_metals
Copper mugs with brass components lead compounds,heavy_metals,heavy_metals
Dried Seaweed Lead,heavy_metals,heavy_metals
"Raw Seaweed, Seaweed Chips Cadmium",heavy_metals,heavy_metals
Peanut Butter Chocolate Protein Bar Lead,heavy_metals,heavy_metals
NEOSTRATA Skincare Restore Bionic Face Cream Diethanolamine,other_prop65_listed,other_prop65_listed
Glass and Ceramic Products Lead,heavy_metals,heavy_metals
Glassware and Ceramicware Products Lead,heavy_metals,heavy_metals
Tools with Vinyl/PVC Grips Di(2-ethylhexyl)phthalate (DEHP),phthalates_plasticizers,phthalates_plasticizers
Vinyl tool grips Di(2-ethylhexyl)phthalate (DEHP),phthalates_plasticizers,phthalates_plasticizers
Vinyl Tote Handles Di(2-ethylhexyl)phthalate (DEHP),phthalates_plasticizers,phthalates_plasticizers
The Lakeside Collection ID Wallet Di(2-ethylhexyl)phthalate (DEHP),phthalates_plasticizers,phthalates_plasticizers
Cuater by TravisMathew Players Only Premium Glove Chromium (hexavalent compounds),heavy_metals,heavy_metals
Vega Organic Plant Based Protein Drink Mix – Chocolate Lead,heavy_metals,heavy_metals
"Hi-Vinyl Leg Tips, UPC No. 0 39003 19205 4 Diisononyl phthalate (DINP)",phthalates_plasticizers,phthalates_plasticizers
Plastic Cosmetic Bag; UPC: 787900665538 Di(2-ethylhexyl)phthalate (DEHP),phthalates_plasticizers,phthalates_plasticizers
"Bungee Cable Bag - Clear Plastic Case, Model: ABGT0910 Di(2-ethylhexyl)phthalate (DEHP)",phthalates_plasticizers,phthalates_plasticizers
Books or journals with vinyl covers Di(2-ethylhexyl)phthalate (DEHP),phthalates_plasticizers,phthalates_plasticizers
Fried Fish cadmium compounds,heavy_metals,heavy_metals
"Brass door, cabinet and wall hardware Lead",heavy_metals,heavy_metals
Dried Seaweed Knots Lead,heavy_metals,heavy_metals
Vinyl Storage Pockets Di(2-ethylhexyl)phthalate (DEHP),phthalates_plasticizers,phthalates_plasticizers
pet carry bags Di(2-ethylhexyl)phthalate (DEHP),phthalates_plasticizers,phthalates_plasticizers
"Vinyl Pouches Di(2-ethylhexyl)phthalate, Di(2-ethylhexyl)phthalate (DEHP)",phthalates_plasticizers,phthalates_plasticizers
nasal sprays Mercury,heavy_metals,heavy_metals
Tools with vinyl grips Di(2-ethylhexyl)phthalate (DEHP),phthalates_plasticizers,phthalates_plasticizers
Ashland Basic Elements Candle Holder Lead,heavy_metals,heavy_metals
Coffee Acrylamide,heat_generated_contaminants,heat_generated_contaminants
"Ear Muffs with Vinyl Components, Gloves with Vinyl Components Di(2-ethylhexyl)phthalate (DEHP)",phthalates_plasticizers,phthalates_plasticizers
Round Shape Dried Seaweeds cadmium compounds,heavy_metals,heavy_metals
"Clothing Made with Leather, Vinyl or Imitation Leather Materials Lead",heavy_metals,heavy_metals
Work Chair with Vinyl/PVC Upholstery Di(2-ethylhexyl)phthalate (DEHP),phthalates_plasticizers,phthalates_plasticizers
Dermactin-TS Pre-Cosmetic Foundation Base - Creates Perfect Base for Applying Foundation Diethanolamine,other_prop65_listed,other_prop65_listed
Glassware Products Lead,heavy_metals,heavy_metals
Afia Sweet Potato and Kale Falafel Bowl Lead,heavy_metals,heavy_metals
Midwest Quality Gloves Chromium (hexavalent compounds),heavy_metals,heavy_metals
Snack chips Acrylamide,heat_generated_contaminants,heat_generated_contaminants
Laptop cover/bag Lead,heavy_metals,heavy_metals
"Treehouse Private Brands, Inc. Bakers Harvest Graham Crackers Acrylamide",heat_generated_contaminants,heat_generated_contaminants
Crispy Seaweed with Almond Cadmium,heavy_metals,heavy_metals
pouches of makeup brush kits Di(2-ethylhexyl)phthalate (DEHP),phthalates_plasticizers,phthalates_plasticizers
Name Plate With 2 Brass Corners Lead,heavy_metals,heavy_metals
Contraband Black Label 5050 Mens Basic Leather Fingerless Weight Lifting Gloves - Durable Light- Medium Padded Split Leather Gym Gloves-Perfect Classic Lifting Gloves (Pair) Di(2-ethylhexyl)phthalate (DEHP),phthalates_plasticizers,phthalates_plasticizers
Plastkolite solvent cleaner Dichloromethane (Methylene chloride),other_prop65_listed,other_prop65_listed
Vega Maca Chocolate Bar Cadmium,heavy_metals,heavy_metals
Spring Clamps with vinyl grips and tips Di(2-ethylhexyl)phthalate (DEHP),phthalates_plasticizers,phthalates_plasticizers
"Condor Shooter Gloves, UPC No. 0-22886-22806-4 Diisononyl phthalate (DINP)",phthalates_plasticizers,phthalates_plasticizers
"Drybags with Vinyl/PVC Components Di(2-ethylhexyl)phthalate, Di(2-ethylhexyl)phthalate (DEHP)",phthalates_plasticizers,phthalates_plasticizers
KYLIE COSMETICS Matte Liquid Eyeshadow Diethanolamine,other_prop65_listed,other_prop65_listed
Bags Di(2-ethylhexyl)phthalate (DEHP),phthalates_plasticizers,phthalates_plasticizers
mercury in nasal sprays mercury compounds,heavy_metals,heavy_metals
"Wallets, handbags, clutches and totes Lead",heavy_metals,heavy_metals
"Clothing Made with Leather, Vinyl or Imitation Leather Materials Lead",heavy_metals,heavy_metals
"Woodland Firepit Carbon monoxide, soots, tar",other_prop65_listed,other_prop65_listed
Ground Crayfish Lead,heavy_metals,heavy_metals
Andean Gourmet Toston Chips Acrylamide,heat_generated_contaminants,heat_generated_contaminants
Storage furniture Di(2-ethylhexyl)phthalate (DEHP),phthalates_plasticizers,phthalates_plasticizers
"wet n wild My Reality Is Just Different Shimmer Setting Spray Alice In Wonderland Collection Titanium dioxide (airborne, unbound particles of respirable size)",food_additives,food_additives
At Home Valentines Day Heart Mug Lead,heavy_metals,heavy_metals
"Seaweed ""Sushi Nori"" cadmium compounds",heavy_metals,heavy_metals
The Girls™ Amie™ Vibratex® Vibrator Toy “Phthalate Free”; UPC896909001954 Diisononyl phthalate (DINP),phthalates_plasticizers,phthalates_plasticizers
Vinyl/PVC Tool Grips Di(2-ethylhexyl)phthalate (DEHP),phthalates_plasticizers,phthalates_plasticizers
"Firewood, firestarters, firebricks and firelogs 1,6-Dinitropyrene, 1,8-Dinitropyrene, 1-Nitropyrene, 2-Nitrofluorene, 3-Methylcholanthrene, 4-Nitropyrene, 5-Methylchrysene, 5-Nitroacenaphthene, 6-Nitrochrysene, 7,12-Dimethylbenz(a)anthracene, 7H-Dibenzo[c,g]carbazole, Benzene, Benzo[a]pyrene, Benzo[b]fluoranthene, Benzo[j]fluoranthene, Benzo[k]fluoranthene, Benz[a]anthracene, Carbon tetrachloride, Chloroform, Chrysene, Creosotes, Dibenzo[a,e]pyrene, Dibenzo[a,h]pyrene, Dibenzo[a,i]pyrene, Dibenzo[a,l]pyrene, Dibenz[a,h]acridine, Dibenz[a,h]anthracene, Dibenz[a,j]acridine",heat_generated_contaminants,heat_generated_contaminants
Red Santa Mugs with Spoons Lead,heavy_metals,heavy_metals
Glassware with Exterior Designs Lead,heavy_metals,heavy_metals
"Chaos and Pain, Cannibal Coma (Deep Sleep and Lucid Dream Aid) - Blue Hawaiian, UPC#610563315000, Chaos and Pain, Cannibal Carnage (Stim-Free Fat Burning Powder) - Killer Bombsicle, UPC#610563314683, Chaos and Pain, Cannibal Ferox (King of All Pre-Workouts) - Strawberry Kiwi, UPC#850000083035 lead compounds",heavy_metals,heavy_metals
Vivla Phone Bag Di(2-ethylhexyl)phthalate (DEHP),phthalates_plasticizers,phthalates_plasticizers
Trunk Organizers with Vinyl/PVC Components Di(2-ethylhexyl)phthalate (DEHP),phthalates_plasticizers,phthalates_plasticizers
Candy Lead,heavy_metals,heavy_metals
Bakeey Grtsunsea Wallet SKU503688 Lead,heavy_metals,heavy_metals
Roasted Filefish Lead,heavy_metals,heavy_metals
"Laptop bags , Zipper pulls on laptop bags Di(2-ethylhexyl)phthalate (DEHP)",phthalates_plasticizers,phthalates_plasticizers
Mugs and Other Tableware lead compounds,heavy_metals,heavy_metals
Glassware Products Lead,heavy_metals,heavy_metals
Winnie the Pooh Mug Lead,heavy_metals,heavy_metals
Vinyl/PVC Speaker Cords Di(2-ethylhexyl)phthalate (DEHP),phthalates_plasticizers,phthalates_plasticizers
"Wallets, Handbags, Purses and Clutches Made With Leather, Vinyl or Imitation Leather Materials Lead",heavy_metals,heavy_metals
"Shampoo, Liquid Soaps and Powdered Soaps Such as Hand Soaps, Face Soaps, Soap Sheets, Body Washes, Pet Soaps, Shower Gels, Foot Baths and Bubble Baths Coconut oil diethanolamine condensate (cocamide diethanolamine)",other_prop65_listed,other_prop65_listed
"Environmental Exposures; Occupational Exposures; and Product Exposures (Alcoholic Beverages (bars, mini bars); Swimming Pool/Hot Tubs; Food and Beverage Operations; Automobile Parking Facilities; Hotel Transportation Vehicles; Kitchen; Fireplaces and Patio Heaters; Salon; Candles; Matches; Sterno Cooking Fuel; Second-hand Smoke and Smokeless Tobacco Products; Cleaning Supplies/Janitorial; Maintenance/Power Tools; Furniture/Furnishings/Window Treatments; Public and Guest Bathrooms; Medical/First Aid Supplies; Internal Combustion (“IC”) Engines, Boilers and other Gas Burning Devices, and Fireplaces; Electronic Equipment, Electric Equipment and Associated Cables Wires and Batteries; Office Supplies and Office Equipment; Hand Tools, Hardware and Brass Keys; and Fertilizers, Soil Amendments, and Pesticides and Herbicides). Tobacco smoke (primary)",other_prop65_listed,other_prop65_listed
"50PCS Fishing Soft Sheet Lead Roll Fishing Sinkers, UPC#X003PVIETB lead compounds",heavy_metals,heavy_metals
"Vinyl Covered Anchors Di(2-ethylhexyl)phthalate, Di(2-ethylhexyl)phthalate (DEHP)",phthalates_plasticizers,phthalates_plasticizers
Green Thumb Reinforced 3-Ply Vinyl Garden Hose 5/8” x 50’ Di-isodecyl phthalate (DIDP),phthalates_plasticizers,phthalates_plasticizers
"Sporting Toys, Bibs Di(2-ethylhexyl)phthalate",phthalates_plasticizers,phthalates_plasticizers
"Almond Clusters Baked with Cashews, Pumpkin Seeds, Cayenne, Turmeric, & Honey Acrylamide",heat_generated_contaminants,heat_generated_contaminants
nasal sprays Mercury,heavy_metals,heavy_metals
AMERICAN INT IND multi-layering mascara Diethanolamine,other_prop65_listed,other_prop65_listed
Good to Go bag Di(2-ethylhexyl)phthalate (DEHP),phthalates_plasticizers,phthalates_plasticizers
"Integrated Clothing Accessories and Embellishments Such as Brooches, Pins, Charms, and Buckles Cadmium",heavy_metals,heavy_metals
"Vinyl Bags Di(2-ethylhexyl)phthalate, Di(2-ethylhexyl)phthalate (DEHP)",phthalates_plasticizers,phthalates_plasticizers
"Vinyl/PVC Tool Pouches , Solder Di(2-ethylhexyl)phthalate (DEHP)",phthalates_plasticizers,phthalates_plasticizers
Lead Fishing Sinkers Lead,heavy_metals,heavy_metals
Vinyl Dog Toys Di(2-ethylhexyl)phthalate (DEHP),phthalates_plasticizers,phthalates_plasticizers
Once Again Lightly Sweetened Creamy Sunflower Seed Butter Cadmium,heavy_metals,heavy_metals
Clear Makeup Bags Di(2-ethylhexyl)phthalate (DEHP),phthalates_plasticizers,phthalates_plasticizers
Met-Rx meal replacement extreme chocolate Lead,heavy_metals,heavy_metals
Reusable shopping bags Lead,heavy_metals,heavy_metals
Fried or Baked Potato or Sweet Potato Based Snack Food Acrylamide,heat_generated_contaminants,heat_generated_contaminants
Gift Set Bag Di(2-ethylhexyl)phthalate (DEHP),phthalates_plasticizers,phthalates_plasticizers
"Upholstered Furniture Tris(1,3-dichloro-2-propyl) phosphate (TDCPP)",other_prop65_listed,other_prop65_listed
Fresh Melon Glow Reusable Makeup Remover Cloth Pouch Di-n-butyl phthalate (DBP),phthalates_plasticizers,phthalates_plasticizers
Riceland Crawfish Boiled Crawfish Lead,heavy_metals,heavy_metals
SlimFast meal replacement shake mix - chocolate royale Lead,heavy_metals,heavy_metals
TRESemme Flawless Curls Shampoo Diethanolamine,other_prop65_listed,other_prop65_listed
China cabinets which contain leaded glass inserts Lead,heavy_metals,heavy_metals
Handbag with PVC Components Di(2-ethylhexyl)phthalate (DEHP),phthalates_plasticizers,phthalates_plasticizers
Canes with Vinyl Handles Di(2-ethylhexyl)phthalate (DEHP),phthalates_plasticizers,phthalates_plasticizers
Glassware Products Cadmium,heavy_metals,heavy_metals
Stansport brand of vinyl raincoats Di(2-ethylhexyl)phthalate (DEHP),phthalates_plasticizers,phthalates_plasticizers
"Wallets, Handbags, Purses and Clutches Made with Leather, Vinyl or Imitation Leather Materials Lead",heavy_metals,heavy_metals
Glassware and Ceramic Products Lead,heavy_metals,heavy_metals
Handbags Di(2-ethylhexyl)phthalate (DEHP),phthalates_plasticizers,phthalates_plasticizers
"Wallets, Handbags, Purses and Clutches Made with Leather, Vinyl or Imitation Leather Materials Lead",heavy_metals,heavy_metals
"sandals, Exposure to the plastic packaging of hair accessory sets Di(2-ethylhexyl)phthalate (DEHP)",phthalates_plasticizers,phthalates_plasticizers
Glassware w/ Exterior Artwork Cadmium,heavy_metals,heavy_metals
McCormick Jamaican Allspice Methyleugenol,other_prop65_listed,other_prop65_listed
"Craftsman 12” Large Mouth Tool Bag Color: black w/red accents UPC#7 21415 81027 4, Craftsman Heavy Duty Air Hose 50 Ft. x 3/8” Color: red UPC# 0 92329 34014 1 Di-isodecyl phthalate (DIDP)",phthalates_plasticizers,phthalates_plasticizers
Soft Food and Beverage Containers Lead,heavy_metals,heavy_metals
Fishing Sets with Sinkers. Lead,heavy_metals,heavy_metals
"Bags with Vinyl Components Di(2-ethylhexyl)phthalate, Di(2-ethylhexyl)phthalate (DEHP)",phthalates_plasticizers,phthalates_plasticizers
"MTN OPS Double Chocolate Delight Raw Energy Bar, MTN OPS Triple Chocolate Mudslide Bar Lead",heavy_metals,heavy_metals
Cosmetic Kits Lead,heavy_metals,heavy_metals
Roasted Seaweed lead compounds,heavy_metals,heavy_metals
Glassware Products Lead,heavy_metals,heavy_metals
"Nasal sprays, ointments and eye care products Mercury",heavy_metals,heavy_metals
Three Wishes Cocoa Grain Free Cereal - UPC:8-6000215249-3 Lead,heavy_metals,heavy_metals
"Vinyl/PVC Gloves, Gloves with Vinyl/PVC Components, Vinyl/PVC Gloves, Vinyl/PVC Rainwear, Vinyl/PVC Aprons Diisononyl phthalate (DINP)",phthalates_plasticizers,phthalates_plasticizers
vinyl bedding storage cases Diisononyl phthalate (DINP),phthalates_plasticizers,phthalates_plasticizers
candy lead compounds,heavy_metals,heavy_metals
"Environmental Exposures; Occupational Exposures; and Product Exposures (Automobile Parking Facilities; Matches; Second-hand Smoke and Smokeless Tobacco Products; Cleaning Supplies/Janitorial; Maintenance/Power Tools; Furniture/Furnishings/Window Treatments; Public and Guest Bathrooms; Medical/First Aid Supplies; Internal Combustion (“IC”) Engines, Boilers and other Gas Burning Devices, and Fireplaces; Electronic Equipment, Electric Equipment and Associated Cables Wires and Batteries; Office Supplies and Office Equipment; Hand Tools, Hardware and Brass Keys; and Fertilizers, Soil Amendments, and Pesticides and Herbicides). Tobacco smoke (primary)",other_prop65_listed,other_prop65_listed
Clear Stadium Handbag with Chain & Bronze Trim Di(2-ethylhexyl)phthalate (DEHP),phthalates_plasticizers,phthalates_plasticizers
PVC Vinyl Lace Edgings Di(2-ethylhexyl)phthalate (DEHP),phthalates_plasticizers,phthalates_plasticizers
Vinyl/PVC Electrical Wires Di(2-ethylhexyl)phthalate (DEHP),phthalates_plasticizers,phthalates_plasticizers
Glassware and Ceramic Products Lead,heavy_metals,heavy_metals
vinyl fabrics Diisononyl phthalate (DINP),phthalates_plasticizers,phthalates_plasticizers
Cellphone Cases/Wallets with Plastic Components Di(2-ethylhexyl)phthalate (DEHP),phthalates_plasticizers,phthalates_plasticizers
Glassware and Ceramic Products Cadmium,heavy_metals,heavy_metals
Chitato Potato Chips Fried Noodles Flavor Acrylamide,heat_generated_contaminants,heat_generated_contaminants
"Vinyl Bags Di(2-ethylhexyl)phthalate, Di(2-ethylhexyl)phthalate (DEHP)",phthalates_plasticizers,phthalates_plasticizers
"Simplify Under The Bed Storage Bags, UPC No. 633125180229 Di(2-ethylhexyl)phthalate (DEHP)",phthalates_plasticizers,phthalates_plasticizers
Vinyl flooring Butyl Benzyl Phthalate (BBP),phthalates_plasticizers,phthalates_plasticizers
Pancit Canton Chow Mein Noodles Hot Chili Flavor – UPC No. 4-807770271229 Pancit Canton Chow Mein Noodles Chili Mansi Flavor – UPC No. 4-807770270291 Pancit Canton Chow Mein Noodles Sweet & Spicy Flavor – UPC No. 4-807770272554 Lead,heavy_metals,heavy_metals
Transparent Bags New Large Capacity Ladies Bag; BG2141H01*1; 231L-0465 Di(2-ethylhexyl)phthalate (DEHP),phthalates_plasticizers,phthalates_plasticizers
wristlet wallets Di(2-ethylhexyl)phthalate (DEHP),phthalates_plasticizers,phthalates_plasticizers
Bags with Vinyl/PVC Components Di-n-butyl phthalate (DBP),phthalates_plasticizers,phthalates_plasticizers
vinyl bedding storage cases Di(2-ethylhexyl)phthalate (DEHP),phthalates_plasticizers,phthalates_plasticizers
Sedici Lucca Glove Chromium (hexavalent compounds),heavy_metals,heavy_metals
Hestra Oden gloves Chromium (hexavalent compounds),heavy_metals,heavy_metals
Driver Hi-Vision Gloves Di(2-ethylhexyl)phthalate (DEHP),phthalates_plasticizers,phthalates_plasticizers
Ceramic Dishes With Surface Decorations Lead,heavy_metals,heavy_metals
Ecko Unlimited Wallet and Similar Products Di(2-ethylhexyl)phthalate (DEHP),phthalates_plasticizers,phthalates_plasticizers
Asian Passage Fortune Cookies Acrylamide,heat_generated_contaminants,heat_generated_contaminants
Rice Arsenic (inorganic arsenic compounds),heavy_metals,heavy_metals
"Hand Tool Grips, Hand Tool Grips, Bells with Vinyl/PVC Handles, Bells with Vinyl/PVC Handles Lead",heavy_metals,heavy_metals
"Footwear with leather , vinyl and imitation leather components Lead",heavy_metals,heavy_metals
"Telephone poles Chromium (hexavalent compounds), Chrysene, Creosotes, Dibenz[a,h]anthracene, Hexachlorobenzene, Hexachlorodibenzodioxin, Indeno [1,2,3-cd]pyrene, N-Nitrosodiphenylamine, Pentachlorophenol, Polychlorinated dibenzo-p-dioxins",heavy_metals,heavy_metals
"Oats Over Night Shake Chocolate Peanut Butter Naturally Flavored, Oats Over Night Just Add Milk Green Apple Cinnamon Naturally Flavored 20g Protein, Oats Over Night Just Add Milk Mocha Dream Naturally Flavored 20g Protein, Oats Over Night Just Add Milk Chocolate Peanut Butter Banana 20g Protein, Oats Over Night Just Add Milk Strawberries & Cream Naturally Flavored 20g Protein, Oats Over Night Just Add Milk Coconut Cream Pie Naturally Flavored 20g Protein, Oats Over Night Just Add Mylk Dark Chocolate Sea Salt Naturally Flavored 10g Protein, Oats Over Night Just Add Mylk Cinnamon Roll Naturally Flavored 20g Protein, Oats Over Night Just Add Mylk Chocolate Covered Banana Naturally Flavored 20g Protein, Oats Over Night Just Add Milk Chocolate Satin Pie Naturally Flavored 20g Protein lead compounds",heavy_metals,heavy_metals
Vallarta Express Mexican Eatery Receipt Bisphenol S (BPS),bisphenols,bisphenols
Glassware with colored artwork or designs on the exterior lead compounds,heavy_metals,heavy_metals
Roasted Seaweed Snack Cadmium,heavy_metals,heavy_metals
Waste Bag Dispenser Di(2-ethylhexyl)phthalate (DEHP),phthalates_plasticizers,phthalates_plasticizers
Vinyl/PVC Gloves Diisononyl phthalate (DINP),phthalates_plasticizers,phthalates_plasticizers
Wobe PVC Cosmetic Bags Di(2-ethylhexyl)phthalate (DEHP),phthalates_plasticizers,phthalates_plasticizers
"Aloha Organic Protein Drink Coconut Plant-Based Protein, Aloha Organic Protein Drink Vanilla Flavored Plant-Based Protein, Aloha Organic Protein Drink Chocolate Sea Salt Flavored Plant-Based Protein mercury compounds",heavy_metals,heavy_metals
"Wallets, handbags, purses and clutches Lead",heavy_metals,heavy_metals
Vinyl/PVC office chairs Di(2-ethylhexyl)phthalate (DEHP),phthalates_plasticizers,phthalates_plasticizers
Seaweed Products cadmium compounds,heavy_metals,heavy_metals
Vinyl toys and consumer products Lead,heavy_metals,heavy_metals
Treska vinyl accessory bags Diisononyl phthalate (DINP),phthalates_plasticizers,phthalates_plasticizers
"Dave's Gourmet Korean Food, Gyocha Ginger, UPC#011155512850, Dave's Gourmet Korean Food, Gyocha Green Seaweed Salad, UPC#011155514410, Dave's Gourmet Korean Food, Gyocha Fermented Garlic, UPC#011155512843 Lead",heavy_metals,heavy_metals
Crispy Seaweed lead compounds,heavy_metals,heavy_metals
"Dansbagz Competition Garment Bag, Pink Danshuz; UPC821360123280; Di(2-ethylhexyl)phthalate (DEHP)",phthalates_plasticizers,phthalates_plasticizers
"Redmon Stow More Bags, UPC No. 027061211169 Diisononyl phthalate (DINP)",phthalates_plasticizers,phthalates_plasticizers
"cases of sheet sets, dog toys Di(2-ethylhexyl)phthalate (DEHP)",phthalates_plasticizers,phthalates_plasticizers
Headphones with Vinyl/PVC Components Di(2-ethylhexyl)phthalate (DEHP),phthalates_plasticizers,phthalates_plasticizers
Mugs With Exterior Designs Lead,heavy_metals,heavy_metals
Geisha wakame seaweed Lead,heavy_metals,heavy_metals
Glassware with artwork or designs on the exterior lead compounds,heavy_metals,heavy_metals
Cosmetic Kits Lead,heavy_metals,heavy_metals
"firewood, woodchips, charcoal 1,6-Dinitropyrene, 3-Methylcholanthrene, 5-Nitroacenaphthene, 7H-Dibenzo[c,g]carbazole, Benzo[a]pyrene, Benzo[b]fluoranthene, Benzo[j]fluoranthene, Benzo[k]fluoranthene, Benz[a]anthracene, Chrysene, Creosotes, Dibenzo[a,e]pyrene, Dibenzo[a,h]pyrene, Dibenzo[a,i]pyrene, Dibenzo[a,l]pyrene, Dibenz[a,h]acridine, Dibenz[a,h]anthracene, Dibenz[a,j]acridine",heat_generated_contaminants,heat_generated_contaminants
Ceramic Picture Frames With Exterior Designs Lead,heavy_metals,heavy_metals
Fishing sinkers Lead,heavy_metals,heavy_metals
5 Packs Clear Cosmetics Bag Di(2-ethylhexyl)phthalate (DEHP),phthalates_plasticizers,phthalates_plasticizers
Corinne Haig Canister Lead,heavy_metals,heavy_metals
Forager Project – Organic Grain-Free Os Chocolate Lead,heavy_metals,heavy_metals
Clear Handbag with Polymer Components Di(2-ethylhexyl)phthalate (DEHP),phthalates_plasticizers,phthalates_plasticizers
"Tommy Hilfiger Bag, Style 6939410-272 Di(2-ethylhexyl)phthalate",phthalates_plasticizers,phthalates_plasticizers
Detox Dry Shampoo Original Scent Benzene,solvents_vocs,solvents_vocs
Oscar's Chipotle Stoneground Corn Chips and Oscar's Garlic Stoneground Corn Chips Acrylamide,heat_generated_contaminants,heat_generated_contaminants
"Environmental Exposures; Occupational Exposures; and Product Exposures (Second-hand Smoke and Smokeless Tobacco Products; Use of Combustible Products and Materials by Tenants; Use of Hobby-Related Products and Materials by Tenants; Apartment Properties Construction Materials; Natural gas, liquid fuel gases and fuel oil conversion; Parking Facilities and Designated Loading/Unloading Locations Cause Exposure to Vehicle Emissions; Emergency Generators; Tenant, Employee and Business Invitees Transportation Services; In-Apartment Cleaning and Maintenance; Exterior and Common Area Apartment Maintenance; and Exposures to Designated Chemicals Associated with Apartment Property Amenities). Tobacco smoke (primary)",other_prop65_listed,other_prop65_listed
Wallet Di(2-ethylhexyl)phthalate (DEHP),phthalates_plasticizers,phthalates_plasticizers
"Hard Core Floating Blind Bag - Clear Plastic and Black Mesh, UPC#811599026827 Di(2-ethylhexyl)phthalate (DEHP)",phthalates_plasticizers,phthalates_plasticizers
Women Mini Transparent Crossbody Durable Summer Shoulder Bag; Model: 10530 Yellow-Bag-FBA B07DR9FCR3 Diisononyl phthalate (DINP),phthalates_plasticizers,phthalates_plasticizers
Brass Hose Bibs Lead,heavy_metals,heavy_metals
"LTH Vegan + All-In-One Naturally Flavored Vanilla with Other Natural Flavors Fuel, Life Time Fitness Life Greens Naturally Flavored Café Mocha, LTH Life Greens Naturally Flavored Double Chocolate with Other Natural Flavors Lead",heavy_metals,heavy_metals
Glassware with Exterior Designs Lead,heavy_metals,heavy_metals
Tools with Vinyl/PVC Grips Di(2-ethylhexyl)phthalate (DEHP),phthalates_plasticizers,phthalates_plasticizers
Simple Truth Organic Sweet Potato Corn Tortilla Chips Acrylamide,heat_generated_contaminants,heat_generated_contaminants
Ceramic Planters With Exterior Designs Lead,heavy_metals,heavy_metals
"6 Pockets Large Clear Purse/Handbag Hanging Storage - Clear Plastic, G721-JJ6042-05-US Diisononyl phthalate (DINP)",phthalates_plasticizers,phthalates_plasticizers
Soaps Mercury,heavy_metals,heavy_metals
thermal travel mugs Lead,heavy_metals,heavy_metals
Ceramicware with exterior artwork Lead,heavy_metals,heavy_metals
Vinyl Padded Stack Charis with Seat and Frame National Public Seat Di(2-ethylhexyl)phthalate (DEHP),phthalates_plasticizers,phthalates_plasticizers
Urban Plates Receipt Bisphenol S (BPS),bisphenols,bisphenols
Smoke & Mirrors 5 pc. Travel Set Bag Di(2-ethylhexyl)phthalate (DEHP),phthalates_plasticizers,phthalates_plasticizers
Ceramicware with exterior artwork Lead,heavy_metals,heavy_metals
Marc Jacobs Daisy Love Body Lotion Diethanolamine,other_prop65_listed,other_prop65_listed
"Round Shape Dried Seaweeds Arsenic (inorganic arsenic compounds), Cadmium",heavy_metals,heavy_metals
Wild Caught Tuna 4 Bean Medley Cadmium,heavy_metals,heavy_metals
Mugs with Exterior Designs Lead,heavy_metals,heavy_metals
Tools with vinyl grips Di(2-ethylhexyl)phthalate (DEHP),phthalates_plasticizers,phthalates_plasticizers
"Harphia Binder Daily Planner, Clear PVC Makeup Organizer Di(2-ethylhexyl)phthalate (DEHP)",phthalates_plasticizers,phthalates_plasticizers
Soothing Eye Contour Cream Diethanolamine,other_prop65_listed,other_prop65_listed
"Environmental Exposures; Occupational Exposures; and Product Exposures (Food and Beverage Operations; Automobile Parking Facilities; Matches; Second-hand Smoke and Smokeless Tobacco Products; Cleaning Supplies/Janitorial; Maintenance/Power Tools; Furniture/Furnishings/Window Treatments; Public and Guest Bathrooms; Medical/First Aid Supplies; Internal Combustion (“IC”) Engines, Boilers and other Gas Burning Devices, and Fireplaces; Electronic Equipment, Electric Equipment and Associated Cables Wires and Batteries; Office Supplies and Office Equipment; Hand Tools, Hardware and Brass Keys; and Fertilizers, Soil Amendments, and Pesticides and Herbicides). Tobacco smoke (primary)",other_prop65_listed,other_prop65_listed
"Keyring, Mug, Piggy Bank, Drink Bottle, Door Plaque Di(2-ethylhexyl)phthalate",phthalates_plasticizers,phthalates_plasticizers
Valve tools with vinyl/PVC components Di(2-ethylhexyl)phthalate (DEHP),phthalates_plasticizers,phthalates_plasticizers
Seaweed Snack lead compounds,heavy_metals,heavy_metals
Cold Fresh Salted Seaweed Knot (Fujian Yida Food Co.) Lead,heavy_metals,heavy_metals
Mugs and Other Ceramic Containers Cadmium,heavy_metals,heavy_metals
"Environmental Exposures; Occupational Exposures; and Product Exposures (Alcoholic Beverages (bars, mini bars); Swimming Pool/Hot Tubs; Food and Beverage Operations; Automobile Parking Facilities; Fuel Dispensing; Kitchen; Fireplaces and Patio Heaters; Candles; Matches; Sterno Cooking Fuel; Second-hand Smoke and Smokeless Tobacco Products; Cleaning Supplies/Janitorial; Maintenance/Power Tools; Furniture/Furnishings/Window Treatments; Public and Guest Bathrooms; Medical/First Aid Supplies; Internal Combustion (“IC”) Engines, Boilers and other Gas Burning Devices, and Fireplaces; Electronic Equipment, Electric Equipment and Associated Cables Wires and Batteries; Office Supplies and Office Equipment; Hand Tools, Hardware and Brass Keys; and Fertilizers, Soil Amendments, and Pesticides and Herbicides). Tobacco smoke (primary)",other_prop65_listed,other_prop65_listed
PVC/Vinyl Backpacks Di(2-ethylhexyl)phthalate (DEHP),phthalates_plasticizers,phthalates_plasticizers
Urban Plates Sticker Bisphenol S (BPS),bisphenols,bisphenols
Dried Salted Rabbitfish lead compounds,heavy_metals,heavy_metals
Hyde and Eek Boutique UV Neon Makeup Kit Diethanolamine,other_prop65_listed,other_prop65_listed
"Organic Roasted Seaweed, Organic Raw Seaweed lead compounds",heavy_metals,heavy_metals
"Totes With Vinyl Handles, Bag Clips With Vinyl Grips Di(2-ethylhexyl)phthalate (DEHP)",phthalates_plasticizers,phthalates_plasticizers
"Stickie Bandits, Happy Face Wallet, Item No.: 444117, UPC: 44411760001 Diisononyl phthalate (DINP)",phthalates_plasticizers,phthalates_plasticizers
Muir Glen Organic Canned Tomatoes - Organic Diced Fire Roasted Tomatoes (14.5 oz) Acrylamide,heat_generated_contaminants,heat_generated_contaminants
"Bimbo Bakeries USA, Inc Canelitas Cookies Cinammon, Bimbo Bakeries USA, Inc Marinela Principe Sandwich Cookies and Chocolate Filling Acrylamide",heat_generated_contaminants,heat_generated_contaminants
Ceramic Containers with Exterior Designs Lead,heavy_metals,heavy_metals
Tools with vinyl grips Di(2-ethylhexyl)phthalate (DEHP),phthalates_plasticizers,phthalates_plasticizers
"Great American Seafood Imports Co. Farm Raised Mussels, Albertsons Live Eastern Oysters in Shell, Albertsons Live Wild Littleneck Clams, Waterfront Bistro Mussels in Garlic Butter Sauce, Albertsons Mussel PEI Live Cadmium",heavy_metals,heavy_metals
Vinyl tool grips Di(2-ethylhexyl)phthalate (DEHP),phthalates_plasticizers,phthalates_plasticizers
Oru Kayak Dry Bag 2 Liter Size Di(2-ethylhexyl)phthalate (DEHP),phthalates_plasticizers,phthalates_plasticizers
Dried Seaweed Cadmium,heavy_metals,heavy_metals
Seaweed Cadmium,heavy_metals,heavy_metals
"Cosmetic Bag, Marshalls: 1273-062252647-001499-09-2 Di(2-ethylhexyl)phthalate (DEHP)",phthalates_plasticizers,phthalates_plasticizers
Polymer Childrens Sandals Di-n-butyl phthalate (DBP),phthalates_plasticizers,phthalates_plasticizers
Professional Picking Bag Diisononyl phthalate (DINP),phthalates_plasticizers,phthalates_plasticizers
Rollin Green Greens Chic’ken Rice Bowl Lead,heavy_metals,heavy_metals
Green Giant Canned Cut Green Beans (14.5 oz) Mercury,heavy_metals,heavy_metals
Glassware With Exterior Designs Lead,heavy_metals,heavy_metals
Glassware with colored artwork or designs on the exterior Lead,heavy_metals,heavy_metals
messenger bags Di(2-ethylhexyl)phthalate (DEHP),phthalates_plasticizers,phthalates_plasticizers
Paws for the Season Tennis Balls Bag Di(2-ethylhexyl)phthalate (DEHP),phthalates_plasticizers,phthalates_plasticizers
"Keychains, Vinyl pouches Di(2-ethylhexyl)phthalate",phthalates_plasticizers,phthalates_plasticizers
Greeting Cards with Vinyl/PVC Components Di(2-ethylhexyl)phthalate (DEHP),phthalates_plasticizers,phthalates_plasticizers
Cosmetics mercury compounds,heavy_metals,heavy_metals
Vinyl/PVC Gloves Diisononyl phthalate (DINP),phthalates_plasticizers,phthalates_plasticizers
Sierra Nevada Eco Fuel Wood Pellets Wood dust,other_prop65_listed,other_prop65_listed
El Comal Totopos de Maiz Homestyle Tortilla Chips Acrylamide,heat_generated_contaminants,heat_generated_contaminants
Gearonic Mini Transparent PVC Plastic Crossbody Bag TCIN: 88082997 UPC: 649558355271 Diisononyl phthalate (DINP),phthalates_plasticizers,phthalates_plasticizers
"Simply You Clear Plastic Tote Bag, 12HNBG9008 Di(2-ethylhexyl)phthalate (DEHP)",phthalates_plasticizers,phthalates_plasticizers
Can openers Di(2-ethylhexyl)phthalate (DEHP),phthalates_plasticizers,phthalates_plasticizers
Lavender Gold Sugar & Creamer Set Lead,heavy_metals,heavy_metals
Ceramic Pet Jars with Exterior Designs Lead,heavy_metals,heavy_metals
Vinyl/PVC Extension Cords Di(2-ethylhexyl)phthalate (DEHP),phthalates_plasticizers,phthalates_plasticizers
GoodSam Dark Chocolate Mint mercury compounds,heavy_metals,heavy_metals
devil mugs Lead,heavy_metals,heavy_metals
Glassware with Exterior Artwork lead compounds,heavy_metals,heavy_metals
Seaweed Lead,heavy_metals,heavy_metals
Beadsmith pliers and tools with vinyl grips Di(2-ethylhexyl)phthalate (DEHP),phthalates_plasticizers,phthalates_plasticizers
Valves with Vinyl/PVC Components Di(2-ethylhexyl)phthalate (DEHP),phthalates_plasticizers,phthalates_plasticizers
"THKFISH, Ball Jig Heads (1-6oz, 5g, 10 pcs) Lead Head Fishing Jigs Saltwater Freshwater Swimbait, UPC#X003EY1BA3 Lead",heavy_metals,heavy_metals
Exposure to the packaging of pillowcases Di(2-ethylhexyl)phthalate (DEHP),phthalates_plasticizers,phthalates_plasticizers
Suction Cup Mount Camera Di(2-ethylhexyl)phthalate (DEHP),phthalates_plasticizers,phthalates_plasticizers
Dried Seaweed cadmium compounds,heavy_metals,heavy_metals
SunButter On The Go Chocolate Sunflower Seed Butter (SKU # 73753919646) cadmium compounds,heavy_metals,heavy_metals
Fishing Kits with Sinkers Lead,heavy_metals,heavy_metals
Simple Pleasures Daisy Scented Hand Soap Diethanolamine,other_prop65_listed,other_prop65_listed
Codfish in Extra Virgin Olive Oil Lead,heavy_metals,heavy_metals
Glass Mugs With Exterior Designs Lead,heavy_metals,heavy_metals
Lupe’s Mexican Eatery Receipt Bisphenol S (BPS),bisphenols,bisphenols
Fionte Wallet Di(2-ethylhexyl)phthalate (DEHP),phthalates_plasticizers,phthalates_plasticizers
Vinyl shower curtain Di(2-ethylhexyl)phthalate (DEHP),phthalates_plasticizers,phthalates_plasticizers
McKesson enema bag Diisononyl phthalate (DINP),phthalates_plasticizers,phthalates_plasticizers
Glass beverage container Lead,heavy_metals,heavy_metals
Dried Seaweed Lead,heavy_metals,heavy_metals
"Upholstered Furniture with Foam Padding containing Tris(1,3-dichloro-2-propyl) phosphate , Upholstered Furniture with Foam Padding containing Tris(2-chloroethyl) phosphate Tris(1,3-dichloro-2-propyl) phosphate (TDCPP)",other_prop65_listed,other_prop65_listed
Seaweed Arsenic (inorganic arsenic compounds),heavy_metals,heavy_metals
Brass Handles on Cookware Lead,heavy_metals,heavy_metals
Seaweed lead compounds,heavy_metals,heavy_metals
Tote Bags Di(2-ethylhexyl)phthalate (DEHP),phthalates_plasticizers,phthalates_plasticizers
Dried Seaweed lead compounds,heavy_metals,heavy_metals
Glassware and Ceramic Products Lead,heavy_metals,heavy_metals
"4 in. Anchor Socket Channel, Cups - Perma-cast Lead",heavy_metals,heavy_metals
Vinyl Coated Measuring Tapes Lead,heavy_metals,heavy_metals
Zero Friction Cabretta Elite Glove Chromium (hexavalent compounds),heavy_metals,heavy_metals
Hearth & Harbor Wrapping Paper Storage Container Di(2-ethylhexyl)phthalate (DEHP),phthalates_plasticizers,phthalates_plasticizers
"Easyoulife credit card holder wallets (DINP), ID badge holders (DEHP) Diisononyl phthalate (DINP)",phthalates_plasticizers,phthalates_plasticizers
Dried Seaweeds Lead,heavy_metals,heavy_metals
Roasted Seaweed Cadmium,heavy_metals,heavy_metals
Vinyl/PVC Desk Organizers Di(2-ethylhexyl)phthalate (DEHP),phthalates_plasticizers,phthalates_plasticizers
Service Tools Pliers with Vinyl-Coated Grips Di-isodecyl phthalate (DIDP),phthalates_plasticizers,phthalates_plasticizers
Hu Grain Free Crackers Acrylamide,heat_generated_contaminants,heat_generated_contaminants
The Makeup Shack Holographic Travel Pouch SKU None; UPC None Di(2-ethylhexyl)phthalate (DEHP),phthalates_plasticizers,phthalates_plasticizers
"Upholstered Stools with Foam Padding containing Tris(1,3-dichloro-2-propyl) phosphate, Upholstered Ottomans with Foam Padding containing Tris(1,3-dichloro-2-propyl) phosphate , Upholstered Ottomans with Foam Padding containing Tris(2-chloroethyl) phosphate, Stools with Vinyl/PVC Upholstery containing Di(2-ethylhexyl)phthalate Tris(2-chloroethyl) phosphate",other_prop65_listed,other_prop65_listed
OLEHENRIKSEN Glow Strong Mini Moisturizer + Eye Cream Duo Diethanolamine,other_prop65_listed,other_prop65_listed
Make Up Bag with PVC Components Di(2-ethylhexyl)phthalate (DEHP),phthalates_plasticizers,phthalates_plasticizers
Grilled Seaweed Lead,heavy_metals,heavy_metals
Car Accessories - suction cup mount Di(2-ethylhexyl)phthalate (DEHP),phthalates_plasticizers,phthalates_plasticizers
"Fried Squid, Roasted Squid, Dried Shrimp, Fried Baby Crab cadmium compounds",heavy_metals,heavy_metals
"Belts Made With Leather, Vinyl or Imitation Leather Materials Lead",heavy_metals,heavy_metals
"Upholstered Stools with Foam Padding containing Tris(1,3-dichloro-2-propyl) phosphate, Upholstered Ottomans with Foam Padding containing Tris(1,3-dichloro-2-propyl) phosphate , Upholstered Ottomans with Foam Padding containing Tris(2-chloroethyl) phosphate, Stools with Vinyl/PVC Upholstery containing Di(2-ethylhexyl)phthalate Tris(1,3-dichloro-2-propyl) phosphate (TDCPP)",other_prop65_listed,other_prop65_listed
Glassware Products Lead,heavy_metals,heavy_metals
Wood Treatment Arsenic (inorganic arsenic compounds),heavy_metals,heavy_metals
Tools with vinyl grips Di(2-ethylhexyl)phthalate (DEHP),phthalates_plasticizers,phthalates_plasticizers
"Valve Handle Grips, Valve Handle Grips, Vinyl/PVC Tool Pouches, Vinyl/PVC Tool Pouches Di(2-ethylhexyl)phthalate (DEHP)",phthalates_plasticizers,phthalates_plasticizers
Crispy Seaweed with Almond cadmium compounds,heavy_metals,heavy_metals
Fried or Baked Vegetable Chips Acrylamide,heat_generated_contaminants,heat_generated_contaminants
Roasted Seaweed Laver lead compounds,heavy_metals,heavy_metals
"Goode Health Moroccan Chocolate Superfood Nutrition Shake, Goode Health Vanilla Spice Superfood Nutrition Shake, Goode Health Unsweetened Superfood Smoothie Base lead compounds, Mercury",heavy_metals,heavy_metals
Oh Joy! You Be You Mug Lead,heavy_metals,heavy_metals
Ceramic Candles With Exterior Designs Lead,heavy_metals,heavy_metals
Glassware with artwork or designs on the exterior Lead,heavy_metals,heavy_metals
Glassware with exterior artwork Lead,heavy_metals,heavy_metals
Vinyl tool grips Di(2-ethylhexyl)phthalate (DEHP),phthalates_plasticizers,phthalates_plasticizers
Shellfish lead compounds,heavy_metals,heavy_metals
"Ascent 100% Whey Native Whey Protein Blend Chocolate, Ascent Plant Protein Powder Chocolate, Ascent 100% Casein Micellar Casein Isolate Protein Powder Chocolate Lead",heavy_metals,heavy_metals
Tote bags Di(2-ethylhexyl)phthalate (DEHP),phthalates_plasticizers,phthalates_plasticizers
Highball Glasses and Other Glassware with Decorative Exteriors (containing lead) Lead,heavy_metals,heavy_metals
Metal and Glass Candle Holders Lead,heavy_metals,heavy_metals
Seaweed Crisps cadmium compounds,heavy_metals,heavy_metals
"Upholstered furniture Tris(1,3-dichloro-2-propyl) phosphate (TDCPP)",other_prop65_listed,other_prop65_listed
vinyl waterproof travel bags and accessories Diisononyl phthalate (DINP),phthalates_plasticizers,phthalates_plasticizers
Pet Waste Tools with Vinyl/PVC Grips Di(2-ethylhexyl)phthalate,phthalates_plasticizers,phthalates_plasticizers
Hyde and Eek Boutique Family Classic Makeup Kit Diethanolamine,other_prop65_listed,other_prop65_listed
Pet carriers with vinyl handles Di(2-ethylhexyl)phthalate (DEHP),phthalates_plasticizers,phthalates_plasticizers
Suave Advanced Therapy Body Lotion Diethanolamine,other_prop65_listed,other_prop65_listed
"Handwraps with Vinyl Components Di(2-ethylhexyl)phthalate, Di(2-ethylhexyl)phthalate (DEHP)",phthalates_plasticizers,phthalates_plasticizers
"Upholstered Stools with Foam Padding containing Tris(1,3-dichloro-2-propyl) phosphate, Stools with Vinyl/PVC Upholstery containing Di(2-ethylhexyl)phthalate Tris(1,3-dichloro-2-propyl) phosphate (TDCPP)",other_prop65_listed,other_prop65_listed
"Art supply cases/wallets/stands, Binder clips, Laser pointers, Portable and desktop organizers and schedulers Lead",heavy_metals,heavy_metals
Ceramic beverage container Lead,heavy_metals,heavy_metals
"Exposure to the plastic case of the Deluxe Home Mattress Pad Down Alternative - Clear Plastic Zip Case, UPC#683405214939 Di(2-ethylhexyl)phthalate (DEHP)",phthalates_plasticizers,phthalates_plasticizers
Children's Furniture Formaldehyde (gas),solvents_vocs,solvents_vocs
Ceramic Teacup and Saucer Sets With Exterior Designs Lead,heavy_metals,heavy_metals
Glassware With Exterior Designs Lead,heavy_metals,heavy_metals
Dried Seaweed lead compounds,heavy_metals,heavy_metals
"G.O.A.T. Fuel Sports Energy Black Cherry Ginger Ale Flavored Sports Energy Drink , G.O.A.T. Fuel Sports Energy Pineapple Cream Soda Flavored Sports Energy Drink , G.O.A.T. Fuel Sports Energy Candy Flavored Sports Energy Drink , G.O.A.T. Fuel Sports Energy Blueberry Lemonade Flavored Sports Energy Drink , G.O.A.T. Fuel Sports Energy Tropical Berry Flavored Sports Energy Drink , G.O.A.T. Fuel Sports Energy Peach Pineapple Flavored Sports Energy Drink Mercury",heavy_metals,heavy_metals
Bristol Farms Chocolate Bar Dark Raspberry Hibiscus Lead,heavy_metals,heavy_metals
Flower Brand Whole Baby Clams Cadmium,heavy_metals,heavy_metals
Roasted Seaweed Snack Lead,heavy_metals,heavy_metals
Jack Nicklaus hand cream Diethanolamine,other_prop65_listed,other_prop65_listed
"Environmental Exposures; Occupational Exposures; and Product Exposures (Alcoholic Beverages (bars, mini bars); Food and Beverage Operations; Automobile Parking Facilities; Kitchen; Matches; Second-hand Smoke and Smokeless Tobacco Products; Cleaning Supplies/Janitorial; Maintenance/Power Tools; Furniture/Furnishings/Window Treatments; Public and Guest Bathrooms; Medical/First Aid Supplies; Internal Combustion (“IC”) Engines, Boilers and other Gas Burning Devices, and Fireplaces; Electronic Equipment, Electric Equipment and Associated Cables Wires and Batteries; Office Supplies and Office Equipment; Hand Tools, Hardware and Brass Keys; and Fertilizers, Soil Amendments, and Pesticides and Herbicides). Tobacco smoke (primary)",other_prop65_listed,other_prop65_listed
El Mexicano Brand Confetti Bombolin Lead,heavy_metals,heavy_metals
3M MutliSprayer Valve Assembly (MS6590) Lead,heavy_metals,heavy_metals
Seaweed lead compounds,heavy_metals,heavy_metals
Makeup Sponges Di(2-ethylhexyl)phthalate (DEHP),phthalates_plasticizers,phthalates_plasticizers
Ceramic Boxes With Exterior Designs Lead,heavy_metals,heavy_metals
Flashlights with Vinyl/PVC Handles Di(2-ethylhexyl)phthalate (DEHP),phthalates_plasticizers,phthalates_plasticizers
Storage furniture Di(2-ethylhexyl)phthalate,phthalates_plasticizers,phthalates_plasticizers
Cozy Rug Bag Di(2-ethylhexyl)phthalate (DEHP),phthalates_plasticizers,phthalates_plasticizers
Dippity Do Girls with Curls Curl Conditioner Diethanolamine,other_prop65_listed,other_prop65_listed
Ceramic Mugs With Exterior Designs Lead,heavy_metals,heavy_metals
Drum Thrones with Vinyl/PVC Upholstery containing Di(2-ethylhexyl)phthalate Di(2-ethylhexyl)phthalate (DEHP),phthalates_plasticizers,phthalates_plasticizers
"Belts and Footwear Made With Leather, Vinyl or Imitation Leather Materials lead compounds",heavy_metals,heavy_metals
"Vinyl tool grips, Tape measures Lead",heavy_metals,heavy_metals
"Jans, Pho Ga, Vietnamese Style Instant Rice Noodles, UPC#838452006932 lead compounds",heavy_metals,heavy_metals
Clear Handbag Diisononyl phthalate (DINP),phthalates_plasticizers,phthalates_plasticizers
Pro Equip Travel Bag Di(2-ethylhexyl)phthalate (DEHP),phthalates_plasticizers,phthalates_plasticizers
Vinyl pool and beach furniture Di(2-ethylhexyl)phthalate,phthalates_plasticizers,phthalates_plasticizers
crossbody bags Di(2-ethylhexyl)phthalate (DEHP),phthalates_plasticizers,phthalates_plasticizers
"Vinyl/PVC Safety Vests, Gloves with Vinyl/PVC Components, Tent/Shelter Fabrics Di(2-ethylhexyl)phthalate (DEHP)",phthalates_plasticizers,phthalates_plasticizers
"Jans, Pho Ga, Vietnamese Style Instant Rice Noodles, UPC#838452006932 Lead",heavy_metals,heavy_metals
Seaweed Cadmium,heavy_metals,heavy_metals
"Hairspray and Hair Treatments Such as Hairspray, Mousse and Hair Masks and in Skin Creams Such as Facial Masks and Shaving Creams Coconut oil diethanolamine condensate (cocamide diethanolamine)",other_prop65_listed,other_prop65_listed
"Madam Sew Project Bag SKU None, UPC 0850016811912 Di(2-ethylhexyl)phthalate (DEHP)",phthalates_plasticizers,phthalates_plasticizers
Cassin Fitz bag Diisononyl phthalate (DINP),phthalates_plasticizers,phthalates_plasticizers
"Mend Regenerate Vanilla Malt, Mend Regenerate Dark Chocolate, Mend Daily Repair & Recover Citrus Mercury",heavy_metals,heavy_metals
"Environmental Exposures; Occupational Exposures; and Product Exposures (Food and Beverage Operations; Automobile Parking Facilities; Candles; Matches; Second-hand Smoke and Smokeless Tobacco Products; Cleaning Supplies/Janitorial; Maintenance/Power Tools; Furniture/Furnishings/Window Treatments; Public and Guest Bathrooms; Medical/First Aid Supplies; Internal Combustion (“IC”) Engines, Boilers and other Gas Burning Devices, and Fireplaces; Electronic Equipment, Electric Equipment and Associated Cables Wires and Batteries; Office Supplies and Office Equipment; Hand Tools, Hardware and Brass Keys; and Fertilizers, Soil Amendments, and Pesticides and Herbicides). Tobacco smoke (primary)",other_prop65_listed,other_prop65_listed
iSpecle Clear Stadium Purse; X0020O9E11; ASIN: B07KDWQXZB Di(2-ethylhexyl)phthalate (DEHP),phthalates_plasticizers,phthalates_plasticizers
Ceramic Mugs With Exterior Designs Lead,heavy_metals,heavy_metals
"Gloves, Bath mats Di(2-ethylhexyl)phthalate (DEHP)",phthalates_plasticizers,phthalates_plasticizers
Ceramic Planters With Exterior Designs Lead,heavy_metals,heavy_metals
Vinyl gloves Di(2-ethylhexyl)phthalate (DEHP),phthalates_plasticizers,phthalates_plasticizers
"Electrical Test Kits with Vinyl/PVC Wires, Vinyl/PVC Electrical Tape, Voltage Testers with Vinyl/PVC Cords, Hand Tools with Plastic Handles/Surfaces Di-n-butyl phthalate (DBP)",phthalates_plasticizers,phthalates_plasticizers
"soap injector kits, casters Di-n-butyl phthalate (DBP)",phthalates_plasticizers,phthalates_plasticizers
Purse Di(2-ethylhexyl)phthalate (DEHP),phthalates_plasticizers,phthalates_plasticizers
Girls Jelly Bag Diisononyl phthalate (DINP),phthalates_plasticizers,phthalates_plasticizers
Ceramic Canisters With Exterior Designs Lead,heavy_metals,heavy_metals
Vinyl Suction Cups Di(2-ethylhexyl)phthalate (DEHP),phthalates_plasticizers,phthalates_plasticizers
Tools with vinyl grips Di(2-ethylhexyl)phthalate (DEHP),phthalates_plasticizers,phthalates_plasticizers
Dried Seaweed lead compounds,heavy_metals,heavy_metals
Ceramic Mugs With Exterior Designs Lead,heavy_metals,heavy_metals
CanMar Organic Golden Roasted Flaxseed Cadmium,heavy_metals,heavy_metals
Sofa Saver bag Di(2-ethylhexyl)phthalate (DEHP),phthalates_plasticizers,phthalates_plasticizers
Headsets Vinyl/PVC Components Di(2-ethylhexyl)phthalate (DEHP),phthalates_plasticizers,phthalates_plasticizers
"Magic Wand® Original, HV-260; UPC896909001916, The Girls™ Amie™ Vibratex® Vibrator Toy “Phthalate Free”; UPC896909001954 Diisononyl phthalate (DINP)",phthalates_plasticizers,phthalates_plasticizers
"Roasted Seaweed Yaki Sushi Nori Arsenic (inorganic oxides), Cadmium",heavy_metals,heavy_metals
nasal sprays Mercury,heavy_metals,heavy_metals
Talia Gold Taper Candle Holder Lead,heavy_metals,heavy_metals
Glassware with Exterior Artwork Lead,heavy_metals,heavy_metals
Coffee in K-Cups Bracken fern,other_prop65_listed,heavy_metals
Mug-Ceramic lead compounds,heavy_metals,heavy_metals
Glass beverage container Lead,heavy_metals,heavy_metals
"Upholstered furniture including chairs Tris(1,3-dichloro-2-propyl) phosphate (TDCPP)",other_prop65_listed,other_prop65_listed
"Environmental Exposures; Occupational Exposures; and Product Exposures (Alcoholic Beverages (bars, mini bars); Swimming Pool/Hot Tubs; Food and Beverage Operations; Automobile Parking Facilities; Hotel Transportation Vehicles; Kitchen; Candles; Matches; Sterno Cooking Fuel; Second-hand Smoke and Smokeless Tobacco Products; Cleaning Supplies/Janitorial; Maintenance/Power Tools; Furniture/Furnishings/Window Treatments; Public and Guest Bathrooms; Medical/First Aid Supplies; Internal Combustion (“IC”) Engines, Boilers and other Gas Burning Devices, and Fireplaces; Electronic Equipment, Electric Equipment and Associated Cables Wires and Batteries; Office Supplies and Office Equipment; Hand Tools, Hardware and Brass Keys; and Fertilizers, Soil Amendments, and Pesticides and Herbicides). Tobacco smoke (primary)",other_prop65_listed,other_prop65_listed
Vinyl/PVC Bags Di(2-ethylhexyl)phthalate (DEHP),phthalates_plasticizers,phthalates_plasticizers
"Ball Valves, Gauges with Vinyl Components Di(2-ethylhexyl)phthalate, Di(2-ethylhexyl)phthalate (DEHP)",phthalates_plasticizers,phthalates_plasticizers
"Upholstered furniture including chairs Tris(1,3-dichloro-2-propyl) phosphate (TDCPP)",other_prop65_listed,other_prop65_listed
"Gilster-Mary Lee Corp., Hospitality Bunch O’ Cinnamon Squares, Gilster-Mary Lee Corp Hospitality Frosted Shredded Wheat Bite Sized Cereal, Gilster-Mary Lee Corp Hospitality Corn Flakes Cereal Acrylamide",heat_generated_contaminants,heat_generated_contaminants
vinyl bedding storage cases Di(2-ethylhexyl)phthalate (DEHP),phthalates_plasticizers,phthalates_plasticizers
Ceramic Trays With Decorations Lead,heavy_metals,heavy_metals
"Shoe polish products Dichloromethane (Methylene chloride), Propylene oxide, Toluene",solvents_vocs,other_prop65_listed
"Vega, Premium All-In-One Nutrition - Berry, UPC#838766004815, Vega, Premium Protein + Supergreens - Creamy Vanilla, UPC#838766001425 Lead",heavy_metals,heavy_metals
Mugs With Exterior Designs Lead,heavy_metals,heavy_metals
Fermented Fish Chili Paste lead compounds,heavy_metals,heavy_metals
Glass and ceramicware with exterior artwork Lead,heavy_metals,heavy_metals
Glassware Lead,heavy_metals,heavy_metals
Potato Chips Acrylamide,heat_generated_contaminants,heat_generated_contaminants
Seaweed Crisps Arsenic (inorganic arsenic compounds),heavy_metals,heavy_metals
"Fish in the form of meals containing albacore tuna and cod, as well as flounder, catfish, salmon, trout, grouper, haddock and swordfish. mercury compounds",heavy_metals,heavy_metals
"Food For Life Baking Company, Sprouted Crunchy Cereal Almond, Food For Life Baking Company, Inc Sprouted Crunchy Cereal Golden Flax Acrylamide",heat_generated_contaminants,heat_generated_contaminants
Nail polish Formaldehyde (gas),solvents_vocs,solvents_vocs
Moisturizing Creams Progesterone,other_prop65_listed,other_prop65_listed
"wallets, wristlets Diisononyl phthalate (DINP)",phthalates_plasticizers,phthalates_plasticizers
Vinyl Gloves Di(2-ethylhexyl)phthalate,phthalates_plasticizers,phthalates_plasticizers
Clear plastic exterior of case for cosmetic sets Di(2-ethylhexyl)phthalate (DEHP),phthalates_plasticizers,phthalates_plasticizers
"B-Low The Belt Baby Frank Transparent Hip Belt - Clear plastic, UPC#818556025220 Diisononyl phthalate (DINP)",phthalates_plasticizers,phthalates_plasticizers
California Baking Co. Cholesterol Free White Bread Acrylamide,heat_generated_contaminants,heat_generated_contaminants
Made with Beetroot Chips Acrylamide,heat_generated_contaminants,heat_generated_contaminants
"Babybel, Plant-Based Original Cheese Alternative, UPC#041757023713 Lead",heavy_metals,heavy_metals
"Pirates of The Caribbean records, Pixar totes, Disney bibs Di(2-ethylhexyl)phthalate (DEHP)",phthalates_plasticizers,phthalates_plasticizers
Vegetable Chips and Vegetable-based Snack Products Acrylamide,heat_generated_contaminants,heat_generated_contaminants
Beauty Clear Make Up Bag Di(2-ethylhexyl)phthalate (DEHP),phthalates_plasticizers,phthalates_plasticizers
American Moving Supplies gloves Diisononyl phthalate (DINP),phthalates_plasticizers,phthalates_plasticizers
vegan chocolate Lead,heavy_metals,heavy_metals
Broken Rice lead compounds,heavy_metals,heavy_metals
Vinyl-Coated Clamp Products Di(2-ethylhexyl)phthalate (DEHP),phthalates_plasticizers,phthalates_plasticizers
American Supply cart bag Di(2-ethylhexyl)phthalate (DEHP),phthalates_plasticizers,phthalates_plasticizers
Sesame Candy Lead,heavy_metals,heavy_metals
Sam's Choice Slow Roasted Creamy Almond Butter Acrylamide,heat_generated_contaminants,heat_generated_contaminants
Crawfish Tail Meat Lead,heavy_metals,heavy_metals
Glassware and bottles with artwork or designs on the exterior Lead,heavy_metals,heavy_metals
"Helly Hansen PVC Work Pants, XL, P400, UPC#774868400363 Diisononyl phthalate (DINP)",phthalates_plasticizers,phthalates_plasticizers
Simple Truth Organic White Corn Tortilla Chips Acrylamide,heat_generated_contaminants,heat_generated_contaminants
Vinyl PVC Table Cover Diisononyl phthalate (DINP),phthalates_plasticizers,phthalates_plasticizers
Dried Seaweed Cadmium,heavy_metals,heavy_metals
"Gloves with Vinyl/PVC Components, Dog Leads with Brass Hooks Di(2-ethylhexyl)phthalate, Di(2-ethylhexyl)phthalate (DEHP)",phthalates_plasticizers,phthalates_plasticizers
lunch bags Di(2-ethylhexyl)phthalate (DEHP),phthalates_plasticizers,phthalates_plasticizers
tote bags Di(2-ethylhexyl)phthalate (DEHP),phthalates_plasticizers,phthalates_plasticizers
vinyl bedding storage/packaging cases Di(2-ethylhexyl)phthalate (DEHP),phthalates_plasticizers,phthalates_plasticizers
"BBfL, Lifestyle Shake Mood + Energy Balance Organic/Grass-Fed Whey Protein, Matcha Cream, UPC#852439008207 lead compounds",heavy_metals,heavy_metals
Seaweed snacks Lead,heavy_metals,heavy_metals
Dual Compartment Clear Handbag with Polymer Components Di(2-ethylhexyl)phthalate (DEHP),phthalates_plasticizers,phthalates_plasticizers
Hemostat clamps with vinyl grips Di(2-ethylhexyl)phthalate (DEHP),phthalates_plasticizers,phthalates_plasticizers
Seaweed Lead,heavy_metals,heavy_metals
Seaweed Salad Lead,heavy_metals,heavy_metals
Econoco Vinyl Taffeta Finish Garment Bag Diisononyl phthalate (DINP),phthalates_plasticizers,phthalates_plasticizers
fitness gloves Di-n-butyl phthalate (DBP),phthalates_plasticizers,phthalates_plasticizers
vinyl coated hooks Di(2-ethylhexyl)phthalate (DEHP),phthalates_plasticizers,phthalates_plasticizers
Vinyl/PVC Gloves Diisononyl phthalate (DINP),phthalates_plasticizers,phthalates_plasticizers
Stools with Vinyl/PVC Upholstery Di(2-ethylhexyl)phthalate (DEHP),phthalates_plasticizers,phthalates_plasticizers
Simple Truth Unsweetened Chocolate; UPC: 011110032669 lead compounds,heavy_metals,heavy_metals
Gloves with Vinyl/PVC Components Di(2-ethylhexyl)phthalate (DEHP),phthalates_plasticizers,phthalates_plasticizers
Ceramic Décor with Exterior Decoration Lead,heavy_metals,heavy_metals
Roasted seaweed snacks Cadmium,heavy_metals,heavy_metals
Glassware with Colored Designs on the Exterior (containing lead) lead compounds,heavy_metals,heavy_metals
Glassware and Ceramics w/Exterior Artwork Lead,heavy_metals,heavy_metals
Vans Gluten Free Fire Roasted Veggie Crackers Acrylamide,heat_generated_contaminants,heat_generated_contaminants
"wood pellets Formaldehyde (gas), Soots, tars",solvents_vocs,solvents_vocs
Candy lead compounds,heavy_metals,heavy_metals
Posh Bagel Receipt Bisphenol S (BPS),bisphenols,bisphenols
Seaweed cadmium compounds,heavy_metals,heavy_metals
Garment Bag I; SKU Y0288 Diisononyl phthalate (DINP),phthalates_plasticizers,phthalates_plasticizers
Hotel Queen Waffle Comforter Set (The clear plastic of the reusable bag) Di(2-ethylhexyl)phthalate (DEHP),phthalates_plasticizers,phthalates_plasticizers
Nori Seaweed lead compounds,heavy_metals,heavy_metals
"Dressing Sticks with Vinyl Components Di(2-ethylhexyl)phthalate, Di(2-ethylhexyl)phthalate (DEHP)",phthalates_plasticizers,phthalates_plasticizers
Foods Alive Mexican Harvest Crackers Lead,heavy_metals,heavy_metals
Ceramic Mugs with Exterior Designs Lead,heavy_metals,heavy_metals
"Canned shellfish, Canned fruits, Canned soups, Canned vegetables Lead",heavy_metals,heavy_metals
Upholstered furniture including ottomans Tris(2-chloroethyl) phosphate,other_prop65_listed,other_prop65_listed
Vinyl Tool Grips Di(2-ethylhexyl)phthalate (DEHP),phthalates_plasticizers,phthalates_plasticizers
Ceramic Mugs with Exterior Decoration Lead,heavy_metals,heavy_metals
Spicy Aztec Hot Chocolate Cadmium,heavy_metals,heavy_metals
"Organic Raw 70% Dark Chocolate Raw cacao Dehydrated Palm Nectar, Organic Balinese Cacao Cashew Clusters, Organic Raw White Mulberries, Organic Ecuador Cacao Powder, Raw & Organic Goji Berries, Organic Black Maca Powder, Organic Red Maca Powder, Raw Organic Yellow Maca Powder, Organic Nori Sheets Raw Vegan cadmium compounds, Lead",heavy_metals,heavy_metals
"Mi Dulce Mexico, Ollitas Tamarind Flavored Candy, UPC#665918970090, Mi Dulce Mexico, Tamarind flavored Candy Roll, UPC#665918968899 Lead",heavy_metals,heavy_metals
"Celebrate Together Easter Vinyl Tablecloth, UPC: 400293663713 Di(2-ethylhexyl)phthalate (DEHP)",phthalates_plasticizers,phthalates_plasticizers
Dried Seaweed Strips Arsenic (inorganic oxides),heavy_metals,heavy_metals
"Upholstered furniture including ottomans Tris(1,3-dichloro-2-propyl) phosphate (TDCPP)",other_prop65_listed,other_prop65_listed
Grande Cosmetics GrandeBrow Diethanolamine,other_prop65_listed,other_prop65_listed
Children's vinyl toys Lead,heavy_metals,heavy_metals
"Henna Cosmetics, Orange Peel Powder, UPC#764283334282 lead compounds",heavy_metals,heavy_metals
David Bowie Mug Lead,heavy_metals,heavy_metals
Glassware Cadmium,heavy_metals,heavy_metals
"1 3/8"" WIREDTRANSLUCENT VINYL RIBBON, UPC#4713530024076 Di(2-ethylhexyl)phthalate (DEHP)",phthalates_plasticizers,phthalates_plasticizers
Edge by Grafix Vinyl Gloves Diisononyl phthalate (DINP),phthalates_plasticizers,phthalates_plasticizers
Fish & Chips Snacks lead compounds,heavy_metals,heavy_metals
Primos Mexican Food Receipt Bisphenol S (BPS),bisphenols,bisphenols
Glassware Products Lead,heavy_metals,heavy_metals
"Shampoo and Liquid Soaps Such as Hand Soap, Body Wash and Bubble Bath Coconut oil diethanolamine condensate (cocamide diethanolamine)",other_prop65_listed,other_prop65_listed
Cerebelly Organic Baby Puree Lead,heavy_metals,heavy_metals
Safety Armbands with Vinyl/PVC Components Di(2-ethylhexyl)phthalate (DEHP),phthalates_plasticizers,phthalates_plasticizers
Vinyl/PVC Automobile Seat Covers Di(2-ethylhexyl)phthalate (DEHP),phthalates_plasticizers,phthalates_plasticizers
Roasted and Seasoned Seaweed Arsenic (inorganic arsenic compounds),heavy_metals,heavy_metals
"Pioneer Woman Sweet Romance Blossoms Double Butter Dish, Pioneer Woman Sweet Rose Mug Lead",heavy_metals,heavy_metals
Person & Covey DHS Tar Shampoo used engine oils),other_prop65_listed,other_prop65_listed
Hookless White Vinyl Shower Curtain Acrylamide,heat_generated_contaminants,heat_generated_contaminants
"4 Piece Clear Cosmetic with Black Trim and Nested Cosmetic Bags, Style: 2004073, SKU: 09385864081502 Di(2-ethylhexyl)phthalate (DEHP)",phthalates_plasticizers,phthalates_plasticizers
Glassware with Exterior Artwork Lead,heavy_metals,heavy_metals
"Hardy, PVC Coated Non-slip Cotton Lined Utility Gloves, UPC: 792363645614 Diisononyl phthalate (DINP)",phthalates_plasticizers,phthalates_plasticizers
Long Grain & Wild Rice Mix Lead,heavy_metals,heavy_metals
Children's Sport Toys Di(2-ethylhexyl)phthalate,phthalates_plasticizers,phthalates_plasticizers
woven handbags Di(2-ethylhexyl)phthalate (DEHP),phthalates_plasticizers,phthalates_plasticizers
Daylogic Travel Bottle & Tube Sets with Vinyl Cases Di(2-ethylhexyl)phthalate (DEHP),phthalates_plasticizers,phthalates_plasticizers
Glass Measuring Cups With Exterior Designs Lead,heavy_metals,heavy_metals
Vinyl/PVC Tablecloths Di(2-ethylhexyl)phthalate (DEHP),phthalates_plasticizers,phthalates_plasticizers
Ceramic Products Lead,heavy_metals,heavy_metals
mickey mouse bowls Lead,heavy_metals,heavy_metals
Mina Tagine Moroccan Simmer Sauce - Ginger Saffron Lead,heavy_metals,heavy_metals
Ceramicware lead compounds,heavy_metals,heavy_metals
Glassware With Exterior Designs Lead,heavy_metals,heavy_metals
Tools with vinyl grips Di(2-ethylhexyl)phthalate (DEHP),phthalates_plasticizers,phthalates_plasticizers
Ceramic Mugs With Exterior Designs Lead,heavy_metals,heavy_metals
Spode Mug Lead,heavy_metals,heavy_metals
Yescom Byootique Bag Di(2-ethylhexyl)phthalate (DEHP),phthalates_plasticizers,phthalates_plasticizers
"Vinyl/PVC Bow Handles, Vinyl Carry Bags Diisononyl phthalate (DINP)",phthalates_plasticizers,phthalates_plasticizers
Ceramic Pots With Exterior Decorations Lead,heavy_metals,heavy_metals
"PlantFusion, Complete Protein Creamy Vanilla Bean, UPC#890985001709 lead compounds",heavy_metals,heavy_metals
Home Essentials Comforter Storage Bag Di(2-ethylhexyl)phthalate,phthalates_plasticizers,phthalates_plasticizers
One Degree Sprouted Brown Rice Cacao Crisps Lead,heavy_metals,heavy_metals
"SB Design Studio Hold Everything Stadium Bag/ UPC886083441899, SB Gift Stadium Bags Platinum Vinyl / UPC886083587993 Diisononyl phthalate (DINP)",phthalates_plasticizers,phthalates_plasticizers
Salted Seaweed Lead,heavy_metals,heavy_metals
American Atelier/Jay Import Santa Belt Mug Lead,heavy_metals,heavy_metals
"Upholstered furniture Tris(1,3-dichloro-2-propyl) phosphate (TDCPP)",other_prop65_listed,other_prop65_listed
Seaweed lead compounds,heavy_metals,heavy_metals
Nutramigen With Enflora LGG- 1 For Cow's Milk Allergy Hypoallergenic Infant Formula with Iron Lead,heavy_metals,heavy_metals
candles mineral oils (untreated,other_prop65_listed,other_prop65_listed
Vinyl/PVC Gloves Di(2-ethylhexyl)phthalate (DEHP),phthalates_plasticizers,phthalates_plasticizers
Seasoned Seaweed Cadmium,heavy_metals,heavy_metals
Seaweed Chips Cadmium,heavy_metals,heavy_metals
"Clear plastic sandals, Clear plastic exterior of tote bag Di-n-butyl phthalate (DBP)",phthalates_plasticizers,phthalates_plasticizers
Salted Seaweed Tie Lead,heavy_metals,heavy_metals
Boat House sleeping bag case Di(2-ethylhexyl)phthalate (DEHP),phthalates_plasticizers,phthalates_plasticizers
Peanuts Children’s Golf Set Di(2-ethylhexyl)phthalate (DEHP),phthalates_plasticizers,phthalates_plasticizers
"Bags with Vinyl/PVC Components Di(2-ethylhexyl)phthalate, Di(2-ethylhexyl)phthalate (DEHP)",phthalates_plasticizers,phthalates_plasticizers
SmilePunk Brass Wallet & Key Chain Products lead compounds,heavy_metals,heavy_metals
Trader Joe’s 3 Seed Beet Crackers Acrylamide,heat_generated_contaminants,heat_generated_contaminants
Vinyl/PVC Gloves Diisononyl phthalate (DINP),phthalates_plasticizers,phthalates_plasticizers
Goodie Girl Gluten Free Magical Animal Crackers Acrylamide,heat_generated_contaminants,heat_generated_contaminants
"Environmental Exposures; Occupational Exposures; and Product Exposures (Alcoholic Beverages (bars, mini bars); Swimming Pool/Hot Tubs; Food and Beverage Operations; Automobile Parking Facilities; Hotel Transportation Vehicles; Kitchen; Fireplaces and Patio Heaters; Valet (shoeshine and dry cleaning delivery); Matches; Arts & Crafts Supplies and Classes; Sterno Cooking Fuel; Second-hand Smoke and Smokeless Tobacco Products; Cleaning Supplies/Janitorial; Maintenance/Power Tools; Furniture/Furnishings/Window Treatments; Public and Guest Bathrooms; Medical/First Aid Supplies; Internal Combustion (“IC”) Engines, Boilers and other Gas Burning Devices, and Fireplaces; Electronic Equipment, Electric Equipment and Associated Cables Wires and Batteries; Office Supplies and Office Equipment; Hand Tools, Hardware and Brass Keys; and Fertilizers, Soil Amendments, and Pesticides and Herbicides). Tobacco smoke (primary)",other_prop65_listed,other_prop65_listed
Skin Creams mercury compounds,heavy_metals,heavy_metals
Baby Octopus Cadmium,heavy_metals,heavy_metals
Pride Cosmetic Bag Di(2-ethylhexyl)phthalate (DEHP),phthalates_plasticizers,phthalates_plasticizers
"SGHUO Clear Zippered Storage Bag, Kids Lunch Box Di(2-ethylhexyl)phthalate (DEHP)",phthalates_plasticizers,phthalates_plasticizers
Glassware Products Lead,heavy_metals,heavy_metals
Knee Pads with Vinyl/PVC Components Di(2-ethylhexyl)phthalate (DEHP),phthalates_plasticizers,phthalates_plasticizers
Tai Kae Seaweed lead compounds,heavy_metals,heavy_metals
"Waterproof Vinyl Tarp, UPC No. 011319660106 Di(2-ethylhexyl)phthalate (DEHP)",phthalates_plasticizers,phthalates_plasticizers
T-Shirt & Jeans Backpack Di(2-ethylhexyl)phthalate (DEHP),phthalates_plasticizers,phthalates_plasticizers
Tote Bag Handles Di(2-ethylhexyl)phthalate (DEHP),phthalates_plasticizers,phthalates_plasticizers
Dried Seaweeds Lead,heavy_metals,heavy_metals
Seaweed cadmium compounds,heavy_metals,heavy_metals
"Louisiana Crawfish, Shrimp & Crab Boil Lead",heavy_metals,heavy_metals
Vinyl Clutch Di(2-ethylhexyl)phthalate (DEHP),phthalates_plasticizers,phthalates_plasticizers
Asian Best Rice Berry Rice Lead,heavy_metals,heavy_metals
Simple Truth Organic Baby Spring Mix Cadmium,heavy_metals,heavy_metals
EltaMD Body Lotion Diethanolamine,other_prop65_listed,other_prop65_listed
Dried Seaweed cadmium compounds,heavy_metals,heavy_metals
King Kooker cooking gloves Chromium (hexavalent compounds),heavy_metals,heavy_metals
Glassware Products Lead,heavy_metals,heavy_metals
Seat post binders w/vinyl handles Di(2-ethylhexyl)phthalate (DEHP),phthalates_plasticizers,phthalates_plasticizers
Clear Cross Body Bag with Plastic Components Di(2-ethylhexyl)phthalate (DEHP),phthalates_plasticizers,phthalates_plasticizers
"Discharge into Canyon Creek, Burney Creek, Pit River and Sacramento River lead compounds",heavy_metals,heavy_metals
"Almond Clusters Baked with Cashews, Pumpkin Seeds, Cayenne, Turmeric, and Honey Acrylamide",heat_generated_contaminants,heat_generated_contaminants
CLUELESS HAND CREAM BUBBLEGUM Diethanolamine,other_prop65_listed,other_prop65_listed
"Halloween Costumes containing one or more of the chemicals listed herein., Halloween Costume Accessories, specifically wigs, masks, gloves, footwear, belts, bags, hats, costume props, hosiery, weapons and jewelry intended to accessorize a costume (but excluding makeup) containing one or more of the chemicals listed herein. Di-n-butyl phthalate (DBP)",phthalates_plasticizers,solvents_vocs
XLC Clip Bag Link System Di(2-ethylhexyl)phthalate,phthalates_plasticizers,phthalates_plasticizers
"Natico 2 Pack Wine Bag, SKU#33641128 Di(2-ethylhexyl)phthalate (DEHP)",phthalates_plasticizers,phthalates_plasticizers
5.11 flight glove Chromium (hexavalent compounds),heavy_metals,heavy_metals
Jo Malone Wood Sage & Sea Salt Body Crème Diethanolamine,other_prop65_listed,other_prop65_listed
With Love Let Your Faith Be Bigger Than Your Fear Mug Lead,heavy_metals,heavy_metals
Seaweed Salad Lead,heavy_metals,heavy_metals
Dried Seaweed Lead,heavy_metals,heavy_metals
360 Design Box Clear Messenger Bag Di(2-ethylhexyl)phthalate (DEHP),phthalates_plasticizers,phthalates_plasticizers
cases for rainbow fabric markers Di(2-ethylhexyl)phthalate (DEHP),phthalates_plasticizers,phthalates_plasticizers
Hershey's Build Your Own Chocolate Cookie House Acrylamide,heat_generated_contaminants,heat_generated_contaminants
Pavilion Hello 40 Mug Lead,heavy_metals,heavy_metals
Chocolove Extreme Dark Chocolate 88%; UPC: 1627000188 lead compounds,heavy_metals,heavy_metals
Ren & Stimpy Design Wallet Buckledown; SKU 400185065984; ID: 400185065984 Diisononyl phthalate (DINP),phthalates_plasticizers,phthalates_plasticizers
Spray paints Toluene,solvents_vocs,solvents_vocs
Seaweed Chips Cadmium,heavy_metals,heavy_metals
Roasted Seaweed lead compounds,heavy_metals,heavy_metals
Miami Beach Bum Bag Di(2-ethylhexyl)phthalate (DEHP),phthalates_plasticizers,phthalates_plasticizers
"Paper Source Stadium Crossbody purse, Item no. 10000867 Di(2-ethylhexyl)phthalate (DEHP)",phthalates_plasticizers,phthalates_plasticizers
Vinyl Shampoo Cape Di(2-ethylhexyl)phthalate (DEHP),phthalates_plasticizers,phthalates_plasticizers
Hot Shot Bag Di(2-ethylhexyl)phthalate (DEHP),phthalates_plasticizers,phthalates_plasticizers
"Upholstered Furniture Tris(1,3-dichloro-2-propyl) phosphate (TDCPP)",other_prop65_listed,other_prop65_listed
"Minuet Cookies, The Original Maria Cookies UPC#61625 01333 Acrylamide",heat_generated_contaminants,heat_generated_contaminants
Dylan's Candy Bar fillable container Bisphenol A (BPA),bisphenols,bisphenols
Rice Arsenic (inorganic arsenic compounds),heavy_metals,heavy_metals
Vinyl Bedding Storage/Packaging Cases Di(2-ethylhexyl)phthalate (DEHP),phthalates_plasticizers,phthalates_plasticizers
Handbag Di(2-ethylhexyl)phthalate (DEHP),phthalates_plasticizers,phthalates_plasticizers
Fishing tackle Lead,heavy_metals,heavy_metals
cleaners and polishers Tetrachloroethylene (Perchloroethylene),other_prop65_listed,other_prop65_listed
Leatherette Crossbody Bag Di(2-ethylhexyl)phthalate (DEHP),phthalates_plasticizers,phthalates_plasticizers
Power Bowls Cadmium,heavy_metals,heavy_metals
Ceramic and Glassware Products Cadmium,heavy_metals,heavy_metals
Plastic Shopping Bags Lead,heavy_metals,heavy_metals
"Hand bags, Novelty packaging, Gas gauge Lead",heavy_metals,heavy_metals
Bunny Love Gold Polka Dots Canister Lead,heavy_metals,heavy_metals
Ceramic Plates With Surface Designs Lead,heavy_metals,heavy_metals
"American Dream Cookie Co Snickerdoodle Protein Cookie, American Dream Cookie Co Cake Batter Protein Cookie, American Dream Cookie Co Double Chocolate Protein Cookie lead compounds",heavy_metals,heavy_metals
Mugs and Other Cermamic Containers Lead,heavy_metals,heavy_metals
"Open Nature Creamy Almond Butter Salted, Signature Select Creamy Peanut Butter, Signature Select Chunky Peanut Butter, Organics No Stir Creamy Organic Peanut Butter Spread, Organics No Stir Crunchy Organic Peanut Butter Spread, Organics Old Fashioned Crunchy Organic Peanut Butter, Organics Old Fashioned Creamy Organic Peanut Butter, Signature Select Creamy Peanut Spread Reduced Fat, Open Nature Old Fashioned Peanut Butter Crunchy, Open Nature Old Fashioned Peanut Butter Creamy Acrylamide",heat_generated_contaminants,heat_generated_contaminants
Folding Chairs with Polymer Carry/Storage Bags Di(2-ethylhexyl)phthalate (DEHP),phthalates_plasticizers,phthalates_plasticizers
Glassware and Ceramic Products Lead,heavy_metals,heavy_metals
Cosmetic Case with Plastic Components Di(2-ethylhexyl)phthalate (DEHP),phthalates_plasticizers,phthalates_plasticizers
Great Pretenders Children’s Bag Di(2-ethylhexyl)phthalate (DEHP),phthalates_plasticizers,phthalates_plasticizers
First Street Bakery 12 Chocolate Cupcakes Acrylamide,heat_generated_contaminants,heat_generated_contaminants
Dried Seaweed Cadmium,heavy_metals,heavy_metals
Headphones with Vinyl/PVC Ear Cushions Di(2-ethylhexyl)phthalate (DEHP),phthalates_plasticizers,phthalates_plasticizers
Franklin Sports select golf glove Chromium (hexavalent compounds),heavy_metals,heavy_metals
"Fisherman Brand Cooked, Peeled, and Deveined Crawfish Meat Cadmium",heavy_metals,heavy_metals
Oven Dried Jeprox Fish Lead,heavy_metals,heavy_metals
Chairs with Vinyl/PVC Upholstery Di(2-ethylhexyl)phthalate,phthalates_plasticizers,phthalates_plasticizers
Ceramic Dishes With Decorations Lead,heavy_metals,heavy_metals
"Near East, Rice Pilaf Wild Mushroom & Herb, UPC#072251002164 lead compounds",heavy_metals,heavy_metals
Vinyl/PVC Belts Di(2-ethylhexyl)phthalate (DEHP),phthalates_plasticizers,phthalates_plasticizers
Bewaltz Novelty Bags with Vinyl Components Di(2-ethylhexyl)phthalate (DEHP),phthalates_plasticizers,phthalates_plasticizers
Vinyl/PVC Handle Straps Di(2-ethylhexyl)phthalate (DEHP),phthalates_plasticizers,phthalates_plasticizers
Fried or Baked Potato or Sweet Potato Based Snack Foods Acrylamide,heat_generated_contaminants,heat_generated_contaminants
"American Golden Nuts, Apricots, UPC#795944291491, American Golden Nuts, Mixed Fruit, UPC#795944390859 Lead",heavy_metals,heavy_metals
Canned baby clams lead compounds,heavy_metals,heavy_metals
"Inflatable Vinyl Toys, Children's Soft Vinyl Bags Di(2-ethylhexyl)phthalate",phthalates_plasticizers,phthalates_plasticizers
Cosmetics Lead,heavy_metals,heavy_metals
Stationery Sets with Vinyl/PVC Pouches and Vinyl/PVC Pen Toppers Di(2-ethylhexyl)phthalate (DEHP),phthalates_plasticizers,phthalates_plasticizers
BARBIE MAKEUP CASE LIPSTICK Diethanolamine,other_prop65_listed,other_prop65_listed
mercury in nasal sprays Mercury,heavy_metals,heavy_metals
That's It Organic Dark Chocolate Figs Lead,heavy_metals,heavy_metals
QFXS Instant Rice Noodle Lead,heavy_metals,heavy_metals
Tote bag w/handles Lead,heavy_metals,heavy_metals
cases of sleeping bag sets Di(2-ethylhexyl)phthalate (DEHP),phthalates_plasticizers,phthalates_plasticizers
"Electrical Test Kits with Vinyl/PVC Wires, Vinyl/PVC Electrical Tape, Voltage Testers with Vinyl/PVC Cords Lead",heavy_metals,heavy_metals
"Shade and Shore Bag, UPC#490240301164 Diisononyl phthalate (DINP)",phthalates_plasticizers,phthalates_plasticizers
New View Gifts & Accessories Sip or Sow Garden Mug & Flower Pot Lead,heavy_metals,heavy_metals
"Aloha Organic Protein Bar Chocolate Chip Cookie Dough Plant-Based Protein, Aloha Organic Protein Bar Peanut Butter Cup Plant-Based Protein, Aloha Organic Protein Bar Peanut Butter Chocolate Chip Plant-Based Protein, Aloha Organic Protein Bar Coconut Chocolate Almond Plant-Based Protein Cadmium, Lead",heavy_metals,heavy_metals
Vinyl/PVC Cutting Mats Di(2-ethylhexyl)phthalate (DEHP),phthalates_plasticizers,phthalates_plasticizers
"Organic Seaweed, Roasted Seaweed Cadmium",heavy_metals,heavy_metals
ID Wallet Di(2-ethylhexyl)phthalate (DEHP),phthalates_plasticizers,phthalates_plasticizers
Pulse Pod Packable Rain Pants Perfluorooctanoic Acid (PFOA),pfas,pfas
Travel Tote Bag; UPC: 815672021679; CD-CBG-201 Di(2-ethylhexyl)phthalate (DEHP),phthalates_plasticizers,phthalates_plasticizers
"ACR Electronics Rapid/Ditch Express Survival Bag, UPC No. 7 9165902279 5 Di(2-ethylhexyl)phthalate (DEHP)",phthalates_plasticizers,phthalates_plasticizers
"Nunn Care Cleansing Cream, Crema La Milagrosa Cleansing Cream, La Tia Nana Crema Limpiadora Mercury",heavy_metals,heavy_metals
Clear handbag with plastic components Di(2-ethylhexyl)phthalate (DEHP),phthalates_plasticizers,phthalates_plasticizers
Kett Cosmetics Hydro Contour Diethanolamine,other_prop65_listed,other_prop65_listed
"JD Glow Cosmetics Spicy Illuminating Powder Titanium dioxide (airborne, unbound particles of respirable size)",food_additives,food_additives
Bottles with Brass Assembly Components Lead,heavy_metals,heavy_metals
"Belts made with leather, vinyl or imitation leather materials lead compounds",heavy_metals,heavy_metals
"Vinyl/PVC Dustpan Grips, Tongs with Vinyl/PVC Handles/Grips, Vinyl Covers, Squeegees with Vinyl/PVC Blades, Vinyl/PVC Washer Bases (Suction Cups used in Sink), Vinyl/PVC Tethers, Vehicle Brushes with vinyl/PVC Bumpers Diisononyl phthalate (DINP)",phthalates_plasticizers,phthalates_plasticizers
"cases of makeup Essentials Kits, 96 sheet notepads Di(2-ethylhexyl)phthalate (DEHP)",phthalates_plasticizers,phthalates_plasticizers
Seasoned Seaweed cadmium compounds,heavy_metals,heavy_metals
"Nutrient Survival Protein Shake, Creamy Vanilla Lead",heavy_metals,heavy_metals
Fried Smoked Bamboo Shoots Claypot Rice Self-Heating Pot UPC No. 6-973787860744 Lead,heavy_metals,heavy_metals
SeaSnax Chomperz Crunchy Seaweed Chips - Barbecue Lead,heavy_metals,heavy_metals
Roasted Seaweed Lead,heavy_metals,heavy_metals
Vinyl tool grips Di(2-ethylhexyl)phthalate (DEHP),phthalates_plasticizers,phthalates_plasticizers
"Woodstock, Just Seeds Organic Hulled and Unsalted Sunflower Seeds, UPC#042563016005 cadmium compounds",heavy_metals,heavy_metals
Vinyl tool grips Di(2-ethylhexyl)phthalate (DEHP),phthalates_plasticizers,phthalates_plasticizers
TFO travel case/bag Di(2-ethylhexyl)phthalate (DEHP),phthalates_plasticizers,phthalates_plasticizers
Babe Lash Ultimate Babe Lash Kit Bag Di(2-ethylhexyl)phthalate (DEHP),phthalates_plasticizers,phthalates_plasticizers
Vinyl flooring Di(2-ethylhexyl)phthalate,phthalates_plasticizers,phthalates_plasticizers
"skirt hangers, backpacks, block sets, cellphone wallets Diisononyl phthalate (DINP)",phthalates_plasticizers,phthalates_plasticizers
Rainbow Light Creamy Vanilla Protein Energizer Lead,heavy_metals,heavy_metals
"travel sets, bags Di(2-ethylhexyl)phthalate (DEHP)",phthalates_plasticizers,phthalates_plasticizers
"The Art of Home from Ann Gish, Arches Throw, Style: YTHAR-CRE, UPC: 761490055498 (plastic storage bag) Di(2-ethylhexyl)phthalate (DEHP)",phthalates_plasticizers,phthalates_plasticizers
"Vista Stroller Tris(1,3-dichloro-2-propyl) phosphate (TDCPP)",other_prop65_listed,other_prop65_listed
Ceramic Mugs With Exterior Designs Lead,heavy_metals,heavy_metals
Glass Bottles with Exterior Decoration Lead,heavy_metals,heavy_metals
"Goode Health Moroccan Chocolate Superfood Nutrition Shake, Goode Health Vanilla Spice Superfood Nutrition Shake, Goode Health Unsweetened Superfood Smoothie Base Lead",heavy_metals,heavy_metals
Tools with vinyl grips Di(2-ethylhexyl)phthalate (DEHP),phthalates_plasticizers,phthalates_plasticizers
Despierta mugs Lead,heavy_metals,heavy_metals
Cosmetics Mercury,heavy_metals,heavy_metals
Dried Seaweed Strips Arsenic (inorganic arsenic compounds),heavy_metals,heavy_metals
Bengay Ultra Strength Cream Diethanolamine,other_prop65_listed,other_prop65_listed
"Craize Corn, Inc., Seeded Toasted Corn Cracker Vegan Gluten Free, UPC#6000157492 Acrylamide",heat_generated_contaminants,heat_generated_contaminants
Vinyl tool grips Di(2-ethylhexyl)phthalate (DEHP),phthalates_plasticizers,phthalates_plasticizers
"DANCO Hot and Cold stem, ACE Faucet Spray Hose, ACE Faucet Stem Diverter, ACE Universal Ball Rod Assembly Lead",heavy_metals,heavy_metals
Primeware Bag Di(2-ethylhexyl)phthalate (DEHP),phthalates_plasticizers,phthalates_plasticizers
Glassware and Ceramicware Products Cadmium,heavy_metals,heavy_metals
Glassware w/Exterior Artwork Cadmium,heavy_metals,heavy_metals
"wallets, purses Di(2-ethylhexyl)phthalate (DEHP)",phthalates_plasticizers,phthalates_plasticizers
"Wallets, Handbags, Purses and Clutches Made With Leather, Vinyl or Imitation Leather Materials Lead",heavy_metals,heavy_metals
Messenger Bag Di(2-ethylhexyl)phthalate (DEHP),phthalates_plasticizers,phthalates_plasticizers
Seaweed Chips Cadmium,heavy_metals,heavy_metals
Pleasant Hearth gloves Chromium (hexavalent compounds),heavy_metals,heavy_metals
Glassware Lead,heavy_metals,heavy_metals
Essentials Universal Apparel T-shirt Di(2-ethylhexyl)phthalate (DEHP),phthalates_plasticizers,phthalates_plasticizers
"Drum Stools Vinyl/PVC Upholstery containing Di(2-ethylhexyl)phthalate, Drum Stools Vinyl/PVC Upholstery containing Lead, Instrument Bags containing Lead Lead",heavy_metals,phthalates_plasticizers
Vinyl Bedding Storage/Packaging Cases Diisononyl phthalate (DINP),phthalates_plasticizers,phthalates_plasticizers
template guide kits Lead,heavy_metals,heavy_metals
Sancua Vinyl Tablecloth Di(2-ethylhexyl)phthalate (DEHP),phthalates_plasticizers,phthalates_plasticizers
Reusable Beach Bag Diisononyl phthalate (DINP),phthalates_plasticizers,phthalates_plasticizers
Roasted Seaweed Snack Cadmium,heavy_metals,heavy_metals
Shower Caddy with Polymer Suction Cups Di-n-butyl phthalate (DBP),phthalates_plasticizers,phthalates_plasticizers
Ceramic Serving Trays With Decorations Lead,heavy_metals,heavy_metals
"Handbags, Fashion accessories Di(2-ethylhexyl)phthalate",phthalates_plasticizers,phthalates_plasticizers
Chess Board - Standard Vinyl Roll-up in Green Di(2-ethylhexyl)phthalate (DEHP),phthalates_plasticizers,phthalates_plasticizers
Tools with vinyl grips Di(2-ethylhexyl)phthalate (DEHP),phthalates_plasticizers,phthalates_plasticizers
"Nasal sprays, ointments and eye care products mercury compounds",heavy_metals,heavy_metals
"Environmental Exposures; Occupational Exposures; and Product Exposures (Automobile Parking Facilities; Matches; Second-hand Smoke and Smokeless Tobacco Products; Cleaning Supplies/Janitorial; Maintenance/Power Tools; Furniture/Furnishings/Window Treatments; Public and Guest Bathrooms; Medical/First Aid Supplies; Internal Combustion (“IC”) Engines, Boilers and other Gas Burning Devices, and Fireplaces; Electronic Equipment, Electric Equipment and Associated Cables Wires and Batteries; Office Supplies and Office Equipment; Hand Tools, Hardware and Brass Keys; and Fertilizers, Soil Amendments, and Pesticides and Herbicides). Tobacco smoke (primary)",other_prop65_listed,other_prop65_listed
"Dried Seaweed Arsenic (inorganic oxides), Cadmium",heavy_metals,heavy_metals
"Afterdark, Inhuman Pre-Workout - Snow Cone, UPC#850049563062, Afterdark, EPO+ Pre-Workout (Neural Pump) - Orange Creamsicle, UPC#850049563161, Afterdark, Void Pre-Workout - Sour Watermelon Swirl, UPC#850049563604, Afterdark, Inhuman Pyro - Black Cherry, UPC#850049563536, Afterdark, Creation (Creatine + IGF-1) - Candy Rope, UPC#850049563215 lead compounds",heavy_metals,heavy_metals
"Kiva Lost Farm – Strawberry Lemonade x Super Lemon Haze [10pk] (100mg) Live Resin Gummies, Kiva Lost Farm – Watermelon x Ice Cream Cake [10pk] (100mg) Live Resin Gummies, Kiva Lost Farm – Yuzu Fizz x Sour Dream [10pk] (100mg) Live Resin Gummies, Kiva Lost Farm – Cannabis-Infused Gummies 10mg Raspberry x Wedding Cake Live Resin Gummies (1.27 oz), Happy Fruit – Strawberry Lifted Lemonade [10pk] (100mg) Rosin Gummies, Happy Fruit – Moon Berry - Dozioz [10pk] (100mg THC, 50mg CBN) Rosin Gummies, Happy Fruit – Peaceful Pineapple [10pk] (100mg CBD, 100mg THC, 100mg CBG) Rosin Gummies, Happy Fruit – Peach Paradise [10pk] (100mg) Rosin Gummies, Happy Fruit – Raspberry Remedy [10pk] (100mg CBD, 100mg CBG) Rosin Gummies, Happy Fruit – Berry Cool [10pk] (100mg) Rosin Gummies, Happy Fruit – Watermelon Lifted Lemonade [10pk] (100mg) Rosin Gummies delta-9-tetrahydrocannabinol",other_prop65_listed,other_prop65_listed
"Footwear Made With Leather, Vinyl or Imitation Leather Materials Lead",heavy_metals,heavy_metals
Rice Arsenic (inorganic arsenic compounds),heavy_metals,heavy_metals
"Purley Elizabeth, Vanilla Pecan Oatmeal with Collagen, UPC#810589030349 lead compounds",heavy_metals,heavy_metals
Rig'Em Right Waterfowl Lock & Load Blind Bag Di(2-ethylhexyl)phthalate,phthalates_plasticizers,phthalates_plasticizers
Prell shampoo Coconut oil diethanolamine condensate (cocamide diethanolamine),other_prop65_listed,other_prop65_listed
Vinyl bedding storage cases Di(2-ethylhexyl)phthalate (DEHP),phthalates_plasticizers,phthalates_plasticizers
lead coinbag seals Lead,heavy_metals,heavy_metals
Ceramic beverage container Lead,heavy_metals,heavy_metals
"Brown Obsessions Tortoise Makeup Pouch, UPC#6291106038897 Di(2-ethylhexyl)phthalate (DEHP)",phthalates_plasticizers,phthalates_plasticizers
Chaucer Vinyl Tile Flooring Di-isodecyl phthalate (DIDP),phthalates_plasticizers,phthalates_plasticizers
Shore Lunch® Creamy Potato Soup Mix - The Mennel Milling Co Lead,heavy_metals,heavy_metals
Vinyl/PVC Gloves Diisononyl phthalate (DINP),phthalates_plasticizers,phthalates_plasticizers
children's bath kits Di(2-ethylhexyl)phthalate (DEHP),phthalates_plasticizers,phthalates_plasticizers
"Vinyl/PVC ID Pouches, Vinyl/PVC Manicure Cases Di(2-ethylhexyl)phthalate (DEHP)",phthalates_plasticizers,phthalates_plasticizers
"EZ Mitt, Sporting Toys Di(2-ethylhexyl)phthalate",phthalates_plasticizers,phthalates_plasticizers
Vinyl/PVC Gloves Diisononyl phthalate (DINP),phthalates_plasticizers,phthalates_plasticizers
Grafco Vinyl Utility Apron UPC717076044899 Diisononyl phthalate (DINP),phthalates_plasticizers,phthalates_plasticizers
Seaweed Chips Cadmium,heavy_metals,heavy_metals
Tools with vinyl grips Di(2-ethylhexyl)phthalate (DEHP),phthalates_plasticizers,phthalates_plasticizers
Jessica Simpson Tote with clear purse SKU_127211036365501299; UPC_None Di(2-ethylhexyl)phthalate (DEHP),phthalates_plasticizers,phthalates_plasticizers
Wooden Utility Poles Polychlorinated dibenzofurans,other_prop65_listed,other_prop65_listed
"Metabolic Metabolic Super Protein Grass-fed Whey and Grass-fed Collagen Peptides Creamy Vanilla, Metabolic Metabolic Crave Mint Chocolate lead compounds",heavy_metals,heavy_metals
makeup organizers Di(2-ethylhexyl)phthalate (DEHP),phthalates_plasticizers,phthalates_plasticizers
El Mexicano Almejitas Baby Clams Lead,heavy_metals,heavy_metals
Canned Processed Pork Products Bisphenol A (BPA),bisphenols,bisphenols
"travel sets, fanny packs, wallets, cosmetic bags Di(2-ethylhexyl)phthalate (DEHP)",phthalates_plasticizers,phthalates_plasticizers
Ceramic and Glass Containers with Exterior Artwork lead compounds,heavy_metals,heavy_metals
Glassware with Exterior Artwork Lead,heavy_metals,heavy_metals
Glassware with Exterior Artwork Lead,heavy_metals,heavy_metals
Seasoned Seaweed Salad Lead,heavy_metals,heavy_metals
Shellfish Lead,heavy_metals,heavy_metals
Art for the Table Bowl Set Lead,heavy_metals,heavy_metals
Vinyl/PVC Journal Covers Di(2-ethylhexyl)phthalate (DEHP),phthalates_plasticizers,phthalates_plasticizers
"Organic Roasted Seaweed, Organic Raw Seaweed cadmium compounds",heavy_metals,heavy_metals
MAKEUP by MARIO SurrealSkin Liquid Foundation Diethanolamine,other_prop65_listed,other_prop65_listed
"Environmental Exposures; Occupational Exposures; and Product Exposures (Alcoholic Beverages (bars, mini bars); Swimming Pool/Hot Tubs; Food and Beverage Operations; Automobile Parking Facilities; Beach Fronts and sand areas (silica); Fuel Dispensing; Equipment Maintenance; Bicycle Rental and Repair; Hotel Transportation Vehicles; Dry-cleaning Facilities; Kitchen; Fireplaces and Patio Heaters; Salon; Valet (shoeshine and dry cleaning delivery); Candles; Matches; Arts & Crafts Supplies and Classes; Sterno Cooking Fuel; Second-hand Smoke and Smokeless Tobacco Products; Cleaning Supplies/Janitorial; Maintenance/Power Tools; Furniture/Furnishings/Window Treatments; Public and Guest Bathrooms; Medical/First Aid Supplies; Internal Combustion (“IC”) Engines, Boilers and other Gas Burning Devices, and Fireplaces; Electronic Equipment, Electric Equipment and Associated Cables Wires and Batteries; Tobacco smoke (primary)",other_prop65_listed,other_prop65_listed
Mug Lead,heavy_metals,heavy_metals
Black Stallion gloves Chromium (hexavalent compounds),heavy_metals,heavy_metals
Professional Masterpiece Pro Makeup Brush Set Diisononyl phthalate (DINP),phthalates_plasticizers,phthalates_plasticizers
American Traditions Bag Di(2-ethylhexyl)phthalate (DEHP),phthalates_plasticizers,phthalates_plasticizers
"Upholstered furniture including chairs Tris(1,3-dichloro-2-propyl) phosphate (TDCPP)",other_prop65_listed,other_prop65_listed
"Environmental Exposures; Occupational Exposures; and Product Exposures (Alcoholic Beverages (bars, mini bars); Swimming Pool/Hot Tubs; Food and Beverage Operations; Automobile Parking Facilities; Kitchen; Fireplaces and Patio Heaters; Valet (shoeshine and dry cleaning delivery); Matches; Arts & Crafts Supplies and Classes; Second-hand Smoke and Smokeless Tobacco Products; Cleaning Supplies/Janitorial; Maintenance/Power Tools; Furniture/Furnishings/Window Treatments; Public and Guest Bathrooms; Medical/First Aid Supplies; Internal Combustion (“IC”) Engines, Boilers and other Gas Burning Devices, and Fireplaces; Electronic Equipment, Electric Equipment and Associated Cables Wires and Batteries; Office Supplies and Office Equipment; Hand Tools, Hardware and Brass Keys; and Fertilizers, Soil Amendments, and Pesticides and Herbicides). Tobacco smoke (primary)",other_prop65_listed,other_prop65_listed
Ceramic Mugs With Exterior Designs Lead,heavy_metals,heavy_metals
"Chairs with Foam Padding containing Tris(1,3-dichloro-2-propyl) phosphate, Chairs with Vinyl/PVC Upholstery containing Di(2-ethylhexyl)phthalate Di(2-ethylhexyl)phthalate (DEHP)",phthalates_plasticizers,phthalates_plasticizers
Del Real Flavors De Familia Mexican Rice with Vegetables Lead,heavy_metals,heavy_metals
Plastic Clutch Purse Di(2-ethylhexyl)phthalate (DEHP),phthalates_plasticizers,phthalates_plasticizers
Vinyl Sleeves with DEHP Di(2-ethylhexyl)phthalate (DEHP),phthalates_plasticizers,phthalates_plasticizers
P.S. __ from Aeropostale __ Girls __ Beauty Cosmetic __ Bag Set Di(2-ethylhexyl)phthalate (DEHP),phthalates_plasticizers,phthalates_plasticizers
Vinyl Tool Grips Diisononyl phthalate (DINP),phthalates_plasticizers,phthalates_plasticizers
PVC Gloves Di(2-ethylhexyl)phthalate (DEHP),phthalates_plasticizers,phthalates_plasticizers
Seagate Seaweed capsules Lead,heavy_metals,heavy_metals
Vinyl/PVC Shower Hoses Di(2-ethylhexyl)phthalate (DEHP),phthalates_plasticizers,phthalates_plasticizers
Vinyl/PVC Coated Steel Cables Di(2-ethylhexyl)phthalate (DEHP),phthalates_plasticizers,phthalates_plasticizers
Handled Ceramic Mug 2 pack Lead,heavy_metals,heavy_metals
Fishing Sinker Lead,heavy_metals,heavy_metals
travel bags Di(2-ethylhexyl)phthalate (DEHP),phthalates_plasticizers,phthalates_plasticizers
H&M leather glove Chromium (hexavalent compounds),heavy_metals,heavy_metals
Ceramic beverage container Lead,heavy_metals,heavy_metals
Vinyl Tape Diisononyl phthalate (DINP),phthalates_plasticizers,phthalates_plasticizers
Seaweed Chips Lead,heavy_metals,heavy_metals
"Mario Camacho Nonpareille Capers, 3.5-Ounce Jars (Packaging may vary) (Barcode: 073651612229) Lead",heavy_metals,heavy_metals
"cases for blending sponges, storage wallets for grooming kits Di(2-ethylhexyl)phthalate (DEHP)",phthalates_plasticizers,phthalates_plasticizers
Wine Carriers with Vinyl/PVC Components Di(2-ethylhexyl)phthalate (DEHP),phthalates_plasticizers,phthalates_plasticizers
Toy Sets With PVC Cases Di(2-ethylhexyl)phthalate (DEHP),phthalates_plasticizers,phthalates_plasticizers
"365 Everyday Value Almonds - Roasted & Salted (8 oz), 365 Everyday Value Almonds - Steam Pasteurized (8 oz) Acrylamide",heat_generated_contaminants,heat_generated_contaminants
Children's Bath Toys Di(2-ethylhexyl)phthalate,phthalates_plasticizers,phthalates_plasticizers
Tools with vinyl grips Di(2-ethylhexyl)phthalate (DEHP),phthalates_plasticizers,phthalates_plasticizers
Geneve Drama Dark Chocolate; UPC: 1006966101 Lead,heavy_metals,heavy_metals
Tommy Bahama Blue Ceramic Tabletop Lead,heavy_metals,heavy_metals
Glassware Lead,heavy_metals,heavy_metals
"Environmental Exposures; Occupational Exposures; and Product Exposures (Swimming Pool/Hot Tubs; Food and Beverage Operations; Automobile Parking Facilities; Beach Fronts and sand areas (silica); Kitchen; Fireplaces and Patio Heaters; Matches; Second-hand Smoke and Smokeless Tobacco Products; Cleaning Supplies/Janitorial; Maintenance/Power Tools; Furniture/Furnishings/Window Treatments; Public and Guest Bathrooms; Medical/First Aid Supplies; Internal Combustion (“IC”) Engines, Boilers and other Gas Burning Devices, and Fireplaces; Electronic Equipment, Electric Equipment and Associated Cables Wires and Batteries; Office Supplies and Office Equipment; Hand Tools, Hardware and Brass Keys; and Fertilizers, Soil Amendments, and Pesticides and Herbicides). Tobacco smoke (primary)",other_prop65_listed,other_prop65_listed
Sheffield Home Pink Floral Mug with Lid Lead,heavy_metals,heavy_metals
tote bags for blankets Di(2-ethylhexyl)phthalate (DEHP),phthalates_plasticizers,phthalates_plasticizers
Dried Seaweed Lead,heavy_metals,heavy_metals
Glassware Products Lead,heavy_metals,heavy_metals
High Road_DriverCup Organizer Di-n-butyl phthalate (DBP),phthalates_plasticizers,phthalates_plasticizers
"Dominique Cosmetics Unconditional Palette Titanium dioxide (airborne, unbound particles of respirable size)",food_additives,food_additives
Hobby Lobby Farm Fresh Enamel Mug Lead,heavy_metals,heavy_metals
"Deco style Vinyl Floor Tile, UPC# 0 41498 15366 3, Item# 5366, Pattern No: 273D, Lot Number: 25.11.2011 Di(2-ethylhexyl)phthalate (DEHP)",phthalates_plasticizers,phthalates_plasticizers
Ceramic Trays With Decorations Containing Lead Lead,heavy_metals,heavy_metals
Nautica children's shoes Di(2-ethylhexyl)phthalate (DEHP),phthalates_plasticizers,phthalates_plasticizers
Quest Protein Powder Chocolate Milkshake Lead,heavy_metals,heavy_metals
"clear totebags, jump ropes Di-n-butyl phthalate (DBP)",phthalates_plasticizers,phthalates_plasticizers
Vinyl/PVC Bottle Opener Grips Di(2-ethylhexyl)phthalate (DEHP),phthalates_plasticizers,phthalates_plasticizers
"Sprout Living Epic Protein Powder, Chocolate Maca Cadmium",heavy_metals,heavy_metals
Glazes and sprays lead compounds,heavy_metals,heavy_metals
Vegetable Chips Acrylamide,heat_generated_contaminants,heat_generated_contaminants
Gloves Made with Leather Materials Chromium (hexavalent compounds),heavy_metals,heavy_metals
Perk Up Dry Shampoo Benzene,solvents_vocs,solvents_vocs
Raw Seaweed cadmium compounds,heavy_metals,heavy_metals
Harbinger Flexfit Strength Glove Chromium (hexavalent compounds),heavy_metals,heavy_metals
"Organic Roasted Seaweed, Organic Raw Seaweed Cadmium",heavy_metals,heavy_metals
nasal sprays Mercury,heavy_metals,heavy_metals
Cosmetics Lead,heavy_metals,heavy_metals
"Body Wash, Hand Soap, Shampoo 1,4-Dioxane",other_prop65_listed,other_prop65_listed
"Padded armrests and other vinyl upholstered components used for wheelchairs, Grips and other vinyl upholstered components used for wheelchairs, Wheelchairs with padded armrests and/or other accessible vinyl components Di(2-ethylhexyl)phthalate (DEHP)",phthalates_plasticizers,phthalates_plasticizers
"Bio-Med Tar-Sulfur Shampoo (Veterinary Strength) Benzo[a]pyrene, Benzo[b]fluoranthene, Benzo[j]fluoranthene, Benzo[k]fluoranthene, Benz[a]anthracene, Carbazole, Chrysene, Dibenz[a,h]anthracene, Dibenz[a,j]acridine, Indeno [1,2,3-cd]pyrene, Soots, tars",heat_generated_contaminants,heat_generated_contaminants
Walgreens Co Makeup Clutch Di(2-ethylhexyl)phthalate (DEHP),phthalates_plasticizers,phthalates_plasticizers
"Bristol Farms, Crystalized Ginger, UPC#204615804996, Bristol Farms, Dark Chocolate Almonds, UPC#797299004825, Bristol Farms, Dark Chocolate Espresso Beans, UPC#797299004870 , Bristol Farms, Low Sugar Mangos, UPC#204619907518 Lead",heavy_metals,heavy_metals
Sardines in Can Lead,heavy_metals,heavy_metals
Tote bags Diisononyl phthalate (DINP),phthalates_plasticizers,phthalates_plasticizers
"Geisha, Fancy Smoked Baby Clams, UPC#71140007006 its salts",other_prop65_listed,heavy_metals
Air Cleaner Stud Kits Lead,heavy_metals,heavy_metals
Red Bag Inside Clear Bag; TM-6684 RD; SKU 400176874861 Di(2-ethylhexyl)phthalate (DEHP),phthalates_plasticizers,phthalates_plasticizers
"Wallets, Handbags, Purses and Clutches Made With Leather, Vinyl or Imitation Leather Materials Lead",heavy_metals,heavy_metals
Dressing Shakers and Other Glassware lead compounds,heavy_metals,heavy_metals
Liberty Mountain's Vinyl Poncho. polyvinyl chloride,other_prop65_listed,other_prop65_listed
"Vinyl/PVC ID Pouches, Vinyl/PVC Manicure Cases Di(2-ethylhexyl)phthalate (DEHP)",phthalates_plasticizers,phthalates_plasticizers
Marinela Pinguinos 2 count Chocolate Crème Filled Cupcakes - UPC No.: 074323095357 Lead,heavy_metals,heavy_metals
Automotive Storage Organizers with Vinyl/ PVC Handles Di(2-ethylhexyl)phthalate (DEHP),phthalates_plasticizers,phthalates_plasticizers
"Rubber Test Cap w/ Hose Bib, Part No. PFETCHBK, UPC No. 7 81889 14115 1 Lead",heavy_metals,heavy_metals
Rubies Glitter Fashion Makeup Set – Glitter Gel Diethanolamine,other_prop65_listed,other_prop65_listed
"Soft Food and Beverage Containers, Lunch Boxes, Lunch Bags, Coolers lead compounds",heavy_metals,heavy_metals
Leaded glassware Lead,heavy_metals,heavy_metals
Vinyl/PVC Tool Grips Di(2-ethylhexyl)phthalate (DEHP),phthalates_plasticizers,phthalates_plasticizers
Mission Ridge Split Cowhide Leather Palm Glove Chromium (hexavalent compounds),heavy_metals,heavy_metals
Bodyrage Dreamcatcher Wallet Di(2-ethylhexyl)phthalate,phthalates_plasticizers,phthalates_plasticizers
Michael Breed Golf Bag Diisononyl phthalate (DINP),phthalates_plasticizers,phthalates_plasticizers
StorageLab Storage Container Di(2-ethylhexyl)phthalate (DEHP),phthalates_plasticizers,phthalates_plasticizers
Vinyl/PVC Keychains Di(2-ethylhexyl)phthalate (DEHP),phthalates_plasticizers,phthalates_plasticizers
Kent Pottery Bird Mug Lead,heavy_metals,heavy_metals
Ceramic Mugs Lead,heavy_metals,heavy_metals
Sun Vista Refried Beans (1 lb) Acrylamide,heat_generated_contaminants,heat_generated_contaminants
"magnifying mirrors, coin purses Di(2-ethylhexyl)phthalate (DEHP)",phthalates_plasticizers,phthalates_plasticizers
Faux Leather Furniture lead compounds,heavy_metals,heavy_metals
Children's Sport Toys Di(2-ethylhexyl)phthalate,phthalates_plasticizers,phthalates_plasticizers
MIELLE Strengthening Shampoo Diethanolamine,other_prop65_listed,other_prop65_listed
"Belts Made with Leather, Vinyl or Imitation Leather Materials Lead",heavy_metals,heavy_metals
Vinyl Tape Di(2-ethylhexyl)phthalate (DEHP),phthalates_plasticizers,phthalates_plasticizers
Ceramic Pots with Exterior Designs Lead,heavy_metals,heavy_metals
hardwood charcoal lumps and briquettes mineral oils (untreated,other_prop65_listed,other_prop65_listed
Headsets with Vinyl/PVC Components Di(2-ethylhexyl)phthalate (DEHP),phthalates_plasticizers,phthalates_plasticizers
Vinyl/PVC Watch Boxes Di(2-ethylhexyl)phthalate (DEHP),phthalates_plasticizers,phthalates_plasticizers
Seaweed lead compounds,heavy_metals,heavy_metals
"Cannone, Sundried Tomatoes in Sunflower Oil, UPC#8003828001848 Lead",heavy_metals,heavy_metals
"Keebler Rumbly Grahams, Club Crackers, Keebler Sesame Street Animal Cookies, Townhouse Original Light and Buttery Acrylamide",heat_generated_contaminants,heat_generated_contaminants
OBAGI MEDICAL Hydrate Luxe Cream Diethanolamine,other_prop65_listed,other_prop65_listed
Hallmark Cupcake Mug Lead,heavy_metals,heavy_metals
Ruvati Garbage Disposal Flange for Kitchen Sink Lead,heavy_metals,heavy_metals
storage bag organizers Di(2-ethylhexyl)phthalate (DEHP),phthalates_plasticizers,phthalates_plasticizers
Glassware Products Lead,heavy_metals,heavy_metals
Bumble Bee Hardwood Smoked Oysters lead compounds,heavy_metals,heavy_metals
Bayou Classic Insulated Leather Gloves Chromium (hexavalent compounds),heavy_metals,heavy_metals
Lead-Based Fishing Weights Lead,heavy_metals,heavy_metals
Four Winds Trading Co. - 100% Natural Wood Pellets Wood dust,other_prop65_listed,other_prop65_listed
Bee & Willow Mug Lead,heavy_metals,heavy_metals
Glassware with colored artwork or designs on the exterior lead compounds,heavy_metals,heavy_metals
Lunch Bags With PVC Handles Diisononyl phthalate (DINP),phthalates_plasticizers,phthalates_plasticizers
Unicorn Phone Charging Crossbody Bag Di(2-ethylhexyl)phthalate (DEHP),phthalates_plasticizers,phthalates_plasticizers
Children's Toys w/vinyl components Di(2-ethylhexyl)phthalate,phthalates_plasticizers,phthalates_plasticizers
UPC042887414396 Nuby™ Water Resistant Baby Bibs Di(2-ethylhexyl)phthalate,phthalates_plasticizers,phthalates_plasticizers
New Day Wallet Di(2-ethylhexyl)phthalate,phthalates_plasticizers,phthalates_plasticizers
Vinyl/PVC Tool Grips Di(2-ethylhexyl)phthalate (DEHP),phthalates_plasticizers,phthalates_plasticizers
Novex My Curls Shampoo Coconut oil diethanolamine condensate (cocamide diethanolamine),other_prop65_listed,other_prop65_listed
Ceramic Jars With Exterior Designs Lead,heavy_metals,heavy_metals
"Upholstered furniture Tris(1,3-dichloro-2-propyl) phosphate (TDCPP)",other_prop65_listed,other_prop65_listed
Magic shave cream Diethanolamine,other_prop65_listed,other_prop65_listed
"Sprout Living Epic Protein Powder, Chocolate Maca Cadmium",heavy_metals,heavy_metals
Vinyl/PVC Gloves Diisononyl phthalate (DINP),phthalates_plasticizers,phthalates_plasticizers
Crime Scene Investigation Themed Toy Kits w/Fingerprint Powder Asbestos,other_prop65_listed,other_prop65_listed
PVC Travel Kit Bags Di(2-ethylhexyl)phthalate (DEHP),phthalates_plasticizers,phthalates_plasticizers
"Wine Glasses, Goblets and Other Glassware with Colored Artwork or Designs on the Exterior lead compounds",heavy_metals,heavy_metals
"Tape measure, Tools with vinyl grips Lead",heavy_metals,heavy_metals
"OHS Optimal Health Systems Optimal Fruit & Veggie Plus, OHS Optimal Health Systems Optimal Complete Performance Cellular Nutrition For Active Muscles Exotic Chocolate, OHS Optimal Health Systems Optimal Complete Performance Native Vanilla, OHS Optimal Health Systems Opti-Nutrients By Dr. Brimhall Opti-Female, Opti-Nutrient Formulas By Dr. Brimhall Opti-Para Whole Food, Pre-digested, Optimal Health Systems OHS Optimal Liver Kidney, OHS Optimal Health Systems Optimal Complete Nutrition +, OHS Optimal Health Systems Whole Food Based Products Optimal Defense For Complete Immune Support lead compounds",heavy_metals,heavy_metals
"AGPTEK Dry Bag, 0D0092L Di(2-ethylhexyl)phthalate (DEHP)",phthalates_plasticizers,phthalates_plasticizers
"MG217 Extra Strength Medicated Tar Shampoo with Conditioners, MG217 Intensive Strength Ointment mildly treated oils",other_prop65_listed,other_prop65_listed
Vinyl Eyewear Cases Di(2-ethylhexyl)phthalate (DEHP),phthalates_plasticizers,phthalates_plasticizers
Seaweed Lead,heavy_metals,heavy_metals
Wood burning outdoor heating products Carbon monoxide,other_prop65_listed,other_prop65_listed
"Forever21 Pink Rose Cosmetics Titanium dioxide (airborne, unbound particles of respirable size)",food_additives,food_additives
"Treated wood products 2,3,7,8-Tetrachlorodibenzo-p-dioxin (TCDD)",other_prop65_listed,solvents_vocs
PVC/Vinyl Backpacks Di(2-ethylhexyl)phthalate (DEHP),phthalates_plasticizers,phthalates_plasticizers
Del Monte Veggieful veggie bowls Lead,heavy_metals,heavy_metals
Ciroa Badminton Bag Di(2-ethylhexyl)phthalate (DEHP),phthalates_plasticizers,phthalates_plasticizers
"Biryani Masala, Fish Masala lead compounds",heavy_metals,heavy_metals
Tote bags Di(2-ethylhexyl)phthalate (DEHP),phthalates_plasticizers,phthalates_plasticizers
Fishing Sinker Lead,heavy_metals,heavy_metals
Nail polish Di-n-butyl phthalate (DBP),phthalates_plasticizers,phthalates_plasticizers
Ceramic Products Lead,heavy_metals,heavy_metals
"Bear Naked Inc Chunky Almond Butter Bar Blueberry Pecan, Bear Naked Inc Almond Butter Bar Chocolate Chip Banana Acrylamide",heat_generated_contaminants,heat_generated_contaminants
Dried Seaweed Arsenic (inorganic arsenic compounds),heavy_metals,heavy_metals
Can Openers With Vinyl Components Di(2-ethylhexyl)phthalate (DEHP),phthalates_plasticizers,phthalates_plasticizers
"Wooden Utility Poles 2,3,7,8-Tetrachlorodibenzo-p-dioxin (TCDD), Hexachlorobenzene, Hexachlorodibenzodioxin, Pentachlorophenol, Polychlorinated dibenzo-p-dioxins",solvents_vocs,solvents_vocs
Nori Seaweed cadmium compounds,heavy_metals,heavy_metals
Seirus Multi Sport Glove Chromium (hexavalent compounds),heavy_metals,heavy_metals
Vinyl/PVC Tool Grips Di(2-ethylhexyl)phthalate (DEHP),phthalates_plasticizers,phthalates_plasticizers
Rice Lead,heavy_metals,heavy_metals
BILLION DOLLAR BEAUTY Cream Blush & Highlighter Stick (Rare) Diethanolamine,other_prop65_listed,other_prop65_listed
Fast Dry Shampoo Formaldehyde (gas),solvents_vocs,solvents_vocs
Small Vinyl Zip Bag (Set of 200) Diisononyl phthalate (DINP),phthalates_plasticizers,phthalates_plasticizers
"Vinyl Storage Bags, Amplifiers with Vinyl Exterior Di(2-ethylhexyl)phthalate, Di(2-ethylhexyl)phthalate (DEHP)",phthalates_plasticizers,phthalates_plasticizers
"Channel Islands CI Fin Wallet - white, shiny plastic, 216623, 283271 Di(2-ethylhexyl)phthalate (DEHP)",phthalates_plasticizers,phthalates_plasticizers
Del Monte Canned Corn - Summer Crisp Golden Sweet (11 oz) lead compounds,heavy_metals,heavy_metals
Waterproof Fanny Pack and Dry Bag Di(2-ethylhexyl)phthalate (DEHP),phthalates_plasticizers,phthalates_plasticizers
copper mugs with brass components Lead,heavy_metals,heavy_metals
"A-MAZE-N Smoker 6"" Tube, A-MAZE-N Premium Wood BBQ Pellets mineral oils (coal tar)",other_prop65_listed,other_prop65_listed
Travel Bottle & Tube Sets with Vinyl Cases Diisononyl phthalate (DINP),phthalates_plasticizers,phthalates_plasticizers
"Green & Blacks Organic Dark Chocolate 70%; UPC: 0865600145, Green & Blacks Organic Dark Chocolate 85%; UPC: 0865600145 lead compounds",heavy_metals,heavy_metals
Locks with Vinyl/PVC Cables Di(2-ethylhexyl)phthalate (DEHP),phthalates_plasticizers,phthalates_plasticizers
Travel Bag Clear School Security Backpack Di(2-ethylhexyl)phthalate (DEHP),phthalates_plasticizers,phthalates_plasticizers
"Synthetic Vinyl Examination Gloves, UPC No. 643049030012 Di(2-ethylhexyl)phthalate (DEHP)",phthalates_plasticizers,phthalates_plasticizers
Vinyl magnet Di(2-ethylhexyl)phthalate,phthalates_plasticizers,phthalates_plasticizers
Seaweed lead compounds,heavy_metals,heavy_metals
Season of Love Rainbow Mug Lead,heavy_metals,heavy_metals
"Sakara Life Metabolism Super Powder, Sakara Nori Chips, Sakara Energy Super Bar, Sakara Nootropic Chocolates lead compounds",heavy_metals,heavy_metals
hoses in vacuum cleaner kits Di-n-butyl phthalate (DBP),phthalates_plasticizers,phthalates_plasticizers
CCM Mini Stick bag Di(2-ethylhexyl)phthalate (DEHP),phthalates_plasticizers,phthalates_plasticizers
Candle holders with exterior artwork Lead,heavy_metals,heavy_metals
4-Flex shirts Perfluorooctanoic Acid (PFOA),pfas,pfas
nasal spray mercury compounds,heavy_metals,heavy_metals
Glassware with exterior artwork Lead,heavy_metals,heavy_metals
Ceramic Mugs With Exterior Designs Lead,heavy_metals,heavy_metals
7 Select Kettle Potato Chips - Salt & Pepper (2.25 oz) Acrylamide,heat_generated_contaminants,heat_generated_contaminants
Janod children’s toy shaving set Di(2-ethylhexyl)phthalate (DEHP),phthalates_plasticizers,phthalates_plasticizers
"X-Large Heavy Duty Storage Bags, N309297 Diisononyl phthalate (DINP)",phthalates_plasticizers,phthalates_plasticizers
zippered wallets Di(2-ethylhexyl)phthalate (DEHP),phthalates_plasticizers,phthalates_plasticizers
nasal sprays mercury compounds,heavy_metals,heavy_metals
Seat Cushions with Vinyl/PVC Upholstery Di(2-ethylhexyl)phthalate (DEHP),phthalates_plasticizers,phthalates_plasticizers
Vinyl Shower Curtain Liner Di(2-ethylhexyl)phthalate (DEHP),phthalates_plasticizers,phthalates_plasticizers
"Crave Sparkling Glow Beauty Cream, Crema La Milagrosa, Face Fresh Gold Beauty Cream, Hi Glow Beauty Cream, Seven Herbal Ubtan Cream, White Gold Anti-Marks Cream Mercury",heavy_metals,heavy_metals
"Keyboard Cases Made With Leather, Vinyl, or Imitation Leather Materials Lead",heavy_metals,heavy_metals
Vinyl Covered Cocktail Shakers Diisononyl phthalate (DINP),phthalates_plasticizers,phthalates_plasticizers
Headphones with Vinyl/PVC Components and/or Cords Di(2-ethylhexyl)phthalate (DEHP),phthalates_plasticizers,phthalates_plasticizers
Ping Sport Golf Glove Chromium (hexavalent compounds),heavy_metals,heavy_metals
Seasoned Seaweed Lead,heavy_metals,heavy_metals
Guangyou Mian Yang Rice Noodle Lead,heavy_metals,heavy_metals
Vinyl Floor Mats Di(2-ethylhexyl)phthalate (DEHP),phthalates_plasticizers,phthalates_plasticizers
Rainbow Light Creamy Vanilla Protein Energizer Cadmium,heavy_metals,heavy_metals
Gucci Guilty Pour Femme Body Lotion Diethanolamine,other_prop65_listed,other_prop65_listed
cases of furniture protectors Di(2-ethylhexyl)phthalate (DEHP),phthalates_plasticizers,phthalates_plasticizers
black wallets Di(2-ethylhexyl)phthalate (DEHP),phthalates_plasticizers,phthalates_plasticizers
Clear Makeup Bags With Detachable Strap Di(2-ethylhexyl)phthalate (DEHP),phthalates_plasticizers,phthalates_plasticizers
Danskin Satellite Scuba Pants- Pink Marshalls Tag Bisphenol S (BPS),bisphenols,bisphenols
Roasted Seaweed Lead,heavy_metals,heavy_metals
"Upholstered furniture including chairs Tris(1,3-dichloro-2-propyl) phosphate (TDCPP)",other_prop65_listed,other_prop65_listed
Tools with vinyl grips Lead,heavy_metals,heavy_metals
Plain Brick Oven Pita Bread Acrylamide,heat_generated_contaminants,heat_generated_contaminants
Glassware with exterior artwork Lead,heavy_metals,heavy_metals
"Fire starter bricks, firelogs and firewood used engine oils)",other_prop65_listed,other_prop65_listed
"Maggi – Cuppa Mania – Masala Indian Noodles - Spicy , Maggi – 2-Minute Noodles – Masala - Spicy , Maggi – 2-Minute Noodles – Masala – Spicy (Double Pack) lead compounds",heavy_metals,heavy_metals
Allergy Defense by Allerease Waterproof Allergy Protection Zippered Mattress Protector UPC022415027120 Di(2-ethylhexyl)phthalate (DEHP),phthalates_plasticizers,phthalates_plasticizers
"Book covers, Purses, Ceramicware Di(2-ethylhexyl)phthalate (DEHP)",phthalates_plasticizers,phthalates_plasticizers
Leaded crystal glassware Lead,heavy_metals,heavy_metals
Ceramic Incense Holders With Designs Lead,heavy_metals,heavy_metals
Tuna Helper Tuna Fettuccine Alfredo - UPC No.: 6-5272971061-8 Lead,heavy_metals,heavy_metals
Bath Soap Holder with Plastic Suction Cup Di(2-ethylhexyl)phthalate (DEHP),phthalates_plasticizers,phthalates_plasticizers
Novagratz Mug Set Lead,heavy_metals,heavy_metals
Vinyl cases Diisononyl phthalate (DINP),phthalates_plasticizers,phthalates_plasticizers
Sweatpants Di(2-ethylhexyl)phthalate (DEHP),phthalates_plasticizers,phthalates_plasticizers
"Upholstered furniture including children's car seats Tris(1,3-dichloro-2-propyl) phosphate (TDCPP)",other_prop65_listed,other_prop65_listed
"Vinyl Banners Di(2-ethylhexyl)phthalate, Di(2-ethylhexyl)phthalate (DEHP)",phthalates_plasticizers,phthalates_plasticizers
The Balm Cosmetics Mad Lash Mascara Diethanolamine,other_prop65_listed,other_prop65_listed
Leaded crystal glassware lead compounds,heavy_metals,heavy_metals
"Clairol Root Touch-Up by Nice 'n Easy Color Refreshing Spray for Dark to Medium Blonde Titanium dioxide (airborne, unbound particles of respirable size)",food_additives,food_additives
"Restaurant Essentials Pizza Bag, UPC#789313564217 Di(2-ethylhexyl)phthalate (DEHP)",phthalates_plasticizers,phthalates_plasticizers
Martha Stewart Garden Gift Set Gloves Chromium (hexavalent compounds),heavy_metals,heavy_metals
Dried Seaweed cadmium compounds,heavy_metals,heavy_metals
Gloves Made with Leather Materials Chromium (hexavalent compounds),heavy_metals,heavy_metals
"Belts Made With Leather, Vinyl or Imitation Leather Materials Lead",heavy_metals,heavy_metals
Newman’s Own Organics Super Dark Chocolate Bar 70% Cocoa Lead,heavy_metals,heavy_metals
Nesquick Chocolate Milk Mercury,heavy_metals,heavy_metals
Ceramic beverage container Lead,heavy_metals,heavy_metals
Silver case handle on packaging of Brookstone robe Di(2-ethylhexyl)phthalate (DEHP),phthalates_plasticizers,phthalates_plasticizers
Pulchritudie Pink Floral Sugar Bowl Lead,heavy_metals,heavy_metals
Tongs with Vinyl Components Diisononyl phthalate (DINP),phthalates_plasticizers,phthalates_plasticizers
Children's Footwear Di(2-ethylhexyl)phthalate (DEHP),phthalates_plasticizers,phthalates_plasticizers
Handbag Di(2-ethylhexyl)phthalate (DEHP),phthalates_plasticizers,phthalates_plasticizers
Jabin Kim Seasoned Seaweed (Original) Cadmium,heavy_metals,heavy_metals
"Footwear Made With Leather, Vinyl or Imitation Leather Materials Lead",heavy_metals,heavy_metals
Vinyl/PVC Bee Hive Covers Diisononyl phthalate (DINP),phthalates_plasticizers,phthalates_plasticizers
"Interbake Foods, LLC Fudge Covered Graham Rounds, UPC 20200 55000, Interbake Foods, LLC Shortbread Cookies Fudge Striped, UPC 20200 54000 Acrylamide",heat_generated_contaminants,heat_generated_contaminants
"Upholstered furniture including chairs Tris(1,3-dichloro-2-propyl) phosphate (TDCPP)",other_prop65_listed,other_prop65_listed
"Bona Furtuna, Aged Balsamic Vinegar of Modena, UPC#855522007545, Bona Furtuna, Green Olive Tapenade, UPC#866363000213, Bona Furtuna, Black Olive Tapenade, UPC#855522007996 lead compounds",heavy_metals,heavy_metals
Jabin Kim Seasoned Seaweed (Vegetable) Lead,heavy_metals,heavy_metals
Vinyl tool grips Di-n-butyl phthalate (DBP),phthalates_plasticizers,phthalates_plasticizers
Cut Wakame Dried Seaweed Cadmium,heavy_metals,heavy_metals
Embryolisse 24-Hour Miracle Cream Diethanolamine,other_prop65_listed,other_prop65_listed
Organic Seaweed cadmium compounds,heavy_metals,heavy_metals
"PowerBar Protein Plus Chocolate Peanut Butter, ZonePerfect Nutrition Bar Dark Chocolate Almond, Atkins Meal Cookies n’ Crème Bar, Atkins Treat Nutty Fudge Brownie Bar, thinkThin High Protein Bar, Brownie Crunch, thinkThin High Protein Bar, Chocolate Fudge, thinkThin High Protein Bar, Chunky Peanut Butter, QuestBar Protein Bar, Banana Nut Muffin Flavor, QuestBar Protein Bar, Chocolate Brownie Flavor, MET-Rx Protein Plus, Chocolate Chocolate Chunk, MET-Rx Protein Plus, Super Cookie Crunch, Vega Sport Protein Bar, Chocolate Peanut Butter, Pure Protein Bar, Chocolate Delux, NuGo Dark Chocolate Coconut, NuGo Dark Mint Chocolate Chip, NuGo Dark Mocha Chocolate, NuGo Stronger Caramel Pretzel Protein Bar, Go Macro Macrobar Protein Pleasure, Peanut Butter Chocolate Chip, Go Macro Macrobar Everlasting Joy, Coconut + Almond Butter + Chocolate Chips, Pro Bar Meal Chocolate Coconut Lead",heavy_metals,heavy_metals
"Makeup Kits, Pouches Di(2-ethylhexyl)phthalate (DEHP)",phthalates_plasticizers,phthalates_plasticizers
"Betty Boop Black Wallet with Multicolor Lips Print, SKU: 400273761477 Di(2-ethylhexyl)phthalate (DEHP)",phthalates_plasticizers,phthalates_plasticizers
Everbowl Receipt Bisphenol S (BPS),bisphenols,bisphenols
"Bibamm, Dried Shiitake Mushroom, UPC#X003PPNLB Lead",heavy_metals,heavy_metals
Shellfish Cadmium,heavy_metals,heavy_metals
"Children's Vinyl Toys, Vinyl Keychains Di(2-ethylhexyl)phthalate",phthalates_plasticizers,phthalates_plasticizers
"Tar based dandruff shampoo Benzo[a]pyrene, Benzo[b]fluoranthene, Benzo[j]fluoranthene, Benzo[k]fluoranthene, Benz[a]anthracene, Carbazole, Chrysene, Dibenz[a,h]anthracene, Dibenz[a,j]acridine, Indeno [1,2,3-cd]pyrene, Soots, tars",heat_generated_contaminants,heat_generated_contaminants
Canned Coconut Water Bisphenol A (BPA),bisphenols,bisphenols
Shellfish Cadmium,heavy_metals,heavy_metals
papa mugs Lead,heavy_metals,heavy_metals
"Hi-Vinyl Leg Tips, UPC No. 0 39003 19205 4 Di(2-ethylhexyl)phthalate (DEHP)",phthalates_plasticizers,phthalates_plasticizers
Sweet Chili Noodle Bowl with Cooked Hokkien Noodles UPC: 7-6566710090-5 Lead,heavy_metals,heavy_metals
All Simple Mills Cracker Products Acrylamide,heat_generated_contaminants,heat_generated_contaminants
handbags Diisononyl phthalate (DINP),phthalates_plasticizers,phthalates_plasticizers
Tool Bags with Vinyl/PVC Components Di(2-ethylhexyl)phthalate (DEHP),phthalates_plasticizers,phthalates_plasticizers
Valves with Vinyl Grips Di(2-ethylhexyl)phthalate (DEHP),phthalates_plasticizers,phthalates_plasticizers
Vinyl/PVC Tool Grips Di(2-ethylhexyl)phthalate (DEHP),phthalates_plasticizers,phthalates_plasticizers
Handbags Di(2-ethylhexyl)phthalate (DEHP),phthalates_plasticizers,phthalates_plasticizers
Little Worker Bag Di(2-ethylhexyl)phthalate (DEHP),phthalates_plasticizers,phthalates_plasticizers
"Haircolor, Cream Hairdye Diaminotoluene (mixed)",solvents_vocs,other_prop65_listed
Dried Seaweed Cadmium,heavy_metals,heavy_metals
Ceramic Products Cadmium,heavy_metals,heavy_metals
"Claraluna de Noche, Sajal Beauty Cream, Milk Cream, Be Be Special Cream, Collagen Plus Day & Night Cream, Madame Organic Whitening Arbutin Cream, Crave Sparkling Glow C Beauty Cream Mercury",heavy_metals,heavy_metals
Sous Vide Plastic Containers Bisphenol A (BPA),bisphenols,bisphenols
Ceramic Products Lead,heavy_metals,heavy_metals
Roasted Seaweed Lead,heavy_metals,heavy_metals
"Inflatable Vinyl Toys/Children's Items, Water Squirters, Vinyl Cases, Vinyl Fabric and Clothing Di(2-ethylhexyl)phthalate",phthalates_plasticizers,phthalates_plasticizers
Dried Seaweed lead compounds,heavy_metals,heavy_metals
Chocolate World Candy Mold Bisphenol A (BPA),bisphenols,bisphenols
Ceramic Mugs With Exterior Designs Lead,heavy_metals,heavy_metals
Cookware Di(2-ethylhexyl)phthalate (DEHP),phthalates_plasticizers,phthalates_plasticizers
Seaweed Lead,heavy_metals,heavy_metals
Vinyl/PVC Tape Di(2-ethylhexyl)phthalate (DEHP),phthalates_plasticizers,phthalates_plasticizers
"High Beams Intense Spray-On Hair Color Titanium dioxide (airborne, unbound particles of respirable size)",food_additives,food_additives
Fresh & Easy Seaweed Lead,heavy_metals,heavy_metals
MMA UFC PU Leather Boxing Gloves Sparring Kick Thai Gym Punching Bag Half Mitt Di(2-ethylhexyl)phthalate (DEHP),phthalates_plasticizers,phthalates_plasticizers
Children Shoes Di(2-ethylhexyl)phthalate (DEHP),phthalates_plasticizers,phthalates_plasticizers
Seaweed Cadmium,heavy_metals,heavy_metals
"Vinyl/PVC Gloves, Vinyl/PVC Gloves Diisononyl phthalate (DINP)",phthalates_plasticizers,phthalates_plasticizers
"Wallets, Handbags, Purses, and Clutches Made with leather, Vinyl or Imitation Leather Materials Lead",heavy_metals,heavy_metals
"SheIn handbags, purses, and clutches Di-n-butyl phthalate (DBP)",phthalates_plasticizers,phthalates_plasticizers
vinyl coated hangers Di(2-ethylhexyl)phthalate (DEHP),phthalates_plasticizers,phthalates_plasticizers
plastic packaging cases of sheet sets Di(2-ethylhexyl)phthalate (DEHP),phthalates_plasticizers,phthalates_plasticizers
Plastic children's clothing lead compounds,heavy_metals,heavy_metals
Original Restaurant Style Tortilla Chips; Rold Gold Pretzel Thins Acrylamide,heat_generated_contaminants,heat_generated_contaminants
lunch bags Di(2-ethylhexyl)phthalate (DEHP),phthalates_plasticizers,phthalates_plasticizers
Vevor Hitch Cargo Bag Di(2-ethylhexyl)phthalate (DEHP),phthalates_plasticizers,phthalates_plasticizers
"Footwear, Handbags Di(2-ethylhexyl)phthalate (DEHP)",phthalates_plasticizers,phthalates_plasticizers
Circuit Testers with Vinyl/PVC Components Di(2-ethylhexyl)phthalate (DEHP),phthalates_plasticizers,phthalates_plasticizers
Snack chips Acrylamide,heat_generated_contaminants,heat_generated_contaminants
Glassware Products Cadmium,heavy_metals,heavy_metals
Fishing Sinker Lead,heavy_metals,heavy_metals
SealLine Baja Dry Bag Di(2-ethylhexyl)phthalate (DEHP),phthalates_plasticizers,phthalates_plasticizers
Vinyl Tape Di(2-ethylhexyl)phthalate (DEHP),phthalates_plasticizers,phthalates_plasticizers
Glassware With Exterior Designs Lead,heavy_metals,heavy_metals
"Nature's Intent, Dark Chocolate Enrobed Mandarins, UPC#857308005424 Lead",heavy_metals,heavy_metals
"Coher Saws including but not limited to: Coher Folding Hand Saw, 8 Inch Blade for Tree Pruning, Camping, Gardening, Hunting. Cutting Wood, PVC, Bone with Ergonomic Handle Design Wood dust",other_prop65_listed,other_prop65_listed
cases of makeup brush sets Di(2-ethylhexyl)phthalate (DEHP),phthalates_plasticizers,phthalates_plasticizers
Glassware with Exterior Artwork Lead,heavy_metals,heavy_metals
"Fenty Beauty Killawatt Foil Freestyle Highlighter Titanium dioxide (airborne, unbound particles of respirable size)",food_additives,food_additives
Vaseline Hydra Healthy Hand Lotion Diethanolamine,other_prop65_listed,other_prop65_listed
Ceramic container with Exterior Artwork Lead,heavy_metals,heavy_metals
"Lake Champlain Organic Cacao Powder, Lake Champlain 80% Dark Organic Chocolates, Lake Champlain 72% Dark Organic Chocolates, Lake Champlain 57% Dark Organic Chocolates, Lake Champlain 54% Dark Organic Chocolates Cadmium",heavy_metals,heavy_metals
Seaweed Tempura Snack Cadmium,heavy_metals,heavy_metals
Fried or Baked Potato Based Snack Foods Acrylamide,heat_generated_contaminants,heat_generated_contaminants
SmilePunk Brass Wallet & Key Chain Products Lead,heavy_metals,heavy_metals
Rice Arsenic (inorganic arsenic compounds),heavy_metals,heavy_metals
"Goode Health Moroccan Chocolate Superfood Nutrition Shake, Goode Health Vanilla Spice Superfood Nutrition Shake, Goode Health Unsweetened Superfood Smoothie Base Perfluorooctanoic Acid (PFOA)",pfas,pfas
Roasted Seaweed cadmium compounds,heavy_metals,heavy_metals
Children's furniture Di(2-ethylhexyl)phthalate (DEHP),phthalates_plasticizers,phthalates_plasticizers
Ceramic Products Lead,heavy_metals,heavy_metals
mugs with exterior decorations Lead,heavy_metals,heavy_metals
vinyl bedding storage cases Di(2-ethylhexyl)phthalate (DEHP),phthalates_plasticizers,phthalates_plasticizers
Crossbody Bag Di(2-ethylhexyl)phthalate (DEHP),phthalates_plasticizers,phthalates_plasticizers
Fishing Sinker Lead,heavy_metals,heavy_metals
Glassware and Ceramic Products Lead,heavy_metals,heavy_metals
Baby Wash Formaldehyde (gas),solvents_vocs,solvents_vocs
"Flower, Edibles, Vape Pens, Concentrates, Pre-Rolls, Hash, Rosins, Shatters, Live Resins, Crystals, Wax, Kief, Topicals, and other Cannabis-Related Accessories. delta-9-THC)",other_prop65_listed,other_prop65_listed
"Cap Nutra, Brown Rice Protein, UPC#711099589801 Lead",heavy_metals,heavy_metals
Shellfish lead compounds,heavy_metals,heavy_metals
Crazy Color by Renbow High Lift Bleaching Kit Diethanolamine,other_prop65_listed,other_prop65_listed
Vinyl/PVC Gloves Diisononyl phthalate (DINP),phthalates_plasticizers,phthalates_plasticizers
Ceramic Products Lead,heavy_metals,heavy_metals
"Honey-Can-Do Vinyl Coated Pant Hangers - Black Vinyl Coating, UPC#811434011995 Di(2-ethylhexyl)phthalate (DEHP)",phthalates_plasticizers,phthalates_plasticizers
Canned baby clams Lead,heavy_metals,heavy_metals
"Imperial Elixir, American Ginseng, UPC#715783381009 Lead",heavy_metals,heavy_metals
Ducales Crackers Acrylamide,heat_generated_contaminants,heat_generated_contaminants
Bone Cutters with Vinyl Grips Diisononyl phthalate (DINP),phthalates_plasticizers,phthalates_plasticizers
"Kits with Vinyl Components Di(2-ethylhexyl)phthalate, Di(2-ethylhexyl)phthalate (DEHP)",phthalates_plasticizers,phthalates_plasticizers
"Wallets, handbags, clutches and totes Lead",heavy_metals,heavy_metals
Lotion Dispensers Lead,heavy_metals,heavy_metals
Glass beverage containers Lead,heavy_metals,heavy_metals
"Flooring and building products Silica, crystalline (airborne particles of respirable size)",other_prop65_listed,other_prop65_listed
US Forge Economy Welding Gloves Chromium (hexavalent compounds),heavy_metals,heavy_metals
"Heeta dry bag phone cases (DEHP), Loocio jump ropes (DBP) Di-n-butyl phthalate (DBP)",phthalates_plasticizers,phthalates_plasticizers
Dried Seaweed Cadmium,heavy_metals,heavy_metals
Anthropologie “All Spruced Up” Mug Lead,heavy_metals,heavy_metals
Hanging Organizer Bag Di(2-ethylhexyl)phthalate (DEHP),phthalates_plasticizers,phthalates_plasticizers
Dried Seaweed Lead,heavy_metals,heavy_metals
The Good Hurt Fuego BBQ Rub Jamaican Jerk Lead,heavy_metals,heavy_metals
Dried Seaweed cadmium compounds,heavy_metals,heavy_metals
Vinyl/PVC Cushions Di(2-ethylhexyl)phthalate (DEHP),phthalates_plasticizers,phthalates_plasticizers
Ducales Crackers Acrylamide,heat_generated_contaminants,heat_generated_contaminants
Multi Color SF Coin Purse Di(2-ethylhexyl)phthalate (DEHP),phthalates_plasticizers,phthalates_plasticizers
vinyl covered toggle clamps Diisononyl phthalate (DINP),phthalates_plasticizers,phthalates_plasticizers
"Glassware, Ceramicware, Leaded crystal, Lead soldered products Cadmium",heavy_metals,heavy_metals
Bear Knuckles Work Glove Chromium (hexavalent compounds),heavy_metals,heavy_metals
Seaweed Snack Cadmium,heavy_metals,heavy_metals
Selsun Blue Medicated with Menthol Dandruff Shampoo Diethanolamine,other_prop65_listed,other_prop65_listed
Handbag Di(2-ethylhexyl)phthalate (DEHP),phthalates_plasticizers,phthalates_plasticizers
"Vinyl/PVC Hoses, Metal Hose Fittings Di(2-ethylhexyl)phthalate (DEHP)",phthalates_plasticizers,phthalates_plasticizers
vinyl bags Di(2-ethylhexyl)phthalate (DEHP),phthalates_plasticizers,phthalates_plasticizers
Jill and Ally Reality Star Ceramic Mug Lead,heavy_metals,heavy_metals
Seaweed Cadmium,heavy_metals,heavy_metals
Lead Fishing Sinkers/Weights Lead,heavy_metals,heavy_metals
Vinyl Jewelry Boxes Di(2-ethylhexyl)phthalate (DEHP),phthalates_plasticizers,phthalates_plasticizers
"Shampoo and Liquid Soaps Such as Hand Soap, Body Wash and Bubble Bath Coconut oil diethanolamine condensate (cocamide diethanolamine)",other_prop65_listed,other_prop65_listed
"Good To-Go Cuban Rice Bowl, Good To-Go Indian Vegetable Korma, Good To-Go Carrot-Ginger Power Bowl Cadmium",heavy_metals,heavy_metals
"Vinyl/PVC Shower Hoses, Electrical Components and Accessories, Flashlights, Hand Tools, Household Hardware Accessories, Household Plumbing Accessories, Tape Measures Di(2-ethylhexyl)phthalate (DEHP)",phthalates_plasticizers,phthalates_plasticizers
Popatu clutch/purse Di(2-ethylhexyl)phthalate (DEHP),phthalates_plasticizers,phthalates_plasticizers
"Children's Vinyl Smocks, Vinyl Mats Di(2-ethylhexyl)phthalate",phthalates_plasticizers,phthalates_plasticizers
Fishing Sinker Lead,heavy_metals,heavy_metals
Glassware products. Lead,heavy_metals,heavy_metals
Oil Bottles and Other Glass Containers Lead,heavy_metals,heavy_metals
mercury in nasal sprays mercury compounds,heavy_metals,heavy_metals
Perrini gloves Chromium (hexavalent compounds),heavy_metals,heavy_metals
Bags with Vinyl/PVC Components Di-isodecyl phthalate (DIDP),phthalates_plasticizers,phthalates_plasticizers
Kim Nori seaweed snacks Cadmium,heavy_metals,heavy_metals
Tract Wallets Diisononyl phthalate (DINP),phthalates_plasticizers,phthalates_plasticizers
Glassware and Ceramic Products Cadmium,heavy_metals,heavy_metals
Gloves with Vinyl/PVC Components Di(2-ethylhexyl)phthalate (DEHP),phthalates_plasticizers,phthalates_plasticizers
faux leather and vinyl fabric Lead,heavy_metals,heavy_metals
"Footwear Made With Leather, Vinyl or Imitation Leather Materials lead compounds",heavy_metals,heavy_metals
Glassware and other Tableware lead compounds,heavy_metals,heavy_metals
"Upholstered furniture Tris(1,3-dichloro-2-propyl) phosphate (TDCPP)",other_prop65_listed,other_prop65_listed
"Wallets, handbags, purses and clutches Lead",heavy_metals,heavy_metals
OTC Ranitidine Products N-Nitrosodimethylamine,heat_generated_contaminants,heat_generated_contaminants
Glassware with exterior artwork Lead,heavy_metals,heavy_metals
vinyl bedding storage cases Di(2-ethylhexyl)phthalate (DEHP),phthalates_plasticizers,phthalates_plasticizers
Seaweed Lead,heavy_metals,heavy_metals
"Handbags, purses, clutches and totes Butyl Benzyl Phthalate (BBP), Di(2-ethylhexyl)phthalate (DEHP)",phthalates_plasticizers,phthalates_plasticizers
Glassware with Exterior Artwork Lead,heavy_metals,heavy_metals
World Market Everything Flatbread Acrylamide,heat_generated_contaminants,heat_generated_contaminants
DIRTY WORKS - Miracle cream 8 in 1 Diethanolamine,other_prop65_listed,other_prop65_listed
Vinyl Covered Spring Clamp Diisononyl phthalate (DINP),phthalates_plasticizers,phthalates_plasticizers
Rice Lead,heavy_metals,heavy_metals
Bone Dry Pet Bowl Black Paw Print Taupe Small Lead,heavy_metals,heavy_metals
Shellfish Cadmium,heavy_metals,heavy_metals
Hawaiian Kettle Style Potato Chips Acrylamide,heat_generated_contaminants,heat_generated_contaminants
Dried Seaweed cadmium compounds,heavy_metals,heavy_metals
Edward & Sons Miso Cup Lead,heavy_metals,heavy_metals
Cosmetic Bag Di(2-ethylhexyl)phthalate (DEHP),phthalates_plasticizers,phthalates_plasticizers
Tool Pouches with Vinyl Components Di(2-ethylhexyl)phthalate (DEHP),phthalates_plasticizers,phthalates_plasticizers
Glassware with exterior artwork Lead,heavy_metals,heavy_metals
"Limited Too Slippers and Sleep Mask (storage bag), SKU: 400233422035 Di(2-ethylhexyl)phthalate (DEHP)",phthalates_plasticizers,phthalates_plasticizers
Ability One Vinyl Shower Curtain Di(2-ethylhexyl)phthalate (DEHP),phthalates_plasticizers,phthalates_plasticizers
Famous Amos Chocolate Chip Cookies Acrylamide,heat_generated_contaminants,heat_generated_contaminants
Spring Roll Rice Wrapper Lead,heavy_metals,heavy_metals
drunkilk Fishing Egg Bullet Rig Sinkers Angling Lead Weight Split Shot Box Lead,heavy_metals,heavy_metals
Wood Treatment Arsenic (inorganic arsenic compounds),heavy_metals,heavy_metals
Vinyl tool grips Di(2-ethylhexyl)phthalate (DEHP),phthalates_plasticizers,phthalates_plasticizers
Children's Footwear with Polymer Straps Di-n-butyl phthalate (DBP),phthalates_plasticizers,phthalates_plasticizers
Blue vinyl cover for memo pads Di(2-ethylhexyl)phthalate (DEHP),phthalates_plasticizers,phthalates_plasticizers
nasal spray Mercury,heavy_metals,heavy_metals
Glassware lead compounds,heavy_metals,heavy_metals
Starkist Tuna Creations Whole Grain Dijon Mustard Tuna Salad Cadmium,heavy_metals,heavy_metals
Metal and Glass Candle Holders Lead,heavy_metals,heavy_metals
SMT Canned Tomatoes - Diced (28 oz) lead compounds,heavy_metals,heavy_metals
"Roasted Seaweed Arsenic (inorganic arsenic compounds), Cadmium",heavy_metals,heavy_metals
DJECO Children’s Magic Coloring Set Di-isodecyl phthalate (DIDP),phthalates_plasticizers,phthalates_plasticizers
Feliz dia Maestro mugs Lead,heavy_metals,heavy_metals
Crime Scene Investigation Themed Toy Kits w/Fingerprint Powder Asbestos,other_prop65_listed,other_prop65_listed
"Glassware, Stained Glass, Ceramic Products Lead",heavy_metals,heavy_metals
"Zenmed Facial Cleansing Gel; UPC: 892670000035, Michelle Care Baby Shampoo; UPC: 722429320025, Special Value Sweet Strawberry; UPC: 041380317555, Biodegradable Heavy Duty All Purpose Cleaner; UPC: 000845001309, Deadnought the shaving solution; UPC: 5060297000614, SkinCeuticals Simply Clean; UPC: 635494121001, Lemisol Plus Gentle Daily Cleanser; UPC: 352688195715, Beyonce hottest party shower gel; UPC: 886994773515, Fran Wilson Ageless Express; UPC: 088634000436, C-fuller hair Coconut oil diethanolamine condensate (cocamide diethanolamine)",other_prop65_listed,other_prop65_listed
"Kylie Cosmetics Blush Titanium dioxide (airborne, unbound particles of respirable size)",food_additives,food_additives
Heart Shape Bowl with Gold Trim SKU 400298980044000499 UPC None Lead,heavy_metals,heavy_metals
Sweet Chili Noodle Bowl with Cooked Hokkien Noodles UPC: 7-6566710090-5 Cadmium,heavy_metals,heavy_metals
Handbags With Metal Components Lead,heavy_metals,heavy_metals
ASA Safety PVC Glove H-016 Diisononyl phthalate (DINP),phthalates_plasticizers,phthalates_plasticizers
Dried Seaweed Strips Lead,heavy_metals,heavy_metals
Mugs and Other Ceramic Containers Lead,heavy_metals,heavy_metals
Mugs with Exterior Designs Lead,heavy_metals,heavy_metals
Tool Cases with Vinyl Components Di(2-ethylhexyl)phthalate (DEHP),phthalates_plasticizers,phthalates_plasticizers
"Footwear Made With Leather, Vinyl or Imitation Leather Materials Lead",heavy_metals,heavy_metals
Soft food and beverage containers Lead,heavy_metals,heavy_metals
Banner Hanging Solutions 6-Piece Suction Cups DT0192; UPC: 884540010220 Di(2-ethylhexyl)phthalate (DEHP),phthalates_plasticizers,phthalates_plasticizers
"Vinyl/PVC Sunglass Cases Di(2-ethylhexyl)phthalate, Di(2-ethylhexyl)phthalate (DEHP)",phthalates_plasticizers,phthalates_plasticizers
Glassware with Colored Designs on the Exterior (containing lead) Lead,heavy_metals,heavy_metals
Dried Seaweed Arsenic (inorganic arsenic compounds),heavy_metals,heavy_metals
Autosol Metal Polish lead compounds,heavy_metals,heavy_metals
Ceramics w/Exterior Artwork Lead,heavy_metals,heavy_metals
"Okay Pure Naturals, Black Jamaican Castor Oil, Leave in Deep Conditioner Diethanolamine",other_prop65_listed,other_prop65_listed
Vinyl utility mat Di(2-ethylhexyl)phthalate,phthalates_plasticizers,phthalates_plasticizers
Children's Footwear Di(2-ethylhexyl)phthalate (DEHP),phthalates_plasticizers,phthalates_plasticizers
Ceramic beverage containers Lead,heavy_metals,heavy_metals
Liquid Soaps such as Dish Soap and Dishwashing Liquid Coconut oil diethanolamine condensate (cocamide diethanolamine),other_prop65_listed,other_prop65_listed
Ceramic Mugs with Exterior Designs Lead,heavy_metals,heavy_metals
Vinyl inflatable structures Lead,heavy_metals,heavy_metals
Children's Sporting Toys Di(2-ethylhexyl)phthalate,phthalates_plasticizers,phthalates_plasticizers
Vinyl/PVC Headphone Wraps Di(2-ethylhexyl)phthalate (DEHP),phthalates_plasticizers,phthalates_plasticizers
Glass and Metal Lamps and Candleholders Lead,heavy_metals,heavy_metals
Thalia Sodi Mug Lead,heavy_metals,heavy_metals
Mugs with Exterior Designs Lead,heavy_metals,heavy_metals
Dagoba Organic Chocolate Cacao Powder Cadmium,heavy_metals,heavy_metals
"Yamasa, Gobo Tenpura Fried Fish Cake with Burdock, UPC#070516340006 Lead",heavy_metals,heavy_metals
"cases of sticky notes, sunglass cases, book covers, sauna pants Di(2-ethylhexyl)phthalate (DEHP)",phthalates_plasticizers,phthalates_plasticizers
Barnana Plantain Tortilla Chips Grain Free Himalayan Pink Salt Acrylamide,heat_generated_contaminants,heat_generated_contaminants
Wheelchairs with vinyl components Lead,heavy_metals,heavy_metals
"Fish and Shellfish containing Ahi Tuna, Salmon and Mahi Mahi. Mercury",heavy_metals,heavy_metals
Imagitarium Creative Comforts Driftwood Wood dust,other_prop65_listed,other_prop65_listed
Suction Cup Di(2-ethylhexyl)phthalate (DEHP),phthalates_plasticizers,phthalates_plasticizers
Cosmetics bags Di(2-ethylhexyl)phthalate (DEHP),phthalates_plasticizers,phthalates_plasticizers
Soaps mercury compounds,heavy_metals,heavy_metals
JMLE Hotel Bag Di(2-ethylhexyl)phthalate (DEHP),phthalates_plasticizers,phthalates_plasticizers
AdirMed Oxygen Bag Diisononyl phthalate (DINP),phthalates_plasticizers,phthalates_plasticizers
Parade Street Products Clear Vinyl Stadium Tote ; UPC812956029710 Di(2-ethylhexyl)phthalate (DEHP),phthalates_plasticizers,phthalates_plasticizers
"Simple Truth Organic (Kroger), Italian Seasoning, UPC#011110023865 , Kroger, Mushroom Condensed Soup, UPC#011110045225, Private Selection (Kroger), Thai Inspired Red Curry Powder, UPC#011110025623, Simple Truth Organic (Kroger), Tomato Sauce, UPC#011110845313, Simple Truth Organic (Kroger), Unsweetened Chocolate, UPC#011110032669 Lead",heavy_metals,heavy_metals
"KINGART 19"" X 25"" Vinyl/Mesh Bag with Handle ASIN: B07HBHWTHF Di(2-ethylhexyl)phthalate (DEHP)",phthalates_plasticizers,phthalates_plasticizers
Lunch Bag with Plastic Components Di(2-ethylhexyl)phthalate (DEHP),phthalates_plasticizers,phthalates_plasticizers
Glassware with Exterior Artwork Lead,heavy_metals,heavy_metals
Lit Cosmetics Glitter Camo Diethanolamine,other_prop65_listed,other_prop65_listed
Glassware Products Lead,heavy_metals,heavy_metals
Sprouts Organic Unsalted & Unsweetened Creamy Sunflower Butter Cadmium,heavy_metals,heavy_metals
Naturavis Keratin Shampoo and Conditioner Set with Hyaluronic Acid Coconut oil diethanolamine condensate (cocamide diethanolamine),other_prop65_listed,other_prop65_listed
Dried Seaweed Cadmium,heavy_metals,heavy_metals
"Ijevan, Grape Leaves Tinned, UPC#4850001035190, Ijevan, Pasuts Tolma with Grape Leaves Tinned, UPC#4850001037637, Ijevan, Pasuts Tolma with Cabbage Leaves Tinned, UPC#4850001037644, Ijevan, Pasuts Tolma, UPC#4850001037644 Lead",heavy_metals,heavy_metals
Vanity Planet - Bolsa Makeup Bag Di(2-ethylhexyl)phthalate (DEHP),phthalates_plasticizers,phthalates_plasticizers
Ceramicware lead compounds,heavy_metals,heavy_metals
"Keen Wah Decadence Bar – Coconut Almond , Keen Wah Decadence Bar – Cacao Chia , Keen Wah Decadence Bar – Cayenne Cinnamon , Essential Living Foods – Montana Mix , Essential Living Foods – Superberry Symphony , Essential Living Foods – Superfood Trail Mix , Essential Living Foods – Cacao Nibs , Essential Living Foods – Dried Mulberries , Essential Living Foods – Maca Blend , Essential Living Foods – Machu Picchu Mix , Essential Living Foods – Jungle Peanuts , Essential Living Foods – Goji Berries , Essential Living Foods – Goji Berry Powder , Essential Living Foods – Wild Protein , Essential Living Foods – Coco Gogo , Essential Living Foods – Enlighten Mix , Essential Living Foods – Chocolate Covered Goji Berries , Essential Living Foods – Superfood Smoothie Lead",heavy_metals,heavy_metals
Happy Belly Honey Graham Crackers Acrylamide,heat_generated_contaminants,heat_generated_contaminants
Glassware Lead,heavy_metals,heavy_metals
Cosmetics Lead,heavy_metals,heavy_metals
Ceramicware with exterior artwork Lead,heavy_metals,heavy_metals
Indoor/outdoor candle holders Lead,heavy_metals,heavy_metals
Dilators with Vinyl Cases Di(2-ethylhexyl)phthalate (DEHP),phthalates_plasticizers,phthalates_plasticizers
Liz Claiborne Phone Charging Wallet; UPC888273607542 Diisononyl phthalate (DINP),phthalates_plasticizers,phthalates_plasticizers
Momentum Brands Bag Di(2-ethylhexyl)phthalate (DEHP),phthalates_plasticizers,phthalates_plasticizers
Glassware with artwork or designs on the exterior lead compounds,heavy_metals,heavy_metals
Glass Bottles with Exterior Decoration Lead,heavy_metals,heavy_metals
Vinyl Flags Di(2-ethylhexyl)phthalate (DEHP),phthalates_plasticizers,phthalates_plasticizers
"Zanae, Vine Leaves Stuffed with Rice, UPC#5201051001045 lead compounds",heavy_metals,heavy_metals
Organic Roasted Seaweed cadmium compounds,heavy_metals,heavy_metals
The Grinch Plush in Jumbo Mug Lead,heavy_metals,heavy_metals
Paula Joerling Holiday House Mug Lead,heavy_metals,heavy_metals
"Tumblers, Stemware and Other Glassware with Colored Artwork or Designs on the Exterior. lead compounds",heavy_metals,heavy_metals
CD and DVD wallets and organizers Lead,heavy_metals,heavy_metals
Seaweed Lead,heavy_metals,heavy_metals
SKKN BY KIM Face Cream Firming Moisturizer Diethanolamine,other_prop65_listed,other_prop65_listed
Dried Seaweed Lead,heavy_metals,heavy_metals
Vinyl Fabric Di(2-ethylhexyl)phthalate,phthalates_plasticizers,phthalates_plasticizers
seats with vinyl upholstery Di(2-ethylhexyl)phthalate (DEHP),phthalates_plasticizers,phthalates_plasticizers
Vinyl/PVC Tubing Di(2-ethylhexyl)phthalate (DEHP),phthalates_plasticizers,phthalates_plasticizers
phone crossbody bags Di(2-ethylhexyl)phthalate (DEHP),phthalates_plasticizers,phthalates_plasticizers
"Ijevan, Grape Leaves Tinned, UPC#4850001035190, Ijevan, Pasuts Tolma with Grape Leaves Tinned, UPC#4850001037637, Ijevan, Pasuts Tolma with Cabbage Leaves Tinned, UPC#4850001037644, Ijevan, Pasuts Tolma, UPC#4850001037644 lead compounds",heavy_metals,heavy_metals
Lang by Design Group Ceramic Dinnerware Lead,heavy_metals,heavy_metals
"Environmental Exposures; Occupational Exposures; and Product Exposures (Alcoholic Beverages (bars, mini bars); Swimming Pool/Hot Tubs; Food and Beverage Operations; Automobile Parking Facilities; Kitchen; Fireplaces and Patio Heaters; Valet (shoeshine and dry cleaning delivery); Matches; Arts & Crafts Supplies and Classes; Second-hand Smoke and Smokeless Tobacco Products; Cleaning Supplies/Janitorial; Maintenance/Power Tools; Furniture/Furnishings/Window Treatments; Public and Guest Bathrooms; Medical/First Aid Supplies; Internal Combustion (“IC”) Engines, Boilers and other Gas Burning Devices, and Fireplaces; Electronic Equipment, Electric Equipment and Associated Cables Wires and Batteries; Office Supplies and Office Equipment; Hand Tools, Hardware and Brass Keys; and Fertilizers, Soil Amendments, and Pesticides and Herbicides). Tobacco smoke (primary)",other_prop65_listed,other_prop65_listed
Roasted Seaweed Arsenic (inorganic arsenic compounds),heavy_metals,heavy_metals
"Oroweat Country Potato Buns, Oroweat Country Potato Bread Acrylamide",heat_generated_contaminants,heat_generated_contaminants
Daily Harvest harvest bowls Lead,heavy_metals,heavy_metals
Vinyl/PVC Electrical Tape Di(2-ethylhexyl)phthalate (DEHP),phthalates_plasticizers,phthalates_plasticizers
Roasted Seaweed Arsenic (inorganic oxides),heavy_metals,heavy_metals
Vinyl Barstool Seat Di(2-ethylhexyl)phthalate (DEHP),phthalates_plasticizers,phthalates_plasticizers
Children's Toys Di(2-ethylhexyl)phthalate,phthalates_plasticizers,phthalates_plasticizers
Clutch bag Bisphenol A (BPA),bisphenols,bisphenols
Fried Dace Fish with Salted Black Beans & Hot Pepper - UPC No. 6-901012021325 Lead,heavy_metals,heavy_metals
"Anchor Slings with Vinyl/PVC Components Di(2-ethylhexyl)phthalate, Di(2-ethylhexyl)phthalate (DEHP)",phthalates_plasticizers,phthalates_plasticizers
O’s American Kitchen Receipt Bisphenol S (BPS),bisphenols,bisphenols
Civico 93 handbags Di(2-ethylhexyl)phthalate (DEHP),phthalates_plasticizers,phthalates_plasticizers
Seaweed lead compounds,heavy_metals,heavy_metals
"Environmental Exposures; Occupational Exposures; and Product Exposures (Swimming Pool/Hot Tubs; Automobile Parking Facilities; Matches; Second-hand Smoke and Smokeless Tobacco Products; Cleaning Supplies/Janitorial; Maintenance/Power Tools; Furniture/Furnishings/Window Treatments; Public and Guest Bathrooms; Medical/First Aid Supplies; Internal Combustion (“IC”) Engines, Boilers and other Gas Burning Devices, and Fireplaces; Electronic Equipment, Electric Equipment and Associated Cables Wires and Batteries; Office Supplies and Office Equipment; Hand Tools, Hardware and Brass Keys; and Fertilizers, Soil Amendments, and Pesticides and Herbicides). Tobacco smoke",other_prop65_listed,other_prop65_listed
daylogic brand accessories with vinyl cords and straps Di(2-ethylhexyl)phthalate (DEHP),phthalates_plasticizers,phthalates_plasticizers
Mugs with Exterior Decorations Lead,heavy_metals,heavy_metals
Fried Baby Crab lead compounds,heavy_metals,heavy_metals
Tofurky Plant-based Roast & Wild Rice Stuffing Lead,heavy_metals,heavy_metals
Josies Organics Organic Baby Spinach Lead,heavy_metals,heavy_metals
vinyl chain assemblies Di(2-ethylhexyl)phthalate (DEHP),phthalates_plasticizers,phthalates_plasticizers
"Fishwife, Anchovies in Spanish Extra Virgin Olive Oil, UPC#860006380434, Fishwife, Sardines in Spanish Extra Virgin Olive Oil, UPC#850046148040 lead compounds",heavy_metals,heavy_metals
Sushi Nori Roasted Seaweed cadmium compounds,heavy_metals,heavy_metals
polka dot bags Diisononyl phthalate (DINP),phthalates_plasticizers,phthalates_plasticizers
Children's Vinyl Bags Di(2-ethylhexyl)phthalate,phthalates_plasticizers,phthalates_plasticizers
