feature_text,actual,predicted
"Fire starter bricks, firelogs and firewood mildly treated oils",product_material_or_formula,product_material_or_formula
Quaker Strawberries and Cream Instant Oatmeal Lead,product_material_or_formula,product_material_or_formula
Bag clips lead compounds,product_material_or_formula,product_material_or_formula
stadium tote bags Diisononyl phthalate (DINP),product_material_or_formula,product_material_or_formula
"Wheelchairs with Armrests, Hand Grips and/or other accessible Vinyl Components, Wheelchairs with Padded Armrests and/or other accessible Padded Components Tris(1,3-dichloro-2-propyl) phosphate (TDCPP)",product_material_or_formula,product_material_or_formula
"Vinyl/PVC Dustpan Grips, Tongs with Vinyl/PVC Handles/Grips, Vinyl Covers, Vinyl Flatware Carriers, Squeegees with Vinyl/PVC Blades, Vinyl/PVC Washer Bases (Suction Cups used in Sink), Vinyl/PVC Tethers, Vehicle Brushes with vinyl/PVC Bumpers Diisononyl phthalate (DINP)",food_contact_container,food_contact_container
"Luau Inflatable Monkey, Sassy Chic Handbag, Mothers Care El Babero Del Bebe, 2 Pack Inflatable Keychain, Sassy Chic Keyring, Knockdown Game, Spider-Man 3 4"" Softee Balls, Scholastic Clifford The Big Red Dog Water Squirters, 6 pk Favors, The Amazing Spider-Man LCD Watch Di(2-ethylhexyl)phthalate",product_material_or_formula,product_material_or_formula
Fishing Sinker Lead,raw_material_contaminant,raw_material_contaminant
Benelli range bag Di(2-ethylhexyl)phthalate (DEHP),product_material_or_formula,product_material_or_formula
firewood mildly treated oils,product_material_or_formula,product_material_or_formula
Shellfish Cadmium,raw_material_contaminant,raw_material_contaminant
girl wristlet purses Di(2-ethylhexyl)phthalate (DEHP),product_material_or_formula,product_material_or_formula
Metal and Glass Candle Holders Lead,food_contact_container,food_contact_container
Fishing Sinker Lead,raw_material_contaminant,raw_material_contaminant
Sorbus organizer bag Di(2-ethylhexyl)phthalate (DEHP),product_material_or_formula,product_material_or_formula
Trader Joe's Quinoa and Black Bean Infused Tortilla Chips Acrylamide,processing_generated,processing_generated
Tote Bags with PVC Components Di(2-ethylhexyl)phthalate (DEHP),product_material_or_formula,product_material_or_formula
Chocolate Chips Chewy Coated Granola Bar Acrylamide,processing_generated,processing_generated
Ground Crayfish lead compounds,raw_material_contaminant,raw_material_contaminant
Clear PVC Cross Body Bag; 3M08-2-25 Di(2-ethylhexyl)phthalate (DEHP),product_material_or_formula,product_material_or_formula
"Aqua Iridescent Handbag - Iridescent Part of bag, UPC#840611162212 Di(2-ethylhexyl)phthalate (DEHP)",product_material_or_formula,product_material_or_formula
Dried Seaweed cadmium compounds,raw_material_contaminant,raw_material_contaminant
"Halloween Costumes containing one or more of the chemicals listed herein., Halloween Costume Accessories, specifically wigs, masks, gloves, footwear, belts, bags, hats, costume props, hosiery, weapons and jewelry intended to accessorize a costume (but excluding makeup) containing one or more of the chemicals listed herein. Butyl Benzyl Phthalate (BBP), Cadmium",product_material_or_formula,product_material_or_formula
Geisha wakame seaweed Cadmium,raw_material_contaminant,raw_material_contaminant
3M Marine Metal Restorer and Polish Lead,product_material_or_formula,product_material_or_formula
"Clothing Made with Leather, Vinyl or Imitation Leather Materials Lead",product_material_or_formula,product_material_or_formula
Black vinyl on back of fanny packs Di(2-ethylhexyl)phthalate (DEHP),product_material_or_formula,product_material_or_formula
"American Dream Double Butter Crunch Peanut Butter, American Dream Candy Cane Kisses Dream Cake, American Dream Cookie Batter Dream Cake, American Dream Brownie Batter Dream Cake, American Dream Gingerdoodle Dream Cake Lead",food_contact_container,food_contact_container
Dried Seaweed Arsenic (inorganic arsenic compounds),raw_material_contaminant,raw_material_contaminant
Seaweed cadmium compounds,raw_material_contaminant,raw_material_contaminant
"Superior Pellets - Hardwood Fuel Pellets, Premium Grade Wood dust",product_material_or_formula,product_material_or_formula
"Sprout Living Epic Protein Powder, Chocolate Maca Cadmium",raw_material_contaminant,raw_material_contaminant
Lead fishing weights Lead,raw_material_contaminant,raw_material_contaminant
"photo frames, votive candles and candle holders Lead",food_contact_container,food_contact_container
Ceramic Jars with Exterior Designs Lead,food_contact_container,food_contact_container
Dried Seaweed Arsenic (inorganic arsenic compounds),raw_material_contaminant,raw_material_contaminant
"Clear plastic sandals, Clear plastic exterior of tote bag Di(2-ethylhexyl)phthalate (DEHP)",product_material_or_formula,product_material_or_formula
Wilson Conform Golf Glove Chromium (hexavalent compounds),product_material_or_formula,product_material_or_formula
"Discharge into Anderson Creek, Cottonwood Creek and the Sacramento River lead compounds",product_material_or_formula,product_material_or_formula
Little Journey Apple Rice Rusks Gentle Teething Wafers Lead,raw_material_contaminant,raw_material_contaminant
Gold Serving Bowl Lead,food_contact_container,food_contact_container
"Taylor Made Life Ring Station Vinyl Replacement Cover, UPC#040011570079 Di(2-ethylhexyl)phthalate (DEHP)",product_material_or_formula,product_material_or_formula
Clothes storage bag organizer Di(2-ethylhexyl)phthalate (DEHP),product_material_or_formula,product_material_or_formula
"Footwear with leather, vinyl and imitation leather components Lead",product_material_or_formula,product_material_or_formula
"Environmental Exposures; Occupational Exposures; and Product Exposures (Swimming Pool/Hot Tubs; Food and Beverage Operations; Automobile Parking Facilities; Fuel Dispensing; Hotel Transportation Vehicles; Kitchen; Valet (shoeshine and dry cleaning delivery); Second-hand Smoke and Smokeless Tobacco Products; Cleaning Supplies/Janitorial; Maintenance/Power Tools; Furniture/Furnishings/Window Treatments; Public and Guest Bathrooms; Medical/First Aid Supplies; Internal Combustion (“IC”) Engines, Boilers and other Gas Burning Devices, and Fireplaces; Electronic Equipment, Electric Equipment and Associated Cables Wires and Batteries; Office Supplies and Office Equipment; Hand Tools, Hardware and Brass Keys; and Fertilizers, Soil Amendments, and Pesticides and Herbicides). Tobacco smoke (primary)",food_contact_container,food_contact_container
Trixie and Milo Vintage Mug Lead,food_contact_container,food_contact_container
"Gourmet Kitchen 20 Piece Magnetic Bag Clips, SKU: 16419353106135 Di(2-ethylhexyl)phthalate (DEHP)",product_material_or_formula,product_material_or_formula
Wobe PVC Cosmetic Bags Di(2-ethylhexyl)phthalate (DEHP),product_material_or_formula,product_material_or_formula
"Upholstered furniture including stools Tris(1,3-dichloro-2-propyl) phosphate (TDCPP)",product_material_or_formula,product_material_or_formula
Kitchen tools with vinyl grips Di(2-ethylhexyl)phthalate (DEHP),product_material_or_formula,product_material_or_formula
Travel Bag Clear School Security Backpack Di(2-ethylhexyl)phthalate (DEHP),product_material_or_formula,product_material_or_formula
canvas drop cloths Perfluorooctanoic Acid (PFOA),food_contact_container,product_material_or_formula
Leaded glassware Lead,food_contact_container,food_contact_container
"Hello Gorgeous Mug/Brush Holder, UPC# 1 94914 55951 5 Lead",food_contact_container,food_contact_container
Pride Cosmetic Bag Di(2-ethylhexyl)phthalate (DEHP),product_material_or_formula,product_material_or_formula
Beckham Hotel Collection Bag Di(2-ethylhexyl)phthalate (DEHP),product_material_or_formula,product_material_or_formula
"Fisherman Brand Cooked, Peeled, and Deveined Crawfish Meat Cadmium",raw_material_contaminant,raw_material_contaminant
Trash-Ease™ Portable Trash Bag Holder; UPC: 850343005084 Diisononyl phthalate (DINP),product_material_or_formula,product_material_or_formula
Surell gloves Chromium (hexavalent compounds),product_material_or_formula,product_material_or_formula
vinyl bedding storage cases Di(2-ethylhexyl)phthalate (DEHP),product_material_or_formula,product_material_or_formula
Filefish Lead,raw_material_contaminant,raw_material_contaminant
Chocolate Lead,raw_material_contaminant,raw_material_contaminant
Vinyl/PVC Placemats Di(2-ethylhexyl)phthalate (DEHP),product_material_or_formula,product_material_or_formula
Vinyl-Coated Hoses Di-n-butyl phthalate (DBP),product_material_or_formula,product_material_or_formula
Trader Joe's Sunflower Seeds - Roasted & Salted (1 lb) Acrylamide,processing_generated,processing_generated
Tools with vinyl grips Di-n-butyl phthalate (DBP),product_material_or_formula,product_material_or_formula
Frozen Whole Cleaned Cuttlefish Lead,raw_material_contaminant,raw_material_contaminant
"belt bags, cases of interchangeable necklaces Di(2-ethylhexyl)phthalate (DEHP)",product_material_or_formula,product_material_or_formula
Happy Flight Vinyl Travel Accessories Diisononyl phthalate (DINP),product_material_or_formula,product_material_or_formula
"1. Parent's Choice 2 Toddler Beginnings Complete Nutrition DHA, Choline & Iron Milk-Based Powder Infant Formula with Iron Lead",product_material_or_formula,product_material_or_formula
Glass Measuring Cups with Exterior Designs Lead,food_contact_container,food_contact_container
Handbag (Black)(Style OMZJ-1487) Di(2-ethylhexyl)phthalate (DEHP),product_material_or_formula,product_material_or_formula
Shellfish Lead,raw_material_contaminant,raw_material_contaminant
Price Pfister Hot or Cold Mobi Stem lead compounds,raw_material_contaminant,raw_material_contaminant
Laminate flooring Formaldehyde (gas),product_material_or_formula,product_material_or_formula
snoopy bowls Lead,food_contact_container,food_contact_container
Hunt's Canned Tomato Sauce - 100% Natural (15 oz) Bisphenol A (BPA),food_contact_container,food_contact_container
Goblets and Other Glassware with Colored Artwork or Designs on the Exterior. Lead,food_contact_container,food_contact_container
"Harvest Day, Dark Chocolate covered Almonds, UPC#086467007400 lead compounds",raw_material_contaminant,raw_material_contaminant
Pom Pom Purin Mug with Lid Lead,food_contact_container,food_contact_container
Vinyl Upholstery on Armpads Di(2-ethylhexyl)phthalate (DEHP),product_material_or_formula,product_material_or_formula
Lucy King by Bread + Butter Canister/Jar Lead,food_contact_container,food_contact_container
Vinyl/PVC Amplifier Handle Straps Di(2-ethylhexyl)phthalate (DEHP),product_material_or_formula,product_material_or_formula
Candy Lead,food_contact_container,food_contact_container
Kitchen Details Olive Oil Bottle Lead,food_contact_container,food_contact_container
Organic Seaweed cadmium compounds,raw_material_contaminant,raw_material_contaminant
Metal and Glass Candle Holders Lead,food_contact_container,food_contact_container
"Pliers with Vinyl/PVC Grips, Booster Cables with Vinyl/PVC Grips, Shot Glasses with Exterior Designs containing Lead Di(2-ethylhexyl)phthalate (DEHP)",product_material_or_formula,product_material_or_formula
Vinyl/PVC ID Pouches Di(2-ethylhexyl)phthalate (DEHP),product_material_or_formula,product_material_or_formula
Soap dispenser Lead,product_material_or_formula,product_material_or_formula
PowerBar Performance Energy Bar Chocolate Lead,raw_material_contaminant,raw_material_contaminant
Glassware and Ceramic Products Lead,food_contact_container,food_contact_container
"Trader Joe's Sunflower Seed Spread Unsweetened, Sprouts Organic Sunflower Butter Unsalted & Unsweetened Cream, Sprouts Sunflower Butter Creamy, Swanson Certified Organic Sunflower Seed Butter Cadmium",product_material_or_formula,product_material_or_formula
"Belts made with leather, vinyl or imitation leather materials Lead",product_material_or_formula,product_material_or_formula
May Fung Lemon Branches in Checkered Ceramic Pot Lead,food_contact_container,food_contact_container
"Dial Basics Hypoallergenic; UPC:017000060453, CHI Pliable polish; UPC: 633911630655, RX Clinical Cosmeceuticals multi fruit, Sky 800 ML Soap Systems, Virbac Epi-Soothe, Cherry Grooming Shampoo Diethanolamine",product_material_or_formula,product_material_or_formula
Vinyl/PVC Organizer Covers Di(2-ethylhexyl)phthalate (DEHP),product_material_or_formula,product_material_or_formula
diaper bags Di(2-ethylhexyl)phthalate (DEHP),product_material_or_formula,product_material_or_formula
Boss Leather Glove Chromium (hexavalent compounds),product_material_or_formula,product_material_or_formula
Seaweed Sachima Cookies Lead,raw_material_contaminant,raw_material_contaminant
Handbag with Plastic Components Diisononyl phthalate (DINP),product_material_or_formula,product_material_or_formula
"Upholstered furniture including ottomans Tris(1,3-dichloro-2-propyl) phosphate (TDCPP)",product_material_or_formula,product_material_or_formula
"Short-Necked Clam Meat, Shellfish Cooked Clam Cadmium",raw_material_contaminant,raw_material_contaminant
"Murphy´s Mosquito repellent. (Sticks). 8 STICKS, Murphy´s Mosquito repellent. OUTDOOR. (Sticks). 12 STICKS, Murphy´s Mosquito repellent. TEA LIGHT CANDLES. 12 CANDLES PER BOX, Murphy´s Mosquito Repellent Incense Cones. 36 CONES, Murphy´s Mosquito Repellent Sticks | Plant Based DEET | Bamboo Infused w/Citronella, Lemongrass & Rosemary. 12 Sticks., Murphy´s Ceramic Mosquito Repellent Candle | Made with Essential Oils and a Soy/Beeswax Blend. Carbon monoxide",food_contact_container,food_contact_container
Cerave Eye Repair Cream Diethanolamine,product_material_or_formula,product_material_or_formula
Glassware With Exterior Designs Lead,food_contact_container,food_contact_container
Harvest Green Studio mugs with exterior decorations Lead,food_contact_container,food_contact_container
Fermitif Neck Renewal Cream Broad Spectrum SPF 15 Diethanolamine,product_material_or_formula,product_material_or_formula
Ceramic Teacups With Exterior Designs Lead,food_contact_container,food_contact_container
Suction Cup Clips Di(2-ethylhexyl)phthalate (DEHP),food_contact_container,food_contact_container
Plastic children's clothing Lead,product_material_or_formula,product_material_or_formula
Crayfish Lead,raw_material_contaminant,raw_material_contaminant
Vinyl/PVC-Coated Laptop Security Cables Di(2-ethylhexyl)phthalate (DEHP),product_material_or_formula,product_material_or_formula
SOFTSHEEN-CARSON dark & natural 5 minute shampoo-i Diethanolamine,product_material_or_formula,product_material_or_formula
Glassware with Exterior Artwork Lead,food_contact_container,food_contact_container
Dried Seaweed Lead,raw_material_contaminant,raw_material_contaminant
Nori Seaweed lead compounds,raw_material_contaminant,raw_material_contaminant
"Electrical Test Kits with Vinyl/PVC Wires, Vinyl/PVC Electrical Tape, Voltage Testers with Vinyl/PVC Cords, Hand tools & parts (wrenches, soldering irons, torches/lighters and pocket knives with plastic grips), Interior hardware and supplies (plastic tapes, adhesives, hinges and mounts), Fasteners (nuts, bolts and O-rings), Apparel, eyewear and accessories (vinyl safety gloves, camo gear, safety glasses and dust masks), Tableware (indoor and outdoor glassware and utensils such as plastic spatulas, knives and tumblers), Lighting and electrical equipment (chip-on-board lights and electrical switches with plastic components), Cell phone accessories (plastic cases, screen protectors and chargers) Diisononyl phthalate (DINP)",food_contact_container,food_contact_container
Candles mineral oils (untreated,food_contact_container,food_contact_container
wine cooler bags Di(2-ethylhexyl)phthalate (DEHP),product_material_or_formula,product_material_or_formula
Brain Fabricate Space Explorer figurine Lead,product_material_or_formula,product_material_or_formula
"floral mugs, rise and shine mug sets Lead",food_contact_container,food_contact_container
"AACHI- BIRYANI MASALA, AACHI- CHICKEN 65 MASALA, AACHI- CHICKEN CURRY MASALA, AACHI- FISH FRY MASALA, AACHI- MADRAS SAMBAR POWDER, AACHI- RASAM POWDER, AACHI- SAMBAR POWDER, AACHI- VATHAKULAMBU MASALA Lead",raw_material_contaminant,raw_material_contaminant
Highball Glasses and Other Glassware with Decorative Exteriors (containing lead) Lead,food_contact_container,food_contact_container
Sport duffel bags Lead,product_material_or_formula,product_material_or_formula
Children's shoes Di(2-ethylhexyl)phthalate,product_material_or_formula,product_material_or_formula
Vinyl/PVC Golf Club Headcovers Di(2-ethylhexyl)phthalate (DEHP),product_material_or_formula,product_material_or_formula
Handbag with PVC Components Di(2-ethylhexyl)phthalate (DEHP),product_material_or_formula,product_material_or_formula
Readywise Pro Adventure Meal Beef Stroganoff with Cream Lead,product_material_or_formula,product_material_or_formula
"Foam-Cushioned Upholstered Furniture Tris(1,3-dichloro-2-propyl) phosphate (TDCPP)",product_material_or_formula,product_material_or_formula
Bags with Vinyl/PVC Components Di(2-ethylhexyl)phthalate (DEHP),product_material_or_formula,product_material_or_formula
Vinyl tool grips Di(2-ethylhexyl)phthalate (DEHP),product_material_or_formula,product_material_or_formula
"Wallets, handbags, clutches and totes Lead",product_material_or_formula,product_material_or_formula
Raw Elements Lotion Eco Formula Sunscreen Lotion SPC 30 UPC 858855002003 Benzene,product_material_or_formula,product_material_or_formula
"Vinyl Bathroom Toys, Children's Vinyl Pillows Di(2-ethylhexyl)phthalate",product_material_or_formula,product_material_or_formula
"Simple Concepts Comfort Storage Bag, UPC No. 4001159073038 Di(2-ethylhexyl)phthalate (DEHP)",product_material_or_formula,product_material_or_formula
Contraband Black Label 5050 Mens Basic Leather Fingerless Weight Lifting Gloves - Durable Light- Medium Padded Split Leather Gym Gloves-Perfect Classic Lifting Gloves (Pair) Di(2-ethylhexyl)phthalate (DEHP),product_material_or_formula,product_material_or_formula
"Bear Naked Inc Chunky Almond Butter Bar Blueberry Pecan, Bear Naked Inc Almond Butter Bar Chocolate Chip Banana Acrylamide",food_contact_container,processing_generated
"Bibamm, Dried Shiitake Mushroom, UPC#X003PPNLB lead compounds",product_material_or_formula,raw_material_contaminant
"Electrical Test Kits with Vinyl/PVC Wires, Vinyl/PVC Electrical Tape, Voltage Testers with Vinyl/PVC Cords, Hand tools & parts (wrenches, soldering irons, torches/lighters and pocket knives with plastic grips), Interior hardware and supplies (plastic tapes, adhesives, hinges and mounts), Fasteners (nuts, bolts and O-rings), Apparel, eyewear and accessories (vinyl safety gloves, camo gear, safety glasses and dust masks), Tableware (indoor and outdoor glassware and utensils such as plastic spatulas, knives and tumblers), Lighting and electrical equipment (chip-on-board lights and electrical switches with plastic components), Cell phone accessories (plastic cases, screen protectors and chargers) Lead",food_contact_container,food_contact_container
The Balm Cosmetics Mad Lash Mascara Diethanolamine,product_material_or_formula,product_material_or_formula
"Sewing Accessory Bag, UPC No. 8 86714 00419 6 Di(2-ethylhexyl)phthalate (DEHP)",product_material_or_formula,product_material_or_formula
Rice Lead,raw_material_contaminant,raw_material_contaminant
Stackable Ceramic Mugs With Exterior Designs Lead,food_contact_container,food_contact_container
Books or journals with vinyl covers Di(2-ethylhexyl)phthalate (DEHP),product_material_or_formula,product_material_or_formula
"Vinyl/PVC Coated Cables, Vinyl/PVC Tool Pouches Di(2-ethylhexyl)phthalate (DEHP)",product_material_or_formula,product_material_or_formula
Azzurra Ceramiche Table Top Platter Lead,food_contact_container,food_contact_container
Seaweed lead compounds,raw_material_contaminant,raw_material_contaminant
Cantaro Vase with Design Lead,food_contact_container,food_contact_container
Ceramic Mugs with Exterior Designs Lead,food_contact_container,food_contact_container
Lush Tingle Body Conditioner Diethanolamine,product_material_or_formula,product_material_or_formula
Crossbody Bag Di(2-ethylhexyl)phthalate (DEHP),product_material_or_formula,product_material_or_formula
candles mildly treated oils,food_contact_container,food_contact_container
"Hard Candy Look Pro! Eyeshadow Palette Titanium dioxide (airborne, unbound particles of respirable size)",food_contact_container,declared_ingredient
Mugs With Exterior Decorations Lead,food_contact_container,food_contact_container
"Padded Upholstered Furniture including Ottomans, Padded Upholstered Furniture including Chairs Tris(1,3-dichloro-2-propyl) phosphate (TDCPP)",product_material_or_formula,product_material_or_formula
"Fire starter bricks, firelogs and firewood 1,6-Dinitropyrene, 1,8-Dinitropyrene, 1-Nitropyrene, 2-Nitrofluorene, 3-Methylcholanthrene, 4-Nitropyrene, 5-Methylchrysene, 5-Nitroacenaphthene, 6-Nitrochrysene, 7,12-Dimethylbenz(a)anthracene, 7H-Dibenzo[c,g]carbazole, Benzene, Benzo[a]pyrene, Benzo[b]fluoranthene, Benzo[j]fluoranthene, Benzo[k]fluoranthene, Benz[a]anthracene, Carbon tetrachloride, Chloroform, Chrysene, Dibenzo[a,e]pyrene, Dibenzo[a,h]pyrene, Dibenzo[a,i]pyrene, Dibenzo[a,l]pyrene, Dibenz[a,h]acridine, Dibenz[a,h]anthracene, Dibenz[a,j]acridine",product_material_or_formula,processing_generated
Vinyl inflatable structures Lead,product_material_or_formula,product_material_or_formula
Roasted Seaweed lead compounds,raw_material_contaminant,raw_material_contaminant
Tumblers and Other Glassware with Colored Designs on the Exterior (containing lead) Lead,food_contact_container,food_contact_container
Oven Dried Jeprox Fish lead compounds,raw_material_contaminant,raw_material_contaminant
Dried Seaweed cadmium compounds,raw_material_contaminant,raw_material_contaminant
"Dora and Boots, Children's Vinyl Bag, item # DE27125UP, UPC 6 93186 11958 3 Diisononyl phthalate (DINP)",product_material_or_formula,product_material_or_formula
Nori Seaweed Cadmium,raw_material_contaminant,raw_material_contaminant
Sew-Ology Stitch At A Time Mug Lead,food_contact_container,food_contact_container
Baby Cuttlefish Cadmium,raw_material_contaminant,raw_material_contaminant
canned tuna fish Methylmercury compounds,food_contact_container,food_contact_container
Ceramic Mugs with Exterior Designs Lead,food_contact_container,food_contact_container
Masterbuilt smoker and grill products with vinyl latch covers Diisononyl phthalate (DINP),product_material_or_formula,product_material_or_formula
Kitchen utensils with vinyl components Di(2-ethylhexyl)phthalate (DEHP),product_material_or_formula,product_material_or_formula
"bareMinerals Gen Nude Blonzer - Kiss of Spice Titanium dioxide (airborne, unbound particles of respirable size)",declared_ingredient,declared_ingredient
Healthy Choice Creamy Spinach & Tomato Linguini Cadmium,product_material_or_formula,product_material_or_formula
Glass and Metal Lamps and Candleholders lead compounds,food_contact_container,food_contact_container
"Ionil-T Plus Conditioning Shampoo, Ionil-T Shampoo mineral oils (untreated",product_material_or_formula,product_material_or_formula
Toys with vinyl/PVC components Di(2-ethylhexyl)phthalate (DEHP),product_material_or_formula,product_material_or_formula
"Bimbo Bakeries USA, Inc Canelitas Cookies Cinammon, Bimbo Bakeries USA, Inc Marinela Principe Sandwich Cookies and Chocolate Filling Acrylamide",food_contact_container,processing_generated
Ceramic Containers with Exterior Artwork Lead,food_contact_container,food_contact_container
cosmetics cases Di(2-ethylhexyl)phthalate (DEHP),product_material_or_formula,product_material_or_formula
UTG go bag Di(2-ethylhexyl)phthalate (DEHP),product_material_or_formula,product_material_or_formula
Hey Honey Walk the Walk Propolis Foot & Heel Repair Cream Diethanolamine,product_material_or_formula,product_material_or_formula
Rice Arsenic (inorganic oxides),raw_material_contaminant,raw_material_contaminant
Seaweed lead compounds,raw_material_contaminant,raw_material_contaminant
Fried or Baked Potato or Sweet Potato Based Snack Foods Sold under the Great Value Brand Acrylamide,processing_generated,processing_generated
Wood Treatment Chromium (hexavalent compounds),product_material_or_formula,product_material_or_formula
Vinyl/PVC Sound Amplifier Cords Di(2-ethylhexyl)phthalate (DEHP),product_material_or_formula,product_material_or_formula
Ceramics w/Exterior Artwork Lead,food_contact_container,food_contact_container
Glass Bath Salt Containers with Exterior Designs containing Lead Lead,food_contact_container,food_contact_container
Vinyl/PVC Coated Wire Clotheslines Di(2-ethylhexyl)phthalate (DEHP),product_material_or_formula,product_material_or_formula
PlayCircle Children’s dinnerware set Diisononyl phthalate (DINP),product_material_or_formula,product_material_or_formula
Dried Seaweed Strips Lead,raw_material_contaminant,raw_material_contaminant
Three Bakers Gluten Free Whole Grain Bread - 7 Ancient Grains Acrylamide,processing_generated,processing_generated
Seaweed Snack cadmium compounds,raw_material_contaminant,raw_material_contaminant
Glassware and Ceramic Products Cadmium,food_contact_container,food_contact_container
copper mugs with brass components lead compounds,food_contact_container,food_contact_container
"floral mugs, XOXO mugs Lead",food_contact_container,food_contact_container
Tinfoil Barb Fish Cooked Lead,raw_material_contaminant,raw_material_contaminant
vinyl pool repair kits Diisononyl phthalate (DINP),product_material_or_formula,product_material_or_formula
Gloves with Vinyl/PVC Components Di(2-ethylhexyl)phthalate (DEHP),product_material_or_formula,product_material_or_formula
Fishing Sinker Lead,raw_material_contaminant,raw_material_contaminant
Vega Maca Chocolate Bar Cadmium,raw_material_contaminant,raw_material_contaminant
"Costadel Sol Enterprises Diana Crunchy Cornbits Lime Flavored Fried Corn Kernels, Net Weight 4.30 oz, Serving Size 30g Acrylamide",processing_generated,processing_generated
Muso from Japan Brown Rice Crackers Black Sesame Lead,raw_material_contaminant,raw_material_contaminant
"Vinyl tool grips, PVC/Vinyl rainwear Di(2-ethylhexyl)phthalate (DEHP)",product_material_or_formula,product_material_or_formula
Red Plate Foods Cinnamon Granola Lead,food_contact_container,food_contact_container
"Upholstered furniture including ottomans Tris(1,3-dichloro-2-propyl) phosphate (TDCPP)",product_material_or_formula,product_material_or_formula
Seaweed Cadmium,raw_material_contaminant,raw_material_contaminant
Tools with vinyl/PVC grips Di(2-ethylhexyl)phthalate (DEHP),product_material_or_formula,product_material_or_formula
"Nutty & Fruity, Soft Dry Cantaloupe, UPC#819496020177 Lead",food_contact_container,food_contact_container
Knotted Dried Seaweeds Lead,raw_material_contaminant,raw_material_contaminant
Spray Nozzle Lead,product_material_or_formula,product_material_or_formula
Seaweed Lead,raw_material_contaminant,raw_material_contaminant
"WOODEN UTILITY POLES 2,3,7,8-Tetrachlorodibenzo-p-dioxin (TCDD), Hexachlorobenzene, Pentachlorophenol, Polychlorinated dibenzo-p-dioxins",product_material_or_formula,product_material_or_formula
"NIA24 Niacin-Powered Skin Therapy; UPC: 852103000773, Dr. Brandt BB cream; UPC: 663963008249, Origins VitaZing SPF 15; UPC: 717334162488, Aloe Soothing Moisture Lotion SPF 15; UPC: 5028197951474, Clinique even better SPF 20; UPC: 020714395230, SkinMedica; UPC: 367402232102, Maybelline Dream Nude Airfoam SPF 16; UPC: 041554274332, Brilliant Due Nail Polish Protector; UPC: 8010720253114 Benzophenone",product_material_or_formula,product_material_or_formula
Chocolate Candy Lead,food_contact_container,food_contact_container
Dried Seaweed Lead,raw_material_contaminant,raw_material_contaminant
Furniture products Formaldehyde (gas),product_material_or_formula,product_material_or_formula
SuaVecito Hair Cream Diethanolamine,product_material_or_formula,product_material_or_formula
Novagratz Mug Set Lead,food_contact_container,food_contact_container
"Bare by Solo, 28oz Oval Burrito Bowl, UPC#041165011579 Perfluorooctanoic Acid (PFOA)",food_contact_container,food_contact_container
WTC Glass Ghost Can Sipper Lead,food_contact_container,food_contact_container
"Vinyl Cable, Glove Box Organizer Di(2-ethylhexyl)phthalate (DEHP)",product_material_or_formula,product_material_or_formula
"Dried Seaweed Arsenic (inorganic oxides), Cadmium",raw_material_contaminant,raw_material_contaminant
"Rust-Oleum Hammered Finish Spray (Gold), Rust-Oleum Specialty High Heat Spray (White), Rust-Oleum Specialty Appliance Epoxy Spray (Almond), Rust-Oleum Specialty Chalkboard Spray (Black), Rust-Oleum Rusty Metal Primer Spray Ethylbenzene",product_material_or_formula,product_material_or_formula
Bath Basket with Suction Cups Di(2-ethylhexyl)phthalate (DEHP),food_contact_container,food_contact_container
Clear plastic bag containing Nicole Miller Ruffled Bedskirt Di(2-ethylhexyl)phthalate (DEHP),product_material_or_formula,product_material_or_formula
Seaweed cadmium compounds,raw_material_contaminant,raw_material_contaminant
Plastic packaging surrounding changing pad cases Di(2-ethylhexyl)phthalate (DEHP),food_contact_container,food_contact_container
Clear Plastic Cosmetic zipper bag Di(2-ethylhexyl)phthalate (DEHP),product_material_or_formula,product_material_or_formula
Broken Rice lead compounds,raw_material_contaminant,raw_material_contaminant
"Pet Baskets with Vinyl/PVC Handles, Storage Baskets with Vinyl/PVC Handles Di(2-ethylhexyl)phthalate (DEHP)",product_material_or_formula,product_material_or_formula
Organic Brown Jasmine Rice Lead,raw_material_contaminant,raw_material_contaminant
"Fried Bombay Duck Fish, Fried Anchovy Fish Paste, Dried Shrimp lead compounds",raw_material_contaminant,raw_material_contaminant
Hearing Protection with Vinyl/PVC Ear Cushions Di(2-ethylhexyl)phthalate (DEHP),product_material_or_formula,product_material_or_formula
Adrienne Vittadini Children's boots Di(2-ethylhexyl)phthalate (DEHP),product_material_or_formula,product_material_or_formula
"Ugo Night Bags , Anti-Rip Sauna Suit Diisononyl phthalate (DINP)",product_material_or_formula,product_material_or_formula
Roasted Seaweed cadmium compounds,raw_material_contaminant,raw_material_contaminant
Senna Canvas Shower Curtain Perfluorooctanoic Acid (PFOA),food_contact_container,product_material_or_formula
Glassware with Exterior Artwork Cadmium,food_contact_container,food_contact_container
copper cookware with brass components lead compounds,food_contact_container,food_contact_container
Fishing Weights Containing Lead Lead,raw_material_contaminant,raw_material_contaminant
Life is Better at the Campsite Mug Lead,food_contact_container,food_contact_container
Fishing Sinker Lead,raw_material_contaminant,raw_material_contaminant
Vinyl-coated utility hooks Di(2-ethylhexyl)phthalate (DEHP),product_material_or_formula,product_material_or_formula
"Seats with Vinyl Upholstery, Hoses Di-isodecyl phthalate (DIDP)",product_material_or_formula,product_material_or_formula
Measuring Tapes with Vinyl Components Di(2-ethylhexyl)phthalate (DEHP),product_material_or_formula,product_material_or_formula
Armac Martin Arbar Cabinet Knob Lead,product_material_or_formula,product_material_or_formula
Shellfish Lead,raw_material_contaminant,raw_material_contaminant
Studio Shower Curtain Storage Bag Di(2-ethylhexyl)phthalate (DEHP),product_material_or_formula,product_material_or_formula
Iron cleaners and racing fuel Toluene,product_material_or_formula,product_material_or_formula
Alder Creek Congrats Grad Candy Gift Mug Lead,food_contact_container,food_contact_container
"Premier Protein Shake - Chocolate, Premier Protein Shake - Vanilla, Premier Protein Shake - Caramel, Premier Protein Shake - Café Latte, Premier Plant Protein Powder - Vanilla, Premier Plant Protein Powder - Chocolate Lead",raw_material_contaminant,raw_material_contaminant
Coffee Mugs Lead,food_contact_container,food_contact_container
Vinyl Coated Hangers Di(2-ethylhexyl)phthalate (DEHP),product_material_or_formula,product_material_or_formula
Glass and Ceramicware with Exterior Artwork Lead,food_contact_container,food_contact_container
Manischewitz Gefilte Fish in Jelled Broth Lead,raw_material_contaminant,raw_material_contaminant
Glassware With Exterior Designs Lead,food_contact_container,food_contact_container
"Denorex Medicated Shampoo, Denorex Medicated Extra Strength Shampoo & Conditioner, Denorex Medicated Extra Strength Shampoo and Conditioner for Dry Scalp Benzo[a]pyrene, Benzo[b]fluoranthene, Benzo[j]fluoranthene, Benzo[k]fluoranthene, Benz[a]anthracene, Carbazole, Chrysene, Dibenz[a,h]anthracene, Dibenz[a,j]acridine, Indeno [1,2,3-cd]pyrene, Soots, tars",product_material_or_formula,product_material_or_formula
Soothing Eye Contour Cream Diethanolamine,product_material_or_formula,product_material_or_formula
Market Pantry White Enriched Round Top Bread Acrylamide,processing_generated,processing_generated
NuPouch waterproof bag Di(2-ethylhexyl)phthalate (DEHP),product_material_or_formula,product_material_or_formula
Oxygen Cylinder Shoulder Bags (With vinyl windows) Di(2-ethylhexyl)phthalate (DEHP),product_material_or_formula,product_material_or_formula
Canned smoked mussels lead compounds,food_contact_container,food_contact_container
Nail polish Toluene,product_material_or_formula,product_material_or_formula
Safetyflex Green Vinyl Sleeves # S41108 Di(2-ethylhexyl)phthalate (DEHP),product_material_or_formula,product_material_or_formula
Soaps Mercury,product_material_or_formula,product_material_or_formula
Jimmy Dean Breakfast Bowl Bacon Lead,food_contact_container,food_contact_container
Wood Treatment Arsenic (inorganic arsenic compounds),product_material_or_formula,product_material_or_formula
Vinyl/PVC Gloves Diisononyl phthalate (DINP),product_material_or_formula,product_material_or_formula
Vinyl Shower Curtain Liner Di(2-ethylhexyl)phthalate (DEHP),product_material_or_formula,product_material_or_formula
Handbag Di(2-ethylhexyl)phthalate (DEHP),product_material_or_formula,product_material_or_formula
"Discharge into a source of drinking water Arsenic (inorganic arsenic compounds), Benzene, Benzo[a]pyrene, Benzo[b]fluoranthene, Benzo[j]fluoranthene, Benzo[k]fluoranthene, Benz[a]anthracene, Carbon monoxide, Carbon tetrachloride, Chloroform",processing_generated,processing_generated
Camping Family Clear Cross Body Messanger Bag Di(2-ethylhexyl)phthalate (DEHP),product_material_or_formula,product_material_or_formula
Hoof Toughener Conditioner Toluene,product_material_or_formula,product_material_or_formula
Glassware Lead,food_contact_container,food_contact_container
Glassware with colored artwork or designs on the exterior lead compounds,food_contact_container,food_contact_container
"Environmental Exposures; Occupational Exposures; and Product Exposures (Swimming Pool/Hot Tubs; Food and Beverage Operations; Automobile Parking Facilities; Matches; Second-hand Smoke and Smokeless Tobacco Products; Cleaning Supplies/Janitorial; Maintenance/Power Tools; Furniture/Furnishings/Window Treatments; Public and Guest Bathrooms; Medical/First Aid Supplies; Internal Combustion (“IC”) Engines, Boilers and other Gas Burning Devices, and Fireplaces; Electronic Equipment, Electric Equipment and Associated Cables Wires and Batteries; Office Supplies and Office Equipment; Hand Tools, Hardware and Brass Keys; and Fertilizers, Soil Amendments, and Pesticides and Herbicides). Tobacco smoke (primary)",food_contact_container,food_contact_container
Aeropostale Bag Di(2-ethylhexyl)phthalate (DEHP),product_material_or_formula,product_material_or_formula
GoodSam Dark Chocolate Mint Cadmium,raw_material_contaminant,raw_material_contaminant
Cali Cream Homemade Ice Cream Receipt Bisphenol S (BPS),product_material_or_formula,product_material_or_formula
Starkist Chunk Light Tuna in Vegetable Oil Cadmium,raw_material_contaminant,raw_material_contaminant
Vinyl Storage Pockets Di(2-ethylhexyl)phthalate (DEHP),product_material_or_formula,product_material_or_formula
MARO17 Black+ Shampoo Diethanolamine,product_material_or_formula,product_material_or_formula
As do Mar Solid Light Yellowfin Tuna in Olive Oil Lead,raw_material_contaminant,raw_material_contaminant
Fishing Sinker Lead,raw_material_contaminant,raw_material_contaminant
Little Fish lead compounds,raw_material_contaminant,raw_material_contaminant
Weems & Plath protractor bag Di(2-ethylhexyl)phthalate (DEHP),product_material_or_formula,product_material_or_formula
Cutting Tools with Vinyl/PVC Grips Di(2-ethylhexyl)phthalate (DEHP),product_material_or_formula,product_material_or_formula
Suction cups Di(2-ethylhexyl)phthalate (DEHP),food_contact_container,food_contact_container
Mario Bodescu Meet The Mists Facial Spray w/ Aloe Chamomile and Lavender Diethanolamine,product_material_or_formula,product_material_or_formula
Astor Chocolate Wafer Stick - UPC: 7-2375102882-5 Lead,raw_material_contaminant,raw_material_contaminant
Backpacks with vinyl/PVC components Di(2-ethylhexyl)phthalate (DEHP),product_material_or_formula,product_material_or_formula
"Colored, Vinyl-Coated Paper Fasteners Lead",product_material_or_formula,product_material_or_formula
"Drive Deluxe Handheld Shower Spray, UPC# 8 22383 10269 6 Di(2-ethylhexyl)phthalate (DEHP)",product_material_or_formula,product_material_or_formula
"Cream-Nut Crunchy Natural Peanut Butter, Cream-Nut Smooth Natural Peanut Butter Acrylamide",product_material_or_formula,processing_generated
Nemi Mexican Lime Cactus Chips Lead,food_contact_container,food_contact_container
Tools with Vinyl/PVC Grips Di(2-ethylhexyl)phthalate (DEHP),product_material_or_formula,product_material_or_formula
Children's bags/apparel Di(2-ethylhexyl)phthalate,product_material_or_formula,product_material_or_formula
Fish Crackers lead compounds,raw_material_contaminant,raw_material_contaminant
Seaweed cadmium compounds,raw_material_contaminant,raw_material_contaminant
MADA oxygen cylinder bags with vinyl windows Di(2-ethylhexyl)phthalate (DEHP),product_material_or_formula,product_material_or_formula
Basic Moves garment bag Di(2-ethylhexyl)phthalate (DEHP),product_material_or_formula,product_material_or_formula
Happy Can D9 Drink - Root Brew delta-9-tetrahydrocannabinol,food_contact_container,food_contact_container
Seaweed Chips cadmium compounds,raw_material_contaminant,raw_material_contaminant
"Grainger Leather Gloves, RN # 123970 Chromium (hexavalent compounds)",product_material_or_formula,product_material_or_formula
• CVS Health Spray After-sun Ale Ver Soothing Spray UPC 050428390832 • CVS Health Gel After-sun Aloe Vera Moisturizing Gel UPC 05428324837 Benzene,product_material_or_formula,product_material_or_formula
Dried Seaweed Lead,raw_material_contaminant,raw_material_contaminant
"Vinyl/PVC Watch Straps, Faux Leather Covered Flasks Di(2-ethylhexyl)phthalate (DEHP)",product_material_or_formula,product_material_or_formula
Nasitos Clear Vinyl Tablecloths Di(2-ethylhexyl)phthalate (DEHP),product_material_or_formula,product_material_or_formula
Dried Salted Rabbitfish Lead,raw_material_contaminant,raw_material_contaminant
Hangers with Vinyl Components Di(2-ethylhexyl)phthalate (DEHP),product_material_or_formula,product_material_or_formula
Plastic storage bag of greenhouse covers Di(2-ethylhexyl)phthalate (DEHP),product_material_or_formula,product_material_or_formula
Seaweed Lead,raw_material_contaminant,raw_material_contaminant
"Upholstered furniture including chairs Tris(1,3-dichloro-2-propyl) phosphate (TDCPP)",product_material_or_formula,product_material_or_formula
"Bay Island Holiday Top Hat Character Mug, Bay Island Cocoa Mug Set Lead",food_contact_container,food_contact_container
Fishing Weights Containing Lead Lead,raw_material_contaminant,raw_material_contaminant
El Mexicano Dairy Beverage - UPC No.: 042743150048 Lead,food_contact_container,food_contact_container
Children's Soft Vinyl Balls Lead,product_material_or_formula,product_material_or_formula
Seaweed Lead,raw_material_contaminant,raw_material_contaminant
Dried Seaweed Lead,raw_material_contaminant,raw_material_contaminant
Nishiki Magnetic Bento Bag Di(2-ethylhexyl)phthalate (DEHP),product_material_or_formula,product_material_or_formula
Button Down Long Sleeve Shirt Di(2-ethylhexyl)phthalate (DEHP),product_material_or_formula,product_material_or_formula
LyTar Shampoo mildly treated oils,product_material_or_formula,product_material_or_formula
"Upholstered furniture including chairs Tris(1,3-dichloro-2-propyl) phosphate (TDCPP)",product_material_or_formula,product_material_or_formula
Children's clothing Lead,product_material_or_formula,product_material_or_formula
"Ceramic and/or cement roofing tiles. Chromium (hexavalent compounds), Cobalt [II] oxide, Mercury, Nickel",food_contact_container,product_material_or_formula
Ceramic Mugs With Exterior Designs Lead,food_contact_container,food_contact_container
rose gold handbags Diisononyl phthalate (DINP),product_material_or_formula,product_material_or_formula
Harmony Vinyl Short Float Bow Bag Di(2-ethylhexyl)phthalate (DEHP),product_material_or_formula,product_material_or_formula
Glassware with exterior artwork Lead,food_contact_container,food_contact_container
Ceramic Dispensers With Exterior Designs Lead,food_contact_container,food_contact_container
Glass beverage container Lead,food_contact_container,food_contact_container
"Cascade Alder barbeque nuggets,Texas mesquite barbeque nuggets,American hickory barbeque nuggets 1,6-Dinitropyrene, 3-Methylcholanthrene, 5-Nitroacenaphthene, 7H-Dibenzo[c,g]carbazole, Benzo[a]pyrene, Benzo[b]fluoranthene, Benzo[j]fluoranthene, Benzo[k]fluoranthene, Benz[a]anthracene, Chrysene, Creosotes, Dibenzo[a,e]pyrene, Dibenzo[a,h]pyrene, Dibenzo[a,i]pyrene, Dibenzo[a,l]pyrene, Dibenz[a,h]acridine, Dibenz[a,h]anthracene, Dibenz[a,j]acridine",food_contact_container,processing_generated
"Vinfutin, Swimbait Fishing Jig Head Hooks (1.0 oz, 28g, 5pcs) Minnow Fishing Head Jigs Bait Lead Weighted, UPC#X003V5ID2J lead compounds",raw_material_contaminant,raw_material_contaminant
"Vinyl/PVC Pouches Di(2-ethylhexyl)phthalate, Di(2-ethylhexyl)phthalate (DEHP)",product_material_or_formula,product_material_or_formula
Essentials Universal Apparel T-shirt Di(2-ethylhexyl)phthalate (DEHP),product_material_or_formula,product_material_or_formula
Fish & Chips Snacks Lead,raw_material_contaminant,raw_material_contaminant
"Casablanca Market, Moroccan Preserved Lemons, UPC#814926014757 Lead",food_contact_container,food_contact_container
Vinyl pouches Di(2-ethylhexyl)phthalate (DEHP),product_material_or_formula,product_material_or_formula
Ceramicware with exterior artwork Lead,food_contact_container,food_contact_container
Tools with vinyl grips Lead,product_material_or_formula,product_material_or_formula
Emerald® Dry Roasted Almonds Acrylamide,processing_generated,processing_generated
DODO Premium Fishball Lead,raw_material_contaminant,raw_material_contaminant
"Ashata 5 Rolls 0.6mm Fishing Soft Lead Sheet Strip Sinkers Weights Tackle Accessories Supplies New, Fishing Accessories, Lead Sheet Roll Lead",raw_material_contaminant,raw_material_contaminant
Canned Mussels Lead,food_contact_container,food_contact_container
Candle Wax Warmers with Exterior Designs containing Lead Lead,food_contact_container,food_contact_container
"Lawless Mini The Baby One Eyeshadow Palette Titanium dioxide (airborne, unbound particles of respirable size)",product_material_or_formula,declared_ingredient
"Savior Specialist Bag, UPC# 812066031894 Di(2-ethylhexyl)phthalate (DEHP)",product_material_or_formula,product_material_or_formula
"AR New York Purse, AR68819LRE Di(2-ethylhexyl)phthalate (DEHP)",product_material_or_formula,product_material_or_formula
"Tattooed Chef Buddha Bowl, Tattooed Chef Enchilada Bowl Lead",food_contact_container,food_contact_container
Simple Function Bag Di(2-ethylhexyl)phthalate (DEHP),product_material_or_formula,product_material_or_formula
Sponge with Polymer Suction Cups Di(2-ethylhexyl)phthalate (DEHP),food_contact_container,food_contact_container
vinyl covered hangers Di(2-ethylhexyl)phthalate (DEHP),product_material_or_formula,product_material_or_formula
"Title Boxing Classic Pro Training Gloves - Black outside material and Plastic Title emblem, 205007981695 Di(2-ethylhexyl)phthalate (DEHP)",product_material_or_formula,product_material_or_formula
Vinyl flooring Di(2-ethylhexyl)phthalate,product_material_or_formula,product_material_or_formula
Children's bags/apparel Di(2-ethylhexyl)phthalate (DEHP),product_material_or_formula,product_material_or_formula
"Artfood, Canned Grape Leaves, UPC#4850017007297 lead compounds",food_contact_container,food_contact_container
Bear Knuckles Work Glove Chromium (hexavalent compounds),product_material_or_formula,product_material_or_formula
Ceramic beverage container Cadmium,food_contact_container,food_contact_container
"Neiman Marcus Fold Out Valet Travel Bag, Neiman Marcus Order# WN11791917143 Diisononyl phthalate (DINP)",product_material_or_formula,product_material_or_formula
Jay Joshua California Bag Di(2-ethylhexyl)phthalate (DEHP),product_material_or_formula,product_material_or_formula
La Fortaleza Stone Ground Corn Tortilla Chips Restaurant Style Acrylamide,processing_generated,processing_generated
"Salted Fish , Fish Crackers Cadmium",raw_material_contaminant,raw_material_contaminant
King Kooker cooking gloves Chromium (hexavalent compounds),product_material_or_formula,product_material_or_formula
Up & Up Toddler Beginnings Infant Formula with Iron Milk-Based Powder lead compounds,product_material_or_formula,product_material_or_formula
Purses Di(2-ethylhexyl)phthalate (DEHP),product_material_or_formula,product_material_or_formula
Glassware With Exterior Designs Lead,food_contact_container,food_contact_container
plastic packaging cases of sheet sets Di(2-ethylhexyl)phthalate (DEHP),food_contact_container,food_contact_container
"Mini Fun Ball, Soft Vinyl Balls Di(2-ethylhexyl)phthalate",product_material_or_formula,product_material_or_formula
Long's Therapeutic T+Plus Gel Shampoo mineral oils (untreated,product_material_or_formula,product_material_or_formula
Ka-Pop Super Grains Popped Chips Acrylamide,processing_generated,processing_generated
Trader Joe's Gluten Free Plain Bagels lead compounds,product_material_or_formula,product_material_or_formula
Dolly From My Heart to Your Home Ceramic Pitcher Lead,food_contact_container,food_contact_container
Vinyl/PVC Valve Handle Grips Di(2-ethylhexyl)phthalate (DEHP),product_material_or_formula,product_material_or_formula
Gloves with Vinyl Components Di(2-ethylhexyl)phthalate (DEHP),product_material_or_formula,product_material_or_formula
Glassware Products Lead,food_contact_container,food_contact_container
Earbuds with vinyl/PVC components Di(2-ethylhexyl)phthalate (DEHP),product_material_or_formula,product_material_or_formula
Baby monitors Lead,product_material_or_formula,product_material_or_formula
Cosmetics Lead,product_material_or_formula,product_material_or_formula
"Talc-containing baby and body powder products, CVS Health Protective Powder Fresh Scent Arsenic (inorganic oxides)",product_material_or_formula,product_material_or_formula
Crystal decanter or bathware Lead,food_contact_container,food_contact_container
Wonderful Roasted & Salted Almonds Acrylamide,processing_generated,processing_generated
"Nasal sprays, ointments and eye care products Mercury",product_material_or_formula,product_material_or_formula
Vinyl Bags Di(2-ethylhexyl)phthalate (DEHP),product_material_or_formula,product_material_or_formula
"Imperial Elixir, American Ginseng, UPC#715783381009 lead compounds",food_contact_container,food_contact_container
Children's vinyl bags Di(2-ethylhexyl)phthalate,product_material_or_formula,product_material_or_formula
Glassware with exterior artwork Lead,food_contact_container,food_contact_container
Seaweed lead compounds,raw_material_contaminant,raw_material_contaminant
Kind Healthy Grains Dark Chocolate Clusters Lead,raw_material_contaminant,raw_material_contaminant
Corn Nuts Crunchy Kernels - Chile Picante con Limon Acrylamide,food_contact_container,processing_generated
Dried Seaweed Strips Lead,raw_material_contaminant,raw_material_contaminant
Glassware with Colored Artwork Lead,food_contact_container,food_contact_container
Travel Bottle Set Di(2-ethylhexyl)phthalate (DEHP),food_contact_container,food_contact_container
"Vinyl/PVC Electrical Tape, Vinyl/PVC Cables, Cords and Wires Di(2-ethylhexyl)phthalate (DEHP)",product_material_or_formula,product_material_or_formula
Dried Seaweed Lead,raw_material_contaminant,raw_material_contaminant
Trader Joe's Laceys Cookies Dark Chocolate Almond Acrylamide,processing_generated,processing_generated
Protein Bar Double Chocolate Chunk Lead,raw_material_contaminant,raw_material_contaminant
Modern Gourmet Foods Godiva Hot Cocoa Gift Set Lead,raw_material_contaminant,raw_material_contaminant
Cirrus Bagless Cyclonic Upright Vacuum Hose Diisononyl phthalate (DINP),product_material_or_formula,product_material_or_formula
WOODEN UTILITY POLES Polychlorinated dibenzofurans,product_material_or_formula,product_material_or_formula
"Fishing Weights, Including Kits Containing Such Items Lead",raw_material_contaminant,raw_material_contaminant
"Vinyl/PVC Travel Bags, Notebooks with Vinyl/PVC Components Di(2-ethylhexyl)phthalate (DEHP)",product_material_or_formula,product_material_or_formula
Wallets with Vinyl/PVC Identification Card Inserts Di(2-ethylhexyl)phthalate (DEHP),product_material_or_formula,product_material_or_formula
Backpacks with PVC Components and Bottle Bags with PVC Components Di(2-ethylhexyl)phthalate (DEHP),food_contact_container,product_material_or_formula
Pau D’Arco Inner Bark -Traditional South American Herb Lead,food_contact_container,food_contact_container
"clutch purses, cosmetics cases Di(2-ethylhexyl)phthalate (DEHP)",product_material_or_formula,product_material_or_formula
Vinyl/PVC Cases for Electronics Di(2-ethylhexyl)phthalate (DEHP),product_material_or_formula,product_material_or_formula
Coin purse Di(2-ethylhexyl)phthalate (DEHP),product_material_or_formula,product_material_or_formula
Ceramic plates with exterior artwork Lead,food_contact_container,food_contact_container
Seaweed Snacks cadmium compounds,raw_material_contaminant,raw_material_contaminant
Upholstered furniture including ottomans Tris(2-chloroethyl) phosphate,product_material_or_formula,product_material_or_formula
"Celebrate Together Easter Vinyl Tablecloth, UPC: 400293663713 Di(2-ethylhexyl)phthalate (DEHP)",product_material_or_formula,product_material_or_formula
"Bluey Tote Bag, UPC: 840716286332 Di(2-ethylhexyl)phthalate (DEHP)",product_material_or_formula,product_material_or_formula
Vinyl ID Holders Di(2-ethylhexyl)phthalate (DEHP),product_material_or_formula,product_material_or_formula
Clothing and Rainwear lead compounds,product_material_or_formula,product_material_or_formula
Glassware Lead,food_contact_container,food_contact_container
Dried Seaweed Cadmium,raw_material_contaminant,raw_material_contaminant
Shegraa Lime Plantain Chips Acrylamide,processing_generated,processing_generated
Duffelbags.com Heavy Duty Clear Backpack; B008CHWL2S Di(2-ethylhexyl)phthalate (DEHP),product_material_or_formula,product_material_or_formula
Mugs with exterior decorations Lead,food_contact_container,food_contact_container
Vinyl/PVC Bicycle Lock Cables Di(2-ethylhexyl)phthalate (DEHP),product_material_or_formula,product_material_or_formula
Children's Furniture Formaldehyde (gas),product_material_or_formula,product_material_or_formula
tote bags for blankets Di(2-ethylhexyl)phthalate (DEHP),product_material_or_formula,product_material_or_formula
Trader Joe's Sweet Potato Tortilla Chips Acrylamide,processing_generated,processing_generated
"Ceramic Containers with Exterior Designs, Ceramic Trays with Exterior Designs Lead",food_contact_container,food_contact_container
Vinyl/PVC Sink Mats Di(2-ethylhexyl)phthalate (DEHP),product_material_or_formula,product_material_or_formula
Ceramic glazes Nickel compounds,food_contact_container,food_contact_container
Children's toys Di(2-ethylhexyl)phthalate,product_material_or_formula,product_material_or_formula
Nail polish Toluene,product_material_or_formula,product_material_or_formula
Lush Helping Hands Hand Cream Diethanolamine,product_material_or_formula,product_material_or_formula
Rao's Made For Home Slow Simmered Soup Creamy Tomato Cadmium,product_material_or_formula,product_material_or_formula
"Vases with Vinyl Components Di(2-ethylhexyl)phthalate, Di(2-ethylhexyl)phthalate (DEHP)",product_material_or_formula,product_material_or_formula
The Good Bean Mexican Smoky Chipotle Lead,food_contact_container,food_contact_container
vinyl coated household utility hooks Diisononyl phthalate (DINP),product_material_or_formula,product_material_or_formula
Vinyl Gloves Di(2-ethylhexyl)phthalate,product_material_or_formula,product_material_or_formula
"Good & Gather Baby Organic Pear, Zucchini, Blueberry + Spinach Lead",product_material_or_formula,product_material_or_formula
Tote bags Di(2-ethylhexyl)phthalate (DEHP),product_material_or_formula,product_material_or_formula
Seaweed Tempura Snack cadmium compounds,raw_material_contaminant,raw_material_contaminant
"Mugs with Exterior Artwork , Carry cases with vinyl/pvc handles Lead",food_contact_container,food_contact_container
Leather Gloves Chromium (hexavalent compounds),product_material_or_formula,product_material_or_formula
Vinyl/PVC Apparel Di(2-ethylhexyl)phthalate (DEHP),product_material_or_formula,product_material_or_formula
Leather Gloves Chromium (hexavalent compounds),product_material_or_formula,product_material_or_formula
Great American Seafood Wild Caught Clams Whole Cooked White Lead,food_contact_container,food_contact_container
Own Your Magic Mug Lead,food_contact_container,food_contact_container
Equate Burn Relief Spray Diethanolamine,product_material_or_formula,product_material_or_formula
"Nature's Harvest 100% Whole Wheat Bread, Nature's Harvest Light Multigrain Bread Acrylamide",processing_generated,processing_generated
Seaweed Chips Cadmium,raw_material_contaminant,raw_material_contaminant
"wet n wild My Reality Is Just Different Shimmer Setting Spray Alice In Wonderland Collection Titanium dioxide (airborne, unbound particles of respirable size)",product_material_or_formula,declared_ingredient
Glassware Products Lead,food_contact_container,food_contact_container
Flashlights with Vinyl/PVC Handles Di(2-ethylhexyl)phthalate (DEHP),product_material_or_formula,product_material_or_formula
Ceramic Mugs With Exterior Decorations Lead,food_contact_container,food_contact_container
Handheld Sprayers With Brass Nozzles Lead,product_material_or_formula,product_material_or_formula
6-Pack Transparent Waterproof Cosmetic Bags Di(2-ethylhexyl)phthalate (DEHP),product_material_or_formula,product_material_or_formula
Taza Chocolate Sea Salt and Almond Organic Dark Chocolate Bar Lead,raw_material_contaminant,raw_material_contaminant
Vinyl/PVC Flip Flop Straps Di-n-butyl phthalate (DBP),product_material_or_formula,product_material_or_formula
"Upholstered furniture including ottomans Tris(1,3-dichloro-2-propyl) phosphate (TDCPP)",product_material_or_formula,product_material_or_formula
Crossbody Bag with PVC Components Diisononyl phthalate (DINP),product_material_or_formula,product_material_or_formula
PVC Cosmetic Bags Di(2-ethylhexyl)phthalate (DEHP),product_material_or_formula,product_material_or_formula
Ceramicware with exterior artwork Lead,food_contact_container,food_contact_container
Sweet Temptation handbags Diisononyl phthalate (DINP),product_material_or_formula,product_material_or_formula
Rite-Aid Thrifty Cake Cup Acrylamide,food_contact_container,processing_generated
"Black and white wavy striped cosmetic cases, SKU: 1287-094661730-00999 Di(2-ethylhexyl)phthalate (DEHP)",product_material_or_formula,product_material_or_formula
"Earth’s Best Gluten Free Chicken Nuggets, Earth’s Best Crunchin’ Crackers Cheddar, Earth’s Best Chicken Nuggets for Kids, Earth’s Best Organic French Toast Sticks, Earth’s Best Organic Mini Pancakes Blueberry, Earth’s Best Organic Mini Waffles Blueberry, Earth’s Best Organic Sunny Days Snack Bars Apple Acrylamide",processing_generated,processing_generated
"Children's Soft Vinyl Balls, Vinyl Bags, Pillows with Vinyl Components Di(2-ethylhexyl)phthalate",product_material_or_formula,product_material_or_formula
Watson Gloves Van Goat Chromium (hexavalent compounds),product_material_or_formula,product_material_or_formula
American Line Wall Stripper Di(2-ethylhexyl)phthalate (DEHP),food_contact_container,food_contact_container
Trader Joe’s Dill Pickle Potato Chips Acrylamide,processing_generated,processing_generated
Yescom Byootique Bag Di(2-ethylhexyl)phthalate (DEHP),product_material_or_formula,product_material_or_formula
Novelty Clip-Ons with Vinyl/PVC Components Diisononyl phthalate (DINP),product_material_or_formula,product_material_or_formula
IONIC __ Sleep System __ Copper-Tech __ Sheet Set __ Ivory __ Full (clear plastic reusable container) Di(2-ethylhexyl)phthalate (DEHP),food_contact_container,food_contact_container
"Shampoo and Liquid Soaps Such as Hand Soap, Body Wash and Bubble Bath Coconut oil diethanolamine condensate (cocamide diethanolamine)",product_material_or_formula,product_material_or_formula
Ceramic Mug Lead,food_contact_container,food_contact_container
Bio-Med Tar-Sulfur Shampoo (Veterinary Strength) mineral oils (untreated,product_material_or_formula,product_material_or_formula
Dried Seaweed cadmium compounds,raw_material_contaminant,raw_material_contaminant
Royal Basket Trucks hamper bag Diisononyl phthalate (DINP),product_material_or_formula,product_material_or_formula
nasal sprays mercury compounds,product_material_or_formula,product_material_or_formula
Reusable Bags with PVC Components Di(2-ethylhexyl)phthalate (DEHP),product_material_or_formula,product_material_or_formula
Reusable PVC Trinket Bags Di(2-ethylhexyl)phthalate (DEHP),product_material_or_formula,product_material_or_formula
Boxing Gloves Di(2-ethylhexyl)phthalate (DEHP),product_material_or_formula,product_material_or_formula
"Branch & Blossom Decorative Home Accents; Artificial Plant in Pot; SKU 005502897 ID: 1283-005502897-000599-04-2, Simplify® Jumbo Blanket Bag; Style #5175; UPC: 633125051758; ID: 1281-036302697-000499-06-2 Diisononyl phthalate (DINP)",product_material_or_formula,product_material_or_formula
Vinyl/PVC Tool Grips Di(2-ethylhexyl)phthalate (DEHP),product_material_or_formula,product_material_or_formula
Cookware Di(2-ethylhexyl)phthalate (DEHP),food_contact_container,food_contact_container
Dried Seaweed cadmium compounds,raw_material_contaminant,raw_material_contaminant
Children's toys Lead,product_material_or_formula,product_material_or_formula
Glass and ceramic products Lead,food_contact_container,food_contact_container
Envy Fine Clothing Receipt Bisphenol S (BPS),product_material_or_formula,product_material_or_formula
Bags with Vinyl Shoulder Straps Di(2-ethylhexyl)phthalate (DEHP),product_material_or_formula,product_material_or_formula
Multi-Purpose Bags Di(2-ethylhexyl)phthalate (DEHP),product_material_or_formula,product_material_or_formula
Shirakiku rice paper Lead,raw_material_contaminant,raw_material_contaminant
Furniture products Formaldehyde (gas),product_material_or_formula,product_material_or_formula
"Agora Sports Messenger Bag, UPC#SA-B6022 Di(2-ethylhexyl)phthalate (DEHP)",product_material_or_formula,product_material_or_formula
Tote Bags Di(2-ethylhexyl)phthalate (DEHP),product_material_or_formula,product_material_or_formula
mercury in nasal sprays mercury compounds,product_material_or_formula,product_material_or_formula
Kushies Baby Blunts delta-9-tetrahydrocannabinol,product_material_or_formula,product_material_or_formula
Glassware Cadmium,food_contact_container,food_contact_container
"Spice Enthusiast, Mexican Mole Powder, UPC#X003COJV2F lead compounds",food_contact_container,food_contact_container
vinyl wires Di(2-ethylhexyl)phthalate (DEHP),product_material_or_formula,product_material_or_formula
"Hi-Vinyl Leg Tips, UPC No. 0 39003 19205 4 Di(2-ethylhexyl)phthalate (DEHP)",product_material_or_formula,product_material_or_formula
Vinyl/PVC chairs Di(2-ethylhexyl)phthalate (DEHP),product_material_or_formula,product_material_or_formula
"Environmental Exposures; Occupational Exposures; and Product Exposures (Swimming Pool/Hot Tubs; Food and Beverage Operations; Automobile Parking Facilities; Kitchen; Valet (shoeshine and dry cleaning delivery); Matches; Arts & Crafts Supplies and Classes; Second-hand Smoke and Smokeless Tobacco Products; Cleaning Supplies/Janitorial; Maintenance/Power Tools; Furniture/Furnishings/Window Treatments; Public and Guest Bathrooms; Medical/First Aid Supplies; Internal Combustion (“IC”) Engines, Boilers and other Gas Burning Devices, and Fireplaces; Electronic Equipment, Electric Equipment and Associated Cables Wires and Batteries; Office Supplies and Office Equipment; Hand Tools, Hardware and Brass Keys; and Fertilizers, Soil Amendments, and Pesticides and Herbicides). Tobacco smoke (primary)",food_contact_container,food_contact_container
Vinyl Cases Di(2-ethylhexyl)phthalate (DEHP),product_material_or_formula,product_material_or_formula
365 Whole Foods Market Corn & Rice Gluten Free Penne Rigate Lead,raw_material_contaminant,raw_material_contaminant
Dried Seaweed Cadmium,raw_material_contaminant,raw_material_contaminant
"""Creeping Ghost"" Carolina Reaper Beef Jerky (3) 3 Oz bag The Reeper is the hottest pepper in the world Sweet with heat Bar Code: #647697598405 Lead",product_material_or_formula,food_contact_container
Spirit Halloween Green Cream Makeup Diethanolamine,product_material_or_formula,product_material_or_formula
Core Home “Love Dog” Mug Lead,food_contact_container,food_contact_container
"Kodiak Cakes, Muffin Power Cup, Double Dark Chocolate, UPC#705599011542 lead compounds",food_contact_container,raw_material_contaminant
Tools with vinyl grips Di-n-butyl phthalate (DBP),product_material_or_formula,product_material_or_formula
Rice Macaroni Cadmium,raw_material_contaminant,raw_material_contaminant
nasal sprays mercury compounds,product_material_or_formula,product_material_or_formula
Biltek 4Gauge X2 ft 500A Heavy Duty Booster Jumper Cables w/Travel Bag Emergency Power Battery Str Car Di(2-ethylhexyl)phthalate (DEHP),product_material_or_formula,product_material_or_formula
Waterproof Fanny Pack and Dry Bag Di(2-ethylhexyl)phthalate (DEHP),product_material_or_formula,product_material_or_formula
shampoo products Formaldehyde (gas),product_material_or_formula,product_material_or_formula
Vinyl/PVC bags Di(2-ethylhexyl)phthalate (DEHP),product_material_or_formula,product_material_or_formula
Place and Time Gloves Chromium (hexavalent compounds),product_material_or_formula,product_material_or_formula
Danskin Satellite Scuba Pants- Pink Marshalls Tag Bisphenol S (BPS),product_material_or_formula,product_material_or_formula
"Courtly Check Candlestick, Medium Lead",food_contact_container,food_contact_container
"Nomad Nutrition Caribbean Curry, Nomad Nutrition Irish Shepherd’s Pie, Nomad Nutrition Cali Breakfast Bowl Lead",food_contact_container,food_contact_container
"Chipotle Seaweed, Seaweed Salad, Roasted Seaweed Snack, Raw Seaweed cadmium compounds",raw_material_contaminant,raw_material_contaminant
Crispy Seaweed with Almond Cadmium,raw_material_contaminant,raw_material_contaminant
"Halloween Costumes containing one or more of the chemicals listed herein., Halloween Costume Accessories, specifically wigs, masks, gloves, footwear, belts, bags, hats, costume props, hosiery, weapons and jewelry intended to accessorize a costume (but excluding makeup) containing one or more of the chemicals listed herein. Lead",product_material_or_formula,product_material_or_formula
"Infant travel beds with padding Tris(1,3-dichloro-2-propyl) phosphate (TDCPP)",product_material_or_formula,product_material_or_formula
Bixbee Children’s Bag Di(2-ethylhexyl)phthalate (DEHP),product_material_or_formula,product_material_or_formula
Dual Compartment Clear Handbag with Polymer Components Di(2-ethylhexyl)phthalate (DEHP),product_material_or_formula,product_material_or_formula
"Detergent 1,4-Dioxane",product_material_or_formula,product_material_or_formula
Glassware with exterior artwork Lead,food_contact_container,food_contact_container
"Studio-Ready 6 Oz Cannonball Weight; SKU10283, Studio-Ready Dungeon Master Locks ¾”; SKU10283 Lead",food_contact_container,food_contact_container
Gloves with Vinyl/PVC Components Di(2-ethylhexyl)phthalate (DEHP),product_material_or_formula,product_material_or_formula
Vinyl/PVC bags Di(2-ethylhexyl)phthalate (DEHP),product_material_or_formula,product_material_or_formula
Headphones with Vinyl/PVC Components Diisononyl phthalate (DINP),product_material_or_formula,product_material_or_formula
"Body Lotion, Bubble Bath 1,4-Dioxane",product_material_or_formula,product_material_or_formula
Artisan Handcrafted Indonesian Singing Bowl and Mortar Lead,food_contact_container,food_contact_container
Plastic Crossbody Bags Diisononyl phthalate (DINP),product_material_or_formula,product_material_or_formula
The Children’s Place Receipt Bisphenol S (BPS),product_material_or_formula,product_material_or_formula
Lawn & Garden Sprayer hose Di(2-ethylhexyl)phthalate (DEHP),product_material_or_formula,product_material_or_formula
Fit Collective pants Perfluorooctanoic Acid (PFOA),product_material_or_formula,product_material_or_formula
Baby bib Di(2-ethylhexyl)phthalate (DEHP),product_material_or_formula,product_material_or_formula
Vinyl Art Smocks Di(2-ethylhexyl)phthalate,product_material_or_formula,product_material_or_formula
"Chi Shine Infusion Hair Shine Spray Titanium dioxide (airborne, unbound particles of respirable size)",product_material_or_formula,declared_ingredient
Multi Purpose Garage Flooring Di(2-ethylhexyl)phthalate (DEHP),product_material_or_formula,product_material_or_formula
Belle Tea Cup and Saucer Set Lead,food_contact_container,food_contact_container
Vinyl/PVC Badge Holders Diisononyl phthalate (DINP),product_material_or_formula,product_material_or_formula
Children's Furniture Formaldehyde (gas),product_material_or_formula,product_material_or_formula
hose bibs Lead,product_material_or_formula,product_material_or_formula
"Valves with Vinyl Components Di(2-ethylhexyl)phthalate, Di(2-ethylhexyl)phthalate (DEHP)",product_material_or_formula,product_material_or_formula
"Amazing Grass Greens Blend Alkalize & Detox Simply Pure, Amazing Grass Greens Blend Antioxidant Sweet Berry (210g), Amazing Grass Greens Blend Antioxidant Sweet Berry (420g), Amazing Grass Greens Blend Detox & Digest Clean Greens , Amazing Grass Greens Blend Energy Lemon-Lime, Amazing Grass Greens Blend Superfood Chocolate (240g), Amazing Grass Greens Blend Superfood Chocolate (480g) Cadmium",raw_material_contaminant,raw_material_contaminant
Creamy French Cookie (Chocolate) Acrylamide,processing_generated,processing_generated
Vinyl document holders Di(2-ethylhexyl)phthalate (DEHP),product_material_or_formula,product_material_or_formula
Popchips potato Acrylamide,processing_generated,processing_generated
Triple Cosmetic Bag Diisononyl phthalate (DINP),product_material_or_formula,product_material_or_formula
"skirt hangers, backpacks, block sets, cellphone wallets Diisononyl phthalate (DINP)",product_material_or_formula,product_material_or_formula
Vinyl/PVC Tool Grips Diisononyl phthalate (DINP),product_material_or_formula,product_material_or_formula
"NATIONAL- BEEF BIRYANI, NATIONAL- ACHAR GOSHT, NATIONAL- BIHARI KABAB, NATIONAL- BIRYANI, NATIONAL- CHAPLI KABAB, NATIONAL- CHILI POWDER, NATIONAL- CUMIN SEED , NATIONAL- DAAL MAKHNI, NATIONAL- CELHI NIHARI , NATIONAL- CURRY POWDER, NATIONAL- DAIHGI DANEDAR HALEEM, NATIONAL- GARAM MASALA, NATIONAL- HALEEM, NATIONAL- KOFTA, NATIONAL- LAHORI FISH, NATIONAL- MALAI TIKKA, NATIONAL- MASALEDAR BOMBAY BIRYANI, NATIONAL- MUTTON BIRYANI, NATIONAL- PALAK GOSHT, NATIONAL- SEEKH KABAB, NATIONAL- SHAMI KABAB, NATIONAL- SINDHI BIRYANI, NATIONAL- TURMERIC POWDER, NATIONAL- QUICK COOK HALEEM , NATIONAL- QUORMA, NATIONAL- VEGETABLE BOMBAY BIRYANI, NATIONAL- VEGETABLE PULAO, NATIONAL- WHITE KARAHI Lead",raw_material_contaminant,raw_material_contaminant
Ready to Eat Cereals Acrylamide,processing_generated,processing_generated
Glassware Lead,food_contact_container,food_contact_container
PVC Waterproof Dry Bag Di(2-ethylhexyl)phthalate (DEHP),product_material_or_formula,product_material_or_formula
Gloves with Vinyl/PVC Components Di(2-ethylhexyl)phthalate,product_material_or_formula,product_material_or_formula
Los Angeles Kitchen Mug/Spoon Lead,food_contact_container,food_contact_container
Refabrication of cooling tubes. Benzene,product_material_or_formula,food_contact_container
Backpacks with Vinyl/PVC Components Diisononyl phthalate (DINP),product_material_or_formula,product_material_or_formula
Hello Kitty & Friends Bag Di(2-ethylhexyl)phthalate (DEHP),product_material_or_formula,product_material_or_formula
Chairs with vinyl seats Di(2-ethylhexyl)phthalate (DEHP),product_material_or_formula,product_material_or_formula
Eternal Living Canister Set Lead,food_contact_container,food_contact_container
Bathmat with Suction Cups Di(2-ethylhexyl)phthalate (DEHP),food_contact_container,food_contact_container
"Onguard Industries Webtex Bib Overall w/ Fly Front, UPC No. 7 91079 12409 3 Diisononyl phthalate (DINP)",product_material_or_formula,product_material_or_formula
"Raw Seaweed, Seaweed Chips Lead",raw_material_contaminant,raw_material_contaminant
"Wire Installation Tool, Wire Installation Tool Cover, Flex Fish Cover Lead",raw_material_contaminant,raw_material_contaminant
Glassware Products Cadmium,food_contact_container,food_contact_container
"Wallets, Handbags, Purses and Clutches Made With Leather, Vinyl or Imitation Leather Materials Lead",product_material_or_formula,product_material_or_formula
Dried Shredded Fish Lead,raw_material_contaminant,raw_material_contaminant
"Vinyl/PVC Electrical Tape, Tool Kit Cases with Vinyl/PVC Components, Vinyl/PVC Tool Grips, Voltage Tester Cords, Solder Di(2-ethylhexyl)phthalate (DEHP)",product_material_or_formula,product_material_or_formula
Poppy & Ivy __ beauty __ 5 Piece __ Eye __ Brush Set (with reusable plastic bag) Di(2-ethylhexyl)phthalate (DEHP),product_material_or_formula,product_material_or_formula
Glassware Lead,food_contact_container,food_contact_container
NFL Clear Tote Bag Minnesota Vikings; skuId: 200259115 Di(2-ethylhexyl)phthalate (DEHP),product_material_or_formula,product_material_or_formula
"Shrimp Paste, Salted Fish, Fish Crackers cadmium compounds",raw_material_contaminant,raw_material_contaminant
"Glass stemware, hand-painted stemware, mugs and stemware with exterior artwork Lead",food_contact_container,food_contact_container
"A-MAZE-N Smoker 6"" Tube, A-MAZE-N Premium Wood BBQ Pellets Carbon monoxide, soots, tar",product_material_or_formula,product_material_or_formula
"Green Whole Mussels (New Zealand) , Half Shell Scallop (Canada) Cadmium",food_contact_container,food_contact_container
Children's Flip Flops with Plastic Components Di(2-ethylhexyl)phthalate (DEHP),product_material_or_formula,product_material_or_formula
Ceramic Products Cadmium,food_contact_container,food_contact_container
"Dried Rabbitfish, Dried Threadfin Bream lead compounds",raw_material_contaminant,raw_material_contaminant
bag holders Di(2-ethylhexyl)phthalate (DEHP),product_material_or_formula,product_material_or_formula
Belacan Shrimp Paste cadmium compounds,food_contact_container,food_contact_container
"Vinyl balls, Vinyl backpacks, Vinyl coated string, Vinyl coated measuring tape Di(2-ethylhexyl)phthalate",product_material_or_formula,product_material_or_formula
Celebrate Together Stars & Stripes Soap Pump Lead,product_material_or_formula,product_material_or_formula
"Large Black Purse with Crocodile Skin Details and Padlock, SKU: 400258774485 Di(2-ethylhexyl)phthalate (DEHP)",product_material_or_formula,product_material_or_formula
Tweezers with Vinyl Finger Grips Di(2-ethylhexyl)phthalate (DEHP),product_material_or_formula,product_material_or_formula
Children's PVC Wallets Di(2-ethylhexyl)phthalate (DEHP),product_material_or_formula,product_material_or_formula
"sandals, Exposure to the plastic packaging of hair accessory sets Di(2-ethylhexyl)phthalate (DEHP)",food_contact_container,food_contact_container
Miniso Winnie The Pooh Bag Di(2-ethylhexyl)phthalate (DEHP),product_material_or_formula,product_material_or_formula
Dirt Bagz bag Di(2-ethylhexyl)phthalate (DEHP),product_material_or_formula,product_material_or_formula
"Vinylux Record Journal , Vinylux Coasters lead compounds",product_material_or_formula,raw_material_contaminant
"Nunn Care Cleansing Cream, Crema La Milagrosa Cleansing Cream, La Tia Nana Crema Limpiadora Mercury",product_material_or_formula,product_material_or_formula
"Orchard Valley Harvest, Dark Chocolate Fruit and Nut Variety Pack (Pack of 8) Non-GMO, No Artificial Ingredients Bar Codes: 824295134383, 824295134376, 824295136714, 824295136707 Lead",raw_material_contaminant,raw_material_contaminant
Tools with Vinyl/PVC Grips Di(2-ethylhexyl)phthalate (DEHP),product_material_or_formula,product_material_or_formula
Cleansers containing bleach or sodium hypochlorite Chloroform,product_material_or_formula,product_material_or_formula
Glassware and Ceramic Products (Supplemental) Cadmium,food_contact_container,food_contact_container
Crystal stemware or decanter lead compounds,food_contact_container,food_contact_container
"Upholstered Chairs with Foam Padding containing Tris(1,3-dichloro-2-propyl) phosphate and Tris(2-chloroethyl) phosphate, Upholstered Children’s Chairs with Foam Padding containing Tris(1,3-dichloro-2-propyl) phosphate, Children’s Chairs with Vinyl/PVC Upholstery containing Di(2-ethylhexyl)phthalate Tris(1,3-dichloro-2-propyl) phosphate (TDCPP)",product_material_or_formula,product_material_or_formula
"Silver Palate Kitchens, Inc., Grain Berry Multi-Bran Flakes with Onyx Sorghum Whole Wheat Cereal UPC#8634117052 Acrylamide",processing_generated,processing_generated
canned tuna fish Methylmercury compounds,food_contact_container,food_contact_container
Glass Bottle with Exterior Decoration Lead,food_contact_container,food_contact_container
Mary's Gone Crackers Cayenne Pepper Acrylamide,processing_generated,processing_generated
Room 2 Room Noodle Bowl Lead,food_contact_container,food_contact_container
Ceramic Mugs With Exterior Designs Lead,food_contact_container,food_contact_container
Bird Bottle Opener Lead,food_contact_container,food_contact_container
Vinyl/PVC Handles Di(2-ethylhexyl)phthalate (DEHP),product_material_or_formula,product_material_or_formula
Bewaltz Novelty Bags with Vinyl Components Di(2-ethylhexyl)phthalate (DEHP),product_material_or_formula,product_material_or_formula
"Mustad Dry Goods Duffle Bag, UPC No. 0 23534 01192 2 Di(2-ethylhexyl)phthalate (DEHP)",product_material_or_formula,product_material_or_formula
Abuelita Mexican Hot Chocolate Tablets - UPC No.: 0-28000 15785-2 Lead,food_contact_container,raw_material_contaminant
"Economy Candy, Dried Mango, UPC#N/A, Economy Candy, Dried Papaya, UPC#N/A lead compounds",food_contact_container,food_contact_container
Dried Seaweed Lead,raw_material_contaminant,raw_material_contaminant
Woven Phone Crossbody Bag Di-n-butyl phthalate (DBP),product_material_or_formula,product_material_or_formula
"Children's costumes, Children's toys with vinyl components Di(2-ethylhexyl)phthalate",product_material_or_formula,product_material_or_formula
pearl cream Arsenic (inorganic arsenic compounds),product_material_or_formula,product_material_or_formula
Glassware with exterior artwork Cadmium,food_contact_container,food_contact_container
"FlavCity Plant Based Chocolate Peanut Butter All-In-One Vegan Protein Smoothie, FlavCity Plant Based Coconut Cream Cold Brew All-In-One Vegan Protein Smoothie, FlavCity Vanilla Latte All-In-One Protein Smoothie Powder, FlavCity Chocolate All-In-One Protein Smoothie, FlavCity Chocolate Peanut Butter All-In-One Protein Smoothie Cadmium",raw_material_contaminant,raw_material_contaminant
"Champion Sports Deluxe Flag Football Game Set - blue flag fabric, UPC#710858030202 Di(2-ethylhexyl)phthalate (DEHP)",product_material_or_formula,product_material_or_formula
glam bags Di(2-ethylhexyl)phthalate (DEHP),product_material_or_formula,product_material_or_formula
Walgreens Co Makeup Clutch Di(2-ethylhexyl)phthalate (DEHP),product_material_or_formula,product_material_or_formula
Crenova Garden Hose Spray Nozzle SKU PG0011N Lead,product_material_or_formula,product_material_or_formula
Tongs with Vinyl/PVC Grips Di(2-ethylhexyl)phthalate (DEHP),product_material_or_formula,product_material_or_formula
Whole Foods Market Tortilla Chips Heirloom White Corn Acrylamide,processing_generated,processing_generated
"Kashi Sales, LLC Organic Honey Cinnamon Cereal Acrylamide",processing_generated,processing_generated
Loved01 Shave Cream Diethanolamine,product_material_or_formula,product_material_or_formula
Dried Seaweed Cadmium,raw_material_contaminant,raw_material_contaminant
Aeropostale T-Shirt Di(2-ethylhexyl)phthalate (DEHP),product_material_or_formula,product_material_or_formula
Glassware with exterior artwork Lead,food_contact_container,food_contact_container
"Fishing Sinkers Containing Lead, Including Kits Containing Such Items Lead",raw_material_contaminant,raw_material_contaminant
"Sew Easy, Fat Quarter Bag, Item# MR4697/NAVY, UPC: 9317385147239 Di(2-ethylhexyl)phthalate (DEHP)",product_material_or_formula,product_material_or_formula
Vinyl inflatable structures Lead,product_material_or_formula,product_material_or_formula
Aurora Candlestick Lead,food_contact_container,food_contact_container
Hot Shot Bag Di(2-ethylhexyl)phthalate (DEHP),product_material_or_formula,product_material_or_formula
Seaweed lead compounds,raw_material_contaminant,raw_material_contaminant
Divine Exquisitely Smooth Dark Chocolate 85%; UPC: 5274900466 Lead,raw_material_contaminant,raw_material_contaminant
"Vinyl/PVC Badge Holders Di(2-ethylhexyl)phthalate, Di(2-ethylhexyl)phthalate (DEHP)",product_material_or_formula,product_material_or_formula
Arrowhead Brass 1/2 Fip x 3/4 Hose Bib UPC69004320744 Lead,product_material_or_formula,product_material_or_formula
Lead in children's toys Lead,product_material_or_formula,product_material_or_formula
"Wallets, handbags, purses and clutches Lead",product_material_or_formula,product_material_or_formula
Vinyl Rubber Ducks Di(2-ethylhexyl)phthalate,product_material_or_formula,product_material_or_formula
Child's harmonica Lead,product_material_or_formula,food_contact_container
Fish Base Arsenic (inorganic arsenic compounds),raw_material_contaminant,raw_material_contaminant
Tools with Vinyl/PVC Grips Lead,product_material_or_formula,product_material_or_formula
stacking cups Lead,food_contact_container,food_contact_container
"Baylis & Harding Bag, UPC No. 017854082564 Diisononyl phthalate (DINP)",product_material_or_formula,product_material_or_formula
"Erasers, Vinyl clipboard, Pens with charm toppers Lead",product_material_or_formula,product_material_or_formula
Nice! Crinkle Cut French Fries Acrylamide,processing_generated,processing_generated
Tools with Vinyl/PVC Grips Di(2-ethylhexyl)phthalate (DEHP),product_material_or_formula,product_material_or_formula
nasal spray Mercury,product_material_or_formula,product_material_or_formula
Glassware Products Lead,food_contact_container,food_contact_container
"Kiwi Artisan, Manuka Wood Smoked Olives, UPC#794969932747 lead compounds",product_material_or_formula,product_material_or_formula
Travel Tote Bag; UPC: 815672021679; CD-CBG-201 Di(2-ethylhexyl)phthalate (DEHP),product_material_or_formula,product_material_or_formula
"Roasted Seaweed Arsenic (inorganic arsenic compounds), Cadmium",raw_material_contaminant,raw_material_contaminant
"Colored, Vinyl-Coated Paper Fasteners Lead",product_material_or_formula,product_material_or_formula
"ratchet tie downs, oil cans Di-n-butyl phthalate (DBP)",food_contact_container,product_material_or_formula
Vinyl Clutch Di(2-ethylhexyl)phthalate (DEHP),product_material_or_formula,product_material_or_formula
Vinyl/PVC Musical Instrument Handles Di(2-ethylhexyl)phthalate (DEHP),product_material_or_formula,product_material_or_formula
"Tobacco and tobacco smoke DDT (Dichlorodiphenyl-trichloroethane), Dibenzo[a,e]pyrene, Dibenzo[a,h]pyrene, Dibenzo[a,i]pyrene, Dibenzo[a,l]pyrene, Dibenz[a,h]acridine, Dibenz[a,h]anthracene, Dibenz[a,j]acridine, Lead, N-Nitrosodi-n-butylamine, N-Nitrosodiethanolamine, N-Nitrosodiethylamine, N-Nitrosomethylethylamine, N-Nitrosonornicotine, N-Nitrosopiperidine, N-Nitrosopyrrolidine, Nickel, Nicotine, o-Anisidine, o-Toluidine, Styrene oxide, Tobacco smoke, Toluene",processing_generated,processing_generated
BILLION DOLLAR BEAUTY Cream Blush & Highlighter Stick (Rare) Diethanolamine,product_material_or_formula,product_material_or_formula
TrekGear duffel bag Di(2-ethylhexyl)phthalate (DEHP),product_material_or_formula,product_material_or_formula
Crispy Shrimp Cracker BBQ-Seaweed Lead,raw_material_contaminant,raw_material_contaminant
Blue Magic Metal Polish lead compounds,product_material_or_formula,product_material_or_formula
Glassware Products Lead,food_contact_container,food_contact_container
Drawer/Cabinet Door Knobs Lead,product_material_or_formula,product_material_or_formula
Sweet Living Mug Lead,food_contact_container,food_contact_container
"Environmental Exposures; Occupational Exposures; and Product Exposures (Alcoholic Beverages (bars, mini bars); Swimming Pool/Hot Tubs; Automobile Parking Facilities; Kitchen; Fireplaces and Patio Heaters; Matches; Second-hand Smoke and Smokeless Tobacco Products; Cleaning Supplies/Janitorial; Maintenance/Power Tools; Furniture/Furnishings/Window Treatments; Public and Guest Bathrooms; Medical/First Aid Supplies; Internal Combustion (“IC”) Engines, Boilers and other Gas Burning Devices, and Fireplaces; Electronic Equipment, Electric Equipment and Associated Cables Wires and Batteries; Office Supplies and Office Equipment; Hand Tools, Hardware and Brass Keys; and Fertilizers, Soil Amendments, and Pesticides and Herbicides). Tobacco smoke (primary)",food_contact_container,food_contact_container
"Baraka, Dry Apricot Candy, UPC#822514223719, Baraka, Grape Leaves, UPC#822514238805, Baraka, Dried Apricot, UPC#822514240600 Lead",food_contact_container,food_contact_container
Ceramic Plates With Surface Designs Lead,food_contact_container,food_contact_container
The Mistletoe Co. Fleece Navidad Mug Lead,food_contact_container,food_contact_container
"Galderma, Ionil-T Therapeutic Coal Tar Shampoo, Ionil-T Plus Therapeutic Coal Tar Shampoo mildly treated oils",product_material_or_formula,product_material_or_formula
Mugs With Exterior Designs Lead,food_contact_container,food_contact_container
Newman’s Own Organics Super Dark Chocolate Bar 70% Cocoa Cadmium,raw_material_contaminant,raw_material_contaminant
Sweet Water Décor Sweater Weather Mug Lead,food_contact_container,food_contact_container
Token Murray bag straps Diisononyl phthalate (DINP),product_material_or_formula,product_material_or_formula
"Belts and Apparel Made With Leather, Vinyl or Imitation Leather Materials Lead",product_material_or_formula,product_material_or_formula
handbags Di(2-ethylhexyl)phthalate (DEHP),product_material_or_formula,product_material_or_formula
Vinyl/PVC Pillows Di(2-ethylhexyl)phthalate (DEHP),product_material_or_formula,product_material_or_formula
Dried Seaweed Lead,raw_material_contaminant,raw_material_contaminant
Whole Spiny Goby Fish Lead,raw_material_contaminant,raw_material_contaminant
Seaweed Crisps lead compounds,raw_material_contaminant,raw_material_contaminant
"Nasal sprays, ointments and eye care products Mercury",product_material_or_formula,product_material_or_formula
"Upholstered furniture Tris(1,3-dichloro-2-propyl) phosphate (TDCPP)",product_material_or_formula,product_material_or_formula
Vinyl pouches Lead,product_material_or_formula,product_material_or_formula
"Gel-Coated Hangers; SKU 400140153435, Cream/Tan-Colored Purse; SKU 400150453150, Under One Sky® Clear Makeup Bag; SKU 400153507485 Di(2-ethylhexyl)phthalate (DEHP)",product_material_or_formula,product_material_or_formula
"hose nozzles, sprinklers, sprinkler supports and bases, wands, shower heads, sprayers, hose couplings, connectors, quick connects, cap, converters, valves, shut offs, unions and hose ends Lead",product_material_or_formula,product_material_or_formula
"Upholstered furniture including chairs Tris(1,3-dichloro-2-propyl) phosphate (TDCPP)",product_material_or_formula,product_material_or_formula
Portico Designs William Morris Pimpernel Ceramic Dish Lead,food_contact_container,food_contact_container
Headphones with Vinyl/PVC Components Di(2-ethylhexyl)phthalate (DEHP),product_material_or_formula,product_material_or_formula
Measuring Cup/Spoon Sets Di(2-ethylhexyl)phthalate (DEHP),food_contact_container,food_contact_container
Fishing Sinker Lead,raw_material_contaminant,raw_material_contaminant
Vinyl/PVC Cushions Di(2-ethylhexyl)phthalate (DEHP),product_material_or_formula,product_material_or_formula
"Foam containing Tris(1,3-dichloro-2-propyl) phosphate used as Padding in Children’s Car Seats Tris(1,3-dichloro-2-propyl) phosphate (TDCPP)",product_material_or_formula,product_material_or_formula
"Foam-Cushioned Pads for Infants and Children to Lie On Tris(1,3-dichloro-2-propyl) phosphate (TDCPP)",product_material_or_formula,product_material_or_formula
Dried Seaweed Slice Lead,raw_material_contaminant,raw_material_contaminant
Kuromi Bowl Lead,food_contact_container,food_contact_container
"Jans, Pho Ga, Vietnamese Style Instant Rice Noodles, UPC#838452006932 lead compounds",raw_material_contaminant,raw_material_contaminant
Personal Coolers with Vinyl/PVC Hoses Di(2-ethylhexyl)phthalate (DEHP),product_material_or_formula,product_material_or_formula
Tract Wallet Diisononyl phthalate (DINP),product_material_or_formula,product_material_or_formula
"VEGA Essential Protein Creamy Chocolate, UPC: 838766001388 lead compounds",raw_material_contaminant,raw_material_contaminant
"Hairspray and Hair Treatments Such as Hairspray, Mousse and Hair Masks Coconut oil diethanolamine condensate (cocamide diethanolamine)",product_material_or_formula,product_material_or_formula
"Limited Too kids shoes, clear jelly with glitter material, ""Infant5-106ppk"", ""D1025 C655"", UPC: 400237276405 Di-n-butyl phthalate (DBP)",product_material_or_formula,product_material_or_formula
"Dona Maria, Mole Mexican Sauce, UPC#072878505239 Lead",food_contact_container,food_contact_container
Ceramic Mugs With Exterior Designs Lead,food_contact_container,food_contact_container
Baby Lotion Formaldehyde (gas),product_material_or_formula,product_material_or_formula
Vinyl Bags Di(2-ethylhexyl)phthalate (DEHP),product_material_or_formula,product_material_or_formula
Hyde and Eek Boutique UV Neon Makeup Kit Diethanolamine,product_material_or_formula,product_material_or_formula
Valves with Vinyl/PVC Grips Di(2-ethylhexyl)phthalate (DEHP),product_material_or_formula,product_material_or_formula
Vinyl/PVC Hoses Di(2-ethylhexyl)phthalate (DEHP),product_material_or_formula,product_material_or_formula
Vinyl Shower Hoses Di(2-ethylhexyl)phthalate (DEHP),product_material_or_formula,product_material_or_formula
Fiesta Dippin’ Chips Acrylamide,processing_generated,processing_generated
measuring cups Lead,food_contact_container,food_contact_container
Ceramic containers with Exterior Artwork Lead,food_contact_container,food_contact_container
"This notice pertains to cannabis-infused products, including but not limited to edibles such as gummies, chocolates, and other confectionery items containing THC (Δ⁹-Tetrahydrocannabinol), as well as beverages infused with THC or other cannabis compounds. The products covered by this notice also extend to cannabis flower, pre-rolls, and other inhalable marijuana products. These items emit cannabis/marijuana smoke when consumed, exposing consumers to THC and other chemicals without providing clear and reasonable warnings as required under Proposition 65. This includes all similar products sold by the Violator that expose individuals to such substances in a manner that violates the provisions of the statute. delta-9-tetrahydrocannabinol",food_contact_container,food_contact_container
Tahari tech pants Perfluorooctanoic Acid (PFOA),product_material_or_formula,product_material_or_formula
Ceramic Mugs With Exterior Designs Lead,food_contact_container,food_contact_container
Baby Bling baby bows Lead,product_material_or_formula,product_material_or_formula
Moisturizing creams Progesterone,product_material_or_formula,product_material_or_formula
Circuit Testers with Vinyl/PVC Components Di(2-ethylhexyl)phthalate (DEHP),product_material_or_formula,product_material_or_formula
sealants and lubricants used engine oils),food_contact_container,food_contact_container
"Drybags with Vinyl Components Di(2-ethylhexyl)phthalate, Di(2-ethylhexyl)phthalate (DEHP)",product_material_or_formula,product_material_or_formula
Greensource Brand Apparel “Mom” Mug Lead,food_contact_container,food_contact_container
Char-Griller Gourmet BBQ Wood Pellets Wood dust,product_material_or_formula,product_material_or_formula
Glassware and Ceramic Products Cadmium,food_contact_container,food_contact_container
Glassware lead compounds,food_contact_container,food_contact_container
Glassware with Exterior Artwork Lead,food_contact_container,food_contact_container
"Fitness Vests with Vinyl/PVC Components, Hydration Bladders with Vinyl/PVC Tubing Diisononyl phthalate (DINP)",product_material_or_formula,product_material_or_formula
Pinaud Clubman Shave Cream Diethanolamine,product_material_or_formula,product_material_or_formula
Glassware Products Lead,food_contact_container,food_contact_container
Dried Seaweed Slices lead compounds,raw_material_contaminant,raw_material_contaminant
Handbag Black Exterior Di(2-ethylhexyl)phthalate (DEHP),product_material_or_formula,product_material_or_formula
Mugs With Exterior Designs Lead,food_contact_container,food_contact_container
Wild Caught Whitefish Lead,raw_material_contaminant,raw_material_contaminant
Ortho Max Malathion Insect Spray Concentrate Malathion,product_material_or_formula,product_material_or_formula
Dry Bag SKU P0105; UPC 0651583120427 Di(2-ethylhexyl)phthalate (DEHP),product_material_or_formula,product_material_or_formula
Glassware w/ Exterior Artwork Cadmium,food_contact_container,food_contact_container
Walgreens Cool 'n Heat Cream+ Lidocaine Diethanolamine,product_material_or_formula,product_material_or_formula
StarKist Jalapeno Tuna Cadmium,raw_material_contaminant,raw_material_contaminant
Mojo Metal Polish and Sealant Lead,product_material_or_formula,product_material_or_formula
Cosmetic Bag Diisononyl phthalate (DINP),product_material_or_formula,product_material_or_formula
Round Crossbody Bag; UPC: 1600001120007; Model: P1120-BLACK Diisononyl phthalate (DINP),product_material_or_formula,product_material_or_formula
"Well Beginnings Baby Powder lead compounds, Silica, crystalline (airborne particles of respirable size)",product_material_or_formula,product_material_or_formula
Vinyl Bags Di(2-ethylhexyl)phthalate (DEHP),product_material_or_formula,product_material_or_formula
Dried Seaweed lead compounds,raw_material_contaminant,raw_material_contaminant
Popatu Purse SKU_400223942857 UPC_0801064232976 Di(2-ethylhexyl)phthalate (DEHP),product_material_or_formula,product_material_or_formula
Wood burning outdoor heating products Carbon monoxide,product_material_or_formula,product_material_or_formula
Vinyl/PVC Gloves Diisononyl phthalate (DINP),product_material_or_formula,product_material_or_formula
"Craftsman 12” Large Mouth Tool Bag Color: black w/red accents UPC#7 21415 81027 4, Craftsman Heavy Duty Air Hose 50 Ft. x 3/8” Color: red UPC# 0 92329 34014 1 Diisononyl phthalate (DINP)",product_material_or_formula,product_material_or_formula
"LyTar Shampoo Benzo[a]pyrene, Benzo[b]fluoranthene, Benzo[j]fluoranthene, Benzo[k]fluoranthene, Benz[a]anthracene, Carbazole, Chrysene, Dibenz[a,h]anthracene, Dibenz[a,j]acridine, Indeno [1,2,3-cd]pyrene, Soots, tars",product_material_or_formula,processing_generated
"Opalhouse Ceramic Coaster, UPC# 1 91908 90597 6 Lead",food_contact_container,food_contact_container
Vinyl discus carrier Diisononyl phthalate (DINP),product_material_or_formula,product_material_or_formula
Ginger candy Lead,food_contact_container,food_contact_container
"Equal Exchange Organic Very Dark Chocolate 71% Cacao (Bar), Gelson's Finest Dark Chocolate (72% Cacao) (Bar) Cadmium",raw_material_contaminant,raw_material_contaminant
"Dried Seaweed Arsenic (inorganic arsenic compounds), Cadmium",raw_material_contaminant,raw_material_contaminant
Liberty Mountain's Vinyl Poncho. polyvinyl chloride,product_material_or_formula,product_material_or_formula
"Shampoo Hose, UPC No. 013534600899, Style No. 580, Bull's Eye Tipping Cap, UPC No. 013534600097, Style No. 2077 Diisononyl phthalate (DINP)",product_material_or_formula,product_material_or_formula
Dried Seaweed Lead,raw_material_contaminant,raw_material_contaminant
Headsets with Vinyl/PVC Components Di(2-ethylhexyl)phthalate (DEHP),product_material_or_formula,product_material_or_formula
Notebooks with vinyl cover Di(2-ethylhexyl)phthalate (DEHP),product_material_or_formula,product_material_or_formula
Faux Leather Vinyl/PVC Products Di(2-ethylhexyl)phthalate (DEHP),product_material_or_formula,product_material_or_formula
Walgreens Anorectal Lidocaine Cream Diethanolamine,product_material_or_formula,product_material_or_formula
"SunBurnt Gel Advanced After-sun Gel UPC 324330210060 , Banana Boat Spray Kids Max Protection &Play Sunscreen C-Spray SPC 100 UIPC 079656050820 Benzene",product_material_or_formula,product_material_or_formula
"Cannone, Sundried Tomatoes in Sunflower Oil, UPC#8003828001848 lead compounds",food_contact_container,food_contact_container
Vevor Hitch Cargo Bag Di(2-ethylhexyl)phthalate (DEHP),product_material_or_formula,product_material_or_formula
Weaver Leather blade bag Di(2-ethylhexyl)phthalate (DEHP),product_material_or_formula,product_material_or_formula
"Everloc Expressions Soap Dish, UPC#8 1556302008 8 Bisphenol A (BPA)",product_material_or_formula,food_contact_container
Ceramic containers with Exterior Artwork Lead,food_contact_container,food_contact_container
"Ultimate Shield Waterproof Mattress Protector, UPC No. 8 53176 00511 5 Di(2-ethylhexyl)phthalate (DEHP)",product_material_or_formula,product_material_or_formula
"Footwear with leather , vinyl and imitation leather components Lead",product_material_or_formula,product_material_or_formula
"Children's vinyl bags, Children's vinyl clothing Di(2-ethylhexyl)phthalate",product_material_or_formula,product_material_or_formula
"Inflatable Vinyl Toys, Vinyl Bath Animal Figures, Watches, Mini Vinyl Children's Purses Di(2-ethylhexyl)phthalate",product_material_or_formula,product_material_or_formula
zip wallets Di(2-ethylhexyl)phthalate (DEHP),product_material_or_formula,product_material_or_formula
Canned Squid cadmium compounds,food_contact_container,food_contact_container
"firewood, mesquite charcoal used engine oils)",product_material_or_formula,product_material_or_formula
"Furniture Wax, limited to clear and colored products that are branded, supplied or made by “Briwax International Inc.” Toluene",product_material_or_formula,product_material_or_formula
"Ella’s Kitchen 2 Chick-Chick Chicken Casserole with Vegetables + Rice, Ella’s Kitchen Toddler Veggie Cracker Bites Acrylamide",processing_generated,processing_generated
golf bag rain covers Di(2-ethylhexyl)phthalate (DEHP),product_material_or_formula,product_material_or_formula
Esschert Design Bee Print Garden Gloves Di-n-butyl phthalate (DBP),product_material_or_formula,product_material_or_formula
DS Distinctive Style Shirt Pocket Protector 10 Pieces Di(2-ethylhexyl)phthalate (DEHP),product_material_or_formula,product_material_or_formula
First Street Almonds Roasted & Salted Acrylamide,processing_generated,processing_generated
Mister Landscaper 1/4-in x 30-ft Vinyl Drip Irrigation Distribution Tubing Diisononyl phthalate (DINP),product_material_or_formula,product_material_or_formula
Glassware Lead,food_contact_container,food_contact_container
Metal and Glass Candle Holders Lead,food_contact_container,food_contact_container
Handbags Di(2-ethylhexyl)phthalate (DEHP),product_material_or_formula,product_material_or_formula
Jane & Berry Wallet Di(2-ethylhexyl)phthalate (DEHP),product_material_or_formula,product_material_or_formula
Wallet Di(2-ethylhexyl)phthalate (DEHP),product_material_or_formula,product_material_or_formula
Cosmetic Case with Plastic Components Di(2-ethylhexyl)phthalate (DEHP),product_material_or_formula,product_material_or_formula
Cooksmart Butterfly Mug Lead,food_contact_container,food_contact_container
DRIED SEAWEED (SAKUSAKU WAKAME) Cadmium,raw_material_contaminant,raw_material_contaminant
"Aluminum Adjustable Cane, UPC No. 041298013013 Di(2-ethylhexyl)phthalate (DEHP)",food_contact_container,product_material_or_formula
Glassware Cadmium,food_contact_container,food_contact_container
"Once Again Crunchy No-Stir Peanut Butter, Once Again Creamy Roasted Almond Butter, Once Again Crunchy Roasted Almond Butter, Once Again Hazelnut Spread Amore, Once Again Organic Creamy Cashew Butter, Once Again Sunflower Seed Butter Acrylamide",processing_generated,processing_generated
"Benefit Cosmetics Mini Hoola Matte Bronzer Titanium dioxide (airborne, unbound particles of respirable size)",product_material_or_formula,declared_ingredient
Tools with vinyl grips Di(2-ethylhexyl)phthalate (DEHP),product_material_or_formula,product_material_or_formula
"Furniture Wax, limited to clear and colored products that are branded, supplied or made by “Briwax International Inc.” Toluene",product_material_or_formula,product_material_or_formula
Decanters and Other Glassware with Colored Designs on the Exterior (containing lead) in Boxed Gift Sets lead compounds,food_contact_container,food_contact_container
"Kolsvart, Salty Licorice Fish, UPC#7350010277866 Lead",raw_material_contaminant,raw_material_contaminant
Nibiru Sport Ping Pong Set Cases with Vinyl Windows Diisononyl phthalate (DINP),product_material_or_formula,product_material_or_formula
"Lotrimin® Anti-Fungal (AF) Athlete's Foot Powder Spray, Lotrimin® Anti-Fungal Jock Itch (AFJI) Athlete's Foot Powder Spray, Lotrimin® Anti-Fungal (AF) Athlete’s Foot Deodorant Powder Spray, Lotrimin® AF Athlete's Foot Liquid Spray, Lotrimin® AF Athlete’s Foot Daily Prevention Deodorant Powder Spray, Tinactin® Jock Itch (JI) Powder Spray, Tinactin® Athlete’s Foot Deodorant Powder Spray, Tinactin® Athlete’s Foot Powder Spray, Tinactin® Athlete’s Foot Liquid Spray Benzene",product_material_or_formula,product_material_or_formula
Vinyl flooring Di(2-ethylhexyl)phthalate,product_material_or_formula,product_material_or_formula
Yerba Mate – Traditional Mate Bags Lead,product_material_or_formula,product_material_or_formula
Ceramic Diffusers with Exterior Decoration Lead,food_contact_container,food_contact_container
Dried Seaweed Lead,raw_material_contaminant,raw_material_contaminant
Seaweed Salad lead compounds,raw_material_contaminant,raw_material_contaminant
"Q Sciences EQ Complete Meal Vanilla The Feel Good Weight Loss Shake, Q Complete Chocolate The Feel Good Weight Loss Shake mercury compounds",raw_material_contaminant,raw_material_contaminant
Seaweed Salad Cadmium,raw_material_contaminant,raw_material_contaminant
Moisturizing Creams Progesterone,product_material_or_formula,product_material_or_formula
"Wallets, Handbags, Purses and Clutches Made with Leather, Vinyl or Imitation Leather Materials Lead",product_material_or_formula,product_material_or_formula
Suction Cup Hooks Di(2-ethylhexyl)phthalate (DEHP),food_contact_container,food_contact_container
Glassware with Exterior Artwork Lead,food_contact_container,food_contact_container
GoodSam Dark Chocolate Mint Mercury,raw_material_contaminant,raw_material_contaminant
"Shan, Fried Fish, UPC#8882100914 Lead",raw_material_contaminant,raw_material_contaminant
Heartbreaker Vinyl & Lace Blindfold; UPC883045301017 BF-1557XO Di(2-ethylhexyl)phthalate (DEHP),product_material_or_formula,product_material_or_formula
Everbowl Receipt Bisphenol S (BPS),food_contact_container,food_contact_container
"Mary's Gone Crackers, Inc., Herb Crackers Acrylamide",processing_generated,processing_generated
Smoked Herring and Dried PonyFish Arsenic (inorganic oxides),raw_material_contaminant,raw_material_contaminant
Dried Jellyfish Lead,raw_material_contaminant,raw_material_contaminant
Clear Plastic Handbag with PVC Components Di(2-ethylhexyl)phthalate (DEHP),product_material_or_formula,product_material_or_formula
Clear Whale & Rainbow Print makeup bag Di(2-ethylhexyl)phthalate (DEHP),product_material_or_formula,product_material_or_formula
Raley's Purely Made Organic Baby Spinach Triple Washed Lead,product_material_or_formula,product_material_or_formula
Dried Seaweed cadmium compounds,raw_material_contaminant,raw_material_contaminant
vinyl tips Di(2-ethylhexyl)phthalate (DEHP),product_material_or_formula,product_material_or_formula
Portable Speaker Cases with Vinyl/PVC Cords Di(2-ethylhexyl)phthalate (DEHP),product_material_or_formula,product_material_or_formula
Santa Cruz Organic Crunchy Light Roasted Peanut Butter Acrylamide,processing_generated,processing_generated
Day Creams with Sunscreen Benzophenone,product_material_or_formula,product_material_or_formula
"Environmental Exposures; Occupational Exposures; and Product Exposures (Swimming Pool/Hot Tubs; Automobile Parking Facilities; Fuel Dispensing; Kitchen; Matches; Arts & Crafts Supplies and Classes; Second-hand Smoke and Smokeless Tobacco Products; Cleaning Supplies/Janitorial; Maintenance/Power Tools; Furniture/Furnishings/Window Treatments; Public and Guest Bathrooms; Medical/First Aid Supplies; Internal Combustion (“IC”) Engines, Boilers and other Gas Burning Devices, and Fireplaces; Electronic Equipment, Electric Equipment and Associated Cables Wires and Batteries; Office Supplies and Office Equipment; Hand Tools, Hardware and Brass Keys; and Fertilizers, Soil Amendments, and Pesticides and Herbicides). Tobacco smoke (primary)",food_contact_container,food_contact_container
"Headphones with Vinyl/PVC Head Bands, Headphones with Vinyl/PVC Ear Cushions Di(2-ethylhexyl)phthalate (DEHP)",product_material_or_formula,product_material_or_formula
Corn Nuts Chile Picante Con Limon Acrylamide,food_contact_container,processing_generated
Clover Valley Mexican Rice Tuna Bowl Lead,food_contact_container,food_contact_container
"Bounce Sport Ball, Vinyl Puffy Character, Sporting Toys, Character Toys Di(2-ethylhexyl)phthalate",product_material_or_formula,product_material_or_formula
Moisturizing Creams Progesterone,product_material_or_formula,product_material_or_formula
"IDRYBAG Dry Bags for Kayaking Waterproof, C2G Legrand Flush Cutters Diisononyl phthalate (DINP)",product_material_or_formula,product_material_or_formula
Natural Catch Yellow Fin Tuna Slices in Extra Virgin Olive Oil Lead,raw_material_contaminant,raw_material_contaminant
Crayfish Arsenic (inorganic oxides),raw_material_contaminant,raw_material_contaminant
Kemps Low Fat Chocolate Milk Mercury,raw_material_contaminant,raw_material_contaminant
Mug Lead,food_contact_container,food_contact_container
Teleflex Medical leg bag & tubing Di(2-ethylhexyl)phthalate (DEHP),product_material_or_formula,product_material_or_formula
Shellfish lead compounds,raw_material_contaminant,raw_material_contaminant
"Canyonwerks Bag, UPC No. 7 32670 06383 1 Di(2-ethylhexyl)phthalate (DEHP)",food_contact_container,product_material_or_formula
Rice Lead,raw_material_contaminant,raw_material_contaminant
"Juicing Greens Baby Spinach, Baby Kale Cadmium",product_material_or_formula,product_material_or_formula
Blue Diamond Almonds Almond Nut Thins Rice Cracker Snacks Lead,raw_material_contaminant,raw_material_contaminant
"Zyliss Mix'n Measure Measuring Cup Set, 13850 UPC No. 0 54067 13850 3 Bisphenol A (BPA)",food_contact_container,food_contact_container
"Rhodes American Steel Wool, 3M Heavy Duty Stripping Pads, Dremel Multi-Max Universal Quick Fit Pads, HDX Paint Scraper, Milwaukee 1/4 Sheet Palm Sander, Makita Finishing Sander, DeWalt Random Orbit Sander Kit, Bosch Random Orbit Sander Kit, Wagner Paint Eater, Porter Cable Random Orbit Sander, 3M Pro-Pak All Purpose Sandpaper, Warner Paint and Wall Scraper, 3M All Purpose SAnding Sponge, Economy Paint Stripping Tool lead compounds",food_contact_container,food_contact_container
Saks Fifth Avenue Black City Mug Lead,food_contact_container,food_contact_container
dad mugs Lead,food_contact_container,food_contact_container
D mugs Lead,food_contact_container,food_contact_container
Public Goods Plantain Chips Acrylamide,processing_generated,processing_generated
"Sprout Living Epic Protein Powder, Chocolate Maca Cadmium",raw_material_contaminant,raw_material_contaminant
Soft Food and Beverage Containers Lead,food_contact_container,food_contact_container
"Sur La Table Snowy Lane Plate, 4410692, PLT S/4 Lead",food_contact_container,food_contact_container
Walgreens Co Makeup Clutch Di(2-ethylhexyl)phthalate (DEHP),product_material_or_formula,product_material_or_formula
DIRTY WORKS - Miracle cream 8 in 1 Diethanolamine,product_material_or_formula,product_material_or_formula
Pokemon Mug Lead,food_contact_container,food_contact_container
Waterproof Phone Bag Di(2-ethylhexyl)phthalate (DEHP),product_material_or_formula,product_material_or_formula
Frank A Edmunds Wood Embroidery Hoop lead compounds,product_material_or_formula,product_material_or_formula
Tuna fish Methylmercury compounds,raw_material_contaminant,raw_material_contaminant
Ceramicware with exterior artwork Lead,food_contact_container,food_contact_container
Spring Roll Rice Wrapper Lead,food_contact_container,raw_material_contaminant
Glassware and Ceramic Products Lead,food_contact_container,food_contact_container
Simple Pleasures Daisy Scented Hand Soap Diethanolamine,product_material_or_formula,product_material_or_formula
crib mattress pads Perfluorooctanoic Acid (PFOA),product_material_or_formula,product_material_or_formula
Tools with vinyl grips Di(2-ethylhexyl)phthalate (DEHP),product_material_or_formula,product_material_or_formula
Grateful Dead Mug Lead,food_contact_container,food_contact_container
Glass beverage container Lead,food_contact_container,food_contact_container
Freezrflex All Climate Vinyl Electrical Tape. lead compounds,product_material_or_formula,product_material_or_formula
Bottled water Chloroform,food_contact_container,food_contact_container
Ceramic Products Cadmium,food_contact_container,food_contact_container
Vinyl Pillow Storage Cases Di(2-ethylhexyl)phthalate (DEHP),product_material_or_formula,product_material_or_formula
"French fries, Biggie Acrylamide",processing_generated,processing_generated
Children's Sandals Di-n-butyl phthalate (DBP),product_material_or_formula,product_material_or_formula
DoDo Premium Cuttlefish Ball Lead,raw_material_contaminant,raw_material_contaminant
"Vinyl Zipper Pulls, Vinyl Appliqués Di(2-ethylhexyl)phthalate (DEHP)",product_material_or_formula,product_material_or_formula
Delta 45-in Vinyl Faucet Spray Hose Di(2-ethylhexyl)phthalate (DEHP),product_material_or_formula,product_material_or_formula
Tommy Bahama White Ceramic Tabletop Lead,food_contact_container,food_contact_container
Soap Dish with Plastic Suction Cup Di(2-ethylhexyl)phthalate (DEHP),food_contact_container,food_contact_container
Oil Bottles and Other Glass Containers Lead,food_contact_container,food_contact_container
Rice Flour Lead,raw_material_contaminant,raw_material_contaminant
"Magical Lip Balm Set (plastic zippered container), UPC: 840234615164 Di(2-ethylhexyl)phthalate (DEHP)",food_contact_container,food_contact_container
"Padded armrests and/or other vinyl components used for wheelchairs, Wheelchairs with padded armrests and/or other accessible vinyl components Di(2-ethylhexyl)phthalate (DEHP)",product_material_or_formula,product_material_or_formula
"Upholstered furniture including ottomans Tris(1,3-dichloro-2-propyl) phosphate (TDCPP)",product_material_or_formula,product_material_or_formula
"Superior Pellets - Hardwood Fuel Pellets, Premium Grade Wood dust",product_material_or_formula,product_material_or_formula
Seaweed Cadmium,raw_material_contaminant,raw_material_contaminant
"crossbody satchels, wallets Di(2-ethylhexyl)phthalate (DEHP)",product_material_or_formula,product_material_or_formula
Blue Moon Vinyl Headbands Di(2-ethylhexyl)phthalate (DEHP),product_material_or_formula,product_material_or_formula
Whole Foods Market Tortilla Chips Heirloom Blue Corn Acrylamide,processing_generated,processing_generated
"160 West Living 6 Piece Sheet Set (clear plastic zippered container), SKU: 400254396360, Betty Boop Black Sliders Sandals, SKU: 400262214113, Nameless Black Small Bag in Clear Stadium Bag with Gold Cat Shaped Handles (clear plastic bag), SKU: 400252381429, Large Brown Purse with Silver Details, SKU: 400258774492 Di-n-butyl phthalate (DBP)",food_contact_container,product_material_or_formula
"Environmental Exposures; Occupational Exposures; and Product Exposures (Swimming Pool/Hot Tubs; Food and Beverage Operations; Automobile Parking Facilities; Equipment Maintenance; Hotel Transportation Vehicles; Kitchen; Fireplaces and Patio Heaters; Salon; Valet (shoeshine and dry cleaning delivery); Matches; Second-hand Smoke and Smokeless Tobacco Products; Cleaning Supplies/Janitorial; Maintenance/Power Tools; Furniture/Furnishings/Window Treatments; Public and Guest Bathrooms; Medical/First Aid Supplies; Internal Combustion (“IC”) Engines, Boilers and other Gas Burning Devices, and Fireplaces; Electronic Equipment, Electric Equipment and Associated Cables Wires and Batteries; Office Supplies and Office Equipment; Hand Tools, Hardware and Brass Keys; and Fertilizers, Soil Amendments, and Pesticides and Herbicides). Tobacco smoke (primary)",food_contact_container,food_contact_container
Seaweed Lead,raw_material_contaminant,raw_material_contaminant
AG wallet inserts Di(2-ethylhexyl)phthalate (DEHP),product_material_or_formula,product_material_or_formula
Workout Bands N-Nitrosodimethylamine,processing_generated,processing_generated
Sunshade with Suction Cups Di-n-butyl phthalate (DBP),food_contact_container,food_contact_container
"Vinyl Carrying Cases Di(2-ethylhexyl)phthalate, Di(2-ethylhexyl)phthalate (DEHP)",product_material_or_formula,product_material_or_formula
Vinyl/PVC Electronics Cases Di(2-ethylhexyl)phthalate (DEHP),product_material_or_formula,product_material_or_formula
Jumpstreet Jacket/Sweatshirt Di(2-ethylhexyl)phthalate (DEHP),product_material_or_formula,product_material_or_formula
Bags with Vinyl/PVC Handles Di(2-ethylhexyl)phthalate (DEHP),product_material_or_formula,product_material_or_formula
St. Nicholas Square Stacking Mugs Lead,food_contact_container,food_contact_container
Bibigo Korean Style Vegetable Kimchi Fried Rice - UPC No.: 8-0717671414-0 Lead,raw_material_contaminant,raw_material_contaminant
Ceramic Dishes With Decorations Lead,food_contact_container,food_contact_container
Dried Sea Mustard Seaweed Lead,raw_material_contaminant,raw_material_contaminant
Red Beans & Rice Lead,raw_material_contaminant,raw_material_contaminant
Fishing Sinker Lead,raw_material_contaminant,raw_material_contaminant
World Finest Chocolate - 60 Candy Bar Fundraising Variety Pack with NEW Wafer Bar Flavor Bar Code: 043268092950 Lead,food_contact_container,food_contact_container
"Exposure to the plastic packaging of hair rollers, Exposure to the plastic packaging of paint brushes, Exposure to the plastic packaging of trim brushes Di(2-ethylhexyl)phthalate (DEHP)",food_contact_container,food_contact_container
sling bags Diisononyl phthalate (DINP),product_material_or_formula,product_material_or_formula
Roasted Seaweed Snack Wasabi lead compounds,raw_material_contaminant,raw_material_contaminant
Children's Footwear with Polymer Straps Di-n-butyl phthalate (DBP),product_material_or_formula,product_material_or_formula
Fishing Sinker Lead,raw_material_contaminant,raw_material_contaminant
Nail polish Toluene,product_material_or_formula,product_material_or_formula
silver wallets Di(2-ethylhexyl)phthalate (DEHP),product_material_or_formula,product_material_or_formula
"True Blood mugs, single/taken mugs Lead",food_contact_container,food_contact_container
Mugs and Other Ceramic Containers with Exterior Artwork Lead,food_contact_container,food_contact_container
Riquitas Platanitos Plantain Chips Acrylamide,processing_generated,processing_generated
Cut Wakame Dried Seaweed Lead,raw_material_contaminant,raw_material_contaminant
"EC Sports Greens N' Reds Blend Superfoods Mental Boost - Probiotics - Adaptogens Pineapple Punch, EC Sports Greens N' Reds Blend Superfoods Mental Boost - Probiotics - Adaptogens Peach Berry, EC Sports Whey+ with Digestive Enzymes Protein Powder + Collagen Peptides Double Chocolate, EC Sports Xtreme Force X Extreme Pre-Workout Juicy Peach, EC Sports Xtreme Force X Extreme Pre-Workout Rocket Pop, EC Sports Non-Stim Pump Pre-Workout Juicy Peach Lead",raw_material_contaminant,raw_material_contaminant
Baby Wash Formaldehyde (gas),product_material_or_formula,product_material_or_formula
Superbibs Perfluorooctane Sulfonate (PFOS),product_material_or_formula,product_material_or_formula
"Halloween Costumes containing one or more of the chemicals listed herein., Halloween Costume Accessories, specifically wigs, masks, gloves, footwear, belts, bags, hats, costume props, hosiery, weapons and jewelry intended to accessorize a costume (but excluding makeup) containing one or more of the chemicals listed herein., Halloween Indoor and Outdoor Home/Party Décor and Games, specifically Halloween candy bowls, lawn, wall, door and table ornaments and lights, decorative spiders/webs, lighting, ghosts, witches, goblins, skeletons, bats, cats and tombstones containing one or more of the chemicals listed herein. lead compounds",food_contact_container,food_contact_container
Glass and ceramicware with exterior artwork lead compounds,food_contact_container,food_contact_container
Tools with Vinyl/PVC Components Di(2-ethylhexyl)phthalate (DEHP),product_material_or_formula,product_material_or_formula
Gunsan Stir-Fry Cuttlefish Lead,raw_material_contaminant,raw_material_contaminant
Gloves with Vinyl/PVC Components Di(2-ethylhexyl)phthalate (DEHP),product_material_or_formula,product_material_or_formula
Que Pasa Yellow Corn Tortilla Chips Acrylamide,processing_generated,processing_generated
Glassware with artwork or designs on the exterior Lead,food_contact_container,food_contact_container
"Annie International ""Town & Country"" Long Cosmetic PVC Bag UPC 7 05372 04941 0 Amazon.com SKU X001SXAV4J Diisononyl phthalate (DINP)",product_material_or_formula,product_material_or_formula
"Vinyl/PVC Bracelets, Vinyl/PVC Binder Inserts, Stitch Bow Rolls with Vinyl/PVC Components, Embroidery and Needlework Storage Items Di(2-ethylhexyl)phthalate (DEHP)",product_material_or_formula,product_material_or_formula
Chairs with vinyl/pvc seats Di(2-ethylhexyl)phthalate (DEHP),product_material_or_formula,product_material_or_formula
Plastic clothing. Lead,product_material_or_formula,product_material_or_formula
"Vinyl Banners Di(2-ethylhexyl)phthalate, Di(2-ethylhexyl)phthalate (DEHP)",product_material_or_formula,product_material_or_formula
Vinyl/PVC Faux Leather Di(2-ethylhexyl)phthalate (DEHP),product_material_or_formula,product_material_or_formula
Rice Arsenic (inorganic arsenic compounds),raw_material_contaminant,raw_material_contaminant
Rope bags Di(2-ethylhexyl)phthalate (DEHP),product_material_or_formula,product_material_or_formula
Lazy Acres Organic Baby Spinach Cadmium,product_material_or_formula,product_material_or_formula
Vinyl/PVC Audio Cables Di(2-ethylhexyl)phthalate (DEHP),product_material_or_formula,product_material_or_formula
Glass Candleholders with Exterior Artwork Lead,food_contact_container,food_contact_container
Wallets with Vinyl Components Di(2-ethylhexyl)phthalate (DEHP),product_material_or_formula,product_material_or_formula
Shellfish lead compounds,raw_material_contaminant,raw_material_contaminant
"Underbed Storage Bag , Extra Large Hanging Crystal Clear Over Door Shoe Organizers Di(2-ethylhexyl)phthalate (DEHP)",product_material_or_formula,product_material_or_formula
Vinyl/PVC Exercise Balls Di(2-ethylhexyl)phthalate (DEHP),product_material_or_formula,product_material_or_formula
Vinyl/PVC Pouches Di(2-ethylhexyl)phthalate (DEHP),product_material_or_formula,product_material_or_formula
vinyl bedding storage cases Di-isodecyl phthalate (DIDP),product_material_or_formula,product_material_or_formula
Glassware Products Lead,food_contact_container,food_contact_container
"Environmental Exposures; Occupational Exposures; and Product Exposures (Swimming Pool/Hot Tubs; Food and Beverage Operations; Automobile Parking Facilities; Beach Fronts and sand areas (silica); Kitchen; Fireplaces and Patio Heaters; Matches; Second-hand Smoke and Smokeless Tobacco Products; Cleaning Supplies/Janitorial; Maintenance/Power Tools; Furniture/Furnishings/Window Treatments; Public and Guest Bathrooms; Medical/First Aid Supplies; Internal Combustion (“IC”) Engines, Boilers and other Gas Burning Devices, and Fireplaces; Electronic Equipment, Electric Equipment and Associated Cables Wires and Batteries; Office Supplies and Office Equipment; Hand Tools, Hardware and Brass Keys; and Fertilizers, Soil Amendments, and Pesticides and Herbicides). Tobacco smoke (primary)",food_contact_container,food_contact_container
Ceramic Mugs With Exterior Designs Lead,food_contact_container,food_contact_container
"Recycled heat logs, firelog, recycled wood waste and bengalogs Formaldehyde (gas), Furan, Indeno [1,2,3-cd]pyrene, Soots, tars",product_material_or_formula,product_material_or_formula
Children's Sandals Di(2-ethylhexyl)phthalate (DEHP),product_material_or_formula,product_material_or_formula
Roasted Seaweed cadmium compounds,raw_material_contaminant,raw_material_contaminant
handbags Di(2-ethylhexyl)phthalate (DEHP),product_material_or_formula,product_material_or_formula
"Gillette Pro Sensitive Shave Gel, Pure Venus Deep Sea Minerals Shave Cream, Gillette Satin Care Irritation Defense, Gillette Foamy Sensitive Shave Foam, Gillette Series Soothing Shave Gel, Gillette Venus Invigorating Shave Gel, Gillette Foamy Regular Shave Gel, Gillette Labs Rapid Foaming Shave Gel Diethanolamine",product_material_or_formula,product_material_or_formula
Hobie Eclipse Accessory Bag SKU 2100001453756; UPC 792176333517 Di(2-ethylhexyl)phthalate (DEHP),product_material_or_formula,product_material_or_formula
Ashland Vinyl Coated Wire Diisononyl phthalate (DINP),product_material_or_formula,product_material_or_formula
"Seaweed, Dried Crispy Shrimp, Ginger Powder lead compounds",raw_material_contaminant,raw_material_contaminant
Dried Salted Rabbitfish Lead,raw_material_contaminant,raw_material_contaminant
"MINI MAKEUP BRUSH SET, UPC#8806190710505 Di(2-ethylhexyl)phthalate (DEHP)",product_material_or_formula,product_material_or_formula
M+S Ceramic Mug Lead,food_contact_container,food_contact_container
"Gimme, Roasted Seaweed Snacks Chili Lime, UPC#850023446503 lead compounds",raw_material_contaminant,raw_material_contaminant
Great American Raw Peeled & Deveined Shrimp Tail Off Lead,food_contact_container,food_contact_container
Double Roasted Seaweed cadmium compounds,raw_material_contaminant,raw_material_contaminant
Grace Teaware Tea Canister Lead,food_contact_container,food_contact_container
"Amrita, Canned Grape Leaves, UPC#4850015870909 lead compounds",food_contact_container,food_contact_container
Vinyl Round Tablecloth Protector Diisononyl phthalate (DINP),product_material_or_formula,product_material_or_formula
Ceramic Jars With Exterior Designs Lead,food_contact_container,food_contact_container
"El Mexicano, Achiote Verde, UPC#042743200484 Lead",food_contact_container,food_contact_container
"Sprout Living Epic Protein Powder, Chocolate Maca Lead",raw_material_contaminant,raw_material_contaminant
Ceramic Mugs With Exterior Decorations Lead,food_contact_container,food_contact_container
Spinach Rice Paper Banh Trang Lead,raw_material_contaminant,raw_material_contaminant
Smoked Herring and Dried Ponyfish Lead,raw_material_contaminant,raw_material_contaminant
Best Day Ever Mug Lead,food_contact_container,food_contact_container
"Sisson's Enterprize, Ghost Scream Chili Garlic Jam, UPC#727908534177 Lead",product_material_or_formula,raw_material_contaminant
Glass and ceramicware with exterior artwork Cadmium,food_contact_container,food_contact_container
"Bestore Technology Limited Commuter Auto Safety Kit with 365 days of Roadside Assistance – Car Emergency Kit with Booster Cables, Tow Strap, First Aid Kit, Flashlight, Rain Poncho, Gloves Di(2-ethylhexyl)phthalate (DEHP)",product_material_or_formula,product_material_or_formula
Equate Burn Relief Spray Diethanolamine,product_material_or_formula,product_material_or_formula
Ceramic Plates With Designs Lead,food_contact_container,food_contact_container
"Pirates of The Caribbean records, Pixar totes, Disney bibs Di(2-ethylhexyl)phthalate (DEHP)",product_material_or_formula,product_material_or_formula
"Maxi Health NatureMAX Boost Pea Protein Natural Vanilla Flavor, Maxi Health NatureMAX Boost Pea Protein Natural Chocolate Flavor, Maxi Health D&S Support Weight Management, Maxi Health NatureMAX PLUS Soy Protein Weight Management Natural Strawberry Flavor, Maxi Health NatureMAX PLUS Soy Protein Weight Management Natural Chocolate Flavor Cadmium, Lead",raw_material_contaminant,raw_material_contaminant
Children's Footwear Di-n-butyl phthalate (DBP),product_material_or_formula,product_material_or_formula
IT Cosmetics Super Hero Stretch Volume Mascara Diethanolamine,product_material_or_formula,product_material_or_formula
Dried Seaweed Strips Arsenic (inorganic arsenic compounds),raw_material_contaminant,raw_material_contaminant
Leaded crystal glassware Lead,food_contact_container,food_contact_container
Wood Treatment Chromium (hexavalent compounds),product_material_or_formula,product_material_or_formula
"Luxe Products USA Black Rig/Bong, Luxe Products USA 11"" Broad Based Crystal Shower perc Bong and Dab Rig, Luxe Products USA 11"" Green Recycler Luxury Dab Rig and Water Pipe, Luxe Products USA 11"" Thick Durable Key Lime Percolator and dab rig Water pipe, Luxe Products USA 12"" American Made Luxury Beaker Bong, Luxe Products USA 12"" Blue Clear Steel- Crystal Percolated Dab Rig and Water Pipe, Luxe Products USA 13"" American Made Luxury Beaker Bong, Luxe Products USA 14"" Circular Hefty Dab Dig and Water Pipe, Luxe Products USA 14"" Turquoise Cypress Style dab Rig and/or bong, Luxe Products USA 14.5"" American Made Luxury Beaker Bong, Luxe Products USA 16"" American Made Luxury Beaker Bong, Luxe Products USA 16"" Large Ice Catcher Bong (Made in the USA), Luxe Products USA 9"" Beaker Bong with Ice Catcher , Luxe Products USA 9"" Bong w/ Ice catcher, Luxe Products USA 9"" Straight Tubed, Ice Catcher Bong, Luxe Products USA 9"" Turquoise Luxury Dab Rig and Bong, Luxe Products USA Wholesale Bongs 6-9 Inches Assorted Marijuana smoke",food_contact_container,food_contact_container
"Upholstered Furniture Tris(1,3-dichloro-2-propyl) phosphate (TDCPP)",product_material_or_formula,product_material_or_formula
Bottles with Brass Assembly Components Lead,food_contact_container,food_contact_container
"Sporting Toys, Bibs Di(2-ethylhexyl)phthalate",product_material_or_formula,product_material_or_formula
"Zanae, Vine Leaves Stuffed with Rice, UPC#5201051001045 Lead",raw_material_contaminant,raw_material_contaminant
Crispy Seaweed cadmium compounds,raw_material_contaminant,raw_material_contaminant
nasal spray Mercury,product_material_or_formula,product_material_or_formula
Exposure to the plastic packaging of satin sheet sets Di(2-ethylhexyl)phthalate (DEHP),food_contact_container,food_contact_container
"Vinyl/PVC Tool Pouches , Solder Di(2-ethylhexyl)phthalate (DEHP)",product_material_or_formula,product_material_or_formula
"Liquid Dish Soap 1,4-Dioxane",product_material_or_formula,product_material_or_formula
Flott – Baby Clams Lead,product_material_or_formula,product_material_or_formula
sports toy backpacks Di(2-ethylhexyl)phthalate (DEHP),product_material_or_formula,product_material_or_formula
Louisiana Grills Competition Blend BBQ Hardwood Pellets Wood dust,product_material_or_formula,product_material_or_formula
Fabric Textile Products Football Tablecloth Perfluorooctanoic Acid (PFOA),product_material_or_formula,product_material_or_formula
ACE Faucet Spray Hose lead compounds,product_material_or_formula,product_material_or_formula
"Buff Chick Supplements, Buff Pre (Stimulant Pre-Workout) - Pink Lemonade, UPC#662987853972, Buff Chick Supplements, Buff Greens – Lime, UPC#632138369423, Buff Chick Supplements, Buff Pump (Stimulant-Free Pre-Workout) - Cotton Candy, UPC#662987853941, Buff Chick Supplements, Vegan Protein (High Protein Plant Based Blend) - Fried Vanilla Ice Cream, UPC#767461740127 Lead",food_contact_container,food_contact_container
Walkers' Nonsuch Liquorice Toffees Lead,raw_material_contaminant,food_contact_container
Proud Grill Company Yellowstone BBQ & Utility Glove Chromium (hexavalent compounds),product_material_or_formula,product_material_or_formula
Baby Octopus Whole Cleaned Lead,product_material_or_formula,product_material_or_formula
"Vinyl/PVC Cords, Vinyl/PVC Clamp Grips Di-n-butyl phthalate (DBP)",product_material_or_formula,product_material_or_formula
"Fish and shellfish in the form of meals containing ahi tuna, sea bass and catfish. mercury compounds",raw_material_contaminant,raw_material_contaminant
"Colored, Vinyl-Coated Paper Fasteners Lead",product_material_or_formula,product_material_or_formula
"American Dream Double Butter Crunch Peanut Butter, American Dream Candy Cane Kisses Dream Cake, American Dream Cookie Batter Dream Cake, American Dream Brownie Batter Dream Cake, American Dream Gingerdoodle Dream Cake Mercury",food_contact_container,food_contact_container
"Vinyl book or journal cover, Calculator Di(2-ethylhexyl)phthalate (DEHP)",product_material_or_formula,product_material_or_formula
"Vinyl/PVC Handles Di(2-ethylhexyl)phthalate, Di(2-ethylhexyl)phthalate (DEHP)",product_material_or_formula,product_material_or_formula
Seaweed Crisps lead compounds,raw_material_contaminant,raw_material_contaminant
"Jewelry boxes, candle holders, picture frames Lead",food_contact_container,food_contact_container
Ceramic Tumblers With Exterior Designs Lead,food_contact_container,food_contact_container
"Humbold Seed Company 10 pack, Tonik 100mg Sleep Shot, Simply Stoneaid Drink Shot 20mg THC, Nug Fruit Pops, Fuzzies, Kokoa Dark Chocolate, Stones Gummies, Heavanley Sweet Cannabutter, Lost Farm Ras Gummies, Kwik Syrup-Kushberry, P & B Relief Tincture, N Fuzed CBD Gummies Marijuana smoke",food_contact_container,food_contact_container
Champs wallet Di(2-ethylhexyl)phthalate (DEHP),product_material_or_formula,product_material_or_formula
Glassware Cadmium,food_contact_container,food_contact_container
nasal sprays mercury compounds,product_material_or_formula,product_material_or_formula
Veetee Steam Thai Lime & Herb Rice Lead,raw_material_contaminant,raw_material_contaminant
Amrita Brown Rice Protein Powder Lead,raw_material_contaminant,raw_material_contaminant
Glassware lead compounds,food_contact_container,food_contact_container
"Vinyl/PVC Cables , Stools with Vinyl/PVC Upholstery Di(2-ethylhexyl)phthalate",product_material_or_formula,product_material_or_formula
Sunny Farm mixed fruit cups Lead,food_contact_container,food_contact_container
Enjoy Every Moment mugs Lead,food_contact_container,food_contact_container
Ceramic Mugs With Exterior Designs Lead,food_contact_container,food_contact_container
Clear Vinyl Handbag Di(2-ethylhexyl)phthalate (DEHP),product_material_or_formula,product_material_or_formula
"Stools with Foam Padding containing Tris(1,3-dichloro-2-propyl) phosphate, Stools with Vinyl/PVC Upholstery containing Di(2-ethylhexyl)phthalate Tris(1,3-dichloro-2-propyl) phosphate (TDCPP)",product_material_or_formula,product_material_or_formula
"Luggage Tags with Vinyl/PVC Straps, Vinyl/PVC Luggage Finder Straps, Vinyl/PVC Pouches, Vinyl/PVC Cords, Vinyl/PVC Earbud Cords Di(2-ethylhexyl)phthalate (DEHP)",product_material_or_formula,product_material_or_formula
Glassware and Ceramic Products Cadmium,food_contact_container,food_contact_container
Books or journals with vinyl covers Di(2-ethylhexyl)phthalate (DEHP),product_material_or_formula,product_material_or_formula
Osari Seaweed Lead,raw_material_contaminant,raw_material_contaminant
"Seaweed ""Sushi Nori"" Cadmium",raw_material_contaminant,raw_material_contaminant
Martha Stewart Collection Bag Di(2-ethylhexyl)phthalate (DEHP),product_material_or_formula,product_material_or_formula
Stonewall Kitchen Gluten Free Simple White Down East Crackers Acrylamide,processing_generated,processing_generated
Ahi Tuna Steak and Swordfish Steak mercury compounds,raw_material_contaminant,raw_material_contaminant
Black Diamond Charwood mineral oils (coal tar),product_material_or_formula,product_material_or_formula
"Nasal sprays, ointments and eye care products Mercury",product_material_or_formula,product_material_or_formula
Cote D'Or 86% Noir Brut Belgian Dark Chocolate Confection (Bar) Cadmium,raw_material_contaminant,raw_material_contaminant
"OHS Optimal Health Systems Optimal Fruit & Veggie Plus, OHS Optimal Health Systems Optimal Complete Performance Cellular Nutrition For Active Muscles Exotic Chocolate, OHS Optimal Health Systems Optimal Complete Performance Native Vanilla, OHS Optimal Health Systems Opti-Nutrients By Dr. Brimhall Opti-Female, Opti-Nutrient Formulas By Dr. Brimhall Opti-Para Whole Food, Pre-digested, Optimal Health Systems OHS Optimal Liver Kidney, OHS Optimal Health Systems Optimal Complete Nutrition +, OHS Optimal Health Systems Whole Food Based Products Optimal Defense For Complete Immune Support Lead",raw_material_contaminant,raw_material_contaminant
Shellfish Cadmium,raw_material_contaminant,raw_material_contaminant
Candles used engine oils),food_contact_container,food_contact_container
Lip Balm & Hand Lotion Set – Reusable Case Di(2-ethylhexyl)phthalate (DEHP),product_material_or_formula,product_material_or_formula
"Vinyl/PVC Car Phone Mount Suction Cups, Vinyl/PVC Car Phone Mount Suction Cups Di(2-ethylhexyl)phthalate (DEHP)",food_contact_container,food_contact_container
"Midwest Can Funnel, UPC No. 079223036257 Di(2-ethylhexyl)phthalate (DEHP)",food_contact_container,product_material_or_formula
Bone Cutters with Vinyl Grips Diisononyl phthalate (DINP),product_material_or_formula,product_material_or_formula
"Padded armrests and other vinyl upholstered components used for wheelchairs, Grips and other vinyl upholstered components used for wheelchairs, Wheelchairs with padded armrests and/or other accessible vinyl components, Rollators with accessible vinyl upholstered components Diisononyl phthalate (DINP)",product_material_or_formula,product_material_or_formula
firewood mineral oils (untreated,product_material_or_formula,product_material_or_formula
Child Sipper Bottle Di(2-ethylhexyl)phthalate,food_contact_container,food_contact_container
"Bona Furtuna, Aged Balsamic Vinegar of Modena, UPC#855522007545, Bona Furtuna, Green Olive Tapenade, UPC#866363000213, Bona Furtuna, Black Olive Tapenade, UPC#855522007996 Lead",raw_material_contaminant,raw_material_contaminant
Seaweed to Go Lead,raw_material_contaminant,raw_material_contaminant
"PinkStork by Amy Suzanne Pregnancy + Postpartum Protein Chocolate Truffle Flavor Whey + Collagen Protein Powder, PinkStork by Amy Suzanne Fertility Support Prenatal Multivitamin + Proprietary Fertility Blend lead compounds",raw_material_contaminant,raw_material_contaminant
"Upholstered furniture including ottomans Tris(1,3-dichloro-2-propyl) phosphate (TDCPP)",product_material_or_formula,product_material_or_formula
The Daily Crave Bourbon BBQ Quinoa Chips Acrylamide,processing_generated,processing_generated
"OAD New York Clear Marta Bag, UPC# 810849032809 Diisononyl phthalate (DINP)",product_material_or_formula,product_material_or_formula
Glass and ceramic beverage containers Lead,food_contact_container,food_contact_container
Black and Clear PVC Tote Bag Diisononyl phthalate (DINP),product_material_or_formula,product_material_or_formula
Vinyl Bedding Storage/Packaging Cases Di(2-ethylhexyl)phthalate (DEHP),food_contact_container,food_contact_container
Black cream makeup Diethanolamine,product_material_or_formula,product_material_or_formula
一口田Multigrain Cracker Original Acrylamide,processing_generated,processing_generated
Face Cream mercury compounds,product_material_or_formula,product_material_or_formula
Tote bag Di(2-ethylhexyl)phthalate,product_material_or_formula,product_material_or_formula
Headsets Vinyl/PVC Components Di(2-ethylhexyl)phthalate (DEHP),product_material_or_formula,product_material_or_formula
Rice Flour Lead,raw_material_contaminant,raw_material_contaminant
"Stadium Bag, UPC # 724901512508 Di(2-ethylhexyl)phthalate",product_material_or_formula,product_material_or_formula
Guardian Vinyl-Coated Dumbbells – Gopher Sport Di(2-ethylhexyl)phthalate (DEHP),product_material_or_formula,product_material_or_formula
Dried Seaweed lead compounds,raw_material_contaminant,raw_material_contaminant
Kett Cosmetics Hydro Contour Diethanolamine,product_material_or_formula,product_material_or_formula
Vinyl/PVC Bags Di(2-ethylhexyl)phthalate (DEHP),product_material_or_formula,product_material_or_formula
Shellfish Lead,raw_material_contaminant,raw_material_contaminant
"frames, lamps, candles Lead",food_contact_container,food_contact_container
"VIFON, Vietnamese Style Rice Noodles, UPC#855032000500 lead compounds",raw_material_contaminant,raw_material_contaminant
Ceramic Mugs With Exterior Designs Lead,food_contact_container,food_contact_container
"Notebooks with vinyl cover, Gift bags with handles, Luggage tag, Bookmark Di(2-ethylhexyl)phthalate (DEHP)",product_material_or_formula,product_material_or_formula
Mugs With Exterior Designs Lead,food_contact_container,food_contact_container
Glassware and bottles with artwork or designs on the exterior lead compounds,food_contact_container,food_contact_container
"Olivia’s Food Canister (Coffee, sugar, crackers, etc.) Lead",food_contact_container,food_contact_container
QFXS Instant Rice Noodle Lead,raw_material_contaminant,raw_material_contaminant
Vinyl/PVC Exercise Balls Di(2-ethylhexyl)phthalate (DEHP),product_material_or_formula,product_material_or_formula
"Seaweed Salad Mix, Seaweed Snack Lead",raw_material_contaminant,raw_material_contaminant
"Sewing Machine Cover-15""X8-3/4""X6"" Frosted Vinyl Di(2-ethylhexyl)phthalate (DEHP)",product_material_or_formula,product_material_or_formula
Seaweed Lead,raw_material_contaminant,raw_material_contaminant
Headphones with Vinyl/PVC Components and/or Cords Di(2-ethylhexyl)phthalate (DEHP),product_material_or_formula,product_material_or_formula
cleaning gloves Di(2-ethylhexyl)phthalate (DEHP),product_material_or_formula,product_material_or_formula
"Melt 1:1 THC & CBD Lotion - 2oz (200mg), Bôost Liquid THC Concentrate, Relax 1:1 CBD & Delta 9 THC Bath Bomb, Strawberry Delta 9 THC + Pack delta-9-tetrahydrocannabinol",product_material_or_formula,food_contact_container
"Upholstered furniture including chairs Tris(1,3-dichloro-2-propyl) phosphate (TDCPP)",product_material_or_formula,product_material_or_formula
"Wallets, handbags, clutches and totes lead compounds",product_material_or_formula,product_material_or_formula
Glass and ceramicware with exterior artwork Cadmium,food_contact_container,food_contact_container
"This notice pertains to cannabis-infused products, including but not limited to edibles such as gummies, chocolates, and other confectionery items containing THC (Δ⁹-Tetrahydrocannabinol), as well as beverages infused with THC or other cannabis compounds. The products covered by this notice also extend to cannabis flower, pre-rolls, and other inhalable marijuana products. delta-9-tetrahydrocannabinol",food_contact_container,food_contact_container
Spray paint Lead,product_material_or_formula,product_material_or_formula
Vinyl/PVC Zipper Pulls Di(2-ethylhexyl)phthalate (DEHP),product_material_or_formula,product_material_or_formula
blue design mugs Lead,food_contact_container,food_contact_container
Vinyl/PVC Pillows Di(2-ethylhexyl)phthalate (DEHP),product_material_or_formula,product_material_or_formula
"Hook K series__Suction Cup__Suction Hook Small__Daiso Japan , Suction Cup – With A Hole – 4cm__4 pcs__Daiso Japan, Sponge and Bottle Rack with Suction Cups__Brown Color__Daiso Industries Co. Ltd., Wall Pockets__Calendar– Weekly__52 x 27cm__ Daiso, Wall Pockets__7 Pockets__Basic__Daiso Japan , Wall Hanging Pockets__6 Pockets__Storage Pocket__Size 9.1” x 19.5” __Daiso , Scarf Hanger__Hangs 5pcs__Non – Slip__Daiso Japan, Stylish Hand Strap__19cm__Daiso Japan , Towel Bar__Easy to Attach with included Suction Cups__Loading Capacity up to 500 g__Daiso Japan Di(2-ethylhexyl)phthalate (DEHP)",food_contact_container,food_contact_container
Mint Candy Pulegone,food_contact_container,food_contact_container
Travel Purse Di(2-ethylhexyl)phthalate (DEHP),product_material_or_formula,product_material_or_formula
"Upholstered furniture including chairs Tris(1,3-dichloro-2-propyl) phosphate (TDCPP)",product_material_or_formula,product_material_or_formula
Traeger 20 lb. All Natural Hardwood Wood Pellets – Oak Wood dust,product_material_or_formula,product_material_or_formula
Ceramica Cuore Spoon Rest Lead,food_contact_container,food_contact_container
PVC Candy Bags Di(2-ethylhexyl)phthalate (DEHP),food_contact_container,product_material_or_formula
Ceramic Disc Cartridges Lead,food_contact_container,food_contact_container
Handbags Di(2-ethylhexyl)phthalate (DEHP),product_material_or_formula,product_material_or_formula
Portfolios with Vinyl/PVC Components Di(2-ethylhexyl)phthalate (DEHP),product_material_or_formula,product_material_or_formula
"Travel Suit Bag, UPC No. 038861000099 Di(2-ethylhexyl)phthalate (DEHP)",product_material_or_formula,product_material_or_formula
Dried Seaweed cadmium compounds,raw_material_contaminant,raw_material_contaminant
Hotel Two Standard Pillowcases packaging materials Di(2-ethylhexyl)phthalate (DEHP),food_contact_container,food_contact_container
Glassware Cadmium,food_contact_container,food_contact_container
Jewelry Organizer with Vinyl Exterior Di(2-ethylhexyl)phthalate (DEHP),product_material_or_formula,product_material_or_formula
Seaweed Chips Cadmium,raw_material_contaminant,raw_material_contaminant
"Upholstered furniture including stools, Upholstered furniture including ottomans Tris(2-chloroethyl) phosphate",product_material_or_formula,product_material_or_formula
Ceramic Products Lead,food_contact_container,food_contact_container
Trader Joe's Animal Crackers Acrylamide,processing_generated,processing_generated
"Media Holders, Vinyl/PVC Office Storage and Filing Products Diisononyl phthalate (DINP)",product_material_or_formula,product_material_or_formula
"Milani cheek kiss cream blush Titanium dioxide (airborne, unbound particles of respirable size)",product_material_or_formula,declared_ingredient
grape leaves stuffed with rice Lead,raw_material_contaminant,raw_material_contaminant
Cosmetic Bag Di(2-ethylhexyl)phthalate (DEHP),product_material_or_formula,product_material_or_formula
"Headphones with Vinyl/PVC Ear Cushions, Vinyl/PVC Headphone Bags Di(2-ethylhexyl)phthalate (DEHP)",product_material_or_formula,product_material_or_formula
Lourdes Mexican Food Receipt Bisphenol S (BPS),food_contact_container,food_contact_container
Pond Nets with Vinyl/PVC Handle Grips Di(2-ethylhexyl)phthalate (DEHP),product_material_or_formula,product_material_or_formula
Vinyl gloves Di(2-ethylhexyl)phthalate (DEHP),product_material_or_formula,product_material_or_formula
Fishing Sinker Lead,raw_material_contaminant,raw_material_contaminant
"Dried Seaweeds Arsenic (inorganic oxides), Cadmium",raw_material_contaminant,raw_material_contaminant
Simply Nature Cauliflower Sea Salt/ Simply Nature Cauliflower Crackers Cheddar Flavor Acrylamide,processing_generated,processing_generated
Dried Seaweed cadmium compounds,raw_material_contaminant,raw_material_contaminant
Seaweed Lead,raw_material_contaminant,raw_material_contaminant
"Kylie Cosmetics Blush Titanium dioxide (airborne, unbound particles of respirable size)",product_material_or_formula,declared_ingredient
"Yamasa, Gobo Tenpura Fried Fish Cake with Burdock, UPC#070516340006 lead compounds",raw_material_contaminant,raw_material_contaminant
Bibs Di(2-ethylhexyl)phthalate,product_material_or_formula,product_material_or_formula
"jelly sandals, pump sprayers Di-n-butyl phthalate (DBP)",product_material_or_formula,product_material_or_formula
Vinyl placemats Di(2-ethylhexyl)phthalate (DEHP),product_material_or_formula,product_material_or_formula
Celebrate Together Smitten Kitten Mug Lead,food_contact_container,food_contact_container
Cleansers containing bleach or sodium hypochlorite Bromodichloromethane,product_material_or_formula,product_material_or_formula
Mirrors with Suction Cups Di(2-ethylhexyl)phthalate (DEHP),food_contact_container,food_contact_container
Children's Notebook Di(2-ethylhexyl)phthalate (DEHP),product_material_or_formula,product_material_or_formula
"Kilikiaa, Canned Grape Leaves, UPC#4850024000878 lead compounds",food_contact_container,food_contact_container
"Roasted Seaweeds Arsenic (inorganic oxides), Cadmium",raw_material_contaminant,raw_material_contaminant
Brushed Brass Cabinet Pulls Lead,product_material_or_formula,product_material_or_formula
Steve Madden weekender bag Diisononyl phthalate (DINP),product_material_or_formula,product_material_or_formula
"Maggi – Cuppa Mania – Masala Indian Noodles - Spicy , Maggi – 2-Minute Noodles – Masala - Spicy , Maggi – 2-Minute Noodles – Masala – Spicy (Double Pack) lead compounds",food_contact_container,raw_material_contaminant
Mojo Flock Flciker Bag Di(2-ethylhexyl)phthalate (DEHP),product_material_or_formula,product_material_or_formula
handbags Diisononyl phthalate (DINP),product_material_or_formula,product_material_or_formula
"candles 1,3-Butadiene, 1,6-Dinitropyrene, 1,8-Dinitropyrene, 1-Nitropyrene, 2-Nitrofluorene, 3-Methylcholanthrene, 4-Nitropyrene, 5-Methylchrysene, 5-Nitroacenaphthene, 6-Nitrochrysene, 7,12-Dimethylbenz(a)anthracene, 7H-Dibenzo[c,g]carbazole, Acetaldehyde, Benzene, Benzo[a]pyrene, Benzo[b]fluoranthene, Benzo[j]fluoranthene, Benzo[k]fluoranthene, Benz[a]anthracene, Carbon tetrachloride",food_contact_container,processing_generated
Seaweed Cadmium,raw_material_contaminant,raw_material_contaminant
"Raw Seaweed, Seaweed Chips Cadmium",raw_material_contaminant,raw_material_contaminant
"Studio-Ready 6 Oz Cannonball Weight; SKU10283, Studio-Ready Dungeon Master Locks ¾”; SKU10283 lead compounds",food_contact_container,raw_material_contaminant
Roasted Seaweed lead compounds,raw_material_contaminant,raw_material_contaminant
Liquid Soaps such as Hand Soap and Body Wash Coconut oil diethanolamine condensate (cocamide diethanolamine),product_material_or_formula,product_material_or_formula
Healthy Times Organic Brown Rice Cereal Lead,raw_material_contaminant,raw_material_contaminant
Chocolate Sunflower Seeds Lead,raw_material_contaminant,raw_material_contaminant
Cosmetic Bags with Plastic Components Di(2-ethylhexyl)phthalate (DEHP),product_material_or_formula,product_material_or_formula
copper mugs with brass components lead compounds,food_contact_container,food_contact_container
Satchel Bags with Plastic Components Di(2-ethylhexyl)phthalate (DEHP),product_material_or_formula,product_material_or_formula
Banzai Bowls Receipt Bisphenol S (BPS),food_contact_container,food_contact_container
Faux leather furniture Lead,product_material_or_formula,product_material_or_formula
Ruvati Garbage Disposal Flange for Kitchen Sink Lead,product_material_or_formula,food_contact_container
CoverOn brand of wallet/phone cases Lead,product_material_or_formula,product_material_or_formula
Seaweed Snacks Cadmium,raw_material_contaminant,raw_material_contaminant
Vinyl/PVC Greenhouse Covers Di(2-ethylhexyl)phthalate (DEHP),product_material_or_formula,product_material_or_formula
Beach & Pool Cover-­Up with Carrying Bag; RN #122786; UPC: 848496046122 Di(2-ethylhexyl)phthalate (DEHP),product_material_or_formula,product_material_or_formula
May Fung Lemon Branches in Checkered Ceramic Pot Lead,food_contact_container,food_contact_container
"Stauffer's Animal Crackers, Gerber Lil' Biscuits Vanilla Wheat, Gerber Arrowroot Cookies Acrylamide",processing_generated,processing_generated
"Environmental Exposures; Occupational Exposures; and Product Exposures (Swimming Pool/Hot Tubs; Automobile Parking Facilities; Matches; Second-hand Smoke and Smokeless Tobacco Products; Cleaning Supplies/Janitorial; Maintenance/Power Tools; Furniture/Furnishings/Window Treatments; Public and Guest Bathrooms; Medical/First Aid Supplies; Internal Combustion (“IC”) Engines, Boilers and other Gas Burning Devices, and Fireplaces; Electronic Equipment, Electric Equipment and Associated Cables Wires and Batteries; Office Supplies and Office Equipment; Hand Tools, Hardware and Brass Keys; and Fertilizers, Soil Amendments, and Pesticides and Herbicides). Tobacco smoke (primary)",food_contact_container,food_contact_container
"Specner's Dreamcatcher Wallet, 03170396 Di(2-ethylhexyl)phthalate (DEHP)",product_material_or_formula,product_material_or_formula
Rex Platanitos (plaintain chips) Acrylamide,processing_generated,processing_generated
Dried Seaweed Cadmium,raw_material_contaminant,raw_material_contaminant
Seaweed Cadmium,raw_material_contaminant,raw_material_contaminant
Vinyl/PVC Planner Covers Di(2-ethylhexyl)phthalate (DEHP),product_material_or_formula,product_material_or_formula
Cobblestone Bread Co. Original Bagels 20 oz Acrylamide,processing_generated,processing_generated
"Roasted Seaweed Arsenic (inorganic oxides), Cadmium",raw_material_contaminant,raw_material_contaminant
Bagels Cadmium,product_material_or_formula,raw_material_contaminant
"Cabinet doors which contain leaded glass, leaded glass inserts, leaded mullions or lead solder. lead compounds",product_material_or_formula,product_material_or_formula
"Easyoulife credit card holder wallets (DINP), ID badge holders (DEHP) Diisononyl phthalate (DINP)",product_material_or_formula,product_material_or_formula
Handbag with Small Plastic Purse Di(2-ethylhexyl)phthalate (DEHP),product_material_or_formula,product_material_or_formula
Headphones with Vinyl/PVC Ear Cushions Di(2-ethylhexyl)phthalate (DEHP),product_material_or_formula,product_material_or_formula
Seasoned Seaweed cadmium compounds,raw_material_contaminant,raw_material_contaminant
Breakfast cereals Acrylamide,processing_generated,processing_generated
Mugs with Exterior Designs Lead,food_contact_container,food_contact_container
"Seaweed Arsenic (inorganic oxides), Cadmium",raw_material_contaminant,raw_material_contaminant
Victorian Style Wood Walking Stick – Upper Deck Ltd Lead,product_material_or_formula,product_material_or_formula
Wheelchairs with Armrests and/or other accessible Vinyl Components Di(2-ethylhexyl)phthalate (DEHP),product_material_or_formula,product_material_or_formula
"Scout Canning, Tuna Snack Kit Chili Crisp, UPC#628011090232, Scout Canning, Tuna Snack Kit Herb Crunch, UPC#628011090249 lead compounds",food_contact_container,raw_material_contaminant
"North American Herb & Spice, OregaWild, UPC#635824007371 Lead",food_contact_container,food_contact_container
Sesame Teriyaki Noodle Bowl Cadmium,food_contact_container,food_contact_container
Vinyl Zippered Mattress Protector Di(2-ethylhexyl)phthalate,product_material_or_formula,product_material_or_formula
Backpacks with Vinyl/PVC Handles Di(2-ethylhexyl)phthalate (DEHP),product_material_or_formula,product_material_or_formula
Seaweed Strip Arsenic (inorganic arsenic compounds),raw_material_contaminant,raw_material_contaminant
"wood pellets and energy logs 1,6-Dinitropyrene, 3-Methylcholanthrene, 5-Nitroacenaphthene, 7H-Dibenzo[c,g]carbazole, Benzo[a]pyrene, Benzo[b]fluoranthene, Benzo[j]fluoranthene, Benzo[k]fluoranthene, Benz[a]anthracene, Chrysene, Creosotes, Dibenzo[a,e]pyrene, Dibenzo[a,h]pyrene, Dibenzo[a,i]pyrene, Dibenzo[a,l]pyrene, Dibenz[a,h]acridine, Dibenz[a,h]anthracene, Dibenz[a,j]acridine",product_material_or_formula,processing_generated
Glassware with exterior artwork Lead,food_contact_container,food_contact_container
Canes with Vinyl Grips Diisononyl phthalate (DINP),food_contact_container,product_material_or_formula
Vinyl seats Di(2-ethylhexyl)phthalate,product_material_or_formula,product_material_or_formula
JLA Bath Isabel Soap Dish Lead,product_material_or_formula,food_contact_container
Seaweed Lead,raw_material_contaminant,raw_material_contaminant
Tech Med Medical Supplies with Vinyl Components Diisononyl phthalate (DINP),product_material_or_formula,product_material_or_formula
Glassware Lead,food_contact_container,food_contact_container
Crossbody Bag Di-n-butyl phthalate (DBP),product_material_or_formula,product_material_or_formula
Glassware and ceramics with Exterior Artwork Cadmium,food_contact_container,food_contact_container
Cleansers containing bleach or sodium hypochlorite Bromodichloromethane,product_material_or_formula,product_material_or_formula
"Clairol Herbal Essences Shampoo, Tide Totalcare Laundry Detergent, Head & Shoulders Shampoo 1,4-Dioxane",product_material_or_formula,product_material_or_formula
Bison Life wing thumb gloves Chromium (hexavalent compounds),product_material_or_formula,product_material_or_formula
"Limited Too kids shoes, clear jelly with glitter material, ""Infant5-106ppk"", ""D1025 C655"", UPC: 400237276405 Di-n-butyl phthalate (DBP)",product_material_or_formula,product_material_or_formula
Luggage Tags with vinyl/PVC windows Di(2-ethylhexyl)phthalate (DEHP),product_material_or_formula,product_material_or_formula
"Suction Hooks, Suction Cup Hooks, Tools Crimping Tool Lead",food_contact_container,food_contact_container
"Ascent 100% Whey Native Whey Protein Blend Chocolate, Ascent Plant Protein Powder Chocolate, Ascent 100% Casein Micellar Casein Isolate Protein Powder Chocolate Cadmium",raw_material_contaminant,raw_material_contaminant
Seaweed to Go lead compounds,raw_material_contaminant,raw_material_contaminant
Glassware lead compounds,food_contact_container,food_contact_container
Wire-Frame Storage Baskets with Vinyl Components Diisononyl phthalate (DINP),product_material_or_formula,product_material_or_formula
Glass beverage containers Lead,food_contact_container,food_contact_container
"Johnson’s Baby Powder lead compounds, Silica, crystalline (airborne particles of respirable size)",product_material_or_formula,product_material_or_formula
Canned Sardines cadmium compounds,food_contact_container,food_contact_container
"Riverside Sports EZ Catch Ball & Glove, Sporting Items Di(2-ethylhexyl)phthalate",product_material_or_formula,product_material_or_formula
Royal Crest Vinyl Curtains & Liners Diisononyl phthalate (DINP),product_material_or_formula,product_material_or_formula
Wheelchairs with Armrests and/or other accessible Vinyl Components Di(2-ethylhexyl)phthalate (DEHP),product_material_or_formula,product_material_or_formula
"Brass door, cabinet and wall hardware Lead",product_material_or_formula,product_material_or_formula
Suction Cups Di(2-ethylhexyl)phthalate (DEHP),food_contact_container,food_contact_container
Ceramic Planters With Exterior Designs Lead,food_contact_container,food_contact_container
Inflatable Ring Cushions with Vinyl/PVC Air Valves Di(2-ethylhexyl)phthalate (DEHP),product_material_or_formula,product_material_or_formula
Franklin Sports Blue Inferno Tee Ball Set – PVC Glove Di(2-ethylhexyl)phthalate (DEHP),product_material_or_formula,product_material_or_formula
"Stethoscopes, Safety Vests with Vinyl Components, Window Punches with Brass Components Lead",product_material_or_formula,product_material_or_formula
"nivea bath care, mascara, eye cream Nickel",product_material_or_formula,product_material_or_formula
Clear Makeup Bags; MPN: CMB0822 UPC: 658906639727 EAN: 0658906639727 Di(2-ethylhexyl)phthalate (DEHP),product_material_or_formula,product_material_or_formula
"Stauffer's Animal Crackers, Gerber Lil' Biscuits Vanilla Wheat, Gerber Arrowroot Cookies Acrylamide",processing_generated,processing_generated
"Drainage Bag, Lab Spatula – Reusable Case Diisononyl phthalate (DINP)",product_material_or_formula,product_material_or_formula
"girl's chokers, crossbody phone bags Di(2-ethylhexyl)phthalate (DEHP)",product_material_or_formula,product_material_or_formula
"progesterone creams and gels, firewood, fire logs and fire starters Formaldehyde (gas), Furan, Indeno [1,2,3-cd]pyrene, Soots, tars",product_material_or_formula,product_material_or_formula
"Organic Roasted Seaweed, Organic Raw Seaweed Cadmium",raw_material_contaminant,raw_material_contaminant
Zombie Blood Spray Diethanolamine,product_material_or_formula,product_material_or_formula
"Shampoo and Liquid Soaps Such as Hand Soap, Body Wash and Bubble Bath Coconut oil diethanolamine condensate (cocamide diethanolamine)",product_material_or_formula,product_material_or_formula
Vinyl/PVC bags Di(2-ethylhexyl)phthalate (DEHP),product_material_or_formula,product_material_or_formula
Plastic Clutch Purse Di(2-ethylhexyl)phthalate (DEHP),product_material_or_formula,product_material_or_formula
Vinyl/PVC Tubing Di(2-ethylhexyl)phthalate (DEHP),product_material_or_formula,product_material_or_formula
Delta Cannabis Water- Blood Orange delta-9-tetrahydrocannabinol,food_contact_container,food_contact_container
storage bags for hammocks Di(2-ethylhexyl)phthalate (DEHP),product_material_or_formula,product_material_or_formula
Ceramic containers with Exterior Artwork Lead,food_contact_container,food_contact_container
Cleansers containing bleach or sodium hypochlorite Chloroform,product_material_or_formula,product_material_or_formula
Aluminum water bottles Lead,food_contact_container,food_contact_container
"Fisherman Brand Cooked, Peeled, and Deveined Crawfish Meat Lead",raw_material_contaminant,raw_material_contaminant
Holiday Time 2 Pair Mugs Lead,food_contact_container,food_contact_container
Abuelita Mexican Hot Chocolate Tablets - UPC No.: 0-2800015785-2 Lead,food_contact_container,raw_material_contaminant
"Fried Squid, Roasted Squid, Dried Shrimp, Fried Baby Crab cadmium compounds",product_material_or_formula,raw_material_contaminant
Vinyl pencil pouches Lead,product_material_or_formula,product_material_or_formula
Duchamp bag Di(2-ethylhexyl)phthalate (DEHP),product_material_or_formula,product_material_or_formula
Daisy Fuentes purses Di(2-ethylhexyl)phthalate (DEHP),product_material_or_formula,product_material_or_formula
Albacore Tuna. mercury compounds,raw_material_contaminant,raw_material_contaminant
Bear Creek Country Kitchens Creamy Wild Rice Soup Mix Lead,raw_material_contaminant,raw_material_contaminant
Dried Seaweed lead compounds,raw_material_contaminant,raw_material_contaminant
Rawlings Game On! children’s hoop set Bisphenol A (BPA),product_material_or_formula,food_contact_container
Ceramic Mugs With Exterior Designs Lead,food_contact_container,food_contact_container
Schwinn Removable Bike Wallet #SW79217 UPC038675146464 Di(2-ethylhexyl)phthalate (DEHP),product_material_or_formula,product_material_or_formula
Ceramic Mugs With Exterior Designs Lead,food_contact_container,food_contact_container
"Organic Roasted Seaweed, Organic Raw Seaweed cadmium compounds",raw_material_contaminant,raw_material_contaminant
nasal sprays Mercury,product_material_or_formula,product_material_or_formula
thermal travel mugs Lead,food_contact_container,food_contact_container
Infant Shoes Di(2-ethylhexyl)phthalate,product_material_or_formula,product_material_or_formula
Roasted Seaweed cadmium compounds,raw_material_contaminant,raw_material_contaminant
Vinyl/PVC Audio Cables Di(2-ethylhexyl)phthalate (DEHP),product_material_or_formula,product_material_or_formula
Spinach Rice Paper Banh Trang Lead,raw_material_contaminant,raw_material_contaminant
Tote bags Di-n-butyl phthalate (DBP),product_material_or_formula,product_material_or_formula
nasal sprays Mercury,product_material_or_formula,product_material_or_formula
Kidz Infinity Building Bag Di(2-ethylhexyl)phthalate (DEHP),product_material_or_formula,product_material_or_formula
Nandog™ Pet Gear 320 Eco-Friendly Pet Waste Bags; UPC: 843646022841; WBR-8716-HPU Di(2-ethylhexyl)phthalate (DEHP),product_material_or_formula,product_material_or_formula
Glassware with exterior artwork Lead,food_contact_container,food_contact_container
Glassware Products Lead,food_contact_container,food_contact_container
4x6 Photo Opening – polished Metal Lead,product_material_or_formula,food_contact_container
"LTH Grass-Fed Whey Protein Naturally Flavored Chocolate with Other Natural Flavors Whey, LTH Grass-Fed Whey+ All-In-One Naturally Flavored Chocolate with Other Natural Flavors Build lead compounds",raw_material_contaminant,raw_material_contaminant
Clothing Di(2-ethylhexyl)phthalate (DEHP),product_material_or_formula,product_material_or_formula
Wood Treatment Arsenic (inorganic arsenic compounds),product_material_or_formula,product_material_or_formula
"Nasal sprays, ointments and eye care products mercury compounds",product_material_or_formula,product_material_or_formula
"PlantFusion, Organic Fruitful Greens, UPC#855560002380, PlantFusion, Organic Mushrooms + Protein Powder - Creamy Vanilla Bean, UPC#840052400805, PlantFusion, Organic Alkalizing Greens, UPC#855560002410 lead compounds",product_material_or_formula,raw_material_contaminant
"Hawaiian Haze CBD Hemp Flower, Skywalker OG CBD Hemp Flower, Cherry Wine CBD Hemp Flower, OG Kush CBD Hemp Flower, Sour Diesel CBD Hemp Flower, Sour Space Candy CBD Hemp Flower Pre-Roll 5-Pack, Orange Bliss Hemp Body Lotion, Jack Herer CBD Hemp Vape Cartridge Marijuana smoke",food_contact_container,food_contact_container
Rice Lead,raw_material_contaminant,raw_material_contaminant
Canes with Vinyl Grips Diisononyl phthalate (DINP),food_contact_container,product_material_or_formula
fabric shower curtains Perfluorooctanoic Acid (PFOA),product_material_or_formula,product_material_or_formula
Shellfish lead compounds,raw_material_contaminant,raw_material_contaminant
Seaweed Snack Cadmium,raw_material_contaminant,raw_material_contaminant
Glassware with Exterior Artwork Lead,food_contact_container,food_contact_container
"LIPAVI 6.5 Gallon Sous Vide Container, UPC No. 5 060402 550164 Bisphenol A (BPA)",food_contact_container,food_contact_container
Rice Lead,raw_material_contaminant,raw_material_contaminant
"Psyllium Husk Powder 5 pound, 10 pound, and 55 pound bag lead compounds",product_material_or_formula,product_material_or_formula
American Crew Light Holding Styling Gel Diethanolamine,food_contact_container,food_contact_container
"Environmental Exposures; Occupational Exposures; and Product Exposures (Swimming Pool/Hot Tubs; Food and Beverage Operations; Automobile Parking Facilities; Valet (shoeshine and dry cleaning delivery); Matches; Arts & Crafts Supplies and Classes; Second-hand Smoke and Smokeless Tobacco Products; Cleaning Supplies/Janitorial; Maintenance/Power Tools; Furniture/Furnishings/Window Treatments; Public and Guest Bathrooms; Medical/First Aid Supplies; Internal Combustion (“IC”) Engines, Boilers and other Gas Burning Devices, and Fireplaces; Electronic Equipment, Electric Equipment and Associated Cables Wires and Batteries; Office Supplies and Office Equipment; Hand Tools, Hardware and Brass Keys; and Fertilizers, Soil Amendments, and Pesticides and Herbicides). Tobacco smoke (primary)",food_contact_container,food_contact_container
"Divine 70% Dark Chocolate Mini Eggs, Michel Cluizel Noir Infini 99%, Toblerone of Switzerland Dark Chocolate with Honey and Almond Nougat, Enjoy Life Eat Freely boomCHOCOboom Bar, Navitas Organic’s Organic Cacao Nibs , Dark Chocolate M&M’s , Valrhona Poudre de Cacao, Guittard’s Clair De Lune Bittersweet Chocolate , Dark Chocolate Extra Bitter Callets, 70.4% Cacao, Kumabo 80.1% Cocoa Callets, 80% Kumabo Dark Chocolate, Unsweetened, TCHO Dark Chocolate Ghana, 70% Cacao , TCHO Extra Dark 81% Cacao, 70% Cacao lead compounds",raw_material_contaminant,raw_material_contaminant
Good to Go bag Di(2-ethylhexyl)phthalate (DEHP),product_material_or_formula,product_material_or_formula
mercury in nasal sprays mercury compounds,product_material_or_formula,product_material_or_formula
Glass Soda Bottle Products Lead,food_contact_container,food_contact_container
Tools with vinyl grips Di(2-ethylhexyl)phthalate (DEHP),product_material_or_formula,product_material_or_formula
Vinyl/PVC Bags Di(2-ethylhexyl)phthalate (DEHP),product_material_or_formula,product_material_or_formula
Polaroid Camera Bag Diisononyl phthalate (DINP),product_material_or_formula,product_material_or_formula
"Dried Seaweed Arsenic (inorganic oxides), Cadmium",raw_material_contaminant,raw_material_contaminant
Smoke & Mirrors 5 pc. Travel Set Bag Di(2-ethylhexyl)phthalate (DEHP),product_material_or_formula,product_material_or_formula
"Padded armrests and/or other vinyl upholstered components used for wheelchairs, Wheelchairs with padded armrests and/or other accessible vinyl components, Grips and/or other vinyl upholstered components used for wheelchairs, Rollators with accessible vinyl upholstered components Diisononyl phthalate (DINP)",product_material_or_formula,product_material_or_formula
"KOS, Organic Plant Protein Chocolate Peanut Butter Flavored, UPC#850015510489 lead compounds",raw_material_contaminant,raw_material_contaminant
Children's toys Lead,product_material_or_formula,product_material_or_formula
"Vinyl/PVC ID Pouches, Vinyl/PVC Manicure Cases Di(2-ethylhexyl)phthalate (DEHP)",product_material_or_formula,product_material_or_formula
Aen Art Gel Pens plastic packaging Di(2-ethylhexyl)phthalate (DEHP),food_contact_container,food_contact_container
Rice Lead,raw_material_contaminant,raw_material_contaminant
Peach Clear Cosmetic Bag Diisononyl phthalate (DINP),product_material_or_formula,product_material_or_formula
"Bergin Fruit & Nut Dark Chocolate and Sea Salt Caramel 7 OZ, Product Code 020527011280 Lead",raw_material_contaminant,raw_material_contaminant
"Brass door, cabinet and wall hardware Lead",product_material_or_formula,product_material_or_formula
Enamel Mugs With Exterior Designs Lead,food_contact_container,food_contact_container
toy blaster sets Di(2-ethylhexyl)phthalate (DEHP),product_material_or_formula,product_material_or_formula
"Save My Gut Tri-Maca Supreme Elevate Vitality, Energy, & Balance, Save My Gut GutRenew Detox, Save My Gut Grass-Fed Collagen Creamer Rebuild Replenish Revitalize Vanilla lead compounds",product_material_or_formula,product_material_or_formula
Johnston & Murphy Wallet Di(2-ethylhexyl)phthalate (DEHP),product_material_or_formula,product_material_or_formula
Wood Burning Tips and Stamps Lead,product_material_or_formula,product_material_or_formula
"Limited Too Sleepover Spa Set, UPC No. 1 92040 02388 7, Limited Too Purse for Girls, UPC No. 7 0999676687 6 Di(2-ethylhexyl)phthalate",product_material_or_formula,product_material_or_formula
Glassware With Exterior Designs Lead,food_contact_container,food_contact_container
Ceramic Pitchers With Exterior Designs Lead,food_contact_container,food_contact_container
"Children's Play Tunnels Tris(1,3-dichloro-2-propyl) phosphate (TDCPP)",product_material_or_formula,product_material_or_formula
Shellfish lead compounds,raw_material_contaminant,raw_material_contaminant
Glassware with artwork or designs on the exterior lead compounds,food_contact_container,food_contact_container
"American Dream Double Butter Crunch Peanut Butter, American Dream Candy Cane Kisses Dream Cake, American Dream Cookie Batter Dream Cake, American Dream Brownie Batter Dream Cake, American Dream Gingerdoodle Dream Cake mercury compounds",food_contact_container,food_contact_container
Vinyl/PVC Gloves Diisononyl phthalate (DINP),product_material_or_formula,product_material_or_formula
XtremPro CD Wallet Di(2-ethylhexyl)phthalate,product_material_or_formula,product_material_or_formula
French-Fried Potatoes Acrylamide,processing_generated,processing_generated
Transparent Plastic / Vinyl Pouch Di(2-ethylhexyl)phthalate (DEHP),product_material_or_formula,product_material_or_formula
Fu Zhou Fish Ball Lead,raw_material_contaminant,raw_material_contaminant
"Frankie Rose Cosmetics Blush Titanium dioxide (airborne, unbound particles of respirable size)",product_material_or_formula,declared_ingredient
Ceramic Containers with Exterior Artwork Lead,food_contact_container,food_contact_container
Polymer Handbag Di(2-ethylhexyl)phthalate (DEHP),product_material_or_formula,product_material_or_formula
Vinyl/PVC Cases Di(2-ethylhexyl)phthalate (DEHP),product_material_or_formula,product_material_or_formula
Gloves with Vinyl/PVC Components Di(2-ethylhexyl)phthalate (DEHP),product_material_or_formula,product_material_or_formula
Chloe Alexis Tote Bags Di-n-butyl phthalate (DBP),product_material_or_formula,product_material_or_formula
nasal sprays Mercury,product_material_or_formula,product_material_or_formula
Shampoo Coconut oil diethanolamine condensate (cocamide diethanolamine),product_material_or_formula,product_material_or_formula
"Vinyl/PVC Storage Bin Handles, Vinyl/PVC Pouches Di(2-ethylhexyl)phthalate (DEHP)",product_material_or_formula,product_material_or_formula
Upholstered furniture including ottomans Tris(2-chloroethyl) phosphate,product_material_or_formula,product_material_or_formula
Tuna Lead,raw_material_contaminant,raw_material_contaminant
Ceramic Mugs with Exterior Designs Lead,food_contact_container,food_contact_container
Bottle stopper Di(2-ethylhexyl)phthalate (DEHP),food_contact_container,food_contact_container
Ceramic Canisters With Exterior Designs Lead,food_contact_container,food_contact_container
Ceramic Mugs With Exterior Designs Lead,food_contact_container,food_contact_container
Clinton Industries Dumbbell Vinyl Coated 1LB Di(2-ethylhexyl)phthalate (DEHP),product_material_or_formula,product_material_or_formula
Phillips Place Bag Di(2-ethylhexyl)phthalate (DEHP),product_material_or_formula,product_material_or_formula
Clear Handbag with Polymer Components Diisononyl phthalate (DINP),product_material_or_formula,product_material_or_formula
Bruce Bolt Premium Ankle Guard for Children Chromium (hexavalent compounds),product_material_or_formula,product_material_or_formula
Leaded crystal glassware Lead,food_contact_container,food_contact_container
PBZ OTC Pyribenzamine Antihistamine Cream Diethanolamine,product_material_or_formula,product_material_or_formula
"See Your Stuff Storage Bag, UPC No. 7 66516 14001 1 Di(2-ethylhexyl)phthalate (DEHP)",product_material_or_formula,product_material_or_formula
ORACAL 651 Multi-Color Vinyl Starter Kit Bundle Diisononyl phthalate (DINP),product_material_or_formula,product_material_or_formula
"Dry clay used by ceramicists. Silica, crystalline (airborne particles of respirable size)",food_contact_container,product_material_or_formula
Glassware lead compounds,food_contact_container,food_contact_container
ENVY Hyaluronic & Salicylic Acid Facial Cream Renewing Hydrating Clearing Diethanolamine,product_material_or_formula,product_material_or_formula
On The Nice List Ceramic Mug Lead,food_contact_container,food_contact_container
gu_de crossbody bag Di(2-ethylhexyl)phthalate (DEHP),product_material_or_formula,product_material_or_formula
"Vinyl Pouches Di(2-ethylhexyl)phthalate, Di(2-ethylhexyl)phthalate (DEHP)",product_material_or_formula,product_material_or_formula
Candy lead compounds,food_contact_container,food_contact_container
Vinyl/PVC Electrical Tape Di(2-ethylhexyl)phthalate (DEHP),product_material_or_formula,product_material_or_formula
Ceramic Products Lead,food_contact_container,food_contact_container
Trader Joe’s Baby Spinach Cadmium,product_material_or_formula,product_material_or_formula
Brown Rice Ovaletts Mercury,raw_material_contaminant,raw_material_contaminant
Vinyl/PVC Gloves Diisononyl phthalate (DINP),product_material_or_formula,product_material_or_formula
1 X Vinyl Tubing - 10 feet 5/16 ID - 7/16 OD Di(2-ethylhexyl)phthalate (DEHP),product_material_or_formula,product_material_or_formula
Glassware w/Exterior Artwork Lead,food_contact_container,food_contact_container
Rite-Aid Thrifty Cake Cup Acrylamide,food_contact_container,processing_generated
Mugs with Sleeves Di(2-ethylhexyl)phthalate (DEHP),food_contact_container,food_contact_container
Stockfish Bits lead compounds,raw_material_contaminant,raw_material_contaminant
Gloves with Vinyl/PVC Components Di(2-ethylhexyl)phthalate (DEHP),product_material_or_formula,product_material_or_formula
Glassware lead compounds,food_contact_container,food_contact_container
Vinyl-Coated Wire Lead,product_material_or_formula,product_material_or_formula
Metal and Glass Candle Holders Lead,food_contact_container,food_contact_container
Vinyl/PVC Keychains Di(2-ethylhexyl)phthalate (DEHP),product_material_or_formula,product_material_or_formula
Clear Pink Bag Di(2-ethylhexyl)phthalate (DEHP),product_material_or_formula,product_material_or_formula
Roasted Seaweed Lead,raw_material_contaminant,raw_material_contaminant
Moisturizing Creams Progesterone,product_material_or_formula,product_material_or_formula
Vinyl/PVC Tool Grips Di(2-ethylhexyl)phthalate (DEHP),product_material_or_formula,product_material_or_formula
"Greenwood Long Reach Ratcheting Lopper, Thunderbolt Magnum 12 Volt Battery to Lighter Extension Cord Di(2-ethylhexyl)phthalate (DEHP)",product_material_or_formula,product_material_or_formula
T-Shirt & Jeans Backpack Diisononyl phthalate (DINP),product_material_or_formula,product_material_or_formula
Wire-Frame Storage Baskets with Vinyl Components Di(2-ethylhexyl)phthalate (DEHP),product_material_or_formula,product_material_or_formula
Seasoned Seaweed lead compounds,raw_material_contaminant,raw_material_contaminant
"KOS Nature-Powered Organic Plant Protein Chocolate Flavored , KOS Nature-Powered Organic Plant Protein Chocolate Peanut Butter Flavored lead compounds",raw_material_contaminant,raw_material_contaminant
Vinyl/PVC Covers Di(2-ethylhexyl)phthalate (DEHP),product_material_or_formula,product_material_or_formula
"Probar, LLC, Pro Bar Bite Peanut Butter Chocolate Chip, UPC#5315200667 lead compounds",raw_material_contaminant,raw_material_contaminant
Nori Seaweed Lead,raw_material_contaminant,raw_material_contaminant
Faux Leather Furniture lead compounds,product_material_or_formula,product_material_or_formula
"Environmental Exposures; Occupational Exposures; and Product Exposures (Second-hand Smoke and Smokeless Tobacco Products; Use of Combustible Products and Materials by Tenants; Use of Hobby-Related Products and Materials by Tenants; Apartment Properties Construction Materials; Natural gas, liquid fuel gases and fuel oil conversion; Parking Facilities and Designated Loading/Unloading Locations Cause Exposure to Vehicle Emissions; Emergency Generators; Tenant, Employee and Business Invitees Transportation Services; In-Apartment Cleaning and Maintenance; Exterior and Common Area Apartment Maintenance; and Exposures to Designated Chemicals Associated with Apartment Property Amenities). Tobacco smoke (primary)",food_contact_container,food_contact_container
Fried or Baked Potato or Sweet Potato Based Snack Food Acrylamide,processing_generated,processing_generated
Rongrong Devoe Fall Tableware 2021 mug Lead,food_contact_container,food_contact_container
Shellfish lead compounds,raw_material_contaminant,raw_material_contaminant
Jerry Leigh mugs with exterior decorations Lead,food_contact_container,food_contact_container
Seat Cushions with Vinyl/PVC Upholstery Di(2-ethylhexyl)phthalate (DEHP),product_material_or_formula,product_material_or_formula
20 PCS Cosmetic Organizer Bag; ASIN: B07Z3FP3MK Di(2-ethylhexyl)phthalate (DEHP),product_material_or_formula,product_material_or_formula
Sesame Teriyaki Noodle Bowl Lead,food_contact_container,food_contact_container
Chairs with Vinyl/PVC Upholstery containing Di(2-ethylhexyl)phthalate Di(2-ethylhexyl)phthalate (DEHP),product_material_or_formula,product_material_or_formula
Clear Vinyl Tablecloth Diisononyl phthalate (DINP),product_material_or_formula,product_material_or_formula
Tote bags Di(2-ethylhexyl)phthalate (DEHP),product_material_or_formula,product_material_or_formula
Natural Woman Essential Body Cream Progesterone,product_material_or_formula,product_material_or_formula
Glassware Lead,food_contact_container,food_contact_container
"Upholstered Ottomans with Foam Padding containing Tris(2-chloroethyl) phosphate, Upholstered Ottomans with Foam Padding containing Tris(1,3-dichloro-2-propyl) phosphate, Ottomans with Vinyl/PVC Upholstery containing Di(2-ethylhexyl)phthalate Tris(2-chloroethyl) phosphate",product_material_or_formula,product_material_or_formula
Franklin Classic One Batting Gloves Chromium (hexavalent compounds),product_material_or_formula,product_material_or_formula
"Ionil-T Plus Conditioning Shampoo, Ionil-T Shampoo Benzo[a]pyrene, Benzo[b]fluoranthene, Benzo[j]fluoranthene, Benzo[k]fluoranthene, Benz[a]anthracene, Carbazole, Chrysene, Dibenz[a,h]anthracene, Dibenz[a,j]acridine, Indeno [1,2,3-cd]pyrene, Soots, tars",product_material_or_formula,processing_generated
"Wallets, handbags, belts Di(2-ethylhexyl)phthalate (DEHP)",product_material_or_formula,product_material_or_formula
"Kitchen & Love, Quinoa Quick Cup, Artichoke & Roaster Pepper, UPC#728119400008 Lead",food_contact_container,food_contact_container
TREKGEAR bag Di(2-ethylhexyl)phthalate (DEHP),product_material_or_formula,product_material_or_formula
Waterproof Fanny Pack and Dry Bag Di(2-ethylhexyl)phthalate (DEHP),product_material_or_formula,product_material_or_formula
"Kosas Cosmetics Cloud Setting Powder Titanium dioxide (airborne, unbound particles of respirable size)",product_material_or_formula,declared_ingredient
"MG217 Extra Strength Medicated Tar Shampoo with Conditioners, MG217 Intensive Strength Ointment used engine oils)",product_material_or_formula,product_material_or_formula
Johnson’s Baby Powder Arsenic (inorganic oxides),product_material_or_formula,product_material_or_formula
"Vinyl/PVC Seat Consoles, Automotive Seat Cushions with Vinyl/PVC Components Di(2-ethylhexyl)phthalate (DEHP)",product_material_or_formula,product_material_or_formula
Ceramic Mugs With Exterior Designs Lead,food_contact_container,food_contact_container
"Stethoscopes, Safety Vests with Vinyl Components, Window Punches with Brass Components Di(2-ethylhexyl)phthalate, Di(2-ethylhexyl)phthalate (DEHP)",product_material_or_formula,product_material_or_formula
"Tape Measures with Vinyl/PVC Grips, Tools with Vinyl/PVC Grips, Tool Bags with Vinyl/PVC Handles, Vinyl/PVC Tape Di(2-ethylhexyl)phthalate (DEHP)",product_material_or_formula,product_material_or_formula
Glassware with Exterior Artwork Lead,food_contact_container,food_contact_container
Glass beverage container Lead,food_contact_container,food_contact_container
"Posh Home Bag, UPC# 748279173895 Di(2-ethylhexyl)phthalate (DEHP)",product_material_or_formula,product_material_or_formula
Clear plastic bag of Developmat Di(2-ethylhexyl)phthalate (DEHP),product_material_or_formula,product_material_or_formula
bags Di(2-ethylhexyl)phthalate (DEHP),product_material_or_formula,product_material_or_formula
"Environmental Exposures; Occupational Exposures; and Product Exposures (Swimming Pool/Hot Tubs; Food and Beverage Operations; Automobile Parking Facilities; Fireplaces and Patio Heaters; Valet (shoeshine and dry cleaning delivery); Candles; Matches; Sterno Cooking Fuel; Second-hand Smoke and Smokeless Tobacco Products; Cleaning Supplies/Janitorial; Maintenance/Power Tools; Furniture/Furnishings/Window Treatments; Public and Guest Bathrooms; Medical/First Aid Supplies; Internal Combustion (“IC”) Engines, Boilers and other Gas Burning Devices, and Fireplaces; Electronic Equipment, Electric Equipment and Associated Cables Wires and Batteries; Office Supplies and Office Equipment; Hand Tools, Hardware and Brass Keys; and Fertilizers, Soil Amendments, and Pesticides and Herbicides). Tobacco smoke (primary)",food_contact_container,food_contact_container
Lindt Excellence Dark Chocolate 90%; UPC: 037466042695 Lead,raw_material_contaminant,raw_material_contaminant
Hand Crew gloves Chromium (hexavalent compounds),product_material_or_formula,product_material_or_formula
Glassware Lead,food_contact_container,food_contact_container
True Mass Protein -- Chocolate Milkshake Cadmium,raw_material_contaminant,raw_material_contaminant
Handbags with Plastic Components Di(2-ethylhexyl)phthalate (DEHP),product_material_or_formula,product_material_or_formula
Valves with Vinyl/PVC Grips Di(2-ethylhexyl)phthalate (DEHP),product_material_or_formula,product_material_or_formula
Sweet Chili Noodle Bowl with Cooked Hokkien Noodles UPC: 7-6566710090-5 Cadmium,food_contact_container,food_contact_container
OBAGI MEDICAL Hydrate Luxe Cream Diethanolamine,product_material_or_formula,product_material_or_formula
Cosmetic Bag with Plastic Components Di(2-ethylhexyl)phthalate (DEHP),product_material_or_formula,product_material_or_formula
Children's Cross Body Carry Bag Di(2-ethylhexyl)phthalate (DEHP),product_material_or_formula,product_material_or_formula
"Great American Seafood Imports Co. Farm Raised Mussels, Albertsons Live Eastern Oysters in Shell, Albertsons Live Wild Littleneck Clams, Waterfront Bistro Mussels in Garlic Butter Sauce, Albertsons Mussels PEI Live, Open Nature Patagonian Bay Scallops Petite cadmium compounds",food_contact_container,food_contact_container
Ceramic pie weights Lead,food_contact_container,food_contact_container
Glass and ceramicware with exterior artwork Lead,food_contact_container,food_contact_container
Vinyl flooring Di(2-ethylhexyl)phthalate,product_material_or_formula,product_material_or_formula
Alozera Hyaluronic Acid + Aloe Skin Hydrating Cream Diethanolamine,product_material_or_formula,product_material_or_formula
"Vinyl/PVC Ear Plug Cords, Safety Vests with Vinyl/PVC Components Di(2-ethylhexyl)phthalate (DEHP)",product_material_or_formula,product_material_or_formula
"Nasal sprays, ointments and eye care products Mercury",product_material_or_formula,product_material_or_formula
Animal Crackers Acrylamide,processing_generated,processing_generated
Design Love Fest Travel Bottle and Jar Set Di(2-ethylhexyl)phthalate (DEHP),food_contact_container,food_contact_container
Softballs with Vinyl/PVC Covers Di(2-ethylhexyl)phthalate (DEHP),product_material_or_formula,product_material_or_formula
Vinyl/PVC Push Pin Decorations Di(2-ethylhexyl)phthalate (DEHP),product_material_or_formula,product_material_or_formula
"High Beams Intense Spray-On Hair Color Titanium dioxide (airborne, unbound particles of respirable size)",product_material_or_formula,declared_ingredient
Clear Handbag with Polymer Components Di(2-ethylhexyl)phthalate (DEHP),product_material_or_formula,product_material_or_formula
Children's Footwear Diisononyl phthalate (DINP),product_material_or_formula,product_material_or_formula
Ceramic Products Lead,food_contact_container,food_contact_container
PVC Ice Bag Champagne Wine Pouch Di(2-ethylhexyl)phthalate (DEHP),product_material_or_formula,product_material_or_formula
"purses, bags including manbags, clutches, and wallets Di(2-ethylhexyl)phthalate (DEHP)",product_material_or_formula,product_material_or_formula
Suction Cup Phone Mount with PVC Components Di(2-ethylhexyl)phthalate (DEHP),food_contact_container,food_contact_container
Hanamaruki Instant Miso Soup Wakame Seaweed Lead,raw_material_contaminant,raw_material_contaminant
"Sensors with Brass Components, Vinyl Banners Lead",product_material_or_formula,product_material_or_formula
Ceramic Trays With Decorations Containing Lead Lead,food_contact_container,food_contact_container
"Discharge of chemicals from lumbermill. 2,3,7,8-Tetrachlorodibenzo-p-dioxin (TCDD), 2,4,6-Trichlorophenol, Benzene, Benzo[a]pyrene, Benzo[b]fluoranthene, Benzo[j]fluoranthene, Benzo[k]fluoranthene, Hexachlorodibenzodioxin, Pentachlorophenol, Polychlorinated dibenzo-p-dioxins, Polychlorinated dibenzofurans",processing_generated,processing_generated
Milk Makeup Kit Di(2-ethylhexyl)phthalate (DEHP),product_material_or_formula,product_material_or_formula
Furniture Di(2-ethylhexyl)phthalate (DEHP),product_material_or_formula,product_material_or_formula
"Body Wash, Shampoo 1,4-Dioxane",product_material_or_formula,product_material_or_formula
Drum Thrones with Vinyl/PVC Upholstery containing Di(2-ethylhexyl)phthalate Di(2-ethylhexyl)phthalate (DEHP),product_material_or_formula,product_material_or_formula
Mexican Style Candy Lead,food_contact_container,food_contact_container
Hose Bibbs Lead,product_material_or_formula,product_material_or_formula
"pet sprayers, cases of travel bottles Di(2-ethylhexyl)phthalate (DEHP)",food_contact_container,food_contact_container
Dermactin Underglow Sheer Makeup Diethanolamine,product_material_or_formula,product_material_or_formula
Dried Laver and Dried Seaweed lead compounds,raw_material_contaminant,raw_material_contaminant
Gloves Lead,product_material_or_formula,product_material_or_formula
Cookie-fied Bar - Peanut Butter Chocolate Chip Lead,raw_material_contaminant,raw_material_contaminant
"Squid Ring, Cooked Half Shell Black Mussel, Cooked Razor Clam Meat, Dried Anchovy Secher Anchois, Prepared Cuttlefish Cadmium",raw_material_contaminant,raw_material_contaminant
firewood mineral oils (untreated,product_material_or_formula,product_material_or_formula
Gloves Di(2-ethylhexyl)phthalate (DEHP),product_material_or_formula,product_material_or_formula
Ceramicware with exterior artwork Lead,food_contact_container,food_contact_container
Seattle Findings Hand Tools with Vinyl Grips & Brass Craft Tools Di(2-ethylhexyl)phthalate (DEHP),product_material_or_formula,product_material_or_formula
"Lacing Tools with Vinyl Grips Di(2-ethylhexyl)phthalate, Di(2-ethylhexyl)phthalate (DEHP)",product_material_or_formula,product_material_or_formula
Zerran Botanum Shampoo Diethanolamine,product_material_or_formula,product_material_or_formula
Glassware with exterior artwork Lead,food_contact_container,food_contact_container
"Juicing Greens Baby Spinach, Baby Kale Cadmium",product_material_or_formula,product_material_or_formula
Hawaiian Kettle Style Potato Chips Acrylamide,processing_generated,processing_generated
Nail polish Di-n-butyl phthalate (DBP),product_material_or_formula,product_material_or_formula
Clear Cosmetic Bag Di(2-ethylhexyl)phthalate (DEHP),product_material_or_formula,product_material_or_formula
Clear plastic tote bag of body mist collections Di(2-ethylhexyl)phthalate (DEHP),product_material_or_formula,product_material_or_formula
Riffe bag Di(2-ethylhexyl)phthalate (DEHP),product_material_or_formula,product_material_or_formula
Vinyl tool grips Di(2-ethylhexyl)phthalate (DEHP),product_material_or_formula,product_material_or_formula
Rice Lead,raw_material_contaminant,raw_material_contaminant
"Lands End Suede Gloves, UPC# 1 97231 98707 8 Chromium (hexavalent compounds)",product_material_or_formula,product_material_or_formula
Porcelain plates with Exterior Artwork Lead,food_contact_container,food_contact_container
Vinyl/PVC Gloves Diisononyl phthalate (DINP),product_material_or_formula,product_material_or_formula
Vinyl/PVC Extension Cords Di(2-ethylhexyl)phthalate (DEHP),product_material_or_formula,product_material_or_formula
Ceramic Cannisters With Exterior Designs Lead,food_contact_container,food_contact_container
travel bags Di(2-ethylhexyl)phthalate (DEHP),product_material_or_formula,product_material_or_formula
Made with Beetroot Chips Acrylamide,processing_generated,processing_generated
Yellowfin Tuna Lead,raw_material_contaminant,raw_material_contaminant
Vinyl coated tool holders Di(2-ethylhexyl)phthalate (DEHP),product_material_or_formula,product_material_or_formula
Ceramicware with Exterior Artwork Lead,food_contact_container,food_contact_container
Glassware and Ceramic Products Cadmium,food_contact_container,food_contact_container
Parle-G Original Gluco Cookies Acrylamide,processing_generated,processing_generated
"iMoshion Clear PVC Bag ""Style: 66-0005""; SKU # 400185824703 Di(2-ethylhexyl)phthalate (DEHP)",product_material_or_formula,product_material_or_formula
Latex Yoga mats N-Nitrosodimethylamine,processing_generated,processing_generated
Dried Seaweed Lead,raw_material_contaminant,raw_material_contaminant
Dan-D Pack Roasted Almonds Hickory Smoke Acrylamide,processing_generated,processing_generated
"Pet Gear Weather Cover for Sportster Pet Stroller, Item No. PG8000LL Diisononyl phthalate (DINP)",product_material_or_formula,product_material_or_formula
Glassware w/ Exterior Artwork Cadmium,food_contact_container,food_contact_container
nasal spray mercury compounds,product_material_or_formula,product_material_or_formula
"Foam-Cushioned Upholstered Furniture Tris(1,3-dichloro-2-propyl) phosphate (TDCPP)",product_material_or_formula,product_material_or_formula
Novelty candy packaging Di(2-ethylhexyl)phthalate (DEHP),food_contact_container,food_contact_container
Unique Bargains Round Split Shot Fishing Sinker Weight 100 Pcs Lead,raw_material_contaminant,raw_material_contaminant
"X-Large Heavy Duty Storage Bags, N309297 Diisononyl phthalate (DINP)",product_material_or_formula,product_material_or_formula
"hose nozzles, sprinklers, sprinkler supports and bases, wands, shower heads, sprayers, hose couplings, connectors, quick connects, caps, converters, valves, shut offs, unions and hose ends made from leaded brass Lead, Lead acetate, Lead",product_material_or_formula,product_material_or_formula
Vinyl/PVC Cords Di(2-ethylhexyl)phthalate (DEHP),product_material_or_formula,product_material_or_formula
"Glassware, Ceramicware, Lead Soldered products, Leaded crystal Lead",food_contact_container,food_contact_container
Green Thumb Reinforced 3-Ply Vinyl Garden Hose 5/8” x 50’ Di(2-ethylhexyl)phthalate (DEHP),product_material_or_formula,product_material_or_formula
Vinyl flooring Butyl Benzyl Phthalate (BBP),product_material_or_formula,product_material_or_formula
"Vinyl Bags Di(2-ethylhexyl)phthalate, Di(2-ethylhexyl)phthalate (DEHP)",product_material_or_formula,product_material_or_formula
Vinyl Fabric Di(2-ethylhexyl)phthalate (DEHP),product_material_or_formula,product_material_or_formula
Hose bibbs with PVC grips Lead,product_material_or_formula,product_material_or_formula
chick magnet mugs Lead,food_contact_container,food_contact_container
Valve Handles with Vinyl/PVC Grips Di(2-ethylhexyl)phthalate (DEHP),product_material_or_formula,product_material_or_formula
Herbal Secrets - Organic Cocoa Powder Cadmium,raw_material_contaminant,raw_material_contaminant
Lead fishing weights Lead,raw_material_contaminant,raw_material_contaminant
Glassware With Exterior Decorations Lead,food_contact_container,food_contact_container
"Snyders Old Tyme Salted Pretzels, Snyders of Hanover Veggie Chips Acrylamide",processing_generated,processing_generated
Blow-Out Bulbs with Vinyl Components Diisononyl phthalate (DINP),product_material_or_formula,product_material_or_formula
Tools with vinyl grips Di(2-ethylhexyl)phthalate (DEHP),product_material_or_formula,product_material_or_formula
Cassin Fitz bag Diisononyl phthalate (DINP),product_material_or_formula,product_material_or_formula
Seaweed Lead,raw_material_contaminant,raw_material_contaminant
"Butterfly Holographic Zipper Bag, UPC: 613153606564, SKU# 340364, ITEM# 60656 Di(2-ethylhexyl)phthalate (DEHP)",product_material_or_formula,product_material_or_formula
"ORGANICS HAPPYBABY PEARS, KALE, SPINACH Lead",product_material_or_formula,product_material_or_formula
Candles Formaldehyde (gas),food_contact_container,food_contact_container
Ceramic Bowls With Exterior Designs Lead,food_contact_container,food_contact_container
"Floral Accessory bag, D5502 C5519 Di(2-ethylhexyl)phthalate (DEHP)",product_material_or_formula,product_material_or_formula
Tote Bags Lead,product_material_or_formula,product_material_or_formula
Gloves in a Bottle Lotion Diethanolamine,food_contact_container,product_material_or_formula
"Vinyl/PVC Greenhouse Covers, Vinyl Tree Bags Di(2-ethylhexyl)phthalate (DEHP)",product_material_or_formula,product_material_or_formula
"Schick Hydro Sense Shave Cream Comfort, Apaisante, UPC#841058003151 Diethanolamine",product_material_or_formula,product_material_or_formula
card holders in cosmetics sets Di(2-ethylhexyl)phthalate (DEHP),product_material_or_formula,product_material_or_formula
"Flooring and building products Silica, crystalline (airborne particles of respirable size)",product_material_or_formula,product_material_or_formula
Vinyl Stamps Di(2-ethylhexyl)phthalate (DEHP),product_material_or_formula,product_material_or_formula
"Padded armrests and other vinyl upholstered components used for wheelchairs, Walking canes with vinyl components, Wheelchairs with padded armrests and/or other accessible vinyl components, Rollators with accessible vinyl components Lead",food_contact_container,product_material_or_formula
Roasted Seaweed cadmium compounds,raw_material_contaminant,raw_material_contaminant
Fried or Baked Potato or Sweet Potato Based Snack Foods Acrylamide,processing_generated,processing_generated
Valves with Handles with Vinyl/PVC Grips Di(2-ethylhexyl)phthalate (DEHP),product_material_or_formula,product_material_or_formula
Children's Furniture Formaldehyde (gas),product_material_or_formula,product_material_or_formula
Josies Organics Organic Baby Arugula Cadmium,product_material_or_formula,product_material_or_formula
Glassware with Exterior Artwork Lead,food_contact_container,food_contact_container
Watson Gloves Longhorn Chromium (hexavalent compounds),product_material_or_formula,product_material_or_formula
Cookware Di(2-ethylhexyl)phthalate (DEHP),food_contact_container,food_contact_container
Glass Mugs with Exterior Designs Lead,food_contact_container,food_contact_container
"Vinyl/PVC Electrical Tape, Vinyl/PVC Tool Grips Di(2-ethylhexyl)phthalate (DEHP)",product_material_or_formula,product_material_or_formula
"Bristol Farms, Crystalized Ginger, UPC#204615804996, Bristol Farms, Dark Chocolate Almonds, UPC#797299004825, Bristol Farms, Dark Chocolate Espresso Beans, UPC#797299004870 , Bristol Farms, Low Sugar Mangos, UPC#204619907518 lead compounds",raw_material_contaminant,raw_material_contaminant
Dried Seaweed Cadmium,raw_material_contaminant,raw_material_contaminant
China cabinets which contain leaded glass inserts lead compounds,product_material_or_formula,food_contact_container
Vinyl/PVC Bags Di(2-ethylhexyl)phthalate (DEHP),product_material_or_formula,product_material_or_formula
Glassware and Ceramicware Products Cadmium,food_contact_container,food_contact_container
"Attwood PVC Coated Anchor Chain - white plastic, UPC#048903137645 Di(2-ethylhexyl)phthalate (DEHP)",product_material_or_formula,product_material_or_formula
Crime Scene Investigation Themed Toy Kits w/Fingerprint Powder Asbestos,product_material_or_formula,product_material_or_formula
Vinyl/PVC Cables Di(2-ethylhexyl)phthalate (DEHP),product_material_or_formula,product_material_or_formula
"Environmental Exposures; Occupational Exposures; and Product Exposures (Swimming Pool/Hot Tubs; Automobile Parking Facilities; Equipment Maintenance; Matches; Second-hand Smoke and Smokeless Tobacco Products; Cleaning Supplies/Janitorial; Maintenance/Power Tools; Furniture/Furnishings/Window Treatments; Public and Guest Bathrooms; Medical/First Aid Supplies; Internal Combustion (“IC”) Engines, Boilers and other Gas Burning Devices, and Fireplaces; Electronic Equipment, Electric Equipment and Associated Cables Wires and Batteries; Office Supplies and Office Equipment; Hand Tools, Hardware and Brass Keys; and Fertilizers, Soil Amendments, and Pesticides and Herbicides). Tobacco smoke (primary)",food_contact_container,food_contact_container
"Seasoned Seaweed Arsenic (inorganic oxides), Cadmium",raw_material_contaminant,raw_material_contaminant
Trader Joe's Sweet Potato Tortilla Chips Acrylamide,processing_generated,processing_generated
"Update International Measuring Cup, UPC No. 7 55576 02711 0 Bisphenol A (BPA)",food_contact_container,food_contact_container
Roc Plumbing brand of hose bibbs/valves Lead,product_material_or_formula,product_material_or_formula
Cosmetics lead compounds,product_material_or_formula,product_material_or_formula
Canned Sardines lead compounds,food_contact_container,food_contact_container
"Hudson Deck Sprayer, UPC No. 0 2992567882, Model No. 67882 Diisononyl phthalate (DINP)",product_material_or_formula,product_material_or_formula
Vinyl/PVC Cases Di(2-ethylhexyl)phthalate (DEHP),product_material_or_formula,product_material_or_formula
Seaweed Chips cadmium compounds,raw_material_contaminant,raw_material_contaminant
"Chemicals in bulk (or smaller quantities) as straight chemicals, solvent blnds, strippers, cleaners, adhesives, resins and thinners. Dichloromethane (Methylene chloride)",product_material_or_formula,product_material_or_formula
"Colored, Vinyl-Coated Paper Fasteners Lead",product_material_or_formula,product_material_or_formula
California Mango On The Go Crossbody Bag Di(2-ethylhexyl)phthalate (DEHP),product_material_or_formula,product_material_or_formula
"Valves with Vinyl Handle Grips Di(2-ethylhexyl)phthalate, Di(2-ethylhexyl)phthalate (DEHP)",product_material_or_formula,product_material_or_formula
Mugs and Other Tableware with Colored Artwork or Designs on the Exterior. lead compounds,food_contact_container,food_contact_container
Rice Arsenic (inorganic oxides),raw_material_contaminant,raw_material_contaminant
"Wai Lana Snacks Mixed Roots Paprika Lime Chips, Wal Lana Snack Chips Cassava Barbeque Acrylamide",processing_generated,processing_generated
Dried Nori Seaweed lead compounds,raw_material_contaminant,raw_material_contaminant
"Brass Bolts, including 4” surface bolt polished, 8-15386-01306-9 Lead",product_material_or_formula,food_contact_container
Candy Lead,food_contact_container,food_contact_container
"Vista Gloves Clear Book Cover 12"" Di(2-ethylhexyl)phthalate (DEHP)",product_material_or_formula,product_material_or_formula
"Upholstered furniture including ottomans Tris(1,3-dichloro-2-propyl) phosphate (TDCPP)",product_material_or_formula,product_material_or_formula
Ceramic Mugs with Exterior Designs Lead,food_contact_container,food_contact_container
"Belts and Footwear Made With Leather, Vinyl or Imitation Leather Materials lead compounds",product_material_or_formula,product_material_or_formula
"Shampoo and Liquid Soaps Such as Hand Soap, Body Wash and Bubble Bath Coconut oil diethanolamine condensate (cocamide diethanolamine)",product_material_or_formula,product_material_or_formula
Avo's Naan Bread Acrylamide,processing_generated,processing_generated
Handbag with Plastic Components Diisononyl phthalate (DINP),product_material_or_formula,product_material_or_formula
Shellfish lead compounds,raw_material_contaminant,raw_material_contaminant
Jokari Gift Bag Organizer Diisononyl phthalate (DINP),product_material_or_formula,product_material_or_formula
Handbags with Plastic Components Di(2-ethylhexyl)phthalate (DEHP),product_material_or_formula,product_material_or_formula
"Johnson's Baby Powder, Shower to Shower Asbestos",product_material_or_formula,product_material_or_formula
Love Culture crossbody clutch/purse Di(2-ethylhexyl)phthalate,product_material_or_formula,product_material_or_formula
Yatta! Brand Roasted Seaweed Sushi Nori Half Sheet Cadmium,raw_material_contaminant,raw_material_contaminant
Vinyl zipper pulls Di(2-ethylhexyl)phthalate,product_material_or_formula,product_material_or_formula
O.ME.R. bag Di(2-ethylhexyl)phthalate (DEHP),product_material_or_formula,product_material_or_formula
Travel Bags Di(2-ethylhexyl)phthalate (DEHP),product_material_or_formula,product_material_or_formula
"Glassware Products, Ceramic Products Cadmium",food_contact_container,food_contact_container
Wheelchairs with Armrests and/or other accessible Vinyl Components Di(2-ethylhexyl)phthalate (DEHP),product_material_or_formula,product_material_or_formula
MIXED CHICKS-CBD CANNABIDOIL BODY CREAM WITH COCOA BUTTER & AVOCADO Diethanolamine,food_contact_container,product_material_or_formula
Golf Accessory Bags with Vinyl/PVC Components Di(2-ethylhexyl)phthalate (DEHP),product_material_or_formula,product_material_or_formula
Yellowfin Tuna Lead,raw_material_contaminant,raw_material_contaminant
Grobet Brass Craft Caliper/Gauge with Vinyl Case Di(2-ethylhexyl)phthalate (DEHP),product_material_or_formula,product_material_or_formula
Insulated Cooler Bags Di(2-ethylhexyl)phthalate (DEHP),product_material_or_formula,product_material_or_formula
vinyl-coated hooks Di(2-ethylhexyl)phthalate (DEHP),product_material_or_formula,product_material_or_formula
Children's vinyl clothing Di(2-ethylhexyl)phthalate,product_material_or_formula,product_material_or_formula
"Imoshion Fanny Pack, PO# 0750, Imoshion Cosmetic Bag, PO# 1170 Di(2-ethylhexyl)phthalate (DEHP)",product_material_or_formula,product_material_or_formula
"Carex hand held shower spray cord, UPC# 0 23601 12150 9 Di(2-ethylhexyl)phthalate (DEHP)",product_material_or_formula,product_material_or_formula
"Dried Seaweed Arsenic (inorganic oxides), Cadmium",raw_material_contaminant,raw_material_contaminant
Emmett Antique Brass Taper Candle Holder Lead,food_contact_container,food_contact_container
"Dried Seaweed Arsenic (inorganic arsenic compounds), Cadmium",raw_material_contaminant,raw_material_contaminant
World Traveler Ceramic Tabletop Lead,food_contact_container,food_contact_container
Clear PVC Tote Bag Di(2-ethylhexyl)phthalate (DEHP),product_material_or_formula,product_material_or_formula
Glassware Lead,food_contact_container,food_contact_container
Genuine Leather Hand Crafted India Wallet Chromium (hexavalent compounds),product_material_or_formula,product_material_or_formula
Butterkist Ginger Cookies Acrylamide,processing_generated,processing_generated
"Glass Bottles with Exterior Decoration, Coasters, Ceramic Mugs with Exterior Decoration Di(2-ethylhexyl)phthalate, Di(2-ethylhexyl)phthalate (DEHP)",food_contact_container,food_contact_container
Vinyl/PVC Wallets Di(2-ethylhexyl)phthalate (DEHP),product_material_or_formula,product_material_or_formula
"Halloween Costumes containing one or more of the chemicals listed herein., Halloween Costume Accessories, specifically wigs, masks, gloves, footwear, belts, bags, hats, costume props, hosiery, weapons and jewelry intended to accessorize a costume (but excluding makeup) containing one or more of the chemicals listed herein. Arsenic (inorganic oxides), Cadmium",product_material_or_formula,product_material_or_formula
My Nanas Best Tasting Authentic Thin & Crispy Tortilla Chips Acrylamide,processing_generated,processing_generated
"Shampoo, Body Wash 1,4-Dioxane",product_material_or_formula,product_material_or_formula
Plastic Bag Di(2-ethylhexyl)phthalate (DEHP),product_material_or_formula,product_material_or_formula
"Belts and Backpacks made with Leather, Vinyl, or Imitation Leather Materials Lead",product_material_or_formula,product_material_or_formula
"Just Shrooms Energy Boosting Coffee Mushroom Coffee, Just Move Protein Power 100% Flavor 100% Plant-Based Banana Pudding, Just Move Protein Power 100% Flavor 100% Plant-Based Buttercream Cupcake, Just Move Protein Power 100% Flavor 100% Plant-Based Grandma's Lemon Pound Cake 20 grams, Just Move Protein Power 100% Flavor 100% Plant-Based Blueberry Muffin, Just Move Protein Power 100% Flavor 100% Plant-Based Apple Pie Slice, Just Move Protein Power 100% Flavor 100% Plant-Based Chocolate Cake, Just Move Protein Power 100% Flavor 100% Plant-Based Mama's Sweet Potato Pie Cadmium, Lead",food_contact_container,food_contact_container
"Upholstered furniture including stools Tris(1,3-dichloro-2-propyl) phosphate (TDCPP)",product_material_or_formula,product_material_or_formula
Waterproof & Float Large Phone Dry Bag; UPC: 819702020793; GWP-20793OR Diisononyl phthalate (DINP),product_material_or_formula,product_material_or_formula
"Vinyl/PVC Travel Bags, Notebooks with Vinyl/PVC Components Di(2-ethylhexyl)phthalate (DEHP)",product_material_or_formula,product_material_or_formula
Sprouts Moroccan Style Chickpeas Lead,food_contact_container,food_contact_container
Pascha - Organic Dark Chocolate 85% Cacao Cadmium,raw_material_contaminant,raw_material_contaminant
Babe Lash Ultimate Babe Lash Kit Bag Di(2-ethylhexyl)phthalate (DEHP),product_material_or_formula,product_material_or_formula
"Padded armrests and other vinyl upholstered components used for wheelchairs, Grips and other vinyl upholstered components used for wheelchairs, Wheelchairs with padded armrests and/or other accessible vinyl components, Rollators with accessible vinyl upholstered components Lead",product_material_or_formula,product_material_or_formula
Northsea Fishsnack Lead,raw_material_contaminant,raw_material_contaminant
"Aloha Organic Protein Bar Chocolate Chip Cookie Dough Plant-Based Protein, Aloha Organic Protein Bar Peanut Butter Cup Plant-Based Protein, Aloha Organic Protein Bar Peanut Butter Chocolate Chip Plant-Based Protein, Aloha Organic Protein Bar Coconut Chocolate Almond Plant-Based Protein Cadmium, Lead",food_contact_container,food_contact_container
Riceland Crawfish Cleaned Louisiana Crawfish Lead,raw_material_contaminant,raw_material_contaminant
Traveling Solutions mattress protectors Perfluorooctanoic Acid (PFOA),product_material_or_formula,product_material_or_formula
Clear 12 x 12 x 6 cross body handbag Di(2-ethylhexyl)phthalate,product_material_or_formula,product_material_or_formula
Skin Creams Such as Facial Masks and Shaving Creams Coconut oil diethanolamine condensate (cocamide diethanolamine),product_material_or_formula,product_material_or_formula
Tote Bag with PVC Components Di(2-ethylhexyl)phthalate (DEHP),product_material_or_formula,product_material_or_formula
cosmetics bags Di(2-ethylhexyl)phthalate (DEHP),product_material_or_formula,product_material_or_formula
Cracker Barrel “I’m Not Perfect” Mug Lead,food_contact_container,food_contact_container
"Ultra Purex Regular Liquid Detergent - Mountain Breeze 1,4-Dioxane",product_material_or_formula,product_material_or_formula
"Upholstered Stools with Foam Padding containing Tris(1,3-dichloro-2-propyl) phosphate, Stools with Vinyl/PVC Upholstery containing Di(2-ethylhexyl)phthalate Tris(1,3-dichloro-2-propyl) phosphate (TDCPP)",product_material_or_formula,product_material_or_formula
vinyl bags Di(2-ethylhexyl)phthalate (DEHP),product_material_or_formula,product_material_or_formula
Cosmetic kits Lead,product_material_or_formula,product_material_or_formula
Fringe New Beginnings Mug Lead,food_contact_container,food_contact_container
Ceramic Mugs With Exterior Designs Lead,food_contact_container,food_contact_container
Tar based dandruff shampoo used engine oils),product_material_or_formula,product_material_or_formula
"Clothing Made with Leather, Vinyl or Imitation Leather Materials Lead",product_material_or_formula,product_material_or_formula
Scented Candle Lead,food_contact_container,food_contact_container
sand toy sets Di(2-ethylhexyl)phthalate (DEHP),product_material_or_formula,product_material_or_formula
Fishing kits with lead weights Lead,raw_material_contaminant,raw_material_contaminant
"floral mugs, faith mugs Lead",food_contact_container,food_contact_container
"Vinyl Tarps Di(2-ethylhexyl)phthalate, Di(2-ethylhexyl)phthalate (DEHP)",product_material_or_formula,product_material_or_formula
Hyde and Eek Boutique Family Classic Makeup Kit Diethanolamine,product_material_or_formula,product_material_or_formula
Leaded crystal glassware Lead,food_contact_container,food_contact_container
"Upholstered furniture including chairs, Upholstered furniture including children's chairs , Upholstered furniture including ottomans Tris(1,3-dichloro-2-propyl) phosphate (TDCPP)",product_material_or_formula,product_material_or_formula
Mugs with Exterior Designs Lead,food_contact_container,food_contact_container
"Once Again Crunchy No-Stir Peanut Butter, Once Again Creamy Roasted Almond Butter, Once Again Crunchy Roasted Almond Butter, Once Again Hazelnut Spread Amore, Once Again Organic Creamy Cashew Butter, Once Again Sunflower Seed Butter Acrylamide",processing_generated,processing_generated
Vinyl Fender Covers Diisononyl phthalate (DINP),product_material_or_formula,product_material_or_formula
Glass beverage containers Lead,food_contact_container,food_contact_container
Padded Upholstered Children’s Chairs and Ottomans Tris(2-chloroethyl) phosphate,product_material_or_formula,product_material_or_formula
Conventional Almonds- Roasted and Unsalted Acrylamide,processing_generated,processing_generated
Steamed Hilsa Fish in Tomato Sauce Lead,raw_material_contaminant,raw_material_contaminant
"Wallets, handbags, clutches and totes Lead",product_material_or_formula,product_material_or_formula
"Clean Simple Eats Protein Powder Vegan Chocolate, Clean Simple Eats Protein Powder Cookies 'n Cream Lead",raw_material_contaminant,raw_material_contaminant
Seaweed Garnish Cadmium,raw_material_contaminant,raw_material_contaminant
Various oils and lubricants mineral oils (untreated,food_contact_container,food_contact_container
Carry Tote Bag – Grey; Item: 26784814; Model: TOE185 Di(2-ethylhexyl)phthalate (DEHP),product_material_or_formula,product_material_or_formula
"Ionil-T Plus Conditioning Shampoo, Ionil-T Shampoo used engine oils)",product_material_or_formula,product_material_or_formula
"firewood, mesquite charcoal mildly treated oils",product_material_or_formula,product_material_or_formula
Mugs and Other Ceramic Containers Cadmium,food_contact_container,food_contact_container
"Good To-Go Cuban Rice Bowl, Good To-Go Indian Vegetable Korma, Good To-Go Carrot-Ginger Power Bowl Lead",food_contact_container,food_contact_container
Liquid Soaps such as Dish Soap and Dishwashing Liquid Coconut oil diethanolamine condensate (cocamide diethanolamine),product_material_or_formula,product_material_or_formula
"Halloween Costumes containing one or more of the chemicals listed herein., Halloween Costume Accessories, specifically wigs, masks, gloves, footwear, belts, bags, hats, costume props, hosiery, weapons and jewelry intended to accessorize a costume (but excluding makeup) containing one or more of the chemicals listed herein. Butyl Benzyl Phthalate (BBP), Cadmium",product_material_or_formula,product_material_or_formula
K-Cliffs purse Di(2-ethylhexyl)phthalate (DEHP),product_material_or_formula,product_material_or_formula
Vinyl pouches Di(2-ethylhexyl)phthalate,product_material_or_formula,product_material_or_formula
Triscuit Fire Roasted Tomato & Olive Oil Acrylamide,processing_generated,processing_generated
Gospel Tract Wallets Diisononyl phthalate (DINP),product_material_or_formula,product_material_or_formula
Raley’s Baby Spinach Cadmium,product_material_or_formula,product_material_or_formula
Crime Scene Investigation Themed Toy Kits w/Fingerprint Powder Asbestos,product_material_or_formula,product_material_or_formula
Circle Market baby kale Cadmium,product_material_or_formula,product_material_or_formula
Chips Ahoy Double Chocolate Thins Acrylamide,processing_generated,processing_generated
"Steel Supplements VEG-PRO Vegan Protein Powder, Hot Cocoa Lead",raw_material_contaminant,raw_material_contaminant
spray nozzles Di(2-ethylhexyl)phthalate (DEHP),product_material_or_formula,product_material_or_formula
Seaweed Salad cadmium compounds,raw_material_contaminant,raw_material_contaminant
Cadina Texas Fries Tomato Flavor Acrylamide,processing_generated,processing_generated
Baby Cuttlefish Lead,raw_material_contaminant,raw_material_contaminant
Vinyl/PVC Gloves Diisononyl phthalate (DINP),product_material_or_formula,product_material_or_formula
Metal Sprayer Nozzles Lead,product_material_or_formula,product_material_or_formula
Vinyl/PVC Stickers Di(2-ethylhexyl)phthalate (DEHP),product_material_or_formula,product_material_or_formula
"Shrimp Paste, Salted Fish, Fish Crackers Lead",raw_material_contaminant,raw_material_contaminant
Smoked Herring and Dried PonyFish lead compounds,raw_material_contaminant,raw_material_contaminant
Crispy Seaweed lead compounds,raw_material_contaminant,raw_material_contaminant
Roasted Seaweed Lead,raw_material_contaminant,raw_material_contaminant
Kim's Chili Seaweed Lead,raw_material_contaminant,raw_material_contaminant
Realtree Air Elite Bag Di(2-ethylhexyl)phthalate (DEHP),product_material_or_formula,product_material_or_formula
"Environmental Exposures; Occupational Exposures; and Product Exposures (Second-hand Smoke and Smokeless Tobacco Products; Use of Combustible Products and Materials by Tenants; Use of Hobby-Related Products and Materials by Tenants; Apartment Properties Construction Materials; Natural gas, liquid fuel gases and fuel oil conversion; Parking Facilities and Designated Loading/Unloading Locations Cause Exposure to Vehicle Emissions; Emergency Generators; Tenant, Employee and Business Invitees Transportation Services; In-Apartment Cleaning and Maintenance; Exterior and Common Area Apartment Maintenance; and Exposures to Designated Chemicals Associated with Apartment Property Amenities). Tobacco smoke (primary)",food_contact_container,food_contact_container
"Face Soap deep cleaning astringent UPC 050428104873, Body Wash Softsoap Citrus Splash & Berry Fusion UPC 074182281878, Shower Gel essence of beauty Citrus Coconut upc 050428813959, Acne Soap Biore Blemish Treating Astringent upc 019100169906, Acne Soap Clean & Clear essentials upc 381370033776, Hair Gel Styling Gel Firm & Flexible Hold upc 050428175811, Skin Toner L'Oreal Hydrafresh Toner upc 071249672044, Hair Gel Smooth 'N Shine Curl Activator Gel upc 052336607910, Shower Gel Calgon Morning Glory upc 852205002675, Hair Gel Fantasia Hair Polisher Syling Gel upc 011313019924, Sunburn lotion Aftersun Aloe Vera upc 050428094099, Acne Soap Neutrogena Clear Pore upc 070501116906, Hand Soap instant hand sanitizer upc 050428078983, Body Wash Irish Spring Clear & Clean Fresh Skin upc 035000270078, Hair Gel L.A. Looks Sport activity proof power gel upc 041670139904 Benzophenone",product_material_or_formula,product_material_or_formula
Vinyl/PVC Jackets Di(2-ethylhexyl)phthalate (DEHP),product_material_or_formula,product_material_or_formula
Lush Helping Hands Hand Cream Diethanolamine,product_material_or_formula,product_material_or_formula
Prell Shampoo Coconut oil diethanolamine condensate (cocamide diethanolamine),product_material_or_formula,product_material_or_formula
Exposure to plastic packaging of shower caps Di(2-ethylhexyl)phthalate (DEHP),food_contact_container,food_contact_container
Women's Plastic Handbag Diisononyl phthalate (DINP),product_material_or_formula,product_material_or_formula
Wood floor cleaning spray Formaldehyde (gas),product_material_or_formula,product_material_or_formula
"Keychains, Vinyl pouches Di(2-ethylhexyl)phthalate",product_material_or_formula,product_material_or_formula
Fig & Fern Mug Lead,food_contact_container,food_contact_container
Shellfish Cadmium,raw_material_contaminant,raw_material_contaminant
Roasted Seaweed cadmium compounds,raw_material_contaminant,raw_material_contaminant
"Air emissions at Santa Susana and Canoga Park facilities Ethylene dichloride (1,2-Dichloroethane)",food_contact_container,food_contact_container
Golden Girls mugs Lead,food_contact_container,food_contact_container
Baby Octopus Whole Cleaned Cadmium,product_material_or_formula,product_material_or_formula
Nail polish Formaldehyde (gas),product_material_or_formula,product_material_or_formula
El Mexicano Brand Chiles Chipotle in Adobo Sauce Lead,food_contact_container,food_contact_container
"backpacks, cosmetics cases, cases of flannel blankets, cases of sheet sets Di(2-ethylhexyl)phthalate (DEHP)",product_material_or_formula,product_material_or_formula
Vinyl Bedding Storage/Packaging Cases Di(2-ethylhexyl)phthalate (DEHP),food_contact_container,food_contact_container
Exercise Equipment with Vinyl Components Di(2-ethylhexyl)phthalate (DEHP),product_material_or_formula,product_material_or_formula
"Environmental Exposures; Occupational Exposures; and Product Exposures (Second-hand Smoke and Smokeless Tobacco Products; Use of Combustible Products and Materials by Tenants; Use of Hobby-Related Products and Materials by Tenants; Apartment Properties Construction Materials; Natural gas, liquid fuel gases and fuel oil conversion; Parking Facilities and Designated Loading/Unloading Locations Cause Exposure to Vehicle Emissions; Emergency Generators; Tenant, Employee and Business Invitees Transportation Services; In-Apartment Cleaning and Maintenance; Exterior and Common Area Apartment Maintenance; and Exposures to Designated Chemicals Associated with Apartment Property Amenities). Tobacco smoke (primary)",food_contact_container,food_contact_container
Seaweed lead compounds,raw_material_contaminant,raw_material_contaminant
Ceramic Mugs With Exterior Designs Lead,food_contact_container,food_contact_container
"Bags, Plush Toys, Children's Vinyl Baseball/Sporting Toys, Bibs Di(2-ethylhexyl)phthalate",product_material_or_formula,product_material_or_formula
St. Ives Hydrating Body Lotion – Vitamin E & Avocado Diethanolamine,product_material_or_formula,product_material_or_formula
Afta After Shave Skin Conditioner Diethanolamine,product_material_or_formula,product_material_or_formula
The North Face Men’s Gordon ETIP Glove Chromium (hexavalent compounds),product_material_or_formula,product_material_or_formula
EltaMD Body Lotion Diethanolamine,product_material_or_formula,product_material_or_formula
Waterproof bags; JV0014; B01KZKJ686 Di(2-ethylhexyl)phthalate (DEHP),product_material_or_formula,product_material_or_formula
Chiller Bag Di(2-ethylhexyl)phthalate (DEHP),product_material_or_formula,product_material_or_formula
Seasoned Seaweed Salad Lead,raw_material_contaminant,raw_material_contaminant
Vinyl Fabric Di(2-ethylhexyl)phthalate (DEHP),product_material_or_formula,product_material_or_formula
devil mugs Lead,food_contact_container,food_contact_container
Parle Bakesmith Marie Cookies Acrylamide,processing_generated,processing_generated
La Verde Vita Tuscany Hand Cream Lavender Diethanolamine,food_contact_container,product_material_or_formula
Vinyl/PVC Battery Booster Cables Di(2-ethylhexyl)phthalate (DEHP),product_material_or_formula,product_material_or_formula
"Nasal sprays, ointments and eye care products Mercury",product_material_or_formula,product_material_or_formula
Dried Seaweed Lead,raw_material_contaminant,raw_material_contaminant
Rocketfish 90-Degree Coaxial Cable Adapters Lead,raw_material_contaminant,raw_material_contaminant
Lush Tingle Body Conditioner Diethanolamine,product_material_or_formula,product_material_or_formula
"Upholstered furniture including chairs Tris(1,3-dichloro-2-propyl) phosphate (TDCPP)",product_material_or_formula,product_material_or_formula
Vinyl/PVC Garment Bags Diisononyl phthalate (DINP),product_material_or_formula,product_material_or_formula
Super waterproof waistbag Di(2-ethylhexyl)phthalate (DEHP),product_material_or_formula,product_material_or_formula
Heather’s Choice African Peanut Stew Dehydrated Meal Cadmium,food_contact_container,raw_material_contaminant
Fish & Chips Snacks lead compounds,raw_material_contaminant,raw_material_contaminant
"Sun-Maid Yogurt Raisins, Dark Chocolate Dried Fruit Healthy Snack, 1 oz 6 pack Bar Code Lead",raw_material_contaminant,raw_material_contaminant
bib aprons Di(2-ethylhexyl)phthalate (DEHP),product_material_or_formula,product_material_or_formula
Pet shampoo Coconut oil diethanolamine condensate (cocamide diethanolamine),product_material_or_formula,product_material_or_formula
Kettle Brand Potato Chips Unsalted Acrylamide,processing_generated,processing_generated
Ceramicware with exterior artwork Lead,food_contact_container,food_contact_container
Nasty Gal PU Clear Day Bag __ Pink One Size Di(2-ethylhexyl)phthalate (DEHP),product_material_or_formula,product_material_or_formula
"Tools with Vinyl/PVC Grips, Goggles with Vinyl/PVC Components, Lens Pouches Di(2-ethylhexyl)phthalate (DEHP), Etodolac",product_material_or_formula,product_material_or_formula
"Children’s Travel Beds with Fabric containing Tris(1,3-dichloro-2-propyl) phosphate Tris(1,3-dichloro-2-propyl) phosphate (TDCPP)",product_material_or_formula,product_material_or_formula
Van Tho Vietnamese Brown Rice Vermicelli Lead,raw_material_contaminant,raw_material_contaminant
"Clear plastic sandals, Clear plastic exterior of tote bag Di-n-butyl phthalate (DBP)",product_material_or_formula,product_material_or_formula
Steven Madden BGlass purse Di(2-ethylhexyl)phthalate (DEHP),product_material_or_formula,product_material_or_formula
mugs with exterior decorations Lead,food_contact_container,food_contact_container
Leather Camera Bags - Nikon Black Leather Horizontal Case Chromium (hexavalent compounds),product_material_or_formula,product_material_or_formula
"Lakanto Sugar-Free Chocolate Bars, 55% Dark Cacao, Keto, Almond, 3 OZ, Product Code 843076000143 Cadmium",raw_material_contaminant,raw_material_contaminant
Dried Seaweed Lead,raw_material_contaminant,raw_material_contaminant
"Geisha, Fancy Smoked Baby Clams, UPC#71140007006 its salts",product_material_or_formula,product_material_or_formula
"Upholstered furniture including benches Tris(1,3-dichloro-2-propyl) phosphate (TDCPP)",product_material_or_formula,product_material_or_formula
"Licorice Powder, Cinnamon Powder Arsenic (inorganic arsenic compounds)",raw_material_contaminant,raw_material_contaminant
Bruegger's Bagels Plain Bagel Acrylamide,product_material_or_formula,processing_generated
Tea Emporium Teacup Lead,food_contact_container,food_contact_container
Exposure to the plastic packaging of boxer briefs Di(2-ethylhexyl)phthalate (DEHP),food_contact_container,food_contact_container
Vinyl/PVC Tool Grips Diisononyl phthalate (DINP),product_material_or_formula,product_material_or_formula
Burton & Burton Graduation Mug Lead,food_contact_container,food_contact_container
furniture products Formaldehyde (gas),product_material_or_formula,product_material_or_formula
"Footwear with leather, vinyl and imitation leather components Lead",product_material_or_formula,product_material_or_formula
Vinyl tool grip materials Di(2-ethylhexyl)phthalate (DEHP),product_material_or_formula,product_material_or_formula
Roasted Seaweed cadmium compounds,raw_material_contaminant,raw_material_contaminant
Shampoo Coconut oil diethanolamine condensate (cocamide diethanolamine),product_material_or_formula,product_material_or_formula
"Double Wood Supplements, Maca Root Supplement, UPC#X002J3H13B Lead",product_material_or_formula,product_material_or_formula
hoses in vacuum cleaner kits Di-n-butyl phthalate (DBP),product_material_or_formula,product_material_or_formula
Cymbal Bags with Vinyl/PVC Components Di(2-ethylhexyl)phthalate (DEHP),product_material_or_formula,product_material_or_formula
"J.J. Keller Vinyl 6"" x 8"" Compact Document Holder, Black Part # 5581, MPN # 65581 Di(2-ethylhexyl)phthalate (DEHP)",product_material_or_formula,product_material_or_formula
Handheld Scales With Vinyl Components Di(2-ethylhexyl)phthalate (DEHP),product_material_or_formula,product_material_or_formula
"Gift Wrap bag, UPC # 765032270059 Di(2-ethylhexyl)phthalate (DEHP)",product_material_or_formula,product_material_or_formula
Bellapierre Cosmetics Brush Travel Set Di-n-butyl phthalate (DBP),product_material_or_formula,product_material_or_formula
Goblets and Other Glassware with Colored Artwork or Designs on the Exterior. lead compounds,food_contact_container,food_contact_container
Dried Seaweed Cadmium,raw_material_contaminant,raw_material_contaminant
Handbags Di(2-ethylhexyl)phthalate,product_material_or_formula,product_material_or_formula
Shellfish Lead,raw_material_contaminant,raw_material_contaminant
Wood Treatment Arsenic (inorganic arsenic compounds),product_material_or_formula,product_material_or_formula
Ceramic Mugs With Exterior Designs Lead,food_contact_container,food_contact_container
"Bags x Beauties Michelle Collection Clear and Sequin Clutch, Rose Gold Coin Purse TicTok, Tempamate Insulated Lunch Tote; UPC: 722950291030 Di(2-ethylhexyl)phthalate (DEHP)",product_material_or_formula,product_material_or_formula
Jump Ropes with vinyl components Di(2-ethylhexyl)phthalate (DEHP),product_material_or_formula,product_material_or_formula
Ceramicware with Exterior Artwork Lead,food_contact_container,food_contact_container
Shellfish lead compounds,raw_material_contaminant,raw_material_contaminant
Seaweed Lead,raw_material_contaminant,raw_material_contaminant
Antiqued Brass Candlestick Lead,food_contact_container,food_contact_container
Ceramic Spoon Rests With Designs Lead,food_contact_container,food_contact_container
Spa Life Massage Glove Di(2-ethylhexyl)phthalate,product_material_or_formula,product_material_or_formula
Headphones with Vinyl/PVC Cords Di(2-ethylhexyl)phthalate (DEHP),product_material_or_formula,product_material_or_formula
Shellfish lead compounds,raw_material_contaminant,raw_material_contaminant
Alani Nu Plant Protein (Chocolate) lead compounds,raw_material_contaminant,raw_material_contaminant
Vinyl/PVC Art Tool Pouches Di(2-ethylhexyl)phthalate (DEHP),product_material_or_formula,product_material_or_formula
"Glassware, Stained Glass, Ceramic Products Lead",food_contact_container,food_contact_container
"Gaming Chairs with Foam Padding, Gaming Chairs with Vinyl/PVC Upholstery Di(2-ethylhexyl)phthalate (DEHP)",product_material_or_formula,product_material_or_formula
Glassware Cadmium,food_contact_container,food_contact_container
Dead Down Wind Black 3-in-1 Body Wash/Shampoo/Conditioner Coconut oil diethanolamine condensate (cocamide diethanolamine),product_material_or_formula,product_material_or_formula
Barbasol Thick & Rich Shaving Cream UPC No. 0-5100900735-4 Nitrous oxide,product_material_or_formula,product_material_or_formula
"My Tagalongs Dry Bag, UPC No. 0 6852851101 9 Diisononyl phthalate (DINP)",product_material_or_formula,product_material_or_formula
Mini Gloves Diisononyl phthalate (DINP),product_material_or_formula,product_material_or_formula
"Telephone poles Chromium (hexavalent compounds), Chrysene, Creosotes, Dibenz[a,h]anthracene, Hexachlorobenzene, Hexachlorodibenzodioxin, Indeno [1,2,3-cd]pyrene, N-Nitrosodiphenylamine, Pentachlorophenol, Polychlorinated dibenzo-p-dioxins",processing_generated,processing_generated
Under Armour strikeskin golf glove Chromium (hexavalent compounds),product_material_or_formula,product_material_or_formula
Vinyl/PVC Gloves Diisononyl phthalate (DINP),product_material_or_formula,product_material_or_formula
Leather Gloves Chromium (hexavalent compounds),product_material_or_formula,product_material_or_formula
Fancyleo Girl Cartoon Unicorn Waist Bag Pocket; ID: BG3156H05 Di(2-ethylhexyl)phthalate (DEHP),product_material_or_formula,product_material_or_formula
Vinyl Coated Tape Measures Lead,product_material_or_formula,product_material_or_formula
Happy Flight Vinyl Travel Accessories Di(2-ethylhexyl)phthalate (DEHP),product_material_or_formula,product_material_or_formula
Goldwheel croc fabric Di(2-ethylhexyl)phthalate (DEHP),product_material_or_formula,product_material_or_formula
Coffee products Acrylamide,processing_generated,processing_generated
Amy's Bowls - Country Breakfast Bake with Meatless Sausage (8 oz) Acrylamide,food_contact_container,processing_generated
Glassware Lead,food_contact_container,food_contact_container
Dagoba Organic Chocolate Cacao Powder Cadmium,raw_material_contaminant,raw_material_contaminant
Mugs with Exterior Designs Lead,food_contact_container,food_contact_container
Pinewood Derby Car Kits Lead,product_material_or_formula,product_material_or_formula
"Environmental Exposures; Occupational Exposures; and Product Exposures (Second-hand Tobacco Smoke and Smokeless Tobacco Products; Use of Combustible Products and materials by Tenants; Apartment Properties Construction Materials; Natural gas, liquid fuel gases and fuel oil conversion; Parking Facilities and Designated Loading/Unloading Locations Cause Exposure to Vehicle Emissions; and Apartment Cleaning and Facility Maintenance). Tobacco smoke (primary)",food_contact_container,food_contact_container
Vinyl/PVC Gloves Diisononyl phthalate (DINP),product_material_or_formula,product_material_or_formula
Wallet Diisononyl phthalate (DINP),product_material_or_formula,product_material_or_formula
Retro Duffel Bag Di(2-ethylhexyl)phthalate (DEHP),product_material_or_formula,product_material_or_formula
Handbag with PVC Components Di(2-ethylhexyl)phthalate (DEHP),product_material_or_formula,product_material_or_formula
"Orange Vinyl Electrical Tape 6070RG, IPG™; UPC077922856824 Di(2-ethylhexyl)phthalate (DEHP)",product_material_or_formula,product_material_or_formula
Mugs with Exterior Designs Lead,food_contact_container,food_contact_container
"Fish and shellfish in the form of meals containing ahi tuna, lobster, salmon, mahi mahi, sea bass, grouper, yellowfin ahi, halibut, shark and swordfish. Mercury",raw_material_contaminant,raw_material_contaminant
Morris & Co. Soap Dish Lead,product_material_or_formula,food_contact_container
Mugs and Other Tableware Lead,food_contact_container,food_contact_container
"Vinyl Head Immobilizers, Bags with Vinyl Components Di(2-ethylhexyl)phthalate (DEHP)",product_material_or_formula,product_material_or_formula
CRISPY PREPARED SEAWEED Cadmium,raw_material_contaminant,raw_material_contaminant
nasal sprays Mercury,product_material_or_formula,product_material_or_formula
"Burgers, fried chicken, fried fish Acrylamide",processing_generated,processing_generated
"hand painted bowls, pride mugs Lead",food_contact_container,food_contact_container
Kroger Tortilla Chips 100% White Corn Acrylamide,processing_generated,processing_generated
Rusty's Island Chips Black Pepper Acrylamide,processing_generated,processing_generated
"Heavy Hitters - Malibu OG 1g, 10 Blue Dream - 1g bag Designated Chemicals - see notice",product_material_or_formula,product_material_or_formula
Vinyl/PVC Gloves Diisononyl phthalate (DINP),product_material_or_formula,product_material_or_formula
Plas Glas food container Bisphenol A (BPA),food_contact_container,food_contact_container
Leather Gloves Chromium (hexavalent compounds),product_material_or_formula,product_material_or_formula
"Ronstan Boat Bag, UPC No. 9 316800 407125 Diisononyl phthalate (DINP)",product_material_or_formula,product_material_or_formula
Alamir Moroccan sardines Cadmium,food_contact_container,food_contact_container
Speaker Wall Plates Lead,food_contact_container,food_contact_container
Chef Banquet Rice Lead,raw_material_contaminant,raw_material_contaminant
Ashland Metal Hanging Container Lead,food_contact_container,food_contact_container
"El Mexicano, Achiote Verde, UPC#042743200484 Lead",food_contact_container,food_contact_container
"Fish and shellfish in the form of meals containing ahi tuna, salmon and lobster. Mercury",raw_material_contaminant,raw_material_contaminant
Burial Mist Goth Apothecary Candle Lead,food_contact_container,food_contact_container
Seaweed Products lead compounds,raw_material_contaminant,raw_material_contaminant
PVC Bags Di(2-ethylhexyl)phthalate (DEHP),product_material_or_formula,product_material_or_formula
Ceramic Mugs Lead,food_contact_container,food_contact_container
Ceramic Baking Dishes With Exterior Decorations Lead,food_contact_container,food_contact_container
Alfocan Crawfish Frozen Whole Cooked Lead,food_contact_container,raw_material_contaminant
Four Winds Trading Co. - 100% Natural Wood Pellets Wood dust,product_material_or_formula,product_material_or_formula
Ceramic Plate Lead,food_contact_container,food_contact_container
Glassware and Ceramic Products (Supplemental) Lead,food_contact_container,food_contact_container
Ceramic Mugs With Exterior Designs Lead,food_contact_container,food_contact_container
"Fried Squid, Roasted Squid, Dried Shrimp, Fried Baby Crab Lead",product_material_or_formula,product_material_or_formula
"Reebok Boxing Gloves - Clear Plastic Case, UPC#885652010412 Di(2-ethylhexyl)phthalate (DEHP)",product_material_or_formula,product_material_or_formula
inflatable cup holders Di(2-ethylhexyl)phthalate (DEHP),food_contact_container,food_contact_container
Bio-Med Tar-Sulfur Shampoo (Veterinary Strength) mildly treated oils,product_material_or_formula,product_material_or_formula
Vinyl/PVC Storage Bin Handles Di(2-ethylhexyl)phthalate (DEHP),product_material_or_formula,product_material_or_formula
"Chopping Bowl, WCG-505TX Bisphenol A (BPA)",food_contact_container,food_contact_container
Plantain Chips Acrylamide,processing_generated,processing_generated
David Bowie Mug Lead,food_contact_container,food_contact_container
The Vintage Cosmetic Company Makeup Bag Di(2-ethylhexyl)phthalate (DEHP),product_material_or_formula,product_material_or_formula
Breakfast cereals Acrylamide,processing_generated,processing_generated
Sweet Well Double Chocolate Cookies with Collagen Acrylamide,processing_generated,processing_generated
Dried Sea Mustard Seaweed lead compounds,raw_material_contaminant,raw_material_contaminant
Ceramic Bowls With Exterior Designs Lead,food_contact_container,food_contact_container
Seaweed Lead,raw_material_contaminant,raw_material_contaminant
Cholesterol Free White Bread Acrylamide,processing_generated,processing_generated
"FlavCity Plant Based Chocolate Peanut Butter All-In-One Vegan Protein Smoothie, FlavCity Plant Based Coconut Cream Cold Brew All-In-One Vegan Protein Smoothie, FlavCity Vanilla Latte All-In-One Protein Smoothie Powder, FlavCity Chocolate All-In-One Protein Smoothie, FlavCity Chocolate Peanut Butter All-In-One Protein Smoothie lead compounds",raw_material_contaminant,raw_material_contaminant
Ceramic Pet Bowls With Exterior Designs Lead,food_contact_container,food_contact_container
Cake Kit/ Piping Bag Di(2-ethylhexyl)phthalate (DEHP),product_material_or_formula,product_material_or_formula
"Vinyl/PVC Tool Pouches , Vinyl/PVC Cords Diisononyl phthalate (DINP)",product_material_or_formula,product_material_or_formula
Ceramic and Glassware Products Cadmium,food_contact_container,food_contact_container
Ceramic Mugs with Exterior Designs Lead,food_contact_container,food_contact_container
Simple Truth Organic Wild Red Baby Arugula Lead,product_material_or_formula,product_material_or_formula
Judee's Brown Rice Protein Powder Lead,raw_material_contaminant,raw_material_contaminant
"Vinyl coated paper clips, Vinyl pouches Lead",product_material_or_formula,product_material_or_formula
Dried Seaweed lead compounds,raw_material_contaminant,raw_material_contaminant
Children's Sport Toys Di(2-ethylhexyl)phthalate,product_material_or_formula,product_material_or_formula
"Footwear Made With Leather, Vinyl or Imitation Leather Materials Lead",product_material_or_formula,product_material_or_formula
candle holders and picture frames Lead,food_contact_container,food_contact_container
Children Shoes Di(2-ethylhexyl)phthalate (DEHP),product_material_or_formula,product_material_or_formula
"Zula slides, blush wallets Di-n-butyl phthalate (DBP)",product_material_or_formula,product_material_or_formula
"Environmental Exposures; Occupational Exposures; and Product Exposures (Swimming Pool/Hot Tubs; Automobile Parking Facilities; Matches; Second-hand Smoke and Smokeless Tobacco Products; Cleaning Supplies/Janitorial; Maintenance/Power Tools; Furniture/Furnishings/Window Treatments; Public and Guest Bathrooms; Medical/First Aid Supplies; Internal Combustion (“IC”) Engines, Boilers and other Gas Burning Devices, and Fireplaces; Electronic Equipment, Electric Equipment and Associated Cables Wires and Batteries; Office Supplies and Office Equipment; Hand Tools, Hardware and Brass Keys; and Fertilizers, Soil Amendments, and Pesticides and Herbicides). Tobacco smoke (primary)",food_contact_container,food_contact_container
Ceramic containers with Exterior Artwork Lead,food_contact_container,food_contact_container
"Upholstered Chairs with Foam Padding containing Tris(1,3-dichloro-2-propyl) phosphate, Upholstered Chairs with Foam Padding containing Tris(2-chloroethyl) phosphate , Upholstered Stools with Foam Padding containing Tris(1,3-dichloro-2-propyl) phosphate, Stools with Vinyl/PVC Upholstery containing Di(2-ethylhexyl)phthalate Di(2-ethylhexyl)phthalate (DEHP)",product_material_or_formula,product_material_or_formula
"Talc-containing body, baby, and foot powder products, DG Baby Baby Powder, DG Body Shower & Bath Body Powder, DG Body Medicated Body Powder, Rexall Foot Powder, Rexall Medicated Foot Powder Arsenic (inorganic oxides)",product_material_or_formula,product_material_or_formula
Newton Buying Corp. Leather Handbag Chromium (hexavalent compounds),product_material_or_formula,product_material_or_formula
"Wooden Utility Poles 2,3,7,8-Tetrachlorodibenzo-p-dioxin (TCDD), Hexachlorobenzene, Hexachlorodibenzodioxin, Pentachlorophenol, Polychlorinated dibenzo-p-dioxins",product_material_or_formula,product_material_or_formula
North Spruce Lane Santa Mug Lead,food_contact_container,food_contact_container
Seaweed lead compounds,raw_material_contaminant,raw_material_contaminant
Wood Screw Anchors Lead,product_material_or_formula,product_material_or_formula
Seac dry bag Diisononyl phthalate (DINP),product_material_or_formula,product_material_or_formula
Endura Superior Glove Chromium (hexavalent compounds),product_material_or_formula,product_material_or_formula
Chestnut Hill Chunk Light Tuna In Oil Cadmium,raw_material_contaminant,raw_material_contaminant
Ceramic Plates With Surface Decorations Lead,food_contact_container,food_contact_container
Ceramic Lamps With Exterior Designs Lead,food_contact_container,food_contact_container
"Footwear Made With Leather, Vinyl or Imitation Leather Materials Lead",product_material_or_formula,product_material_or_formula
Ceramic Cat Planter Lead,food_contact_container,food_contact_container
Spring Clamps with vinyl grips and tips Di(2-ethylhexyl)phthalate (DEHP),product_material_or_formula,product_material_or_formula
EGO Edger Blade Bag Di(2-ethylhexyl)phthalate (DEHP),product_material_or_formula,product_material_or_formula
Seaweed Snack cadmium compounds,raw_material_contaminant,raw_material_contaminant
"Canary, Egyptian Black Molasses, UPC#035593800515 lead compounds",food_contact_container,food_contact_container
Vinyl/PVC Poster Carriers Di(2-ethylhexyl)phthalate (DEHP),product_material_or_formula,product_material_or_formula
"Design Works Ink Wallet Iphone Case, UPC No. 812442022614 Di(2-ethylhexyl)phthalate (DEHP)",product_material_or_formula,product_material_or_formula
R.W. Garcia Organic BBW Corn Chips Acrylamide,processing_generated,processing_generated
"Decanters, Tumblers, Wine Glasses, Champagne Flutes, Cocktail Glasses Lead",food_contact_container,food_contact_container
Headphones with Vinyl/PVC Components Di(2-ethylhexyl)phthalate (DEHP),product_material_or_formula,product_material_or_formula
wallets Diisononyl phthalate (DINP),product_material_or_formula,product_material_or_formula
Trader Joe's Pumpkin Tortilla Chips Acrylamide,processing_generated,processing_generated
Far Nine California Patent and Transparent Vinyl Evening Bag with Cosmetic Bag - Style: 83778MT - Fuchsia Di(2-ethylhexyl)phthalate (DEHP),product_material_or_formula,product_material_or_formula
Handbag Di(2-ethylhexyl)phthalate (DEHP),product_material_or_formula,product_material_or_formula
"Kylie Cosmetics Blush Titanium dioxide (airborne, unbound particles of respirable size)",product_material_or_formula,declared_ingredient
"Nasal sprays, ointments and eye care products mercury compounds",product_material_or_formula,product_material_or_formula
Ceramicware with interior artwork or designs Lead,food_contact_container,food_contact_container
Wooden Utility Poles Polychlorinated dibenzofurans,product_material_or_formula,product_material_or_formula
Cosmetic Case with PVC Components Di(2-ethylhexyl)phthalate (DEHP),product_material_or_formula,product_material_or_formula
Bag clips Lead,product_material_or_formula,product_material_or_formula
"Veggie Meal Replacement Protein, Chocolate Mocha Lead",raw_material_contaminant,raw_material_contaminant
Double Old Fashioned Glasses and Other Glassware lead compounds,food_contact_container,food_contact_container
magnifying Mirrors with Suction Cups Di(2-ethylhexyl)phthalate (DEHP),food_contact_container,food_contact_container
Vinyl/PVC Bicycle Lock Cables Di(2-ethylhexyl)phthalate (DEHP),product_material_or_formula,product_material_or_formula
"Vinyl and Faux Leather Wallets, Handbags, Purses, Clutches & Totes lead compounds",product_material_or_formula,product_material_or_formula
licorice Lead,raw_material_contaminant,raw_material_contaminant
Ore-Ida French Fries Acrylamide,processing_generated,processing_generated
Guinness cups Lead,food_contact_container,food_contact_container
"Upholstered Stools with Foam Padding containing Tris(1,3-dichloro-2-propyl) phosphate, Upholstered Chairs with Foam Padding containing Tris(1,3-dichloro-2-propyl) phosphate, Chairs with Vinyl/PVC Upholstery containing Di(2-ethylhexyl)phthalate Di(2-ethylhexyl)phthalate (DEHP)",product_material_or_formula,product_material_or_formula
Vinyl/PVC Gloves Diisononyl phthalate (DINP),product_material_or_formula,product_material_or_formula
Ceramic Mugs with Exterior Designs Lead,food_contact_container,food_contact_container
Clear Tote Bags with Full Chevron Stripe Di(2-ethylhexyl)phthalate (DEHP),product_material_or_formula,product_material_or_formula
"Potato Chips, Potato Crisps, Potato Strings Acrylamide",processing_generated,processing_generated
School Bags with Plastic Components Diisononyl phthalate (DINP),product_material_or_formula,product_material_or_formula
Amazing Grass Raw Reserve Greens & Protein - Chocolate Cadmium,raw_material_contaminant,raw_material_contaminant
Plated holloware lead compounds,food_contact_container,food_contact_container
Pet Bowls With Exterior Designs Lead,food_contact_container,food_contact_container
Hallmark Cupcake Mug Lead,food_contact_container,food_contact_container
Toddler Girl first purse set Di-isodecyl phthalate (DIDP),product_material_or_formula,product_material_or_formula
"Brass Plated Bolts, Brass Plated Accessories, Vinyl/PVC Tool Grips Di(2-ethylhexyl)phthalate (DEHP)",food_contact_container,product_material_or_formula
"Handbags, purses, clutches and totes Di-n-butyl phthalate (DBP)",product_material_or_formula,product_material_or_formula
Glassware and Ceramic Products Lead,food_contact_container,food_contact_container
Wood Treatment Arsenic (inorganic arsenic compounds),product_material_or_formula,product_material_or_formula
Tote Bag Di(2-ethylhexyl)phthalate (DEHP),product_material_or_formula,product_material_or_formula
Vinyl/PVC Zipper Pulls Di(2-ethylhexyl)phthalate (DEHP),product_material_or_formula,product_material_or_formula
Ceramic Mugs With Exterior Decorations Lead,food_contact_container,food_contact_container
Vinyl rain gear Lead,product_material_or_formula,product_material_or_formula
Fuel Pump Nozzles with Vinyl/PVC Covers Di(2-ethylhexyl)phthalate (DEHP),product_material_or_formula,product_material_or_formula
Spring Clamps with vinyl grips and tips Di(2-ethylhexyl)phthalate (DEHP),product_material_or_formula,product_material_or_formula
Purses Lead,product_material_or_formula,product_material_or_formula
Nu Women purse Diisononyl phthalate (DINP),product_material_or_formula,product_material_or_formula
"Upholstered furniture including ottomans Tris(1,3-dichloro-2-propyl) phosphate (TDCPP)",product_material_or_formula,product_material_or_formula
Seaweed Chips Lead,raw_material_contaminant,raw_material_contaminant
Big City Bagels Receipt Bisphenol S (BPS),product_material_or_formula,product_material_or_formula
copper cookware with brass components lead compounds,food_contact_container,food_contact_container
Travel Bag with Plastic Components Diisononyl phthalate (DINP),product_material_or_formula,product_material_or_formula
"Vinyl/PVC Aprons Di(2-ethylhexyl)phthalate, Di(2-ethylhexyl)phthalate (DEHP)",product_material_or_formula,product_material_or_formula
Roasted Seaweed Yaki Sushi Nori Arsenic (inorganic arsenic compounds),raw_material_contaminant,raw_material_contaminant
Roasted Seaweed lead compounds,raw_material_contaminant,raw_material_contaminant
Vinyl gloves Diisononyl phthalate (DINP),product_material_or_formula,product_material_or_formula
pillow plastic packaging Di(2-ethylhexyl)phthalate (DEHP),food_contact_container,food_contact_container
Dried Seaweed cadmium compounds,raw_material_contaminant,raw_material_contaminant
"Healthy Times Vanilla Biscuits for Teethers, Healthy Times Maple Biscuits for Teethers Acrylamide",product_material_or_formula,processing_generated
Automotive cleaners - Champion Carburetor Cleaner Toluene,product_material_or_formula,product_material_or_formula
Immunity on the Go Lavender Scent Kit (with clear zippered plastic bag) Di(2-ethylhexyl)phthalate (DEHP),product_material_or_formula,product_material_or_formula
JOT pencil case/bag Di(2-ethylhexyl)phthalate (DEHP),product_material_or_formula,product_material_or_formula
Children's Inflatable Vinyl Toys Di(2-ethylhexyl)phthalate,product_material_or_formula,product_material_or_formula
handbags Di(2-ethylhexyl)phthalate (DEHP),product_material_or_formula,product_material_or_formula
jelly cup backpacks Di(2-ethylhexyl)phthalate (DEHP),food_contact_container,product_material_or_formula
"Fisherman Brand Cooked, Peeled, and Deveined Crawfish Meat Cadmium",raw_material_contaminant,raw_material_contaminant
"Upholstered Furniture Tris(1,3-dichloro-2-propyl) phosphate (TDCPP)",product_material_or_formula,product_material_or_formula
"Divine 70% Dark Chocolate Mini Eggs, Michel Cluizel Noir Infini 99%, Toblerone of Switzerland Dark Chocolate with Honey and Almond Nougat, Enjoy Life Eat Freely boomCHOCOboom Bar, Navitas Organic’s Organic Cacao Nibs , Dark Chocolate M&M’s , Valrhona Poudre de Cacao, Guittard’s Clair De Lune Bittersweet Chocolate , Dark Chocolate Extra Bitter Callets, 70.4% Cacao, Kumabo 80.1% Cocoa Callets, 80% Kumabo Dark Chocolate, Unsweetened, TCHO Dark Chocolate Ghana, 70% Cacao , TCHO Extra Dark 81% Cacao, 70% Cacao Cadmium, Cadmium",raw_material_contaminant,raw_material_contaminant
Dried Laver and Dried Seaweed Lead,raw_material_contaminant,raw_material_contaminant
"Halloween Costume Accessories, specifically wigs, masks, gloves, footwear, belts, bags, hats, costume props, hosiery, weapons and jewelry intended to accessorize a costume (but excluding makeup) containing one or more of the chemicals listed herein. lead compounds",product_material_or_formula,product_material_or_formula
Vinyl Waterproof Outdoor Bags and Accessories Diisononyl phthalate (DINP),product_material_or_formula,product_material_or_formula
Vinyl Bags Di(2-ethylhexyl)phthalate (DEHP),product_material_or_formula,product_material_or_formula
Tender Love + Carry Bag Diisononyl phthalate (DINP),product_material_or_formula,product_material_or_formula
wallets Di(2-ethylhexyl)phthalate (DEHP),product_material_or_formula,product_material_or_formula
"Environmental Exposures; Occupational Exposures; and Product Exposures (Swimming Pool/Hot Tubs; Food and Beverage Operations; Automobile Parking Facilities; Matches; Second-hand Smoke and Smokeless Tobacco Products; Cleaning Supplies/Janitorial; Maintenance/Power Tools; Furniture/Furnishings/Window Treatments; Public and Guest Bathrooms; Medical/First Aid Supplies; Internal Combustion (“IC”) Engines, Boilers and other Gas Burning Devices, and Fireplaces; Electronic Equipment, Electric Equipment and Associated Cables Wires and Batteries; Office Supplies and Office Equipment; Hand Tools, Hardware and Brass Keys; and Fertilizers, Soil Amendments, and Pesticides and Herbicides). Tobacco smoke (primary)",food_contact_container,food_contact_container
SmartyPants Organics Prenatal Formula Multivitamins Lead,product_material_or_formula,food_contact_container
Carrying Cases with vinyl/PVC components Di(2-ethylhexyl)phthalate (DEHP),product_material_or_formula,product_material_or_formula
"Aerospace facility its salts, N-Nitrosodimethylamine, Toluene, Trichloroethylene",processing_generated,processing_generated
vinyl bedding storage cases Di(2-ethylhexyl)phthalate (DEHP),product_material_or_formula,product_material_or_formula
SawStop 9-Piece Precision Brass Template Guide Set Lead,food_contact_container,food_contact_container
Plastic/Vinyl Tote Bags Di(2-ethylhexyl)phthalate (DEHP),product_material_or_formula,product_material_or_formula
Plastic Multi Purpose Bag Di(2-ethylhexyl)phthalate (DEHP),product_material_or_formula,product_material_or_formula
Dried Seaweed lead compounds,raw_material_contaminant,raw_material_contaminant
Vinyl/PVC styling accessories Di(2-ethylhexyl)phthalate (DEHP),product_material_or_formula,product_material_or_formula
Wavy Sour Cream & Onion Potato Chip Acrylamide,product_material_or_formula,processing_generated
Basis Cupcake Plate Lead,food_contact_container,food_contact_container
The Scottish Fine Soaps Men's Grooming Eucalyptus & Mint All-in-One Diethanolamine,product_material_or_formula,product_material_or_formula
Delia Cosmetics Good Foot Anti-Crack Foot Cream Diethanolamine,product_material_or_formula,product_material_or_formula
"Double Wood Supplements, Maca Root Supplement, UPC#X002J3H13B lead compounds",product_material_or_formula,product_material_or_formula
Crossbody Bag Di(2-ethylhexyl)phthalate (DEHP),product_material_or_formula,product_material_or_formula
"No Cow Protein Powder Smooth Chocolate Naturally Flavored, No Cow Protein Bar Cookies 'N Cream, No Cow Protein Powder Creamy Vanilla Naturally Flavored, No Cow Protein Bar Chocolate Chip Cookie Dough, No Cow Dipped Protein Bar Chocolate Sprinkled Donut, No Cow Protein Bar Blueberry Cobbler Naturally Flavored, No Cow Protein Bar Chunky Peanut Butter Naturally Flavored, No Cow Protein Bar Peanut Butter Chocolate Chip Naturally Flavored, No Cow Dipped Protein Bar Chocolate Sea Salt Naturally Flavored, No Cow Protein Bar S'Mores Naturally Flavored, No Cow Dipped Protein Bar Chocolate Salted Caramel Naturally Flavored, No Cow Protein Bar Chocolate Fudge Brownie Naturally Flavored, No Cow Dipped Protein Bar Chocolate Peanut Butter Cup Naturally Flavored, No Cow Dipped Protein Bar Birthday Cake Naturally Flavored, No Cow Dipped Protein Bar Sticky Cinnamon Roll Naturally Flavored, No Cow Dipped Protein Bar Key Lime Pie Naturally Flavored lead compounds",food_contact_container,food_contact_container
"Tape measure, Tools with vinyl grips Di(2-ethylhexyl)phthalate (DEHP)",product_material_or_formula,product_material_or_formula
Family Night Popcorn Bowl Lead,food_contact_container,food_contact_container
Gloves with Vinyl/PVC Components Di(2-ethylhexyl)phthalate (DEHP),product_material_or_formula,product_material_or_formula
Vinyl/PVC Pants Di(2-ethylhexyl)phthalate (DEHP),product_material_or_formula,product_material_or_formula
"Lucerne Foods, Inc., Organics Cereal Honey Crunch 'n Oats , Lucerne Foods, Inc., O Organics Organic Raisin Bran Cereal Acrylamide",processing_generated,processing_generated
Glassware and Ceramic Products Lead,food_contact_container,food_contact_container
Black Vinyl Electrical Tape (10 Pack) Di(2-ethylhexyl)phthalate (DEHP),product_material_or_formula,product_material_or_formula
Vinyl/PVC Gloves Diisononyl phthalate (DINP),product_material_or_formula,product_material_or_formula
Guinot Hydra Tendre Soft Wash-off Cleansing Cream Diethanolamine,product_material_or_formula,product_material_or_formula
Dried Nori Seaweed cadmium compounds,raw_material_contaminant,raw_material_contaminant
Spanish Style Yellow Rice Lead,raw_material_contaminant,raw_material_contaminant
cosmetics bags of skin care sets Di(2-ethylhexyl)phthalate (DEHP),product_material_or_formula,product_material_or_formula
Grocery Outlet Tan Wallet Di(2-ethylhexyl)phthalate (DEHP),product_material_or_formula,product_material_or_formula
Jeni's Ice Cream Receipt Bisphenol S (BPS),product_material_or_formula,product_material_or_formula
"Environmental Exposures; Occupational Exposures; and Product Exposures (Alcoholic Beverages (bars, mini bars); Food and Beverage Operations; Automobile Parking Facilities; Kitchen; Candles; Matches; Second-hand Smoke and Smokeless Tobacco Products; Cleaning Supplies/Janitorial; Maintenance/Power Tools; Furniture/Furnishings/Window Treatments; Public and Guest Bathrooms; Medical/First Aid Supplies; Internal Combustion (“IC”) Engines, Boilers and other Gas Burning Devices, and Fireplaces; Electronic Equipment, Electric Equipment and Associated Cables Wires and Batteries; Office Supplies and Office Equipment; Hand Tools, Hardware and Brass Keys; and Fertilizers, Soil Amendments, and Pesticides and Herbicides). Tobacco smoke (primary)",food_contact_container,food_contact_container
Original Restaurant Style Tortilla Chips; Rold Gold Pretzel Thins Acrylamide,processing_generated,processing_generated
"Storage Boxes with Vinyl/PVC Components Di(2-ethylhexyl)phthalate, Di(2-ethylhexyl)phthalate (DEHP)",product_material_or_formula,product_material_or_formula
"Vinyl/PVC Clotheslines , Vinyl/PVC Stickers Lead",product_material_or_formula,product_material_or_formula
Accessory cases/bags Di(2-ethylhexyl)phthalate (DEHP),product_material_or_formula,product_material_or_formula
Vinyl/PVC Coated Wires Di(2-ethylhexyl)phthalate (DEHP),product_material_or_formula,product_material_or_formula
StriVectin TL Advanced Tightening Neck Cream PLUS Diethanolamine,product_material_or_formula,product_material_or_formula
"Nasal sprays, ointments and eye care products Mercury",product_material_or_formula,product_material_or_formula
Glass Soda Bottle Lead,food_contact_container,food_contact_container
Seaweed Salad Mix cadmium compounds,raw_material_contaminant,raw_material_contaminant
Polymer Childrens Sandals Di-n-butyl phthalate (DBP),product_material_or_formula,product_material_or_formula
Wallets Di(2-ethylhexyl)phthalate (DEHP),product_material_or_formula,product_material_or_formula
PVC/Vinyl Backpacks Di(2-ethylhexyl)phthalate (DEHP),product_material_or_formula,product_material_or_formula
"Keychains with Vinyl/PVC Components, Vinyl/PVC Stickers Di(2-ethylhexyl)phthalate (DEHP)",product_material_or_formula,product_material_or_formula
Glassware Cadmium,food_contact_container,food_contact_container
Sushi Nori Roasted Seaweed cadmium compounds,raw_material_contaminant,raw_material_contaminant
"Travel Hairbrushes with Vinyl/PVC Components, Travel Hairbrushes with Vinyl/PVC Components Lead",product_material_or_formula,product_material_or_formula
Mugs with Exterior Artwork Lead,food_contact_container,food_contact_container
Beatrice Potter mugs Lead,food_contact_container,food_contact_container
Rao's Made For Home Slow Simmered Soup Creamy Tomato Lead,product_material_or_formula,product_material_or_formula
reflective gloves Di(2-ethylhexyl)phthalate (DEHP),product_material_or_formula,product_material_or_formula
Own Your Magic Mug Lead,food_contact_container,food_contact_container
Vinyl/PVC Luggage Tags Di(2-ethylhexyl)phthalate (DEHP),product_material_or_formula,product_material_or_formula
"365 Peanut Butter Crunchy, 365 Peanut Butter Creamy, 365 Organic Creamy Peanut Butter Spread, 365 Organic Crunchy Peanut Butter Spread, 365 Organic Creamy Peanut Butter Spread Unsweetened, 365 Organic Creamy Peanut Butter Unsweetened & No Salt, 365 Almond Butter Crunchy, 365 Almond Butter Creamy, 365 Organic Almond Butter Unsweetened & No Salt Acrylamide",product_material_or_formula,product_material_or_formula
Chairs with vinyl seats Di(2-ethylhexyl)phthalate (DEHP),product_material_or_formula,product_material_or_formula
"Burgers, Fried chicken, fried fish Acrylamide",processing_generated,processing_generated
Black Wallet “100% Polyurethane”; UPC: 430000793563 Di(2-ethylhexyl)phthalate (DEHP),product_material_or_formula,product_material_or_formula
"Upholstered furniture Tris(1,3-dichloro-2-propyl) phosphate (TDCPP)",product_material_or_formula,product_material_or_formula
Dried Seaweed Flower lead compounds,raw_material_contaminant,raw_material_contaminant
Bee mugs Lead,food_contact_container,food_contact_container
Vinyl/PVC Pot Lifter Grips Di(2-ethylhexyl)phthalate (DEHP),product_material_or_formula,product_material_or_formula
"ECO Mask and Snorkel - Clear Plastic of Mesh Carry Bag, UPC#812020081101 Diisononyl phthalate (DINP)",product_material_or_formula,product_material_or_formula
Fish Crackers lead compounds,raw_material_contaminant,raw_material_contaminant
"MG217 Extra Strength Medicated Tar Shampoo with Conditioners, MG217 Intensive Strength Ointment mineral oils (untreated",product_material_or_formula,product_material_or_formula
REMA Tip Top Vulcanizing Fluid Trichloroethylene,food_contact_container,food_contact_container
Jewelry Organizer with Vinyl Exterior Di(2-ethylhexyl)phthalate (DEHP),product_material_or_formula,product_material_or_formula
"Clothing Made with Leather, Vinyl or Imitation Leather Materials Lead",product_material_or_formula,product_material_or_formula
Vinyl Service Covers Diisononyl phthalate (DINP),product_material_or_formula,product_material_or_formula
Cutting Tools with Vinyl-Coated Handles Di(2-ethylhexyl)phthalate (DEHP),product_material_or_formula,product_material_or_formula
Glass and ceramic products Cadmium,food_contact_container,food_contact_container
"Skinfood Buckwheat Loose Powder Titanium dioxide (airborne, unbound particles of respirable size)",declared_ingredient,declared_ingredient
Vinyl Journal Covers Di(2-ethylhexyl)phthalate (DEHP),product_material_or_formula,product_material_or_formula
Dried Seaweed cadmium compounds,raw_material_contaminant,raw_material_contaminant
Seaweed Cadmium,raw_material_contaminant,raw_material_contaminant
wristlet purses Di(2-ethylhexyl)phthalate (DEHP),product_material_or_formula,product_material_or_formula
Vinyl/PVC Tool Grips Diisononyl phthalate (DINP),product_material_or_formula,product_material_or_formula
Crispy Seaweed cadmium compounds,raw_material_contaminant,raw_material_contaminant
"Belts made with leather, vinyl or imitation leather materials Lead",product_material_or_formula,product_material_or_formula
"E/M Coating Services, 6940 Farmdale Ave., North Hollywood, CA 91605 Chromium (hexavalent compounds)",product_material_or_formula,product_material_or_formula
Handbag Diisononyl phthalate (DINP),product_material_or_formula,product_material_or_formula
Clear Vinyl Saddle Covers Diisononyl phthalate (DINP),product_material_or_formula,product_material_or_formula
Perk Up Dry Shampoo Benzene,product_material_or_formula,product_material_or_formula
Strat – Big Block – Mexican Model – 10.5 mm Lead,food_contact_container,food_contact_container
Roasted Seaweed Cadmium,raw_material_contaminant,raw_material_contaminant
"Environmental Exposures; Occupational Exposures; and Product Exposures (Alcoholic Beverages (bars, mini bars); Swimming Pool/Hot Tubs; Food and Beverage Operations; Automobile Parking Facilities; Hotel Transportation Vehicles; Kitchen; Valet (shoeshine and dry cleaning delivery); Matches; Sterno Cooking Fuel; Second-hand Smoke and Smokeless Tobacco Products; Cleaning Supplies/Janitorial; Maintenance/Power Tools; Furniture/Furnishings/Window Treatments; Public and Guest Bathrooms; Medical/First Aid Supplies; Internal Combustion (“IC”) Engines, Boilers and other Gas Burning Devices, and Fireplaces; Electronic Equipment, Electric Equipment and Associated Cables Wires and Batteries; Office Supplies and Office Equipment; Hand Tools, Hardware and Brass Keys; Fertilizers, Soil Amendments, and Pesticides and Herbicides). Tobacco smoke (primary)",food_contact_container,food_contact_container
"La Coman Danta, Oaxacan Mole Sauce, UPC#7503021130099 Lead",food_contact_container,food_contact_container
Seasoned Filefish Cutted Lead,raw_material_contaminant,raw_material_contaminant
Seaweed Roll Soft and Crunchy Brown Rice Cracker Lead,raw_material_contaminant,raw_material_contaminant
Mugs With Exterior Designs Lead,food_contact_container,food_contact_container
Children's Plant Activity Sets With PVC Components Di(2-ethylhexyl)phthalate (DEHP),product_material_or_formula,product_material_or_formula
Cajun Dirty Rice Lead,raw_material_contaminant,raw_material_contaminant
Camp Casual Mug UPC# 040232364419 Lead,food_contact_container,food_contact_container
Craft Pliers with Vinyl Grips Di(2-ethylhexyl)phthalate (DEHP),product_material_or_formula,product_material_or_formula
Furniture with Vinyl Upholstery containing Di(2-ethylhexyl)phthalate Di(2-ethylhexyl)phthalate (DEHP),product_material_or_formula,product_material_or_formula
"Upholstered Furniture Tris(1,3-dichloro-2-propyl) phosphate (TDCPP)",product_material_or_formula,product_material_or_formula
New Day Wallet Di(2-ethylhexyl)phthalate,product_material_or_formula,product_material_or_formula
Plates with Exterior Designs Lead,food_contact_container,food_contact_container
Rite Aid Day Logic 4 piece travel bottle set UPC_0011822010641 Di(2-ethylhexyl)phthalate (DEHP),food_contact_container,food_contact_container
"Gloves Made with Leather, Vinyl or Imitation Leather Material Lead",product_material_or_formula,product_material_or_formula
Rice Arsenic (inorganic oxides),raw_material_contaminant,raw_material_contaminant
"Candles Benzene, Carbon disulfide, Carbon monoxide, Carbon-black extracts, Chloroform, Lead, Lead",food_contact_container,food_contact_container
Dried Seaweed Lead,raw_material_contaminant,raw_material_contaminant
"Ceramic Mugs with Exterior Artwork , Halloween pots Lead",food_contact_container,food_contact_container
"SheIn handbags, purses, and clutches Di-n-butyl phthalate (DBP)",product_material_or_formula,product_material_or_formula
"PlantFusion, Complete Protein Creamy Vanilla Bean, UPC#890985001709 Lead",product_material_or_formula,product_material_or_formula
Ceramic Candle Holders With Exterior Decorations Containing Lead Lead,food_contact_container,food_contact_container
Travel Bottle Kit Di(2-ethylhexyl)phthalate (DEHP),food_contact_container,food_contact_container
Ceramic Mugs with Exterior Designs Lead,food_contact_container,food_contact_container
Everbilt PVC Coated Canvas Drop Cloth Di(2-ethylhexyl)phthalate (DEHP),food_contact_container,product_material_or_formula
"Le Italiane, Soft Toffee Licorice from Calabria Italy, UPC#8004590111445 Lead",raw_material_contaminant,raw_material_contaminant
Garnier Fructis Curl Shape Defining Spray Gel Diethanolamine,product_material_or_formula,product_material_or_formula
Seaweed cadmium compounds,raw_material_contaminant,raw_material_contaminant
Merry mug sets Lead,food_contact_container,food_contact_container
"Vipop travel bottles, Aeomni travel bottles Di(2-ethylhexyl)phthalate (DEHP)",food_contact_container,food_contact_container
Gift Wrap Organizer with vinyl/PVC components Diisononyl phthalate (DINP),product_material_or_formula,product_material_or_formula
Bisphenol A (BPA) in Canned Coconut Water Bisphenol A (BPA),food_contact_container,food_contact_container
Seaweed Cadmium,raw_material_contaminant,raw_material_contaminant
Children's Watch Bands Di(2-ethylhexyl)phthalate,product_material_or_formula,product_material_or_formula
Bath Caddy with Plastic Suction Cup Di(2-ethylhexyl)phthalate (DEHP),food_contact_container,food_contact_container
Tools w/vinyl grips Di(2-ethylhexyl)phthalate (DEHP),product_material_or_formula,product_material_or_formula
Fishing Sinker Lead,raw_material_contaminant,raw_material_contaminant
Playful Pineapples and Clear 3 Piece Cosmetic Bag Set Di(2-ethylhexyl)phthalate (DEHP),product_material_or_formula,product_material_or_formula
Heavenly Sent White Bread 24 oz Acrylamide,processing_generated,processing_generated
"Environmental Exposures; Occupational Exposures; and Product Exposures (Second-hand Smoke and Smokeless Tobacco Products; Use of Combustible Products and Materials by Tenants; Use of Hobby-Related Products and Materials by Tenants; Apartment Properties Construction Materials; Natural gas, liquid fuel gases and fuel oil conversion; Parking Facilities and Designated Loading/Unloading Locations Cause Exposure to Vehicle Emissions; Emergency Generators; Tenant, Employee and Business Invitees Transportation Services; In-Apartment Cleaning and Maintenance; Exterior and Common Area Apartment Maintenance; and Exposures to Designated Chemicals Associated with Apartment Property Amenities). Tobacco smoke (primary)",food_contact_container,food_contact_container
Aluminum cookware Lead,food_contact_container,food_contact_container
Vallarta Express Mexican Eatery Receipt Bisphenol S (BPS),food_contact_container,food_contact_container
El Mexicano Red Chile Enchilada Sauce Lead,food_contact_container,food_contact_container
Rice Lead,raw_material_contaminant,raw_material_contaminant
"Walking Sticks with Vinyl/PVC Grips, Walking Sticks with Vinyl/PVC Grips Lead",product_material_or_formula,product_material_or_formula
"Potato Chips, Crisps and Strings Acrylamide",processing_generated,processing_generated
"Botticelli Premium Italian Antipasto in a Jar (Pack of 2) Authentic Italian Antipasto with Artichoke, Olives and Mushroom - Gluten Free - For Antipasto Appetizer, Antipasto Salad and Antipasto Plates - 18 OZ Lead",food_contact_container,food_contact_container
Vinyl/PVC Holiday Door Decorations Di(2-ethylhexyl)phthalate (DEHP),product_material_or_formula,product_material_or_formula
"Black Bart Lure Bag, UPC No. 8 7226800754 7 Diisononyl phthalate (DINP)",product_material_or_formula,product_material_or_formula
Shellfish Lead,raw_material_contaminant,raw_material_contaminant
Coastal Water & Woods Slip Leash Di(2-ethylhexyl)phthalate (DEHP),product_material_or_formula,product_material_or_formula
"Footwear made with leather, vinyl or imitation leather Lead",product_material_or_formula,product_material_or_formula
Children's Sequined Handbag with Plastic or Vinyl Components Di(2-ethylhexyl)phthalate (DEHP),product_material_or_formula,product_material_or_formula
Vinyl eraser Di(2-ethylhexyl)phthalate,product_material_or_formula,product_material_or_formula
Tools with Vinyl/PVC Grips Di(2-ethylhexyl)phthalate (DEHP),product_material_or_formula,product_material_or_formula
White Marble and Clear 2 Piece Cosmetic Bag; 1127617 – White Di(2-ethylhexyl)phthalate (DEHP),product_material_or_formula,product_material_or_formula
Licorice Lead,raw_material_contaminant,raw_material_contaminant
Insulated Wine Bag Di(2-ethylhexyl)phthalate (DEHP),product_material_or_formula,product_material_or_formula
Fash N Kolor Pink Baby Bottle Set Toy (plastic zipper case) Di(2-ethylhexyl)phthalate (DEHP),food_contact_container,product_material_or_formula
"Surface Hair Pure Blonde Violet Leave-In Toning Spray Titanium dioxide (airborne, unbound particles of respirable size)",product_material_or_formula,declared_ingredient
Aloe vera lotion Diethanolamine,product_material_or_formula,product_material_or_formula
Autosol Metal Polish Lead,product_material_or_formula,product_material_or_formula
Ceramic Picture Frames With Decorations Lead,food_contact_container,food_contact_container
Vinyl gloves Diisononyl phthalate (DINP),product_material_or_formula,product_material_or_formula
5L Roll Top Dry Sling Bag Diisononyl phthalate (DINP),product_material_or_formula,product_material_or_formula
Casa Amalfi Oil Bottle Lead,food_contact_container,food_contact_container
Kroger Sport Sunscreen Spray Diethanolamine,product_material_or_formula,product_material_or_formula
"Enfamil Reguline Infant Formula Milk-Based Powder with Iron, Enfamil EnfaCare Infant Formula Milk-Based Powder with Iron, Enfamil Infant Formula Milk-Based Powder with Iron, Enfamil A.R. Infant Formula Milk-Based Powder with Iron Thicked with Added Rice Starch, Enfamil Gentlease Milk-based Powder with Iron Infant Formula, Enfamil ProSobee Soy Infant Formula Milk-Free Lactose-Free Powder with Iron, Enfagrow Toddler Next Step Natural Milk Flavor Milk Drink, Enfagrow Gentlease Toddler Transitions Infant & Toddler Formula Milk-Based Powder with Iron, Enfagrow Toddler Transitions Infant & Toddler Formula Milk-Based Powder with Iron Lead",raw_material_contaminant,product_material_or_formula
Tools with Vinyl/PVC Grips Lead,product_material_or_formula,product_material_or_formula
Ginger Snap Cookies Acrylamide,processing_generated,processing_generated
cosmetics bags Di(2-ethylhexyl)phthalate (DEHP),product_material_or_formula,product_material_or_formula
Vinyl/PVC Zipper Pulls for Eyewear Cases Di(2-ethylhexyl)phthalate (DEHP),product_material_or_formula,product_material_or_formula
Peg Loom – Storage Bag Diisononyl phthalate (DINP),product_material_or_formula,product_material_or_formula
"Footwear made with leather, vinyl or imitation leather lead compounds",product_material_or_formula,product_material_or_formula
Buddha Bowl Lead,food_contact_container,food_contact_container
Tote bags Di(2-ethylhexyl)phthalate (DEHP),product_material_or_formula,product_material_or_formula
"body creams, topical products 5-Methylchrysene, Benz[a]anthracene, Chrysene",product_material_or_formula,product_material_or_formula
"Halloween Costumes containing one or more of the chemicals listed herein., Halloween Costume Accessories, specifically wigs, masks, gloves, footwear, belts, bags, hats, costume props, hosiery, weapons and jewelry intended to accessorize a costume (but excluding makeup) containing one or more of the chemicals listed herein. cadmium compounds, Di(2-ethylhexyl)phthalate (DEHP)",product_material_or_formula,product_material_or_formula
Nail polish Toluene,product_material_or_formula,product_material_or_formula
Holly Days Santa Candy Jar Lead,food_contact_container,food_contact_container
"Cosmetic Bag, UPC No. 7 8831245136 8 Di(2-ethylhexyl)phthalate",product_material_or_formula,product_material_or_formula
Tackle bag Lead,product_material_or_formula,product_material_or_formula
Seasoned Seaweed Lead,raw_material_contaminant,raw_material_contaminant
Gingerbread Man 2 Count Stackable Mugs Lead,food_contact_container,food_contact_container
Bollinger Vinyl Suit 5827 Di(2-ethylhexyl)phthalate (DEHP),product_material_or_formula,product_material_or_formula
Seaweed lead compounds,raw_material_contaminant,raw_material_contaminant
Fishing Sinker Lead,raw_material_contaminant,raw_material_contaminant
Vinyl Checkbook Covers Di(2-ethylhexyl)phthalate (DEHP),product_material_or_formula,product_material_or_formula
Pliers with Vinyl Grips & Brass Craft Tools lead compounds,product_material_or_formula,product_material_or_formula
"Kiss Root Cover Up Gray Concealer Spray Tintation Titanium dioxide (airborne, unbound particles of respirable size)",product_material_or_formula,declared_ingredient
"Environmental Exposures; Occupational Exposures; and Product Exposures (Swimming Pool/Hot Tubs; Automobile Parking Facilities; Fireplaces and Patio Heaters; Matches; Second-hand Smoke and Smokeless Tobacco Products; Cleaning Supplies/Janitorial; Maintenance/Power Tools; Furniture/Furnishings/Window Treatments; Public and Guest Bathrooms; Medical/First Aid Supplies; Internal Combustion (“IC”) Engines, Boilers and other Gas Burning Devices, and Fireplaces; Electronic Equipment, Electric Equipment and Associated Cables Wires and Batteries; Office Supplies and Office Equipment; Hand Tools, Hardware and Brass Keys; and Fertilizers, Soil Amendments, and Pesticides and Herbicides). Tobacco smoke (primary)",food_contact_container,food_contact_container
Laptop cover/bag Lead,product_material_or_formula,product_material_or_formula
Dried Seaweed Cadmium,raw_material_contaminant,raw_material_contaminant
Nail polish Toluene,product_material_or_formula,product_material_or_formula
"Wood processing from L-P facility in Oroville, California Formaldehyde (gas)",product_material_or_formula,product_material_or_formula
Canned Corned Beef Bisphenol A (BPA),food_contact_container,food_contact_container
Glass and ceramicware with exterior artwork Lead,food_contact_container,food_contact_container
Brown Wood Tray with Leather Handles Di(2-ethylhexyl)phthalate (DEHP),product_material_or_formula,product_material_or_formula
Simply Lite Dark Chocolate 50%; UPC: 070090200185 lead compounds,raw_material_contaminant,raw_material_contaminant
Headphones with Vinyl/PVC Components Di(2-ethylhexyl)phthalate (DEHP),product_material_or_formula,product_material_or_formula
"American Dream Cookie Co Peanut Butter Protein Cookie, American Dream Cookie Co Lemon Protein Cookie, American Dream Cookie Co Chocolate Peanut Butter Protein Cookie Lead",food_contact_container,food_contact_container
Glassware with artwork or designs on the exterior lead compounds,food_contact_container,food_contact_container
Little Me Ceramic Piggy Bank Lead,food_contact_container,food_contact_container
Grande Cosmetics Grande Primer Diethanolamine,product_material_or_formula,product_material_or_formula
French Fries Acrylamide,processing_generated,processing_generated
Vinyl/PVC Headset Cords Di(2-ethylhexyl)phthalate (DEHP),product_material_or_formula,product_material_or_formula
"Comfy Baby Deluxe Rain Cover, UPC No. 799078010706 Di(2-ethylhexyl)phthalate (DEHP)",product_material_or_formula,product_material_or_formula
Wooden Utility Poles Polychlorinated dibenzofurans,product_material_or_formula,product_material_or_formula
Go Macro Macrobar White Chocolate + Macadamia Nuts Lead,raw_material_contaminant,raw_material_contaminant
"Tucano Universal Armband for Smartphones, UPC No. 8 020252 049307 Di(2-ethylhexyl)phthalate (DEHP)",food_contact_container,product_material_or_formula
Tuff Stuff Hoof Toughener Conditioner Toluene,product_material_or_formula,product_material_or_formula
Glassware Lead,food_contact_container,food_contact_container
"Deli Insulated Tote Bag - Interior Plastic Lining, UPC#747552605061 Diisononyl phthalate (DINP)",product_material_or_formula,product_material_or_formula
Roasted Seaweed Cadmium,raw_material_contaminant,raw_material_contaminant
Makeup Sponges Di(2-ethylhexyl)phthalate (DEHP),product_material_or_formula,product_material_or_formula
Jeni’s Ice Cream Receipt Bisphenol S (BPS),product_material_or_formula,product_material_or_formula
Vinyl/PVC Water Bottle Sleeves Diisononyl phthalate (DINP),food_contact_container,food_contact_container
Equate Hemorrhoid Relief Cream Diethanolamine,product_material_or_formula,product_material_or_formula
"Halloween Costumes containing one or more of the chemicals listed herein., Halloween Costume Accessories, specifically wigs, masks, gloves, footwear, belts, bags, hats, costume props, hosiery, weapons and jewelry intended to accessorize a costume (but excluding makeup) containing one or more of the chemicals listed herein. Di-n-butyl phthalate (DBP)",product_material_or_formula,product_material_or_formula
vinyl coated hangers Diisononyl phthalate (DINP),product_material_or_formula,product_material_or_formula
"Revolution Nutrition, SWOLE (Ultimate Pre-Workout) - Sour Suckers, UPC#627531023119, Revolution Nutrition, TNT Pre-Workout (High Performance) Powder - Candy Peach, UPC#627531016357 Lead",food_contact_container,food_contact_container
Cooler/Lunch Bag Lead,product_material_or_formula,product_material_or_formula
aquarium suction cups Di(2-ethylhexyl)phthalate (DEHP),food_contact_container,food_contact_container
Bike Racks with Vinyl Components Di(2-ethylhexyl)phthalate (DEHP),product_material_or_formula,product_material_or_formula
Vinyl/PVC bags Di(2-ethylhexyl)phthalate (DEHP),product_material_or_formula,product_material_or_formula
Fishing Sinker Lead,raw_material_contaminant,raw_material_contaminant
Lemon Garden Bowl Lead,food_contact_container,food_contact_container
Seaweed Salad Mix lead compounds,raw_material_contaminant,raw_material_contaminant
Children's Sandals Di-n-butyl phthalate (DBP),product_material_or_formula,product_material_or_formula
SpongeBob SquarePants Coin Purse Di(2-ethylhexyl)phthalate (DEHP),product_material_or_formula,product_material_or_formula
Raw Seaweed Lead,raw_material_contaminant,raw_material_contaminant
"Baby King Baby Stroller Shield UPC#094606003008, Model#ST300, PO# 109760114, Style # BKST300 Diisononyl phthalate (DINP)",product_material_or_formula,product_material_or_formula
Glassware with exterior artwork Lead,food_contact_container,food_contact_container
"Upholstered furniture including chairs, Upholstered furniture including children's chairs Tris(2-chloroethyl) phosphate",product_material_or_formula,product_material_or_formula
Vinyl/PVC Pillows Lead,product_material_or_formula,product_material_or_formula
Ceramic Dishes With Surface Decorations Lead,food_contact_container,food_contact_container
"Discharges from log decks and lumber mills. 1,3-Butadiene, 2,3,7,8-Tetrachlorodibenzo-p-dioxin (TCDD), 2,4,6-Trichlorophenol, Benzene, Benzo[a]pyrene, Benzo[b]fluoranthene, Benzo[j]fluoranthene, Benzo[k]fluoranthene, Chrysene, Creosotes, Dibenz[a,h]anthracene, Hexachlorobenzene, Hexachlorodibenzodioxin, Indeno [1,2,3-cd]pyrene, Lead, Lead",processing_generated,processing_generated
Fishing Sinker Lead,raw_material_contaminant,raw_material_contaminant
"Yarwo Nail Polish Organizer, Zormy Tool Organizer Di(2-ethylhexyl)phthalate (DEHP)",product_material_or_formula,product_material_or_formula
Ceramic Mugs With Exterior Designs Lead,food_contact_container,food_contact_container
Upholstered furniture including stools Tris(2-chloroethyl) phosphate,product_material_or_formula,product_material_or_formula
Trader Joe's Laceys Cookies Dark Chocolate Almond Acrylamide,processing_generated,processing_generated
Vinyl/PVC Greenhouse Covers Di(2-ethylhexyl)phthalate (DEHP),product_material_or_formula,product_material_or_formula
Seaweed Cadmium,raw_material_contaminant,raw_material_contaminant
firewood used engine oils),product_material_or_formula,product_material_or_formula
"Pyranha Revitalizing Pet Shampoo; UPC: 791738114557, Pet Effects Provence Shampoo; UPC: 721343250555, Auromere deep conditioning shampoo; UPC: 027275700022, Hair Lover's Shampoo with Jojoba; UPC: 076791001021, Super cleaning & conditioning shampoo; UPC: 721343854111, Botanical shampoo; UPC: 341795, Olivella Hair Olive Shampoo; UPC: 764412204073 Coconut oil diethanolamine condensate (cocamide diethanolamine)",product_material_or_formula,product_material_or_formula
Krakus Chocolate Covered Gingerbread with Plum Filing Lead,raw_material_contaminant,raw_material_contaminant
"Halloween Costumes containing one or more of the chemicals listed herein., Halloween Costume Accessories, specifically wigs, masks, gloves, footwear, belts, bags, hats, costume props, hosiery, weapons and jewelry intended to accessorize a costume (but excluding makeup) containing one or more of the chemicals listed herein., Halloween Indoor and Outdoor Home/Party Décor and Games, specifically Halloween candy bowls, lawn, wall, door and table ornaments and lights, decorative spiders/webs, lighting, ghosts, witches, goblins, skeletons, bats, cats and tombstones containing one or more of the chemicals listed herein. cadmium compounds, Di(2-ethylhexyl)phthalate (DEHP)",food_contact_container,food_contact_container
"Craftsman 12” Large Mouth Tool Bag Color: black w/red accents UPC#7 21415 81027 4, Craftsman Heavy Duty Air Hose 50 Ft. x 3/8” Color: red UPC# 0 92329 34014 1 Di-isodecyl phthalate (DIDP)",product_material_or_formula,product_material_or_formula
Mexican Style Candy lead compounds,food_contact_container,food_contact_container
First Street Bakery White Enriched Sandwich Bread Acrylamide,processing_generated,processing_generated
Well Beginnings Baby Powder Arsenic (inorganic arsenic compounds),product_material_or_formula,product_material_or_formula
Groovy Disco Ball Pens & Mug Set Lead,food_contact_container,food_contact_container
nature mugs Lead,food_contact_container,food_contact_container
Alabama Crimson Tide Clear Kay Kay Mini-Duffle Purse (Desden) - UPC 8 94933 03060 5 Di(2-ethylhexyl)phthalate (DEHP),product_material_or_formula,product_material_or_formula
Gloves with Vinyl/PVC Components Di(2-ethylhexyl)phthalate,product_material_or_formula,product_material_or_formula
"Environmental Exposures; Occupational Exposures; and Product Exposures (Alcoholic Beverages (bars, mini bars); Swimming Pool/Hot Tubs; Automobile Parking Facilities; Matches; Second-hand Smoke and Smokeless Tobacco Products; Cleaning Supplies/Janitorial; Maintenance/Power Tools; Furniture/Furnishings/Window Treatments; Public and Guest Bathrooms; Medical/First Aid Supplies; Internal Combustion (“IC”) Engines, Boilers and other Gas Burning Devices, and Fireplaces; Electronic Equipment, Electric Equipment and Associated Cables Wires and Batteries; Office Supplies and Office Equipment; Hand Tools, Hardware and Brass Keys; and Fertilizers, Soil Amendments, and Pesticides and Herbicides). Tobacco smoke (primary)",food_contact_container,food_contact_container
"Vinyl/PVC Electrical Tape, Vinyl/PVC Gloves Diisononyl phthalate (DINP)",product_material_or_formula,product_material_or_formula
Crispy Seaweed with Almond Cadmium,raw_material_contaminant,raw_material_contaminant
"Midas Cosmetics Funk You Palette Titanium dioxide (airborne, unbound particles of respirable size)",product_material_or_formula,declared_ingredient
"Environmental Exposures; Occupational Exposures; and Product Exposures (Automobile Parking Facilities; Valet (shoeshine and dry cleaning delivery); Matches; Second-hand Smoke and Smokeless Tobacco Products; Cleaning Supplies/Janitorial; Maintenance/Power Tools; Furniture/Furnishings/Window Treatments; Public and Guest Bathrooms; Medical/First Aid Supplies; Internal Combustion (“IC”) Engines, Boilers and other Gas Burning Devices, and Fireplaces; Electronic Equipment, Electric Equipment and Associated Cables Wires and Batteries; Office Supplies and Office Equipment; Hand Tools, Hardware and Brass Keys; and Fertilizers, Soil Amendments, and Pesticides and Herbicides). Tobacco smoke (primary)",food_contact_container,food_contact_container
1/4-Inch x 25-Ft. Gray Vinyl Screen Spline Di(2-ethylhexyl)phthalate (DEHP),product_material_or_formula,product_material_or_formula
Soaps Mercury,product_material_or_formula,product_material_or_formula
Foundations furniture cover Diisononyl phthalate (DINP),product_material_or_formula,product_material_or_formula
Arby's Triple Chocolate Cookie Acrylamide,processing_generated,processing_generated
Candy Lead,food_contact_container,food_contact_container
Hearth & Harbor Wrapping Paper Storage Container Di(2-ethylhexyl)phthalate (DEHP),food_contact_container,food_contact_container
"Melt Cosmetics Electrip Eyeshadow Palette Titanium dioxide (airborne, unbound particles of respirable size)",product_material_or_formula,declared_ingredient
American Eagle Receipt Bisphenol S (BPS),food_contact_container,food_contact_container
Ceramic Boxes With Exterior Designs Lead,food_contact_container,food_contact_container
Ceramic Mugs With Exterior Designs Lead,food_contact_container,food_contact_container
cases of makeup brush sets Di(2-ethylhexyl)phthalate (DEHP),product_material_or_formula,product_material_or_formula
Vinyl Purple Purse Di(2-ethylhexyl)phthalate (DEHP),product_material_or_formula,product_material_or_formula
Novex Mystic Black Shampoo For Frizz-Free Control 10.1 fl Oz Coconut oil diethanolamine condensate (cocamide diethanolamine),product_material_or_formula,product_material_or_formula
Ceramic Lead,food_contact_container,food_contact_container
cat mugs Lead,food_contact_container,food_contact_container
Damsel in D-Stress Bag Di(2-ethylhexyl)phthalate (DEHP),product_material_or_formula,product_material_or_formula
Shoulder bags Lead,product_material_or_formula,product_material_or_formula
"Mickey ""C"" mugs Cadmium",food_contact_container,food_contact_container
Totebags Di(2-ethylhexyl)phthalate (DEHP),product_material_or_formula,product_material_or_formula
"handbags, travel bags Diisononyl phthalate (DINP)",product_material_or_formula,product_material_or_formula
Clear Purse Stadium Crossbody Bag; ID: X00266774J; ASIN: B07RPQGTNP Di(2-ethylhexyl)phthalate (DEHP),product_material_or_formula,product_material_or_formula
Children's Backpack Di(2-ethylhexyl)phthalate (DEHP),product_material_or_formula,product_material_or_formula
Prawn Cracker Seaweed Lead,raw_material_contaminant,raw_material_contaminant
Vinyl pool and beach furniture Di(2-ethylhexyl)phthalate,product_material_or_formula,product_material_or_formula
Vinyl/PVC Jackets Di(2-ethylhexyl)phthalate (DEHP),product_material_or_formula,product_material_or_formula
"Hodo, Vegan All-Day Egg Scramble, UPC# 850565007408, Hodo, Adobo Mexican Crumbles, UPC#850565007293 Lead",food_contact_container,food_contact_container
Tools with Vinyl/PVC Grips Di(2-ethylhexyl)phthalate (DEHP),product_material_or_formula,product_material_or_formula
Dongwon Canned Whelk Hot Lead,food_contact_container,food_contact_container
Seaweed Salad lead compounds,raw_material_contaminant,raw_material_contaminant
Clear Plastic Packaging of Anti-Stress Comfort Wrap Di-n-butyl phthalate (DBP),food_contact_container,food_contact_container
Vinyl/PVC Electrical Tape Di(2-ethylhexyl)phthalate (DEHP),product_material_or_formula,product_material_or_formula
Jimmy Dean Breakfast Bowl Meat Lover Lead,food_contact_container,food_contact_container
"Footwear with leather , vinyl and imitation leather components Lead",product_material_or_formula,product_material_or_formula
Round Shape Dried Seaweeds lead compounds,raw_material_contaminant,raw_material_contaminant
Arizona Jean Co Cactus Purse and similar products Di(2-ethylhexyl)phthalate (DEHP),product_material_or_formula,product_material_or_formula
Herdez Tortilla Chips Acrylamide,processing_generated,processing_generated
"Great American Seafood Imports Co. Farm Raised Mussels, Albertsons Live Eastern Oysters in Shell, Albertsons Live Wild Littleneck Clams, Waterfront Bistro Mussels in Garlic Butter Sauce, Albertsons Mussel PEI Live Cadmium",food_contact_container,food_contact_container
Pet carriers with vinyl handles Di(2-ethylhexyl)phthalate (DEHP),product_material_or_formula,product_material_or_formula
"Cosemtic Bag - Clear Plastic, 2025008, 7600 5636 0918 Diisononyl phthalate (DINP)",product_material_or_formula,product_material_or_formula
"Glassware and Ceramic Products, (Supplemental) Lead",food_contact_container,food_contact_container
Leaded crystal glassware Lead,food_contact_container,food_contact_container
Seasoned Seaweed cadmium compounds,raw_material_contaminant,raw_material_contaminant
Candy lead compounds,food_contact_container,food_contact_container
Headphones with Vinyl/PVC Components Di(2-ethylhexyl)phthalate (DEHP),product_material_or_formula,product_material_or_formula
Trader Joe's Swordfish Cadmium,raw_material_contaminant,raw_material_contaminant
Vinyl tool grips Lead,product_material_or_formula,product_material_or_formula
"Vinyl/PVC Electrical Tape, Game Cases Di(2-ethylhexyl)phthalate (DEHP)",product_material_or_formula,product_material_or_formula
High Balls and Other Glassware lead compounds,food_contact_container,food_contact_container
Vinyl/PVC Coated Cables used with Security Locks Di(2-ethylhexyl)phthalate (DEHP),product_material_or_formula,product_material_or_formula
Muzzi Family farms Organic Baby Spinach Cadmium,product_material_or_formula,product_material_or_formula
Nori Seaweed Cadmium,raw_material_contaminant,raw_material_contaminant
"Gloves with Vinyl/PVC Components, Dog Leads with Brass Hooks Lead",product_material_or_formula,product_material_or_formula
vinyl-coated clothes hangers Di(2-ethylhexyl)phthalate (DEHP),product_material_or_formula,product_material_or_formula
GoZone Washable Gloves Storage Case SKU_128709825261301299 UPC_0191730244373 Di(2-ethylhexyl)phthalate (DEHP),product_material_or_formula,product_material_or_formula
"Baby King 3 Squeeze Ducks, Plaza Sesamo Crumbcatcher Bib, Rubber Ducks, Baby Bibs and Other Soft Child Care Articles and Toys Di-isodecyl phthalate (DIDP)",product_material_or_formula,product_material_or_formula
Parle Bakesmith Marie Cookies Acrylamide,processing_generated,processing_generated
Bombombs Hot Chocolate Mix Gift Set Lead,raw_material_contaminant,raw_material_contaminant
Afia Sweet Potato and Kale Falafel Bowl Lead,food_contact_container,food_contact_container
"Rilakkuma Bear Bag, UPC#4525636230806 Di(2-ethylhexyl)phthalate (DEHP)",product_material_or_formula,product_material_or_formula
nasal spray Mercury,product_material_or_formula,product_material_or_formula
Ceramic Mugs With Exterior Designs Lead,food_contact_container,food_contact_container
tool bags Di(2-ethylhexyl)phthalate (DEHP),product_material_or_formula,product_material_or_formula
BUMBLE&BUMBLE Illuminated Tone Enhancing Leave In Conditioner Diethanolamine,product_material_or_formula,product_material_or_formula
Ceramic cup lead compounds,food_contact_container,food_contact_container
Canned mussels lead compounds,food_contact_container,food_contact_container
chemical gloves Diisononyl phthalate (DINP),product_material_or_formula,product_material_or_formula
Timberland Pro Genuine Leather Billfold Wallet Chromium (hexavalent compounds),product_material_or_formula,product_material_or_formula
Stadium Approved Clear Bag; ASIN: B07K6JJRCW Di(2-ethylhexyl)phthalate (DEHP),product_material_or_formula,product_material_or_formula
Wooden Utility Poles Polychlorinated dibenzofurans,product_material_or_formula,product_material_or_formula
Dried Seaweed Knots lead compounds,raw_material_contaminant,raw_material_contaminant
"Valves with Vinyl Grips Di(2-ethylhexyl)phthalate, Di(2-ethylhexyl)phthalate (DEHP)",product_material_or_formula,product_material_or_formula
"F&F flourescent workwear, leather wallets Di(2-ethylhexyl)phthalate (DEHP)",product_material_or_formula,product_material_or_formula
Vinyl Apron (Item #CA8-S / Model # 105223) Diisononyl phthalate (DINP),product_material_or_formula,product_material_or_formula
Plastic Cosmetic Bag Di(2-ethylhexyl)phthalate (DEHP),product_material_or_formula,product_material_or_formula
"Backpacks Made With Leather, Vinyl, or Imitation Leather Materials Lead",product_material_or_formula,product_material_or_formula
vinyl bedding Di(2-ethylhexyl)phthalate (DEHP),product_material_or_formula,product_material_or_formula
Handbag Di(2-ethylhexyl)phthalate (DEHP),product_material_or_formula,product_material_or_formula
Children's Belts lead compounds,product_material_or_formula,product_material_or_formula
Simply Nature Creamy Almond Butter Acrylamide,product_material_or_formula,processing_generated
FosPower 24K Gold Plated Audio Cable Diisononyl phthalate (DINP),food_contact_container,product_material_or_formula
French-Fried Potatoes Sold Under Private Label Brands Acrylamide,processing_generated,processing_generated
Glassware and Ceramic Products Cadmium,food_contact_container,food_contact_container
Locks with vinyl coated cables Di(2-ethylhexyl)phthalate (DEHP),product_material_or_formula,product_material_or_formula
Atlantic Capes Fisheries Patagonian Scallops Cadmium,raw_material_contaminant,raw_material_contaminant
San Merican Tomatoes Puree Tomatoes Lead,food_contact_container,food_contact_container
"Geisha, Fancy Smoked Baby Clams, UPC#71140007006 Perfluorononanoic acid (PFNA)",product_material_or_formula,product_material_or_formula
Dried Salted Mullet Fish lead compounds,raw_material_contaminant,raw_material_contaminant
Head shirts Perfluorooctane Sulfonate (PFOS),product_material_or_formula,product_material_or_formula
Glassware Lead,food_contact_container,food_contact_container
Adamsbuilt Wet/Dry Bag Di(2-ethylhexyl)phthalate (DEHP),product_material_or_formula,product_material_or_formula
Cosmetics bags Di(2-ethylhexyl)phthalate (DEHP),product_material_or_formula,product_material_or_formula
Vinyl Coated Paper Fasteners Lead,product_material_or_formula,product_material_or_formula
Dried Seaweed cadmium compounds,raw_material_contaminant,raw_material_contaminant
American Scallops Cadmium,food_contact_container,food_contact_container
Vinyl/PVC Cord Di(2-ethylhexyl)phthalate (DEHP),product_material_or_formula,product_material_or_formula
Tool Pouches and Chain Rolls with Vinyl Components Di(2-ethylhexyl)phthalate (DEHP),product_material_or_formula,product_material_or_formula
Darsee & David’s Bag Di(2-ethylhexyl)phthalate (DEHP),product_material_or_formula,product_material_or_formula
"Belts Made With Leather, Vinyl or Imitation Leather Materials Lead",product_material_or_formula,product_material_or_formula
Claire's Club childrens cupcake purse Di-isodecyl phthalate (DIDP),food_contact_container,product_material_or_formula
"Vinyl Coated Kettlebells Di(2-ethylhexyl)phthalate, Di(2-ethylhexyl)phthalate (DEHP)",product_material_or_formula,product_material_or_formula
Children's Sandals Di(2-ethylhexyl)phthalate (DEHP),product_material_or_formula,product_material_or_formula
nasal sprays mercury compounds,product_material_or_formula,product_material_or_formula
"Environmental Exposures; Occupational Exposures; and Product Exposures (Swimming Pool/Hot Tubs; Food and Beverage Operations; Automobile Parking Facilities; Hotel Transportation Vehicles; Kitchen; Matches; Arts & Crafts Supplies and Classes; Sterno Cooking Fuel; Second-hand Smoke and Smokeless Tobacco Products; Cleaning Supplies/Janitorial; Maintenance/Power Tools; Furniture/Furnishings/Window Treatments; Public and Guest Bathrooms; Medical/First Aid Supplies; Internal Combustion (“IC”) Engines, Boilers and other Gas Burning Devices, and Fireplaces; Electronic Equipment, Electric Equipment and Associated Cables Wires and Batteries; Office Supplies and Office Equipment; Hand Tools, Hardware and Brass Keys; and Fertilizers, Soil Amendments, and Pesticides and Herbicides). Tobacco smoke (primary)",food_contact_container,food_contact_container
"Raley's Almond Butter No Stir Creamy, Raley's Almond Butter No Stir Crunchy, Raley's Organic Creamy Peanut Butter, Raley's Crunchy Peanut Butter, Raley's Organic Crunchy Peanut Butter Lead",product_material_or_formula,product_material_or_formula
Organic Seaweed Lead,raw_material_contaminant,raw_material_contaminant
Tote Bag with Polymer Components Diisononyl phthalate (DINP),product_material_or_formula,product_material_or_formula
Sephora travel bag Diisononyl phthalate (DINP),product_material_or_formula,product_material_or_formula
"Vinyl Flags Di(2-ethylhexyl)phthalate, Di(2-ethylhexyl)phthalate (DEHP)",product_material_or_formula,product_material_or_formula
"Ho Ho Ho Woof Woof Mug, Lemon Garden Measuring Pitcher Lead",food_contact_container,food_contact_container
Ongredients aqua keeping cream Diethanolamine,product_material_or_formula,product_material_or_formula
Plain Brick Oven Pita Bread Acrylamide,processing_generated,processing_generated
Ceramic and Glassware Products Cadmium,food_contact_container,food_contact_container
Bags with vinyl/PVC components Diisononyl phthalate (DINP),product_material_or_formula,product_material_or_formula
Secret Key Snow White Cream Diethanolamine,product_material_or_formula,product_material_or_formula
Most Wanted Purse Silver Trim; SKU 400275702140001399; UPC None Diisononyl phthalate (DINP),product_material_or_formula,product_material_or_formula
Mugs; Salt and Pepper Shakers and Other Tableware lead compounds,food_contact_container,food_contact_container
"Dried Seaweed Arsenic (inorganic oxides), Cadmium",raw_material_contaminant,raw_material_contaminant
Dried Seaweed Arsenic (inorganic arsenic compounds),raw_material_contaminant,raw_material_contaminant
Cerra Donut Peek-a-Boo Ceramic Mug Lead,food_contact_container,food_contact_container
Children's Sandals Di(2-ethylhexyl)phthalate (DEHP),product_material_or_formula,product_material_or_formula
Cosmetic Bag Di(2-ethylhexyl)phthalate (DEHP),product_material_or_formula,product_material_or_formula
IQ Baby Just Animals! Toys Di-n-butyl phthalate (DBP),product_material_or_formula,product_material_or_formula
Baby Shampoo Formaldehyde (gas),product_material_or_formula,product_material_or_formula
Gloves with Vinyl/PVC Components Di(2-ethylhexyl)phthalate (DEHP),product_material_or_formula,product_material_or_formula
Dried Seaweed Cadmium,raw_material_contaminant,raw_material_contaminant
Ceramic Mugs With Exterior Decorations Lead,food_contact_container,food_contact_container
"Blends with Benefits - Green Energy, Pro Shake - Chocolate Cadmium",raw_material_contaminant,raw_material_contaminant
Dried Seaweed Laver cadmium compounds,raw_material_contaminant,raw_material_contaminant
"Minuet Cookies, The Original Maria Cookies UPC#61625 01333 Acrylamide",processing_generated,processing_generated
Tools with Vinyl/ PVC Grips Di(2-ethylhexyl)phthalate (DEHP),product_material_or_formula,product_material_or_formula
"Identification Tags with Vinyl/PVC Windows, Sewing Kits with Vinyl Pouches Di(2-ethylhexyl)phthalate (DEHP)",product_material_or_formula,product_material_or_formula
nasal sprays Mercury,product_material_or_formula,product_material_or_formula
Peak Refuel Premium Freeze Dried Homestyle Chicken and Rice Lead,raw_material_contaminant,raw_material_contaminant
matoen Fishing Egg Bullet Rig Sinkers Angling Lead Weight Split Shot Box Lead,raw_material_contaminant,raw_material_contaminant
Vinyl/PVC Tubing Di(2-ethylhexyl)phthalate (DEHP),product_material_or_formula,product_material_or_formula
Cable & Lock for Car Cover with Vinyl Components Di(2-ethylhexyl)phthalate (DEHP),product_material_or_formula,product_material_or_formula
Ceramic Bowls With Exterior Designs Lead,food_contact_container,food_contact_container
Fuel Pump Nozzles with Vinyl/PVC Covers Di(2-ethylhexyl)phthalate (DEHP),product_material_or_formula,product_material_or_formula
Bruce Bolt Premium Cabretta Leather Batting Gloves Chromium (hexavalent compounds),product_material_or_formula,product_material_or_formula
Pro Force Leatherette Boxing Gloves Di(2-ethylhexyl)phthalate (DEHP),product_material_or_formula,product_material_or_formula
Equate Ultra Strength Pain Relieving Cream Diethanolamine,product_material_or_formula,product_material_or_formula
Upholstered furniture including benches Tris(2-chloroethyl) phosphate,product_material_or_formula,product_material_or_formula
"Spray On Sunscreens Titanium dioxide (airborne, unbound particles of respirable size)",product_material_or_formula,declared_ingredient
Frozen Seasoned Seaweed Lead,raw_material_contaminant,raw_material_contaminant
Ceramic Jars With Exterior Designs Lead,food_contact_container,food_contact_container
Clear Vinyl Storage Bags Di(2-ethylhexyl)phthalate (DEHP),product_material_or_formula,product_material_or_formula
"TSV 263pcs Fishing Accessories Kit, Pocket Edition Lure Kit with Fishing Terminal Tackle Box, Barrel Swivels, Snaps, Fishing Sinker Weights, Space Beans, Single Double Barrel Crimp Sleeves, Hooks Lead",raw_material_contaminant,raw_material_contaminant
Cuddle Buddies Children’s Grass Grow Kit Lead,product_material_or_formula,product_material_or_formula
Mugs and Other Tableware lead compounds,food_contact_container,food_contact_container
cosmetics cases Di(2-ethylhexyl)phthalate (DEHP),product_material_or_formula,product_material_or_formula
Aurora Candlestick Lead,food_contact_container,food_contact_container
Leaded glassware lead compounds,food_contact_container,food_contact_container
"True Nutrition Rice Protein Concentrate Cadmium, Lead",raw_material_contaminant,raw_material_contaminant
Wallets lead compounds,product_material_or_formula,product_material_or_formula
Season of Love Ceramic House Lead,food_contact_container,food_contact_container
"elephant mugs, nature mugs, best life mugs Lead",food_contact_container,food_contact_container
"Explorer Bilt Dry Bag, UPC No. 8 84475 09020 5 Di(2-ethylhexyl)phthalate (DEHP)",product_material_or_formula,product_material_or_formula
"Upholstered furniture including benches Tris(1,3-dichloro-2-propyl) phosphate (TDCPP)",product_material_or_formula,product_material_or_formula
Plastic Cooling Bag Diisononyl phthalate (DINP),product_material_or_formula,product_material_or_formula
"Belts Made With Leather, Vinyl or Imitation Leather Materials Lead",product_material_or_formula,product_material_or_formula
"Vega One All-In-One Nutritional Shake, Chocolate cadmium compounds, Lead",raw_material_contaminant,raw_material_contaminant
Keychains with Vinyl Components Di(2-ethylhexyl)phthalate (DEHP),product_material_or_formula,product_material_or_formula
Primitives by Kathy Luggage Tag with Vinyl Window Di(2-ethylhexyl)phthalate (DEHP),product_material_or_formula,product_material_or_formula
cosmetic kits Lead,product_material_or_formula,product_material_or_formula
mercury in nasal sprays Mercury,product_material_or_formula,product_material_or_formula
Fishing Sinker Lead,raw_material_contaminant,raw_material_contaminant
"Environmental Exposures; Occupational Exposures; and Product Exposures (Alcoholic Beverages (bars, mini bars); Swimming Pool/Hot Tubs; Food and Beverage Operations; Automobile Parking Facilities; Kitchen; Fireplaces and Patio Heaters; Candles; Matches; Sterno Cooking Fuel; Second-hand Smoke and Smokeless Tobacco Products; Cleaning Supplies/Janitorial; Maintenance/Power Tools; Furniture/Furnishings/Window Treatments; Public and Guest Bathrooms; Medical/First Aid Supplies; Internal Combustion (“IC”) Engines, Boilers and other Gas Burning Devices, and Fireplaces; Electronic Equipment, Electric Equipment and Associated Cables Wires and Batteries; Office Supplies and Office Equipment; Hand Tools, Hardware and Brass Keys; and Fertilizers, Soil Amendments, and Pesticides and Herbicides). Tobacco smoke (primary)",food_contact_container,food_contact_container
"Vinyl/PVC Clotheslines , Vinyl/PVC Stickers Di(2-ethylhexyl)phthalate",product_material_or_formula,product_material_or_formula
Leather Wallet Diisononyl phthalate (DINP),product_material_or_formula,product_material_or_formula
"Morrocan Sun Travel Tea Palette Titanium dioxide (airborne, unbound particles of respirable size)",food_contact_container,declared_ingredient
Jo Malone London Vitamin E Nourishing Hand Cream Treatment Diethanolamine,product_material_or_formula,product_material_or_formula
Cosmetic & Makeup Bag Di(2-ethylhexyl)phthalate (DEHP),product_material_or_formula,product_material_or_formula
Tote Bag with Plastic Components Di(2-ethylhexyl)phthalate (DEHP),product_material_or_formula,product_material_or_formula
Children's shoes Lead,product_material_or_formula,product_material_or_formula
Clear plastic disposable bag of comfort wraps Di(2-ethylhexyl)phthalate (DEHP),product_material_or_formula,product_material_or_formula
Mehron Cake Makeup Diethanolamine,product_material_or_formula,product_material_or_formula
Kitchen & Love cauliflower cups Lead,food_contact_container,food_contact_container
Crsipy Seaweed lead compounds,raw_material_contaminant,raw_material_contaminant
PowerBar Performance Energy Bar Chocolate Lead,raw_material_contaminant,raw_material_contaminant
Vinyl/PVC Cables Di(2-ethylhexyl)phthalate (DEHP),product_material_or_formula,product_material_or_formula
Seaweed Arsenic (inorganic arsenic compounds),raw_material_contaminant,raw_material_contaminant
Kohl’s vinyl tablecloth Diisononyl phthalate (DINP),product_material_or_formula,product_material_or_formula
Fishing Sinker Lead,raw_material_contaminant,raw_material_contaminant
Vinyl coated rope Di(2-ethylhexyl)phthalate (DEHP),product_material_or_formula,product_material_or_formula
Sunglasses with Vinyl Nosepiece Di(2-ethylhexyl)phthalate (DEHP),product_material_or_formula,product_material_or_formula
Seaweed Chips Cadmium,raw_material_contaminant,raw_material_contaminant
P.S. __ from Aeropostale __ Girls __ Beauty Cosmetic __ Bag Set Di(2-ethylhexyl)phthalate (DEHP),product_material_or_formula,product_material_or_formula
Dried Seaweed cadmium compounds,raw_material_contaminant,raw_material_contaminant
Crab Seaweed Tempura Cadmium,raw_material_contaminant,raw_material_contaminant
Offshore Angler bag/organizer Di(2-ethylhexyl)phthalate (DEHP),product_material_or_formula,product_material_or_formula
Clear Plastic Packaging of Anti-Stress Comfort Wrap Di(2-ethylhexyl)phthalate (DEHP),food_contact_container,food_contact_container
Diamond Cosmetics Grooming Kit Di(2-ethylhexyl)phthalate (DEHP),product_material_or_formula,product_material_or_formula
Duffel Bag with Polymer Components Diisononyl phthalate (DINP),product_material_or_formula,product_material_or_formula
"Melt 1:1 THC & CBD Lotion - 2oz (200mg), Bôost Liquid THC Concentrate, Relax 1:1 CBD & Delta 9 THC Bath Bomb, Strawberry Delta 9 THC + Pack delta-9-tetrahydrocannabinol",product_material_or_formula,food_contact_container
"Vinyl/PVC Holiday Door Decorations, Ceramic and Glass Drinking Vessels with Exterior Designs Di(2-ethylhexyl)phthalate (DEHP)",food_contact_container,food_contact_container
Equate Ultra Strength Pain Relieving Cream Diethanolamine,product_material_or_formula,product_material_or_formula
Stethoscopes with Vinyl/PVC Tubing Di(2-ethylhexyl)phthalate (DEHP),product_material_or_formula,product_material_or_formula
Vinyl/PVC Coated Cables Di(2-ethylhexyl)phthalate (DEHP),product_material_or_formula,product_material_or_formula
Hanging Organizer Bag Di(2-ethylhexyl)phthalate (DEHP),product_material_or_formula,product_material_or_formula
Glassware with Exterior Artwork Lead,food_contact_container,food_contact_container
Draper James “Think Happy Thoughts” Mug Lead,food_contact_container,food_contact_container
"Halloween Costumes containing one or more of the chemicals listed herein., Halloween Costume Accessories, specifically wigs, masks, gloves, footwear, belts, bags, hats, costume props, hosiery, weapons and jewelry intended to accessorize a costume (but excluding makeup) containing one or more of the chemicals listed herein. Di-n-butyl phthalate (DBP)",product_material_or_formula,product_material_or_formula
"Tools with Vinyl/PVC Grips Di(2-ethylhexyl)phthalate, Di(2-ethylhexyl)phthalate (DEHP)",product_material_or_formula,product_material_or_formula
Fishing Sinker Lead,raw_material_contaminant,raw_material_contaminant
Unite Weekender Shampoo Coconut oil diethanolamine condensate (cocamide diethanolamine),product_material_or_formula,product_material_or_formula
Glassware Products Cadmium,food_contact_container,food_contact_container
Leaded glassware Lead,food_contact_container,food_contact_container
"firewood, mesquite charcoal 1,6-Dinitropyrene, 3-Methylcholanthrene, 5-Nitroacenaphthene, 7H-Dibenzo[c,g]carbazole, Benzo[a]pyrene, Benzo[b]fluoranthene, Benzo[j]fluoranthene, Benzo[k]fluoranthene, Benz[a]anthracene, Chrysene, Creosotes, Dibenzo[a,e]pyrene, Dibenzo[a,h]pyrene, Dibenzo[a,i]pyrene, Dibenzo[a,l]pyrene, Dibenz[a,h]acridine, Dibenz[a,h]anthracene, Dibenz[a,j]acridine",processing_generated,processing_generated
Women's Wallet Di(2-ethylhexyl)phthalate (DEHP),product_material_or_formula,product_material_or_formula
With Love Let Your Faith Be Bigger Than Your Fear Mug Lead,food_contact_container,food_contact_container
Dried Seaweed Lead,raw_material_contaminant,raw_material_contaminant
"Environmental Exposures; Occupational Exposures; and Product Exposures (Automobile Parking Facilities; Kitchen; Second-hand Smoke and Smokeless Tobacco Products; Cleaning Supplies/Janitorial; Maintenance/Power Tools; Furniture/Furnishings/Window Treatments; Public and Guest Bathrooms; Medical/First Aid Supplies; Internal Combustion (“IC”) Engines, Boilers and other Gas Burning Devices, and Fireplaces; Electronic Equipment, Electric Equipment and Associated Cables Wires and Batteries; Office Supplies and Office Equipment; Hand Tools, Hardware and Brass Keys; and Fertilizers, Soil Amendments, and Pesticides and Herbicides). Tobacco smoke (primary)",food_contact_container,food_contact_container
CVS Mug Gift Set Lead,food_contact_container,food_contact_container
Baby on Board signs Di(2-ethylhexyl)phthalate (DEHP),product_material_or_formula,product_material_or_formula
"Farberware PVC Icing Piping Bag for decorating pastries, cakes, etc. Di(2-ethylhexyl)phthalate (DEHP)",product_material_or_formula,product_material_or_formula
"Vinyl Sheaths, Brass Adapters Lead",product_material_or_formula,product_material_or_formula
Field & Stream brand of bags including CEH01902 Di(2-ethylhexyl)phthalate (DEHP),product_material_or_formula,product_material_or_formula
Kitchen Spray Hoses Lead,product_material_or_formula,product_material_or_formula
"Ball Valves, Gauges with Vinyl Components Di(2-ethylhexyl)phthalate, Di(2-ethylhexyl)phthalate (DEHP)",product_material_or_formula,product_material_or_formula
Barnana Plantain Chips Acrylamide,processing_generated,processing_generated
Vinyl/PVC Balloons Di(2-ethylhexyl)phthalate (DEHP),product_material_or_formula,product_material_or_formula
Seaweed lead compounds,raw_material_contaminant,raw_material_contaminant
"Better Living Brands (Vons), Capers, UPC#21130461479, Better Living Brands (Vons), Chocolate Chips, UPC# 21130140763 Lead",raw_material_contaminant,raw_material_contaminant
Toddler Leashes with Vinyl Components Di(2-ethylhexyl)phthalate (DEHP),product_material_or_formula,product_material_or_formula
Suncare Essentials bag/kit/case/tote Di(2-ethylhexyl)phthalate (DEHP),product_material_or_formula,product_material_or_formula
Glassware With Exterior Designs Lead,food_contact_container,food_contact_container
Glassware and Ceramicware Cadmium,food_contact_container,food_contact_container
Caviart Black Seaweed Pearls Lead,raw_material_contaminant,raw_material_contaminant
Rice Lead,raw_material_contaminant,raw_material_contaminant
Osari Seaweed cadmium compounds,raw_material_contaminant,raw_material_contaminant
nasal sprays Mercury,product_material_or_formula,product_material_or_formula
Glassware with exterior artwork Lead,food_contact_container,food_contact_container
Sara Lee Classic White Bread UPC No. 077633750183 Acrylamide,processing_generated,processing_generated
Travel Bags Di(2-ethylhexyl)phthalate (DEHP),product_material_or_formula,product_material_or_formula
Tools with Vinyl/PVC Grips Diisononyl phthalate (DINP),product_material_or_formula,product_material_or_formula
Seaweed cadmium compounds,raw_material_contaminant,raw_material_contaminant
“Rich Crock Black” upholstery fabric Di(2-ethylhexyl)phthalate (DEHP),product_material_or_formula,product_material_or_formula
Ceramic Products Cadmium,food_contact_container,food_contact_container
"Beauty Concepts Hand Cream Collection, SKU: 7394-9417-037647-FLSI (plastic case) Di(2-ethylhexyl)phthalate (DEHP)",product_material_or_formula,product_material_or_formula
"Item #20967D Mini Suction Cups, 8- Pack; UPC765940209677 Di(2-ethylhexyl)phthalate (DEHP)",food_contact_container,food_contact_container
"Glassware, Ceramicware, Leaded crystal, Lead soldered products lead compounds",food_contact_container,food_contact_container
"Brach's Milk Chocolate Peanut Clusters, 6 Ounces, Pack of 8 Multi (Product Code: 041420028175) Lead",raw_material_contaminant,raw_material_contaminant
Rainbow Soap Pump and Sponge Set Lead,product_material_or_formula,food_contact_container
Glassware with Colored Artwork lead compounds,food_contact_container,food_contact_container
"LTH Vegan + All-In-One Naturally Flavored Vanilla with Other Natural Flavors Fuel, Life Time Fitness Life Greens Naturally Flavored Café Mocha, LTH Life Greens Naturally Flavored Double Chocolate with Other Natural Flavors lead compounds",raw_material_contaminant,raw_material_contaminant
"Cosmetic Bag ""In Case of Emergency put Mascara on Yourself Before Helping Others"", Crossbody Bag with Chain Strap (Alien Spaceship Design) Diisononyl phthalate (DINP)",product_material_or_formula,product_material_or_formula
"City Lights Cosmetic Tote, UPC No. 0 8776801817 1 Di(2-ethylhexyl)phthalate (DEHP)",product_material_or_formula,product_material_or_formula
"Purley Elizabeth, Vanilla Pecan Oatmeal with Collagen, UPC#810589030349 lead compounds",food_contact_container,food_contact_container
Moisturizing Creams Progesterone,product_material_or_formula,product_material_or_formula
Jill and Ally Reality Star Ceramic Mug Lead,food_contact_container,food_contact_container
"Upholstered furniture including children's chairs Tris(1,3-dichloro-2-propyl) phosphate (TDCPP)",product_material_or_formula,product_material_or_formula
Ceramicware with exterior artwork or designs Lead,food_contact_container,food_contact_container
Mug Lead,food_contact_container,food_contact_container
NYX Professional Makeup Bare with Me Hydrating Jelly Primer Diethanolamine,product_material_or_formula,product_material_or_formula
Soft Food and Beverage Containers Lead,food_contact_container,food_contact_container
Seaweed Cadmium,raw_material_contaminant,raw_material_contaminant
Vinyl gloves Di(2-ethylhexyl)phthalate,product_material_or_formula,product_material_or_formula
butterfly mugs Lead,food_contact_container,food_contact_container
Seaweed lead compounds,raw_material_contaminant,raw_material_contaminant
Nori Seaweed cadmium compounds,raw_material_contaminant,raw_material_contaminant
Dried Seaweed Lead,raw_material_contaminant,raw_material_contaminant
Exposure to plastic drawstring bag of garden tool sets Di(2-ethylhexyl)phthalate (DEHP),product_material_or_formula,product_material_or_formula
Frontier Cocoa Powder Cadmium,raw_material_contaminant,raw_material_contaminant
"Overton’s seat cover, Shademate storage bag Diisononyl phthalate (DINP)",product_material_or_formula,product_material_or_formula
Vinyl Flags Di(2-ethylhexyl)phthalate (DEHP),product_material_or_formula,product_material_or_formula
Bibigo Mandu Whole Shrimp Dumplings Lead,product_material_or_formula,raw_material_contaminant
Vinyl tool grips Di(2-ethylhexyl)phthalate (DEHP),product_material_or_formula,product_material_or_formula
Plant a Paper Bag SKU 125512226929501299; UPC None Di(2-ethylhexyl)phthalate (DEHP),product_material_or_formula,product_material_or_formula
Vinyl/PVC Pen Pouches Di(2-ethylhexyl)phthalate (DEHP),product_material_or_formula,product_material_or_formula
Ceramic Products Cadmium,food_contact_container,food_contact_container
Vinyl Aprons Diisononyl phthalate (DINP),product_material_or_formula,product_material_or_formula
"Environmental Exposures; Occupational Exposures; and Product Exposures (Alcoholic Beverages (bars, mini bars); Swimming Pool/Hot Tubs; Food and Beverage Operations; Automobile Parking Facilities; Equipment Maintenance; Hotel Transportation Vehicles; Kitchen; Candles; Matches; Arts & Crafts Supplies and Classes; Sterno Cooking Fuel; Second-hand Smoke and Smokeless Tobacco Products; Cleaning Supplies/Janitorial; Maintenance/Power Tools; Furniture/Furnishings/Window Treatments; Public and Guest Bathrooms; Medical/First Aid Supplies; Internal Combustion (“IC”) Engines, Boilers and other Gas Burning Devices, and Fireplaces; Electronic Equipment, Electric Equipment and Associated Cables Wires and Batteries; Office Supplies and Office Equipment; Hand Tools, Hardware and Brass Keys; and Fertilizers, Soil Amendments, and Pesticides and Herbicides). Tobacco smoke (primary)",food_contact_container,food_contact_container
Ceramic Serving Trays With Designs Lead,food_contact_container,food_contact_container
cosmetic bags Di(2-ethylhexyl)phthalate (DEHP),product_material_or_formula,product_material_or_formula
Dried Seaweed Arsenic (inorganic oxides),raw_material_contaminant,raw_material_contaminant
Seaweed lead compounds,raw_material_contaminant,raw_material_contaminant
"Vinyl/PVC Lantern Handles , Headlamps, Flashlights Di(2-ethylhexyl)phthalate (DEHP)",product_material_or_formula,product_material_or_formula
Great American Scallops Cadmium,food_contact_container,food_contact_container
Nail polish Di-n-butyl phthalate (DBP),product_material_or_formula,product_material_or_formula
"Amendment to AG2002-01816 through AG2002-02021 1. Additional exposure to Tobacco Smoke; 2. Asbestos; 3. Power Tools; 4. Glassware and tableware; 5. Electronic Equipment including computer housing, keyboards, etc. 6. Dry cleaning chemicals; 7. Match smoke; 8. Exposure to gas and wood combustion; 9. Floor stippers, polishes, drain cleaners and detergents; 10. Paints and solvents; and 11. Crystal glasses and dishes. Tobacco smoke (primary)",food_contact_container,food_contact_container
Late July Snacks Multigrain Sea Salt Tortilla Chips Acrylamide,processing_generated,processing_generated
Kitchen tools - can opener Di(2-ethylhexyl)phthalate (DEHP),food_contact_container,food_contact_container
wallets Di(2-ethylhexyl)phthalate (DEHP),product_material_or_formula,product_material_or_formula
Fishing Sinker Lead,raw_material_contaminant,raw_material_contaminant
Roasted and Seasoned Seaweed Lead,raw_material_contaminant,raw_material_contaminant
Eye of Horus Liquid Define Eyeliner Babylon Brown Diethanolamine,product_material_or_formula,product_material_or_formula
Gingerbread Mug Lead,food_contact_container,food_contact_container
Bags with Vinyl/PVC Components Di-isodecyl phthalate (DIDP),product_material_or_formula,product_material_or_formula
Paul Mitchell Mitch Calibrate Medium Hold Low Shine Thickening Cream Diethanolamine,product_material_or_formula,product_material_or_formula
Smart Travel Container Set Di(2-ethylhexyl)phthalate (DEHP),food_contact_container,food_contact_container
Seaweed cadmium compounds,raw_material_contaminant,raw_material_contaminant
"Junkisui Pure Body Wash; UPC: 690653500134, iRobot Scooba Hard Floor Cleaner Concentrate; UPC: 885155006592, Lisse Desig Keratin Therapy; UPC: 8022297007151, Lotus Touch laundry detergent Coconut oil diethanolamine condensate (cocamide diethanolamine)",product_material_or_formula,product_material_or_formula
Bewaltz Novelty Bags with Vinyl Components Di-n-butyl phthalate (DBP),product_material_or_formula,product_material_or_formula
Green Thumb Reinforced 3-Ply Vinyl Garden Hose 5/8” x 50’ Diisononyl phthalate (DINP),product_material_or_formula,product_material_or_formula
Vinyl/PVC Gloves Diisononyl phthalate (DINP),product_material_or_formula,product_material_or_formula
Rice Lead,raw_material_contaminant,raw_material_contaminant
Metal and Glass Candle Holders Lead,food_contact_container,food_contact_container
Sprouts Organic Unsalted & Unsweetened Creamy Sunflower Butter Cadmium,product_material_or_formula,product_material_or_formula
Valves with Vinyl/PVC Grips Di(2-ethylhexyl)phthalate (DEHP),product_material_or_formula,product_material_or_formula
"Book covers, Purses, Ceramicware Di(2-ethylhexyl)phthalate (DEHP)",food_contact_container,product_material_or_formula
Geisha wakame seaweed Lead,raw_material_contaminant,raw_material_contaminant
Seaweed Lead,raw_material_contaminant,raw_material_contaminant
Liquorice Powder Lead,raw_material_contaminant,raw_material_contaminant
Mugs With Exterior Designs Lead,food_contact_container,food_contact_container
Ceramic cup Lead,food_contact_container,food_contact_container
"Nasal sprays, ointments and eye care products mercury compounds",product_material_or_formula,product_material_or_formula
"Footwear with leather, vinyl and imitation leather components Lead",product_material_or_formula,product_material_or_formula
Painted toy figures Lead,product_material_or_formula,product_material_or_formula
Seaweed Chips cadmium compounds,raw_material_contaminant,raw_material_contaminant
Vinyl/PVC Guitar Straps Di(2-ethylhexyl)phthalate (DEHP),product_material_or_formula,product_material_or_formula
Daisy Fuentes Bag Di(2-ethylhexyl)phthalate (DEHP),product_material_or_formula,product_material_or_formula
Seaweed cadmium compounds,raw_material_contaminant,raw_material_contaminant
Safety Glasses with Vinyl/PVC Temples Di(2-ethylhexyl)phthalate (DEHP),product_material_or_formula,product_material_or_formula
Vinyl/PVC Inflatables Di(2-ethylhexyl)phthalate (DEHP),product_material_or_formula,product_material_or_formula
Kassatex Soap Pump Lead,product_material_or_formula,product_material_or_formula
Wasa Light Rye Crackers Acrylamide,processing_generated,processing_generated
Handbag with PVC Components Di(2-ethylhexyl)phthalate (DEHP),product_material_or_formula,product_material_or_formula
"Environmental Exposures; Occupational Exposures; and Product Exposures (Second-hand Smoke and Smokeless Tobacco Products; Use of Combustible Products and Materials by Tenants; Use of Hobby-Related Products and Materials by Tenants; Apartment Properties Construction Materials; Natural gas, liquid fuel gases and fuel oil conversion; Parking Facilities and Designated Loading/Unloading Locations Cause Exposure to Vehicle Emissions; Emergency Generators; Tenant, Employee and Business Invitees Transportation Services; In-Apartment Cleaning and Maintenance; Exterior and Common Area Apartment Maintenance; and Exposures to Designated Chemicals Associated with Apartment Property Amenities). Tobacco smoke (primary)",food_contact_container,food_contact_container
"Navitas Organics, Chocolate Cacao Organic Power Snacks, UPC#1196102199 Lead",raw_material_contaminant,raw_material_contaminant
"Fitness Vests with Vinyl/PVC Components, Hydration Bladders with Vinyl/PVC Tubing Di(2-ethylhexyl)phthalate (DEHP)",product_material_or_formula,product_material_or_formula
Expert Grill gloves Chromium (hexavalent compounds),product_material_or_formula,product_material_or_formula
"Windsor Clear PVC Yellow-Trim Purse, UPC# 407203020406 Di(2-ethylhexyl)phthalate (DEHP)",product_material_or_formula,product_material_or_formula
makeup clutches Di(2-ethylhexyl)phthalate (DEHP),product_material_or_formula,product_material_or_formula
"Ruffin It Vinyl Dog Toy, UPC 0 7615820043 2 Diisononyl phthalate (DINP)",product_material_or_formula,product_material_or_formula
Quadratini Almonds bite size Wafer cookies Acrylamide,processing_generated,processing_generated
"Forever21 Pink Rose Cosmetics Titanium dioxide (airborne, unbound particles of respirable size)",product_material_or_formula,declared_ingredient
Dilators with Vinyl Cases Di(2-ethylhexyl)phthalate (DEHP),product_material_or_formula,product_material_or_formula
"Pure Protein supplement, including but not limited to chocolate flavored 7-49826-44325-6 Lead",raw_material_contaminant,raw_material_contaminant
Glory Foods Seasoned Southern Style Canned Vegetables lead compounds,food_contact_container,food_contact_container
Jabin Kim Seasoned Seaweed (Original) Cadmium,raw_material_contaminant,raw_material_contaminant
LT Souvineer; Spoonrest; Salt/Pepper Shakers; Mugs; Other Glassware Lead,food_contact_container,food_contact_container
Snack chips Acrylamide,processing_generated,processing_generated
Vinyl/PVC Hydration Bladder Tubing Di(2-ethylhexyl)phthalate (DEHP),product_material_or_formula,product_material_or_formula
Mug Lead,food_contact_container,food_contact_container
Marketside Wild Caught Ahi Tuna Steaks Lead,raw_material_contaminant,raw_material_contaminant
"Ocean's Halo, Big Noodle Bowl Vegan Chicken, UPC#811670030446, Ocean's Halo, Big Noodle Bowl Vegan Beef, UPC#811670030453 Lead",food_contact_container,food_contact_container
La Bourse Best Anti Hair Loss Shampoo Hair Regrowth Treatment Repair Dotox Detoxification Revival Strengthening with Garlic Herbal Extract Coconut oil diethanolamine condensate (cocamide diethanolamine),product_material_or_formula,product_material_or_formula
SF Mercantile California Bear Hug Luggage Tag Di(2-ethylhexyl)phthalate (DEHP),food_contact_container,product_material_or_formula
Marketside Organic Baby Spinach & Spring Mix Lead,product_material_or_formula,product_material_or_formula
Pillowfort Star Canister Lead,food_contact_container,food_contact_container
"Trader Joe’s Cacao Powder, chocolate Lovers bar, Cemoi Sao Tome 66% Dark Chocolate, 72 percent Cacao”, Valrhona Chocolaterie Kallingo 65%, Villars Maitre Chocolatier Noir Pur 64%, La Maison Du Chocolat Couveture Alpaco 66%, Moser Roth Peru 62% Cacao Cadmium",raw_material_contaminant,raw_material_contaminant
Men’s Sweatpants Di(2-ethylhexyl)phthalate (DEHP),product_material_or_formula,product_material_or_formula
Metal and Glass Candle Holders Lead,food_contact_container,food_contact_container
Copper Mugs Lead,food_contact_container,food_contact_container
Ceramic Mugs With Exterior Designs Lead,food_contact_container,food_contact_container
Ceramic Mugs with Exterior Designs Lead,food_contact_container,food_contact_container
visage mugs Lead,food_contact_container,food_contact_container
"Fish and shellfish in the form of meals containing ahi (yellowfin) tuna, sea bass, sea bream, halibut, salmon, monkfish and lobster. mercury compounds",raw_material_contaminant,raw_material_contaminant
Dried Shredded Fish Lead,raw_material_contaminant,raw_material_contaminant
Glassware Cadmium,food_contact_container,food_contact_container
"Vinyl/PVC Tool Pouches Di(2-ethylhexyl)phthalate, Di(2-ethylhexyl)phthalate (DEHP)",product_material_or_formula,product_material_or_formula
Moisturizing Creams Progesterone,product_material_or_formula,product_material_or_formula
Seaweed Lead,raw_material_contaminant,raw_material_contaminant
Seaweed Cadmium,raw_material_contaminant,raw_material_contaminant
Glassware with Exterior Design or Artwork Lead,food_contact_container,food_contact_container
"Agar Agar, a seaweed derivative lead compounds",raw_material_contaminant,raw_material_contaminant
Creamy Potato Soup Lead,product_material_or_formula,product_material_or_formula
Glassware Products Lead,food_contact_container,food_contact_container
Glassware and Ceramic Products Cadmium,food_contact_container,food_contact_container
Seaweed Cadmium,raw_material_contaminant,raw_material_contaminant
"Shampoo and Liquid Soaps Such as Hand Soap, Body Wash and Bubble Bath Coconut oil diethanolamine condensate (cocamide diethanolamine)",product_material_or_formula,product_material_or_formula
Work and Gardening Gloves Made With Leather Materials Chromium (hexavalent compounds),product_material_or_formula,product_material_or_formula
"Aloha Limited Edition Organic Protein Bar Banana Bread Chocolate Chip Plant-Based Protein, Aloha Organic Protein Bar Almond Butter Cup Plant-Based Protein, Aloha Special Edition Organic Protein Bar The Taro Bar Plant-Based Protein, Aloha Limited Edition Organic Protein Bar Oatmeal Chocolate Chip Plant-Based Protein Cadmium, Lead",food_contact_container,food_contact_container
Children's Vinyl Bathroom Animal Toys Di(2-ethylhexyl)phthalate,product_material_or_formula,product_material_or_formula
Gloves with Vinyl Components Di(2-ethylhexyl)phthalate (DEHP),product_material_or_formula,product_material_or_formula
Petrageous Designs Bowl Lead,food_contact_container,food_contact_container
Seasoned Seaweeds cadmium compounds,raw_material_contaminant,raw_material_contaminant
Glass and ceramicware with exterior artwork Lead,food_contact_container,food_contact_container
Home Pride Wheat Enriched Bread Acrylamide,processing_generated,processing_generated
Seaweed Lead,raw_material_contaminant,raw_material_contaminant
Glassware with colored artwork or designs on the exterior Lead,food_contact_container,food_contact_container
"Oats Over Night Shake Chocolate Peanut Butter Naturally Flavored, Oats Over Night Just Add Milk Green Apple Cinnamon Naturally Flavored 20g Protein, Oats Over Night Just Add Milk Mocha Dream Naturally Flavored 20g Protein, Oats Over Night Just Add Milk Chocolate Peanut Butter Banana 20g Protein, Oats Over Night Just Add Milk Strawberries & Cream Naturally Flavored 20g Protein, Oats Over Night Just Add Milk Coconut Cream Pie Naturally Flavored 20g Protein, Oats Over Night Just Add Mylk Dark Chocolate Sea Salt Naturally Flavored 10g Protein, Oats Over Night Just Add Mylk Cinnamon Roll Naturally Flavored 20g Protein, Oats Over Night Just Add Mylk Chocolate Covered Banana Naturally Flavored 20g Protein, Oats Over Night Just Add Milk Chocolate Satin Pie Naturally Flavored 20g Protein Cadmium",raw_material_contaminant,raw_material_contaminant
"My Tagalongs, Silicone Travel Bottles, UPC#2227900269 Di(2-ethylhexyl)phthalate (DEHP)",food_contact_container,food_contact_container
"Fried Squid, Roasted Squid, Dried Shrimp, Fried Baby Crab Cadmium",product_material_or_formula,product_material_or_formula
Glassware with colored artwork or designs on the exterior Lead,food_contact_container,food_contact_container
"Taylor Madison Designs, Small Bin with Black and White checkered pattern and vinyl handles, SKU: 81727260468842FLS63 Di(2-ethylhexyl)phthalate (DEHP)",product_material_or_formula,product_material_or_formula
Ceramic Mugs With Exterior Designs Lead,food_contact_container,food_contact_container
Zambos Chile Limon Flavored Plantain Chips Acrylamide,processing_generated,processing_generated
JP WinLook Ping Pong Set Cases with Vinyl Windows Di(2-ethylhexyl)phthalate (DEHP),product_material_or_formula,product_material_or_formula
Boulder Canyon Classic Sea Salt Chips Cadmium,food_contact_container,food_contact_container
Primeware Bag Di(2-ethylhexyl)phthalate (DEHP),product_material_or_formula,product_material_or_formula
Spooky Hollow Gold Organic Spider Bowl Lead,food_contact_container,food_contact_container
Shellfish Lead,raw_material_contaminant,raw_material_contaminant
Seaweed lead compounds,raw_material_contaminant,raw_material_contaminant
Children's Footwear Di(2-ethylhexyl)phthalate (DEHP),product_material_or_formula,product_material_or_formula
"hardwood charcoal lumps and briquettes Formaldehyde (gas), Soots, tars",product_material_or_formula,product_material_or_formula
Glassware with exterior artwork Lead,food_contact_container,food_contact_container
Selsun Blue Medicated with Menthol Dandruff Shampoo Diethanolamine,product_material_or_formula,product_material_or_formula
Candles With Exterior Designs Lead,food_contact_container,food_contact_container
Keg N Bottle Receipt Bisphenol S (BPS),food_contact_container,food_contact_container
Seaweed Strip lead compounds,raw_material_contaminant,raw_material_contaminant
American Moving Supplies gloves Diisononyl phthalate (DINP),food_contact_container,food_contact_container
15” X 18” Pro Art Mesh & Vinyl Zipper Bag Di(2-ethylhexyl)phthalate (DEHP),product_material_or_formula,product_material_or_formula
"Magic Razorless Cream Shave-Bald Head, Magic Razorless Cream Shave- Regular Strength for Normal Beards Diethanolamine",product_material_or_formula,product_material_or_formula
Wine Boxes with Vinyl/PVC Handles Di(2-ethylhexyl)phthalate (DEHP),product_material_or_formula,product_material_or_formula
Baby Bibs Di(2-ethylhexyl)phthalate,product_material_or_formula,product_material_or_formula
"Seaweed, Dried Fish, Fried Bombay Duck Fish, Fried Anchovy Fish Paste, Dried Macrognathus Lead",raw_material_contaminant,raw_material_contaminant
dog hair mugs Lead,food_contact_container,food_contact_container
nasal spray Mercury,product_material_or_formula,product_material_or_formula
"Upholstered Office/Stacking Chairs with Foam Padding containing Tris(1,3-dichloro-2-propyl) phosphate, Upholstered Office/ Stacking Chairs with Foam Padding containing Tris(2-chloroethyl) phosphate, Upholstered Chairs with Foam Padding containing Tris(1,3-dichloro-2-propyl) phosphate, Chairs with Vinyl/PVC Upholstery containing Di(2-ethylhexyl)phthalate Tris(2-chloroethyl) phosphate",product_material_or_formula,product_material_or_formula
"Jim Beam Classic Grilling Apron (clear plastic container bag), UPC: 736386009855 Di(2-ethylhexyl)phthalate (DEHP)",food_contact_container,product_material_or_formula
Glassware and Ceramicware Products Lead,food_contact_container,food_contact_container
Glassware with Exterior Artwork Lead,food_contact_container,food_contact_container
Vinyl/PVC Gloves Diisononyl phthalate (DINP),product_material_or_formula,product_material_or_formula
"Dried Rabbitfish, Dried Threadfin Bream Lead",raw_material_contaminant,raw_material_contaminant
All Purpose Bag Di(2-ethylhexyl)phthalate (DEHP),product_material_or_formula,product_material_or_formula
Glass and ceramic beverage containers Lead,food_contact_container,food_contact_container
Vinyl Keyrings/Keychains Di(2-ethylhexyl)phthalate,product_material_or_formula,product_material_or_formula
Fishing Sinker Lead,raw_material_contaminant,raw_material_contaminant
Seaweed lead compounds,raw_material_contaminant,raw_material_contaminant
tea cups Lead,food_contact_container,food_contact_container
Glassware with exterior artwork Lead,food_contact_container,food_contact_container
triple zip bags Perfluorooctanoic Acid (PFOA),product_material_or_formula,product_material_or_formula
Silver Scalloped Bag Di(2-ethylhexyl)phthalate (DEHP),product_material_or_formula,product_material_or_formula
Vinyl/PVC Spring Clamp Grips Di(2-ethylhexyl)phthalate (DEHP),product_material_or_formula,product_material_or_formula
Dried Seaweed Lead,raw_material_contaminant,raw_material_contaminant
"Red Steer Waterproff PVC Gloves, UPC No. 0 46065 01843 7 Diisononyl phthalate (DINP)",product_material_or_formula,product_material_or_formula
Tea Cup Set Lead,food_contact_container,food_contact_container
Ceramic Mugs with Exterior Designs Lead,food_contact_container,food_contact_container
Tai Pei Shrimp Fried Rice Lead,raw_material_contaminant,raw_material_contaminant
Sake Cup Set Lead,food_contact_container,food_contact_container
"IT Cosmetics Bye Bye Pores Pressed - Translucent Tan/Rich Titanium dioxide (airborne, unbound particles of respirable size)",product_material_or_formula,declared_ingredient
"Crown Prince Natural from Managed Fisheries Boiled Whole Oysters Packed in Water, Crown Prince Natural from Managed Fisheries Naturally Smoked Oysters with Red Chili Peppers Mildly Spiced Hand Packed in Pure Olive Oil , Crown Prince Natural from Managed Fisheries Naturally Smoked Oysters Hand Packed in Pure Olive Oil , Crown Prince Fancy Whole Smoked Oysters in Cottonseed Oil, Crown Prince Natural Wild Caught Smoked Baby Clams Hand Packed in Olive Oil, Ocean Prince Fancy Whole Smoked Oysters with Red Chili Pepper Mildly Spiced , Ocean Prince Cocktail Smoked Oysters in Cottonseed Oil Cadmium",raw_material_contaminant,raw_material_contaminant
Animal Crackers Acrylamide,processing_generated,processing_generated
Glassware and Ceramic Products Cadmium,food_contact_container,food_contact_container
Ceramic Mugs with Exterior Designs Lead,food_contact_container,food_contact_container
"Halloween Costume Accessories, specifically wigs, masks, gloves, footwear, belts, bags, hats, costume props, hosiery, weapons and jewelry intended to accessorize a costume (but excluding makeup) containing one or more of the chemicals listed herein. Arsenic (inorganic arsenic compounds)",product_material_or_formula,product_material_or_formula
Glassware and Ceramic Products Lead,food_contact_container,food_contact_container
Moisturizing Creams Progesterone,product_material_or_formula,product_material_or_formula
Vinyl/PVC Gloves Di(2-ethylhexyl)phthalate (DEHP),product_material_or_formula,product_material_or_formula
E.Burnham Retinol Facial Cleansing Lotion with AHA Diethanolamine,product_material_or_formula,product_material_or_formula
Handbags Di(2-ethylhexyl)phthalate (DEHP),product_material_or_formula,product_material_or_formula
Name Plate With 2 Brass Corners Lead,food_contact_container,food_contact_container
"160 West Living 6 Piece Sheet Set (clear plastic zippered container), SKU: 400254396360, Betty Boop Black Sliders Sandals, SKU: 400262214113, Nameless Black Small Bag in Clear Stadium Bag with Gold Cat Shaped Handles (clear plastic bag), SKU: 400252381429, Large Brown Purse with Silver Details, SKU: 400258774492 Di(2-ethylhexyl)phthalate (DEHP)",food_contact_container,product_material_or_formula
Vinyl/PVC Hand Truck Grips Di(2-ethylhexyl)phthalate (DEHP),product_material_or_formula,product_material_or_formula
Children's Flip Flops Di-n-butyl phthalate (DBP),product_material_or_formula,product_material_or_formula
Brown Rice Ovaletts Mercury,raw_material_contaminant,raw_material_contaminant
Chloe Alexis Tote Bags Di(2-ethylhexyl)phthalate (DEHP),product_material_or_formula,product_material_or_formula
Toy Sets With PVC Cases Di(2-ethylhexyl)phthalate (DEHP),product_material_or_formula,product_material_or_formula
mercury in nasal sprays Mercury,product_material_or_formula,product_material_or_formula
Guangyou Mian Yang Rice Noodle Lead,raw_material_contaminant,raw_material_contaminant
"Grown Alchemist Bag, UPC# 9 340800 008419 Di(2-ethylhexyl)phthalate (DEHP)",product_material_or_formula,product_material_or_formula
"Big Ice South Bend Gloves, UPC No. 039364523580 Di(2-ethylhexyl)phthalate (DEHP)",product_material_or_formula,product_material_or_formula
Blue Little Mermaid Bag ID: 400169816373 Di(2-ethylhexyl)phthalate (DEHP),product_material_or_formula,product_material_or_formula
Crossbody Shoulder Bag; ASIN: B07Y9YSB4F Di(2-ethylhexyl)phthalate (DEHP),product_material_or_formula,product_material_or_formula
Seaweed Chips Cadmium,raw_material_contaminant,raw_material_contaminant
Emily Collection 6 Piece Full Sheet Set packaging materials Di(2-ethylhexyl)phthalate (DEHP),food_contact_container,food_contact_container
Shaye Clear Festival Bag Di(2-ethylhexyl)phthalate,product_material_or_formula,product_material_or_formula
Dry Bag Diisononyl phthalate (DINP),product_material_or_formula,product_material_or_formula
Everbowl Receipt Bisphenol S (BPS),food_contact_container,food_contact_container
Dried Seaweed cadmium compounds,raw_material_contaminant,raw_material_contaminant
Knee Pads with Vinyl/PVC Components Di(2-ethylhexyl)phthalate (DEHP),product_material_or_formula,product_material_or_formula
Cat Ceramic Bowl with chopsticks Lead,food_contact_container,food_contact_container
Bush's Best Canned Baked Beans - Original with Bacon & Brown Sugar (28 oz) lead compounds,food_contact_container,food_contact_container
Canned shellfish Lead,food_contact_container,food_contact_container
nasal sprays mercury compounds,product_material_or_formula,product_material_or_formula
Wakame Seaweed Cadmium,raw_material_contaminant,raw_material_contaminant
Ceramicware Lead,food_contact_container,food_contact_container
"Belts Made With Leather, Vinyl or Imitation Leather Materials Lead",product_material_or_formula,product_material_or_formula
Giftware Bag Diisononyl phthalate (DINP),product_material_or_formula,product_material_or_formula
"wood pellets and energy logs Formaldehyde (gas), Soots, tars",product_material_or_formula,product_material_or_formula
Ashland Pink and Red Strip Ceramic Container Lead,food_contact_container,food_contact_container
Baby Tous bath gel Diethanolamine,product_material_or_formula,product_material_or_formula
Jeprox Fish Lead,raw_material_contaminant,raw_material_contaminant
"Footwear with leather, vinyl and imitation leather components Lead",product_material_or_formula,product_material_or_formula
Candy Lead,food_contact_container,food_contact_container
Lasco Bag Di(2-ethylhexyl)phthalate (DEHP),product_material_or_formula,product_material_or_formula
Glassware and Ceramicware Lead,food_contact_container,food_contact_container
"Tropical makeup palettes Titanium dioxide (airborne, unbound particles of respirable size)",product_material_or_formula,declared_ingredient
"Frozen Boiled Clam, Frozen Boiled Short Necked Clam, Konyaku, Dried & Sliced Squid Calamari Seche Tranche, Seaweed Algues, Roasted Seaweed Lead",raw_material_contaminant,raw_material_contaminant
Soap dispenser lead compounds,product_material_or_formula,product_material_or_formula
Dried Arame Seaweed lead compounds,raw_material_contaminant,raw_material_contaminant
Vinyl/PVC Gloves Di(2-ethylhexyl)phthalate (DEHP),product_material_or_formula,product_material_or_formula
"Infinichi Five Elements Of Health Balance & Longevity Ancient Secrets Infinite Vitality, Wellness Living Allergy Tamer Chinese Herbal Dietary Supplement Lungs & Respiration, Wellness Living Passages Plus Chinese Herbal Dietary Supplement Especially For Women, Wellness Living Dura-Bone Chinese Herbal Dietary Supplement Traditional Support, Infinichi Wood Element Authoritative Type Ancient Secrets Infinite Vitality 120 Capsules, Wellness Living Mood Elevation Chinese Herbal Dietary Supplement Shen & Spirit 65 Capsules, Wellness Living Hair Nurture Chinese Herbal Dietary Supplement Hair, Skin & Beauty 65 Capsules lead compounds",product_material_or_formula,product_material_or_formula
Vinyl Tubing Di(2-ethylhexyl)phthalate (DEHP),product_material_or_formula,product_material_or_formula
Vinyl Dog Toys Di(2-ethylhexyl)phthalate (DEHP),product_material_or_formula,product_material_or_formula
Glass soft drink bottles Lead,food_contact_container,food_contact_container
Vegetable Rice Paper Lead,raw_material_contaminant,raw_material_contaminant
"Vinyl/PVC Gloves, Gloves with Vinyl/PVC Components, Vinyl/PVC Gloves, Vinyl/PVC Rainwear, Vinyl/PVC Aprons Di(2-ethylhexyl)phthalate (DEHP)",product_material_or_formula,product_material_or_formula
Tote Bags With PVC Components Di(2-ethylhexyl)phthalate (DEHP),product_material_or_formula,product_material_or_formula
Tools with Vinyl/PVC Grips Di(2-ethylhexyl)phthalate (DEHP),product_material_or_formula,product_material_or_formula
Cosmetic Cases with Polymer Components Di(2-ethylhexyl)phthalate (DEHP),product_material_or_formula,product_material_or_formula
Dried Seaweed Flower Lead,raw_material_contaminant,raw_material_contaminant
Glassware with exterior artwork Lead,food_contact_container,food_contact_container
Glassware Products Lead,food_contact_container,food_contact_container
"Environmental Exposures; Occupational Exposures; and Product Exposures (Alcoholic Beverages (bars, mini bars); Swimming Pool/Hot Tubs; Food and Beverage Operations; Automobile Parking Facilities; Fuel Dispensing; Equipment Maintenance; Bicycle Rental and Repair; Hotel Transportation Vehicles; Kitchen; Fireplaces and Patio Heaters; Salon; Valet (shoeshine and dry cleaning delivery); Candles; Matches; Arts & Crafts Supplies and Classes; Sterno Cooking Fuel; Second-hand Smoke and Smokeless Tobacco Products; Cleaning Supplies/Janitorial; Maintenance/Power Tools; Furniture/Furnishings/Window Treatments; Public and Guest Bathrooms; Medical/First Aid Supplies; Internal Combustion (“IC”) Engines, Boilers and other Gas Burning Devices, and Fireplaces; Electronic Equipment, Electric Equipment and Associated Cables Wires and Batteries; Office Supplies and Office Equipment; Hand Tools, Hardware and Tobacco smoke (primary)",food_contact_container,food_contact_container
"Environmental Exposures; Occupational Exposures; and Product Exposures (Swimming Pool/Hot Tubs; Food and Beverage Operations; Automobile Parking Facilities; Hotel Transportation Vehicles; Kitchen; Valet (shoeshine and dry cleaning delivery); Matches; Sterno Cooking Fuel; Second-hand Smoke and Smokeless Tobacco Products; Cleaning Supplies/Janitorial; Maintenance/Power Tools; Furniture/Furnishings/Window Treatments; Public and Guest Bathrooms; Medical/First Aid Supplies; Internal Combustion (“IC”) Engines, Boilers and other Gas Burning Devices, and Fireplaces; Electronic Equipment, Electric Equipment and Associated Cables Wires and Batteries; Office Supplies and Office Equipment; Hand Tools, Hardware and Brass Keys; and Fertilizers, Soil Amendments, and Pesticides and Herbicides). Tobacco smoke (primary)",food_contact_container,food_contact_container
Rice Arsenic (inorganic oxides),raw_material_contaminant,raw_material_contaminant
Hey Honey Walk the Walk Propolis Foot & Heel Repair Cream Diethanolamine,product_material_or_formula,product_material_or_formula
Nail polish Toluene,product_material_or_formula,product_material_or_formula
Seaweed Snacks Cadmium,raw_material_contaminant,raw_material_contaminant
"Near East, Rice Pilaf Wild Mushroom & Herb, UPC#072251002164 Lead",raw_material_contaminant,raw_material_contaminant
Ozen Ceramics Tabletop Lead,food_contact_container,food_contact_container
Glassware and Ceramic Products Cadmium,food_contact_container,food_contact_container
Ceramic Tableware Lead,food_contact_container,food_contact_container
Nail Polish Formaldehyde (gas),product_material_or_formula,product_material_or_formula
"Baraka, Dry Apricot Candy, UPC#822514223719, Baraka, Grape Leaves, UPC#822514238805, Baraka, Dried Apricot, UPC#822514240600 lead compounds",food_contact_container,food_contact_container
Annie Chun's Peanut Sesame Noodle Bowl Cadmium,food_contact_container,food_contact_container
Pokemon Mug Lead,food_contact_container,food_contact_container
Secret Key Snow White Cream Diethanolamine,product_material_or_formula,product_material_or_formula
Sleepy Tie Bag Di(2-ethylhexyl)phthalate (DEHP),product_material_or_formula,product_material_or_formula
CRISPY PREPARED SEAWEED Lead,raw_material_contaminant,raw_material_contaminant
Children's Bath Toys Di(2-ethylhexyl)phthalate,product_material_or_formula,product_material_or_formula
Ceramicware with exterior artwork Cadmium,food_contact_container,food_contact_container
Victory Sport Design Bag Di(2-ethylhexyl)phthalate (DEHP),product_material_or_formula,product_material_or_formula
Whole Foods Market Tortilla Chips Heirloom White Corn Acrylamide,processing_generated,processing_generated
Vinyl/PVC Speaker Cords Di(2-ethylhexyl)phthalate (DEHP),product_material_or_formula,product_material_or_formula
Lotion Dispensers with Exterior Designs Lead,product_material_or_formula,food_contact_container
Dried Seaweed lead compounds,raw_material_contaminant,raw_material_contaminant
Glassware and Ceramicware Cadmium,food_contact_container,food_contact_container
"IT Cosmetics Your Skin But Better CC + Airbrush Perfecting Color Setting Powder Titanium dioxide (airborne, unbound particles of respirable size)",product_material_or_formula,declared_ingredient
Candle Holders With Exterior Designs Lead,food_contact_container,food_contact_container
Canned baby clams Cadmium,food_contact_container,food_contact_container
dream mugs Lead,food_contact_container,food_contact_container
Shellfish lead compounds,raw_material_contaminant,raw_material_contaminant
"Insulated Electrical Wires (Circuit Tester Cords), Vinyl/PVC Tool Pouches Di(2-ethylhexyl)phthalate (DEHP)",product_material_or_formula,product_material_or_formula
Ceramic Mugs With Exterior Designs Lead,food_contact_container,food_contact_container
4 piece Tote bag with Polymer Components Diisononyl phthalate (DINP),product_material_or_formula,product_material_or_formula
Moisturizing Creams Progesterone,product_material_or_formula,product_material_or_formula
Seaweed Lead,raw_material_contaminant,raw_material_contaminant
Glass and ceramicware with exterior artwork Lead,food_contact_container,food_contact_container
"Kroger chopped spinach, Kroger cream of mushroom condensed soup Lead",product_material_or_formula,product_material_or_formula
TRESemme Flawless Curls Shampoo Diethanolamine,product_material_or_formula,product_material_or_formula
Premium Makeup Organizer Makeup Bag Di(2-ethylhexyl)phthalate (DEHP),product_material_or_formula,product_material_or_formula
Dried Seaweed Undaria Lead,raw_material_contaminant,raw_material_contaminant
Zero Friction Cabretta Elite Glove Chromium (hexavalent compounds),product_material_or_formula,product_material_or_formula
Children's Vinyl Bags Di(2-ethylhexyl)phthalate,product_material_or_formula,product_material_or_formula
Ceramic Bowls With Exterior Designs Lead,food_contact_container,food_contact_container
Stone Candles Virtue Candleholder Lead,food_contact_container,food_contact_container
Vinyl/PVC Stylus Toppers Di(2-ethylhexyl)phthalate (DEHP),product_material_or_formula,product_material_or_formula
Lead in plastic clothing Lead,product_material_or_formula,product_material_or_formula
Infant Accessory Bags Lead,product_material_or_formula,product_material_or_formula
Fishing Sinker Lead,raw_material_contaminant,raw_material_contaminant
Children's Jackets Lead,product_material_or_formula,product_material_or_formula
Vinyl Upholstery on Arm Pads Di(2-ethylhexyl)phthalate (DEHP),product_material_or_formula,product_material_or_formula
Glassware With Exterior Designs Lead,food_contact_container,food_contact_container
Racks with Vinyl/PVC Components Di(2-ethylhexyl)phthalate (DEHP),product_material_or_formula,product_material_or_formula
"Environmental Exposures; Occupational Exposures; and Product Exposures (Second-hand Smoke and Smokeless Tobacco Products; Use of Combustible Products and Materials by Tenants; Use of Hobby-Related Products and Materials by Tenants; Apartment Properties Construction Materials; Natural gas, liquid fuel gases and fuel oil conversion; Parking Facilities and Designated Loading/Unloading Locations Cause Exposure to Vehicle Emissions; Emergency Generators; Tenant, Employee and Business Invitees Transportation Services; In-Apartment Cleaning and Maintenance; Exterior and Common Area Apartment Maintenance; and Exposures to Designated Chemicals Associated with Apartment Property Amenities). Tobacco smoke (primary)",food_contact_container,food_contact_container
"Footwear Made With Leather, Vinyl or Imitation Leather Materials Lead",product_material_or_formula,product_material_or_formula
Mag-Mate cup magnet tool holder Diisononyl phthalate (DINP),food_contact_container,food_contact_container
Ceramic Mugs with Exterior Designs Lead,food_contact_container,food_contact_container
Camping Cookware with Vinyl/PVC Coated Handles Di(2-ethylhexyl)phthalate (DEHP),food_contact_container,product_material_or_formula
"heart bags, backpacks Diisononyl phthalate (DINP)",product_material_or_formula,product_material_or_formula
Icy Hot Original Pain Relief Cream Diethanolamine,product_material_or_formula,product_material_or_formula
Beauty Clear Make Up Bag Di(2-ethylhexyl)phthalate (DEHP),product_material_or_formula,product_material_or_formula
"Trader Joe's riced cauliflower stir fry, Trader Joe's super spinach salad, Trader Joe's palak paneer Cadmium",raw_material_contaminant,raw_material_contaminant
"Vinyl/PVC Nets, Vinyl/PVC Pouches Di(2-ethylhexyl)phthalate (DEHP)",product_material_or_formula,product_material_or_formula
Vinyl/PVC Stickers Di(2-ethylhexyl)phthalate (DEHP),product_material_or_formula,product_material_or_formula
Ceramic Platters With Designs Lead,food_contact_container,food_contact_container
Vinyl/PVC Mats Diisononyl phthalate (DINP),product_material_or_formula,product_material_or_formula
Children's Vinyl Zipper Pulls Di(2-ethylhexyl)phthalate,product_material_or_formula,product_material_or_formula
Rice Lead,raw_material_contaminant,raw_material_contaminant
Skin Creams Such as Facial Masks Coconut oil diethanolamine condensate (cocamide diethanolamine),product_material_or_formula,product_material_or_formula
Seaweed Arsenic (inorganic arsenic compounds),raw_material_contaminant,raw_material_contaminant
CALA Tame the Mane (Component tested was the clear plastic of the reusable bag) Di(2-ethylhexyl)phthalate (DEHP),product_material_or_formula,product_material_or_formula
Roasted seaweed snacks Cadmium,raw_material_contaminant,raw_material_contaminant
DJECO Children’s Magic Coloring Set Di-isodecyl phthalate (DIDP),product_material_or_formula,product_material_or_formula
Brouk & Co. Cosmetic Bag Di(2-ethylhexyl)phthalate (DEHP),product_material_or_formula,product_material_or_formula
Candles used engine oils),food_contact_container,food_contact_container
"Sav-On Therapeutic Shampoo Benzo[a]pyrene, Benzo[b]fluoranthene, Benzo[j]fluoranthene, Benzo[k]fluoranthene, Benz[a]anthracene, Carbazole, Chrysene, Dibenz[a,h]anthracene, Dibenz[a,j]acridine, Indeno [1,2,3-cd]pyrene, Soots, tars",product_material_or_formula,processing_generated
"Frito-Lay, Inc. Cracker Jack The Original Acrylamide",processing_generated,processing_generated
Pencil Pouches with Vinyl/PVC Windows Di(2-ethylhexyl)phthalate (DEHP),product_material_or_formula,product_material_or_formula
Messenger bags Lead,product_material_or_formula,product_material_or_formula
Ceramic Mugs with Exterior Artwork Lead,food_contact_container,food_contact_container
"Diesel Generators at the Cannabis Cultivation Facility Located at or Around 5601 and 5733 San Leandro Street, Oakland, California 94621 Diesel engine exhaust",food_contact_container,food_contact_container
Shoulder Bag with PVC Components Di(2-ethylhexyl)phthalate (DEHP),product_material_or_formula,product_material_or_formula
Champagne Bottle Float; UPC888712099945 Di(2-ethylhexyl)phthalate (DEHP),food_contact_container,food_contact_container
french fries Acrylamide,processing_generated,processing_generated
LucEver Home Footed Bowl Lead,food_contact_container,food_contact_container
Tools with vinyl grips Lead,product_material_or_formula,product_material_or_formula
Unicorn Cosmetics Case Di(2-ethylhexyl)phthalate (DEHP),product_material_or_formula,product_material_or_formula
"""Cholla Wood Branches"" Natural Wood dust",product_material_or_formula,product_material_or_formula
Bowl with Animal Attachment Lead,food_contact_container,food_contact_container
Bridgford Ready to Eat Wraps Mexican Style Beef Filling Lead,food_contact_container,food_contact_container
Dark Chocolate Covered Ginger Lead,raw_material_contaminant,raw_material_contaminant
Ceramic Décor with Exterior Decoration Lead,food_contact_container,food_contact_container
Cosmetic Bags with PVC Components Di(2-ethylhexyl)phthalate (DEHP),product_material_or_formula,product_material_or_formula
Seaweed snacks Cadmium,raw_material_contaminant,raw_material_contaminant
"progesterone creams and gels, firewood, fire logs and fire starters mineral oils (untreated",product_material_or_formula,product_material_or_formula
Dunkin Cold Foam Creamer Nitrous oxide,product_material_or_formula,product_material_or_formula
sealants and lubricants mineral oils (untreated,food_contact_container,food_contact_container
Prawn Cracker Seaweed lead compounds,raw_material_contaminant,raw_material_contaminant
Athletic/Duffel bag Lead,product_material_or_formula,product_material_or_formula
Makeup Sponges Di(2-ethylhexyl)phthalate (DEHP),product_material_or_formula,product_material_or_formula
Cosmetic Cases with Plastic Components Diisononyl phthalate (DINP),product_material_or_formula,product_material_or_formula
Sanders Dark Chocolate Peppermind Patties Mini Bites Lead,raw_material_contaminant,raw_material_contaminant
Dried Fish lead compounds,raw_material_contaminant,raw_material_contaminant
Vinyl Check Holders Di(2-ethylhexyl)phthalate (DEHP),product_material_or_formula,product_material_or_formula
Seaweed Lead,raw_material_contaminant,raw_material_contaminant
Secret Key Snow White Cream Diethanolamine,product_material_or_formula,product_material_or_formula
"toddler slides (DBP), sink caddy suction cups (DEHP) Di(2-ethylhexyl)phthalate (DEHP)",food_contact_container,food_contact_container
"Vinyl/PVC Microphone Pouches, Vinyl/PVC Microphone Cords Di(2-ethylhexyl)phthalate (DEHP)",product_material_or_formula,product_material_or_formula
"Bio-Med Tar-Sulfur Shampoo (Veterinary Strength) Benzo[a]pyrene, Benzo[b]fluoranthene, Benzo[j]fluoranthene, Benzo[k]fluoranthene, Benz[a]anthracene, Carbazole, Chrysene, Dibenz[a,h]anthracene, Dibenz[a,j]acridine, Indeno [1,2,3-cd]pyrene, Soots, tars",product_material_or_formula,processing_generated
Rice Arsenic (inorganic arsenic compounds),raw_material_contaminant,raw_material_contaminant
Dried Seaweed Lead,raw_material_contaminant,raw_material_contaminant
Seas Gift Sweet Seaweed Snack lead compounds,raw_material_contaminant,raw_material_contaminant
Car Mount with Suction Cup Di(2-ethylhexyl)phthalate (DEHP),food_contact_container,food_contact_container
"Gear Wallets with Vinyl/PVC Pouches, Gear Wallet Handles Lead",product_material_or_formula,product_material_or_formula
Keebler Ice Cream Cones Acrylamide,product_material_or_formula,processing_generated
Dried Fish Lead,raw_material_contaminant,raw_material_contaminant
Laptop cover/bag Lead,product_material_or_formula,product_material_or_formula
"Nasal sprays, ointments and eye care products mercury compounds",product_material_or_formula,product_material_or_formula
Connections Teapot and Teacup Lead,food_contact_container,food_contact_container
Dried Fish Meat Cadmium,raw_material_contaminant,raw_material_contaminant
HexArmor Chrome SLT 4060 Glove Chromium (hexavalent compounds),product_material_or_formula,product_material_or_formula
Shellfish lead compounds,raw_material_contaminant,raw_material_contaminant
Dried Seaweed Cadmium,raw_material_contaminant,raw_material_contaminant
"Alpha Lion Be Superhuman Super Human Pump Stim-Free Pump & Performance Pre-Workout Peach Pumps Peach Rings, Alpha Lion Be Superhuman Super Human Burn 2-In-1 Fat Burning Pre- Workout Cherry Popper Sweet Black Cherry, Alpha Lion Be Superhuman Super Human Pre Original Performance Pre- Workout Orange Gainsicle Orange Creamsicle, Alpha Lion Be Superhuman Super Human Pump Stim-Free Pump & Performance Pre-Workout Mango Veiniac Mango Strawberry Sherbet, Alpha Lion Be Superhuman Super Human Hydration Daily Hydration and Recovery Powerhouse Lemonardo Da Vinci Sweet Lemonade Natural and Artificial Flavors, Alpha Lion Be Superhuman Super Human Pump Stim-Free Pump & Performance Pre-Workout Blue Steel Blueberry Mojito Natural and Artificial Flavors, Alpha Lion Be Superhuman Super Human Pre Original Performance Pre- Workout Grapezilla Grape Bubblegum Natural and Artificial Flavors lead compounds",product_material_or_formula,food_contact_container
Ready To Eat Cereal Acrylamide,processing_generated,processing_generated
Vinyl Tote Handles Di(2-ethylhexyl)phthalate (DEHP),product_material_or_formula,product_material_or_formula
Moisturizing creams Progesterone,product_material_or_formula,product_material_or_formula
Ceramic Mugs With Exterior Decorations Lead,food_contact_container,food_contact_container
Camp Showers with Vinyl/PVC Tubing Di(2-ethylhexyl)phthalate,product_material_or_formula,product_material_or_formula
"Canoe adhesive, trade name ""Hydrogrip"" Dichloromethane (Methylene chloride)",food_contact_container,product_material_or_formula
Black plastic straps of children's backpacks Diisononyl phthalate (DINP),product_material_or_formula,product_material_or_formula
Vinyl Hex Dumbbell – Top Fitness Di(2-ethylhexyl)phthalate (DEHP),product_material_or_formula,product_material_or_formula
Seaweed Salad lead compounds,raw_material_contaminant,raw_material_contaminant
Obagi Clinical Vitamin C Eye Brightener Diethanolamine,product_material_or_formula,product_material_or_formula
Notebooks with vinyl cover Di(2-ethylhexyl)phthalate (DEHP),product_material_or_formula,product_material_or_formula
"Party Favors, Toys Lead",product_material_or_formula,product_material_or_formula
"Environmental Exposures; Occupational Exposures; and Product Exposures (Second-hand Smoke and Smokeless Tobacco Products; Use of Combustible Products and Materials by Tenants; Use of Hobby-Related Products and Materials by Tenants; Apartment Properties Construction Materials; Natural gas, liquid fuel gases and fuel oil conversion; Parking Facilities and Designated Loading/Unloading Locations Cause Exposure to Vehicle Emissions; Emergency Generators; Tenant, Employee and Business Invitees Transportation Services; In-Apartment Cleaning and Maintenance; Exterior and Common Area Apartment Maintenance; and Exposures to Designated Chemicals Associated with Apartment Property Amenities). Tobacco smoke (primary)",food_contact_container,food_contact_container
Natural Life Mushroom Mug Lead,food_contact_container,food_contact_container
Detox Dry Shampoo Original Scent Benzene,product_material_or_formula,product_material_or_formula
Vevor Bag Di(2-ethylhexyl)phthalate (DEHP),product_material_or_formula,product_material_or_formula
Ceramic Mugs With Exterior Decorations Lead,food_contact_container,food_contact_container
Person & Covey DHS Tar Shampoo mildly treated oils,product_material_or_formula,product_material_or_formula
Novex Mystic Black Shampoo Coconut oil diethanolamine condensate (cocamide diethanolamine),product_material_or_formula,product_material_or_formula
Grobet Brass Craft Caliper/Gauge with Vinyl Case Lead,product_material_or_formula,product_material_or_formula
Rice Arsenic (inorganic arsenic compounds),raw_material_contaminant,raw_material_contaminant
Crayfish lead compounds,raw_material_contaminant,raw_material_contaminant
Tote Bag with PVC Components Diisononyl phthalate (DINP),product_material_or_formula,product_material_or_formula
Glassware Products Lead,food_contact_container,food_contact_container
"VIFON, Vietnamese Style Rice Noodles, UPC#855032000500 Lead",raw_material_contaminant,raw_material_contaminant
Vinyl/PVC Golf Club Covers Di(2-ethylhexyl)phthalate (DEHP),product_material_or_formula,product_material_or_formula
Trader Joe's Almonds - Dry Roasted & Unsalted (1 lb) Acrylamide,processing_generated,processing_generated
Roasted and Seasoned Seaweed Lead,raw_material_contaminant,raw_material_contaminant
"Environmental Exposures; Occupational Exposures; and Product Exposures (Swimming Pool/Hot Tubs; Food and Beverage Operations; Automobile Parking Facilities; Equipment Maintenance; Second-hand Smoke and Smokeless Tobacco Products; Cleaning Supplies/Janitorial; Maintenance/Power Tools; Furniture/Furnishings/Window Treatments; Public and Guest Bathrooms; Medical/First Aid Supplies; Internal Combustion (“IC”) Engines, Boilers and other Gas Burning Devices, and Fireplaces; Electronic Equipment, Electric Equipment and Associated Cables Wires and Batteries; Office Supplies and Office Equipment; Hand Tools, Hardware and Brass Keys; and Fertilizers, Soil Amendments, and Pesticides and Herbicides). Tobacco smoke (primary)",food_contact_container,food_contact_container
"Shampoo and Liquid Soaps Such as Hand Soap, Body Wash and Bubble Bath Coconut oil diethanolamine condensate (cocamide diethanolamine)",product_material_or_formula,product_material_or_formula
Shoulder Bag with PVC Components Di(2-ethylhexyl)phthalate (DEHP),product_material_or_formula,product_material_or_formula
"Seats with Vinyl Upholstery Di(2-ethylhexyl)phthalate, Di(2-ethylhexyl)phthalate (DEHP)",product_material_or_formula,product_material_or_formula
Metal and Glass Candle Holders Lead,food_contact_container,food_contact_container
Earth Bowl Superfoods Receipt Bisphenol S (BPS),food_contact_container,food_contact_container
Ceramic beverage container Lead,food_contact_container,food_contact_container
toy soldiers Di(2-ethylhexyl)phthalate (DEHP),product_material_or_formula,product_material_or_formula
"Environmental Exposures; Occupational Exposures; and Product Exposures (Alcoholic Beverages (bars, mini bars); Food and Beverage Operations; Kitchen; Valet (shoeshine and dry cleaning delivery); Candles; Sterno Cooking Fuel; Second-hand Smoke and Smokeless Tobacco Products; Cleaning Supplies/Janitorial; Maintenance/Power Tools; Furniture/Furnishings/Window Treatments; Public and Guest Bathrooms; Medical/First Aid Supplies; Internal Combustion (“IC”) Engines, Boilers and other Gas Burning Devices, and Fireplaces; Electronic Equipment, Electric Equipment and Associated Cables Wires and Batteries; Office Supplies and Office Equipment; Hand Tools, Hardware and Brass Keys; and Fertilizers, Soil Amendments, and Pesticides and Herbicides). Tobacco smoke (primary)",food_contact_container,food_contact_container
Candy Lead,food_contact_container,food_contact_container
Glass beverage container Lead,food_contact_container,food_contact_container
"Trader Joe’s Creamy Almond Butter - No Salt, Trader Joe’s Creamy Almond Butter – Salted, Trader Joe’s Raw Almond Butter Creamy, Trader Joe’s Raw Almond Butter Crunchy, Trader Joe’s Crunchy Unsalted Peanut Butter, Trader Joe’s Crunchy Salted Peanut Butter, Trader Joe’s Creamy Unsalted Peanut Butter, Trader Joe’s Creamy Salted Peanut Butter, Trader Joe’s Organic Peanut Butter Creamy No Salt Valencia Acrylamide",product_material_or_formula,processing_generated
Vinyl/PVC Conduit Whips Di(2-ethylhexyl)phthalate (DEHP),product_material_or_formula,product_material_or_formula
Winado Bag Di(2-ethylhexyl)phthalate (DEHP),product_material_or_formula,product_material_or_formula
Dried Seaweed Knots Lead,raw_material_contaminant,raw_material_contaminant
Jeprox Fish lead compounds,raw_material_contaminant,raw_material_contaminant
candy lead compounds,food_contact_container,food_contact_container
Dona Maria Pipian Mexican Sauce Lead,food_contact_container,food_contact_container
Bottle Openers with Vinyl/PVC Grips Di(2-ethylhexyl)phthalate (DEHP),food_contact_container,product_material_or_formula
Bielenda Beauty Molecules B5 Molecular ultra-moisturizing cream Diethanolamine,product_material_or_formula,product_material_or_formula
Berkeley Bowl Marketplace Organic Sunflower Butter Cadmium,food_contact_container,food_contact_container
Dried Seaweed Cadmium,raw_material_contaminant,raw_material_contaminant
Mini Purse Diisononyl phthalate (DINP),product_material_or_formula,product_material_or_formula
"Book covers, Purses, Ceramicware Di-n-butyl phthalate (DBP)",food_contact_container,product_material_or_formula
All Purpose Black and Silver Clear Bag Di(2-ethylhexyl)phthalate (DEHP),product_material_or_formula,product_material_or_formula
Bibigo Seaweed Soup Cadmium,raw_material_contaminant,raw_material_contaminant
"Freshscent All-N-One Shampoo/shavegel/body wash; UPC: 085317002091, Rio Vista Horse Ravishing Shampoo; UPC: 768014064165, Doc Ackermans Botanical Citronella Shampoo; UPC: 673968122499, Health Guard Shampoo, Diana Stalder Collagen Soap, Hair Cubed Color Care Shampoo; UPC: 837654251126 Coconut oil diethanolamine condensate (cocamide diethanolamine)",product_material_or_formula,product_material_or_formula
Überkinky Whipped Cream After Spanking Cream; UPC: 5055896930141 Diethanolamine,product_material_or_formula,product_material_or_formula
Kemp USA Bag Di(2-ethylhexyl)phthalate (DEHP),product_material_or_formula,product_material_or_formula
Glassware Products Cadmium,food_contact_container,food_contact_container
B.Happi Reusable Waste Bag Case SKU 400250276710000699; UPC_None Di(2-ethylhexyl)phthalate (DEHP),product_material_or_formula,product_material_or_formula
Glassware Lead,food_contact_container,food_contact_container
Seaweed cadmium compounds,raw_material_contaminant,raw_material_contaminant
"Kroger rice & seaweed tuna bowls, Kroger flat anchovies Perfluorooctane Sulfonate (PFOS)",food_contact_container,raw_material_contaminant
Nutramigen With Enflora LGG- 1 For Cow's Milk Allergy Hypoallergenic Infant Formula with Iron lead compounds,product_material_or_formula,product_material_or_formula
"Body Wash, Hand Soap, Shampoo 1,4-Dioxane",product_material_or_formula,product_material_or_formula
Vinyl/PVC Coated Padlocks Di(2-ethylhexyl)phthalate (DEHP),product_material_or_formula,product_material_or_formula
"Fried Squid, Roasted Squid, Dried Shrimp, Fried Baby Crab Lead",product_material_or_formula,product_material_or_formula
Cambond Clear Crossbody Purse; B07R6HSHFS Di(2-ethylhexyl)phthalate (DEHP),product_material_or_formula,product_material_or_formula
Dole Baby Spinach Cadmium,product_material_or_formula,product_material_or_formula
"Vinyl/PVC Buckets Di(2-ethylhexyl)phthalate, Di(2-ethylhexyl)phthalate (DEHP)",product_material_or_formula,product_material_or_formula
Best Yet Honey Graham Crackers Acrylamide,processing_generated,processing_generated
PVC Cosmetic Pouches Di(2-ethylhexyl)phthalate (DEHP),product_material_or_formula,product_material_or_formula
Perfect Fit Boot Shapers packaging materials Di(2-ethylhexyl)phthalate (DEHP),food_contact_container,food_contact_container
Ceramic Pots with Exterior Designs Lead,food_contact_container,food_contact_container
K&K Ceramic Pot/bowl Lead,food_contact_container,food_contact_container
Seaweed lead compounds,raw_material_contaminant,raw_material_contaminant
"Nora, Seaweed Snacks - Tempura Spicy, UPC#855258006249, Nora, Seaweed Snacks - Crispy Original, UPC#855258006225 lead compounds",raw_material_contaminant,raw_material_contaminant
Roasted Seaweed Lead,raw_material_contaminant,raw_material_contaminant
Children's Vinyl Bags Di(2-ethylhexyl)phthalate,product_material_or_formula,product_material_or_formula
Cedarlane creamed spinach & kale with swiss chard Lead,product_material_or_formula,product_material_or_formula
Seirus Multi Sport Glove Chromium (hexavalent compounds),product_material_or_formula,product_material_or_formula
"Belts, Headphones with Vinyl/PVC Wires containing Di(2-ethylhexyl)phthalate Di(2-ethylhexyl)phthalate (DEHP)",product_material_or_formula,product_material_or_formula
Vinyl coated wire Lead,product_material_or_formula,product_material_or_formula
Wallet Di(2-ethylhexyl)phthalate (DEHP),product_material_or_formula,product_material_or_formula
3 Piece Cosmetic Travel Bags Di(2-ethylhexyl)phthalate (DEHP),product_material_or_formula,product_material_or_formula
Glass beverage container Lead,food_contact_container,food_contact_container
suction cups Di(2-ethylhexyl)phthalate (DEHP),food_contact_container,food_contact_container
Vinyl/PVC Earbud Pouches Di(2-ethylhexyl)phthalate (DEHP),product_material_or_formula,product_material_or_formula
Tiny Easel Artist Pro Kit for Children Di(2-ethylhexyl)phthalate (DEHP),product_material_or_formula,product_material_or_formula
Let's Party mugs Lead,food_contact_container,food_contact_container
Ame & Lulu Sport Towel Bag Di(2-ethylhexyl)phthalate (DEHP),product_material_or_formula,product_material_or_formula
Handbags with Plastic Components Di(2-ethylhexyl)phthalate (DEHP),product_material_or_formula,product_material_or_formula
CLUELESS HAND CREAM BUBBLEGUM Diethanolamine,product_material_or_formula,product_material_or_formula
Nigel Beauty Pro Travel Bottle Set UPC: 810619010655 Di(2-ethylhexyl)phthalate (DEHP),food_contact_container,food_contact_container
"Colored, Vinyl-Coated Paper Fasteners Lead",product_material_or_formula,product_material_or_formula
"Omura Zipper Wallet, X000TTQ42L Di(2-ethylhexyl)phthalate (DEHP)",product_material_or_formula,product_material_or_formula
"Upholstered Furniture with Foam Padding containing Tris(1,3-dichloro-2-propyl) phosphate Tris(1,3-dichloro-2-propyl) phosphate (TDCPP)",product_material_or_formula,product_material_or_formula
Wonderful Roasted & Salted Almonds Acrylamide,processing_generated,processing_generated
Mali Lili Black Purse SKU 121901451261802999 UPC None Di(2-ethylhexyl)phthalate (DEHP),product_material_or_formula,product_material_or_formula
"Ascent Plant Protein Plant-Powered Post-Workout Recovery Vanilla Bean Plant Protein Powder Blend, Ascent Plant Protein Plant-Powered Post-Workout Recovery Chocolate Plant Protein Powder Blend Cadmium",raw_material_contaminant,raw_material_contaminant
Bowl with Animal Attachment Lead,food_contact_container,food_contact_container
Wallets with Plastic Components Di(2-ethylhexyl)phthalate (DEHP),product_material_or_formula,product_material_or_formula
"wood smoke Cyclosporine), Dibenzo[a,h]pyrene",product_material_or_formula,product_material_or_formula
"Dried Shrimp, Fried Anchovy Fish Paste lead compounds",raw_material_contaminant,raw_material_contaminant
Handbag Di(2-ethylhexyl)phthalate,product_material_or_formula,product_material_or_formula
Roasted Seaweed Snack Lead,raw_material_contaminant,raw_material_contaminant
"Inflatable Vinyl Toys, Children's Soft Vinyl Bags Di(2-ethylhexyl)phthalate",product_material_or_formula,product_material_or_formula
Bow Wow Pet Spiked Rubber Bone Dog Toy UPC856025009715 Di(2-ethylhexyl)phthalate (DEHP),product_material_or_formula,product_material_or_formula
"Vinyl/PVC Cosmetic Cases, Binders with Clear Vinyl Coverings, Vinyl Tool Grips Di(2-ethylhexyl)phthalate (DEHP)",product_material_or_formula,product_material_or_formula
SOO’AE New York skin cream Diethanolamine,product_material_or_formula,product_material_or_formula
Heyday Tomato Alla Vodka Cannellini Beans - UPC No.: 850043369004 Lead,food_contact_container,food_contact_container
"Magic Wand® Original, HV-260; UPC896909001916, The Girls™ Amie™ Vibratex® Vibrator Toy “Phthalate Free”; UPC896909001954 Di(2-ethylhexyl)phthalate (DEHP)",product_material_or_formula,product_material_or_formula
Nail polish Toluene,product_material_or_formula,product_material_or_formula
Dried Seaweed cadmium compounds,raw_material_contaminant,raw_material_contaminant
Insect Repellent Spray Di-n-propyl isocinchomeronate (MGK Repellent 326),product_material_or_formula,product_material_or_formula
Soaps mercury compounds,product_material_or_formula,product_material_or_formula
"No Cow Dipped Protein Bar Chocolate Peanut Butter Cup Naturally Flavored, No Cow Protein Bar Peanut Butter Chocolate Chip Naturally Flavored, No Cow Dipped Chocolate Sea Salt Naturally Flavored Protein Bar lead compounds",food_contact_container,food_contact_container
"wallets, purses Diisononyl phthalate (DINP)",product_material_or_formula,product_material_or_formula
Tools with Vinyl/PVC Grips Di(2-ethylhexyl)phthalate (DEHP),product_material_or_formula,product_material_or_formula
makeup bags Di(2-ethylhexyl)phthalate (DEHP),product_material_or_formula,product_material_or_formula
crossbody bags Di(2-ethylhexyl)phthalate (DEHP),product_material_or_formula,product_material_or_formula
"Upholstered furniture including stools Tris(1,3-dichloro-2-propyl) phosphate (TDCPP)",product_material_or_formula,product_material_or_formula
Decorative vinyl figurines lead compounds,product_material_or_formula,product_material_or_formula
Glass beverage container Lead,food_contact_container,food_contact_container
Arkwright Standard Pillowcases packaging Di(2-ethylhexyl)phthalate (DEHP),food_contact_container,food_contact_container
cosmetics & jewelry organizers Perfluorooctanoic Acid (PFOA),product_material_or_formula,product_material_or_formula
Ceramic Products Lead,food_contact_container,food_contact_container
Most Wanted wallet/purse Diisononyl phthalate (DINP),product_material_or_formula,product_material_or_formula
Potato Chips Acrylamide,processing_generated,processing_generated
Yellowfin Tuna lead compounds,raw_material_contaminant,raw_material_contaminant
Gardetto's Special Request Garlic Rye Chips Acrylamide,processing_generated,processing_generated
Handbags Di(2-ethylhexyl)phthalate (DEHP),product_material_or_formula,product_material_or_formula
Seaweed Salad lead compounds,raw_material_contaminant,raw_material_contaminant
Dried Seaweed Lead,raw_material_contaminant,raw_material_contaminant
Clear Carry-On Quart Bag Di(2-ethylhexyl)phthalate (DEHP),product_material_or_formula,product_material_or_formula
lead coinbag seals lead compounds,product_material_or_formula,product_material_or_formula
Glassware and Ceramic Products Lead,food_contact_container,food_contact_container
Ceramicware with exterior artwork Lead,food_contact_container,food_contact_container
Wododo Shiny Neon Fanny Bag; ASIN: B07CGDP91K Diisononyl phthalate (DINP),product_material_or_formula,product_material_or_formula
suction cup mirrors Diisononyl phthalate (DINP),food_contact_container,food_contact_container
Cosmetics Lead,product_material_or_formula,product_material_or_formula
Dried Seaweed Cadmium,raw_material_contaminant,raw_material_contaminant
Sonia Kashuk Red Promesia Body Lotion with Sandalwood Jasmine and Vanilla Diethanolamine,product_material_or_formula,product_material_or_formula
"Slimfast, Advanced Immunity Orange Cream Swirl, UPC#008346790074 Lead",product_material_or_formula,product_material_or_formula
Vinyl tool grips Di(2-ethylhexyl)phthalate (DEHP),product_material_or_formula,product_material_or_formula
Ceramic Mugs With Exterior Designs Lead,food_contact_container,food_contact_container
Tasty Tuscany Lacinato green Kale Cadmium,food_contact_container,food_contact_container
Brentwood popcorn maker Bisphenol A (BPA),product_material_or_formula,food_contact_container
Vegan Hot Cocoa Mix Lead,raw_material_contaminant,raw_material_contaminant
"Great American Seafood Imports Co. Farm Raised Mussels, Albertsons Live Eastern Oysters in Shell, Albertsons Live Wild Littleneck Clams, Waterfront Bistro Mussels in Garlic Butter Sauce, Albertsons Mussel PEI Live lead compounds",food_contact_container,food_contact_container
Pure Protein bar chocolate deluxe Lead,raw_material_contaminant,raw_material_contaminant
Eva NYC Like Magic bag Di(2-ethylhexyl)phthalate (DEHP),product_material_or_formula,product_material_or_formula
Glassware w/Exterior Artwork Cadmium,food_contact_container,food_contact_container
Gloves Chromium (hexavalent compounds),product_material_or_formula,product_material_or_formula
Vinyl Tubing Di-n-butyl phthalate (DBP),product_material_or_formula,product_material_or_formula
Waterproof notebook with vinyl components Di(2-ethylhexyl)phthalate (DEHP),product_material_or_formula,product_material_or_formula
Aloe Vera Savila Face & BodyLotion UPC037836000386 Diethanolamine,product_material_or_formula,product_material_or_formula
Dried Seaweed Lead,raw_material_contaminant,raw_material_contaminant
Seaweed Lead,raw_material_contaminant,raw_material_contaminant
Once Again Organic Salt-Free Unsweetened Creamy Sunflower Seed Butter Cadmium,product_material_or_formula,product_material_or_formula
Suction Cup Mount Camera Di(2-ethylhexyl)phthalate (DEHP),food_contact_container,food_contact_container
Sunny Select Canned Yams Lead,food_contact_container,food_contact_container
Superior Nut & Candy sunflower kernels Cadmium,food_contact_container,food_contact_container
Fruit Vegetable Seaweed Crisp Instant Seaweed Crunch Sandwich Snack Arsenic (inorganic arsenic compounds),raw_material_contaminant,raw_material_contaminant
TOTALLY CRUSHING IT TODAY HONEY ALMOND SCENTED FOAMING HAND SOAP Diethanolamine,product_material_or_formula,product_material_or_formula
Archipelago Botanicals Lavender Lotion Diethanolamine,product_material_or_formula,product_material_or_formula
"Boottique The Foot Bag, UPC No. 7 9959901571 6 Diisononyl phthalate (DINP)",product_material_or_formula,product_material_or_formula
canvas totes Di-n-butyl phthalate (DBP),food_contact_container,product_material_or_formula
Craft Pliers with Vinyl Grips Di(2-ethylhexyl)phthalate (DEHP),product_material_or_formula,product_material_or_formula
Glass and Metal Photo Frames and Glass and Metal Candle/Votive Holders. Lead,food_contact_container,food_contact_container
Vinyl/PVC Game Cases Di(2-ethylhexyl)phthalate (DEHP),product_material_or_formula,product_material_or_formula
Glassware with Exterior Artwork Lead,food_contact_container,food_contact_container
Whole Foods Market Tortilla Chips Heirloom White Corn Acrylamide,processing_generated,processing_generated
Freshé Gourmet Tuna Meal Sicilian Caponata - UPC No. 8-1241000060-6 Lead,raw_material_contaminant,raw_material_contaminant
"Big Spoon Roasters Lemon Blueberry Cashew Butter Bar, Big Spoon Roasters Cranberry Cashew Peanut Butter Bar, Big Spoon Roasters Figgy Chai Peanut Butter Bar, Big Spoon Roasters Cherry Chocolate Peanut Butter Bar, Big Spoon Roasters Apple Ginger Almond Butter Bar, Big Spoon Roasters Apricot Pepita Peanut Butter Bar Lead",raw_material_contaminant,raw_material_contaminant
"Suction Cup Hooks, Safety Goggles, Placemats, Gripper Pads, Liners, Turkey Lifters, Shower Curtains, Garlands Di(2-ethylhexyl)phthalate (DEHP)",food_contact_container,food_contact_container
Dried Seaweed Cadmium,raw_material_contaminant,raw_material_contaminant
Children's Jackets Lead,product_material_or_formula,product_material_or_formula
Dried Seaweed lead compounds,raw_material_contaminant,raw_material_contaminant
"Foam-Cushioned Mattress Toppers Tris(1,3-dichloro-2-propyl) phosphate (TDCPP)",product_material_or_formula,product_material_or_formula
"Reed's Craft Ginger Candy, Crystallized Ginger, UPC#008274883336 Lead",food_contact_container,food_contact_container
Glassware Products Lead,food_contact_container,food_contact_container
Woven Phone Crossbody Bag Di(2-ethylhexyl)phthalate (DEHP),product_material_or_formula,product_material_or_formula
"Environmental Exposures; Occupational Exposures; and Product Exposures (Alcoholic Beverages (bars, mini bars); Food and Beverage Operations; Kitchen; Candles; Matches; Sterno Cooking Fuel; Second-hand Smoke and Smokeless Tobacco Products; Cleaning Supplies/Janitorial; Maintenance/Power Tools; Furniture/Furnishings/Window Treatments; Public and Guest Bathrooms; Medical/First Aid Supplies; Internal Combustion (“IC”) Engines, Boilers and other Gas Burning Devices, and Fireplaces; Electronic Equipment, Electric Equipment and Associated Cables Wires and Batteries; Office Supplies and Office Equipment; Hand Tools, Hardware and Brass Keys; and Fertilizers, Soil Amendments, and Pesticides and Herbicides). Tobacco smoke (primary)",food_contact_container,food_contact_container
Grobet Brass Craft Caliper/Gauge with Vinyl Case Lead,product_material_or_formula,product_material_or_formula
Glassware lead compounds,food_contact_container,food_contact_container
Vinyl/PVC Gloves Di(2-ethylhexyl)phthalate (DEHP),product_material_or_formula,product_material_or_formula
firewood used engine oils),product_material_or_formula,product_material_or_formula
Glassware with exterior artwork Lead,food_contact_container,food_contact_container
"Maxi Health NatureMAX Boost Pea Protein Natural Vanilla Flavor, Maxi Health NatureMAX Boost Pea Protein Natural Chocolate Flavor, Maxi Health D&S Support Weight Management, Maxi Health NatureMAX PLUS Soy Protein Weight Management Natural Strawberry Flavor, Maxi Health NatureMAX PLUS Soy Protein Weight Management Natural Chocolate Flavor lead compounds, Mercury",raw_material_contaminant,raw_material_contaminant
"American Valve Ball Valve, 1/2"" UPC611918068787 lead compounds",food_contact_container,food_contact_container
"Environmental Exposures; Occupational Exposures; and Product Exposures (Swimming Pool/Hot Tubs; Automobile Parking Facilities; Hotel Transportation Vehicles; Kitchen; Valet (shoeshine and dry cleaning delivery); Matches; Second-hand Smoke and Smokeless Tobacco Products; Cleaning Supplies/Janitorial; Maintenance/Power Tools; Furniture/Furnishings/Window Treatments; Public and Guest Bathrooms; Medical/First Aid Supplies; Internal Combustion (“IC”) Engines, Boilers and other Gas Burning Devices, and Fireplaces; Electronic Equipment, Electric Equipment and Associated Cables Wires and Batteries; Office Supplies and Office Equipment; Hand Tools, Hardware and Brass Keys; and Fertilizers, Soil Amendments, and Pesticides and Herbicides). Tobacco smoke (primary)",food_contact_container,food_contact_container
Upholstered furniture including chairs Tris(2-chloroethyl) phosphate,product_material_or_formula,product_material_or_formula
"Upholstered Stools with Foam Padding containing Tris(1,3-dichloro-2-propyl) phosphate, Upholstered Stools with Foam Padding containing Tris(2-chloroethyl) phosphate, Stools with Vinyl/PVC Upholstery containing Di(2-ethylhexyl)phthalate Tris(1,3-dichloro-2-propyl) phosphate (TDCPP)",product_material_or_formula,product_material_or_formula
Ceramic Products Lead,food_contact_container,food_contact_container
El Ranchero Authentic Mexican Tortilla Chips Salted Acrylamide,food_contact_container,processing_generated
Vinyl Eyewear Cases Di(2-ethylhexyl)phthalate (DEHP),product_material_or_formula,product_material_or_formula
Seasoned Seaweed cadmium compounds,raw_material_contaminant,raw_material_contaminant
Frozen Seasoned Seaweed Cadmium,raw_material_contaminant,raw_material_contaminant
Fishing Sinker Lead,raw_material_contaminant,raw_material_contaminant
Glassware Lead,food_contact_container,food_contact_container
"Halloween Costumes containing one or more of the chemicals listed herein., Halloween Costume Accessories, specifically wigs, masks, gloves, footwear, belts, bags, hats, costume props, hosiery, weapons and jewelry intended to accessorize a costume (but excluding makeup) containing one or more of the chemicals listed herein. lead compounds",product_material_or_formula,product_material_or_formula
Vinyl Magnets Di(2-ethylhexyl)phthalate (DEHP),product_material_or_formula,product_material_or_formula
Glassware and Ceramic Products Lead,food_contact_container,food_contact_container
"Foam-Cushioned Upholstered Furniture Tris(1,3-dichloro-2-propyl) phosphate (TDCPP)",product_material_or_formula,product_material_or_formula
Nori Seaweed Lead,raw_material_contaminant,raw_material_contaminant
Fishing Sinker Lead,raw_material_contaminant,raw_material_contaminant
Drinking Glass; Other Glassware Lead,food_contact_container,food_contact_container
"firewood, woodchips, charcoal 1,6-Dinitropyrene, 3-Methylcholanthrene, 5-Nitroacenaphthene, 7H-Dibenzo[c,g]carbazole, Benzo[a]pyrene, Benzo[b]fluoranthene, Benzo[j]fluoranthene, Benzo[k]fluoranthene, Benz[a]anthracene, Chrysene, Creosotes, Dibenzo[a,e]pyrene, Dibenzo[a,h]pyrene, Dibenzo[a,i]pyrene, Dibenzo[a,l]pyrene, Dibenz[a,h]acridine, Dibenz[a,h]anthracene, Dibenz[a,j]acridine",processing_generated,processing_generated
RW Garcia Organic Bar-B-Q Corn Chips Acrylamide,processing_generated,processing_generated
Biryani Masala and Fish Masala lead compounds,raw_material_contaminant,raw_material_contaminant
Muscle Therapy Cream Diethanolamine,product_material_or_formula,product_material_or_formula
Honey Can Do tote Di(2-ethylhexyl)phthalate (DEHP),food_contact_container,food_contact_container
Baba Foods Pita Chips Acrylamide,processing_generated,processing_generated
"American Dream Cookie Co Snickerdoodle Protein Cookie, American Dream Cookie Co Cake Batter Protein Cookie, American Dream Cookie Co Double Chocolate Protein Cookie Lead",food_contact_container,food_contact_container
Cinnapuff Crispy Sweetened Whole Wheat & Rice Cereal Lead,raw_material_contaminant,raw_material_contaminant
Upholstered furniture including benches Di(2-ethylhexyl)phthalate (DEHP),product_material_or_formula,product_material_or_formula
"The Girlfriend Doctor Dr. Anna Cabeca Mighty Maca Plus Superfood Drink Mix, The Girlfriend Doctor Dr. Anna Cabeca Keto-Alkaline Protein Shake Fortifying Vanilla Protein Shake, The Girlfriend Doctor Dr. Anna Cabeca Keto-Green Plant-Based Protein Shake All-In-One Revitalizing Meal Replacement Chocolate, The Girlfriend Doctor Dr. Anna Cabeca Mighty Maca Plus 30 Superfoods Energy Vitality Stamina Drink Mix, The Girlfriend Doctor Dr. Anna Cabeca Keto-Green Plant Based Protein Shake with MCT Oil All-In-One Revitalizing Meal Replacement Chocolate Cadmium, Lead",raw_material_contaminant,raw_material_contaminant
"Children's Vinyl Smocks, Vinyl Mats Di(2-ethylhexyl)phthalate",product_material_or_formula,product_material_or_formula
Glass Soda Bottle Products Lead,food_contact_container,food_contact_container
Tasty Bite Protein Bowl Mexican Style Lead,food_contact_container,food_contact_container
Alondras Imports Ceramic Tabletop Lead,food_contact_container,food_contact_container
Rice Arsenic (inorganic arsenic compounds),raw_material_contaminant,raw_material_contaminant
Tote bag Di(2-ethylhexyl)phthalate,product_material_or_formula,product_material_or_formula
"Rusty's Island Chips Potato Chips, Rusty's Island Chips City Strips Sea Salt, Rusty's Island Chips Chili Lime, Rusty's Island Chips Black Pepper Acrylamide",processing_generated,processing_generated
Children's PVC Outerwear Di(2-ethylhexyl)phthalate,product_material_or_formula,product_material_or_formula
Glassware and Ceramicware Products Cadmium,food_contact_container,food_contact_container
"BodyHealt Urinary Drainage Bag , MedVance Premium Mattress Pad Di(2-ethylhexyl)phthalate (DEHP)",product_material_or_formula,product_material_or_formula
Wallets with Vinyl/PVC Components Di(2-ethylhexyl)phthalate (DEHP),product_material_or_formula,product_material_or_formula
Glassware with exterior artwork Lead,food_contact_container,food_contact_container
"Vinyl/PVC Pouches Di(2-ethylhexyl)phthalate, Di(2-ethylhexyl)phthalate (DEHP)",product_material_or_formula,product_material_or_formula
"La Coman Danta, Oaxacan Mole Sauce, UPC#7503021130099 lead compounds",food_contact_container,food_contact_container
Wine Glasses/Goblets and Other Glassware with Colored Designs on the Exterior (containing lead) lead compounds,food_contact_container,food_contact_container
"Ceramic and/or cement roofing tiles. Asbestos, Cadmium",food_contact_container,food_contact_container
Wine Glasses and Other Glassware Lead,food_contact_container,food_contact_container
Glassware with exterior artwork Lead,food_contact_container,food_contact_container
"Shampoo and Liquid Soaps Such as Hand Soap, Body Wash and Bubble Bath Coconut oil diethanolamine condensate (cocamide diethanolamine)",product_material_or_formula,product_material_or_formula
Abuelita Mexican Style Instant Hot Chocolate Mix - UPC No.: 0-28000 52553-8 Lead,food_contact_container,food_contact_container
"Footwear Made With Leather, Vinyl or Imitation Leather Materials Lead",product_material_or_formula,product_material_or_formula
Montezuma’s Royal Mint Chocolate Bar Cadmium,raw_material_contaminant,raw_material_contaminant
Marizia Candle Holder Lead,food_contact_container,food_contact_container
Room 2 Room Noodle Bowl Lead,food_contact_container,food_contact_container
Vinyl/PVC Spray Hoses Di(2-ethylhexyl)phthalate (DEHP),product_material_or_formula,product_material_or_formula
Vinyl/PVC Waiter Pad Holders Di(2-ethylhexyl)phthalate (DEHP),product_material_or_formula,product_material_or_formula
nasal spray Mercury,product_material_or_formula,product_material_or_formula
"firewood Formaldehyde (gas), Furan, Indeno [1,2,3-cd]pyrene, Soots, tars",product_material_or_formula,product_material_or_formula
Marth Wood Shaving Supply Quality Animal Bedding Wood dust,product_material_or_formula,product_material_or_formula
"Halloween Costumes containing one or more of the chemicals listed herein., Halloween Costume Accessories, specifically wigs, masks, gloves, footwear, belts, bags, hats, costume props, hosiery, weapons and jewelry intended to accessorize a costume (but excluding makeup) containing one or more of the chemicals listed herein. Arsenic (inorganic arsenic compounds)",product_material_or_formula,product_material_or_formula
Treated wood utility poles and other treated wood Polychlorinated dibenzofurans,product_material_or_formula,product_material_or_formula
Children's Vinyl Backpacks Di(2-ethylhexyl)phthalate,product_material_or_formula,product_material_or_formula
Seasoned Seaweeds Lead,raw_material_contaminant,raw_material_contaminant
"hose nozzles, sprinklers, sprinkler supports and bases, wands, shower heads, sprayers, hose couplings, connectors, quick connects, caps, converters, valves Lead",product_material_or_formula,product_material_or_formula
"Tuscan Hills Spa Bag, BABO B0865, Item No. TH-1000, Color Rush My Beauty Spot Rubber Hair Rollers Diisononyl phthalate (DINP)",food_contact_container,food_contact_container
Shellfish Lead,raw_material_contaminant,raw_material_contaminant
aquarium suction cups Di(2-ethylhexyl)phthalate (DEHP),food_contact_container,food_contact_container
OOK Cup Holders Di(2-ethylhexyl)phthalate (DEHP),food_contact_container,food_contact_container
Fishing Sinker Lead,raw_material_contaminant,raw_material_contaminant
"Environmental Exposures; Occupational Exposures; and Product Exposures (Food and Beverage Operations; Automobile Parking Facilities; Equipment Maintenance; Kitchen; Valet (shoeshine and dry cleaning delivery); Matches; Second-hand Smoke and Smokeless Tobacco Products; Cleaning Supplies/Janitorial; Maintenance/Power Tools; Furniture/Furnishings/Window Treatments; Public and Guest Bathrooms; Medical/First Aid Supplies; Internal Combustion (“IC”) Engines, Boilers and other Gas Burning Devices, and Fireplaces; Electronic Equipment, Electric Equipment and Associated Cables Wires and Batteries; Office Supplies and Office Equipment; Hand Tools, Hardware and Brass Keys; and Fertilizers, Soil Amendments, and Pesticides and Herbicides). Tobacco smoke (primary)",food_contact_container,food_contact_container
Fishing weights lead compounds,raw_material_contaminant,raw_material_contaminant
Mudpuppy Children's Pouch Puzzle Di-isodecyl phthalate (DIDP),product_material_or_formula,product_material_or_formula
"Remedy Organics Blue Essentials 8g Protein 100% Plant Based Shake, Remedy Organics Golden Mind 10g Protein 100% Plant Based Shake, Remedy Organics 20g Protein Berry Immunity 100% Plant Based Shake, Remedy Organics 20g Protein Super Chai Fuel 100% Plant Based Shake, Remedy Organics Super Ube Glow 12g Protein 100% Plant Based Shake, Remedy Organics Chocolate Fudge 20g Protein 100% Plant Based Shake, Remedy Organics 20g Protein Matcha Fuel 100% Plant Based Shake, Remedy Organics Cold Brew Latte 20g Protein 100% Plant Based Shake Lead",raw_material_contaminant,raw_material_contaminant
Trouvaille USA Mug Lead,food_contact_container,food_contact_container
Mugs with exterior designs Lead,food_contact_container,food_contact_container
"Vinyl Tie Cases Di(2-ethylhexyl)phthalate, Di(2-ethylhexyl)phthalate (DEHP)",product_material_or_formula,product_material_or_formula
Ceramic Containers with Exterior Artwork Lead,food_contact_container,food_contact_container
Mina Tagine Moroccan Simmer Sauce - Ginger Saffron Lead,food_contact_container,food_contact_container
Vinyl/PVC Tool Grips Di(2-ethylhexyl)phthalate (DEHP),product_material_or_formula,product_material_or_formula
Chairs with Vinyl/PVC Upholstery containing Di(2-ethylhexyl)phthalate Di(2-ethylhexyl)phthalate (DEHP),product_material_or_formula,product_material_or_formula
"Seats with Vinyl/PVC Upholstery, Vinyl/PVC Seat Cushions Di(2-ethylhexyl)phthalate (DEHP)",product_material_or_formula,product_material_or_formula
Ceramic Mugs With Exterior Designs Lead,food_contact_container,food_contact_container
"good2grow Organic Chocolate Milk, Character Tops Vary - UPC No.: 8-8399088120-6 Lead",raw_material_contaminant,raw_material_contaminant
"Vinyl/PVC Panels Di(2-ethylhexyl)phthalate, Di(2-ethylhexyl)phthalate (DEHP)",product_material_or_formula,product_material_or_formula
Specially Selected Shrimp Creamy Garlic & Spinach Lead,product_material_or_formula,product_material_or_formula
Fried Baby Crab Lead,product_material_or_formula,product_material_or_formula
Salted Mackerel Fish Lead,raw_material_contaminant,raw_material_contaminant
Vinyl sheeting Di(2-ethylhexyl)phthalate (DEHP),product_material_or_formula,product_material_or_formula
3 Piece Cosmetic Travel Bags; B05-317; PO4519121230017 Di(2-ethylhexyl)phthalate (DEHP),product_material_or_formula,product_material_or_formula
Lucky Brand shirts Perfluorooctanoic Acid (PFOA),product_material_or_formula,product_material_or_formula
Beach Baby Pop Up Super Shade Dome; Item #6131; UPC: 027061215150 Di(2-ethylhexyl)phthalate (DEHP),product_material_or_formula,product_material_or_formula
NPW Plant Lady Mug Lead,food_contact_container,food_contact_container
"La Carreta Supermarkets, Tortilla Chips Salt/Limon UPC#209771703497 Acrylamide",processing_generated,processing_generated
Liuzhhou Lou Si' Rice Noodles Lead,raw_material_contaminant,raw_material_contaminant
Vinyl tool grips Di(2-ethylhexyl)phthalate (DEHP),product_material_or_formula,product_material_or_formula
Goodmark Black Cream Makeup Diethanolamine,product_material_or_formula,product_material_or_formula
"Vega One All-In-One Nutritional Shake, Chocolate Lead",raw_material_contaminant,raw_material_contaminant
makeup mirrors Di(2-ethylhexyl)phthalate (DEHP),product_material_or_formula,product_material_or_formula
Parle-G Original Gluco Cookies Acrylamide,processing_generated,processing_generated
Tools with Vinyl/PVC Grips Diisononyl phthalate (DINP),product_material_or_formula,product_material_or_formula
Glassware with Exterior Artwork Lead,food_contact_container,food_contact_container
Monogram K Ceramic Tray Lead,food_contact_container,food_contact_container
Rice Lead,raw_material_contaminant,raw_material_contaminant
Glassware with colored artwork or designs on the exterior lead compounds,food_contact_container,food_contact_container
"Koia Protein Vanilla Bean Plant-Based Shake, Koia Coconut Almond Plant-Based Shake, Koia Cinnamon Horchata Plant-Based Shake, Koia Chocolate Banana Plant-Based Shake, Koia Cacao Bean Plant-Based Shake, Koia Chocolate Peanut Butter Plant-Based Shake, Koia Cookies 'N Creme Organic Plant-Based Shake, Koia Birthday Cake Plant-Based Shake, Koia Cold Brew Coffee Plant-Based Shake, Koia Vanilla Bean Plant-Based Shake, Koia Chocolate Brownie Plant-Based Shake lead compounds, Mercury",raw_material_contaminant,raw_material_contaminant
"Fire starter bricks, firelogs and firewood used engine oils)",product_material_or_formula,product_material_or_formula
"Dried Seaweed Arsenic (inorganic oxides), Cadmium",raw_material_contaminant,raw_material_contaminant
Crispy Seaweed with Almond cadmium compounds,raw_material_contaminant,raw_material_contaminant
surfshort wallets Perfluorooctanoic Acid (PFOA),product_material_or_formula,product_material_or_formula
Good American Receipt Bisphenol S (BPS),food_contact_container,food_contact_container
Shiloh Farms Organic Cocoa Powder Cadmium,raw_material_contaminant,raw_material_contaminant
Bath Set Tote Bag Di(2-ethylhexyl)phthalate (DEHP),product_material_or_formula,product_material_or_formula
Evolve Plant Based Protein Powder Double Chocolate Lead,raw_material_contaminant,raw_material_contaminant
Vinyl/PVC Tool Grips Di(2-ethylhexyl)phthalate (DEHP),product_material_or_formula,product_material_or_formula
"UPC665613254457 Red, Insulated Lunch Carrier Bag Di(2-ethylhexyl)phthalate",product_material_or_formula,product_material_or_formula
"bowls, oil dispensers Lead",food_contact_container,food_contact_container
Daylogic Travel Bottle & Tube Sets with Vinyl Cases Di(2-ethylhexyl)phthalate (DEHP),food_contact_container,food_contact_container
"Purses, clutches, tote bags Di(2-ethylhexyl)phthalate (DEHP)",product_material_or_formula,product_material_or_formula
Ceramic Products Lead,food_contact_container,food_contact_container
Archer Farms Roasted Almonds Acrylamide,processing_generated,processing_generated
Luxe Collection Standard 2 Pack Satin Pillowcase Bag Di(2-ethylhexyl)phthalate (DEHP),product_material_or_formula,product_material_or_formula
Cosmetic Tools Set Di(2-ethylhexyl)phthalate (DEHP),product_material_or_formula,product_material_or_formula
"Environmental Exposures; Occupational Exposures; and Product Exposures (Swimming Pool/Hot Tubs; Automobile Parking Facilities; Matches; Second-hand Smoke and Smokeless Tobacco Products; Cleaning Supplies/Janitorial; Maintenance/Power Tools; Furniture/Furnishings/Window Treatments; Public and Guest Bathrooms; Medical/First Aid Supplies; Internal Combustion (“IC”) Engines, Boilers and other Gas Burning Devices, and Fireplaces; Electronic Equipment, Electric Equipment and Associated Cables Wires and Batteries; Office Supplies and Office Equipment; Hand Tools, Hardware and Brass Keys; and Fertilizers, Soil Amendments, and Pesticides and Herbicides). Tobacco smoke (primary)",food_contact_container,food_contact_container
Double Roasted Seaweed Lead,raw_material_contaminant,raw_material_contaminant
Vinyl/PVC Ponchos Di(2-ethylhexyl)phthalate (DEHP),product_material_or_formula,product_material_or_formula
"1. Any chocolate, cocoa, or cacao products, including chocolate pieces, callets, bars, nibs, liquors, and confections that contain lead and/or cadmium and are, at any time, manufactured, distributed, or sold by the alleged violator., 2. Nestle Toll House Cocoa (Powder)., 3. Nestle Toll House Dark Chocolate Chips. Cadmium",raw_material_contaminant,raw_material_contaminant
"Wel-Pac Fueru Wakame Dried Seaweed, Yamamotoyama Temaki Party Toasted Seaweed Sheets Lead",raw_material_contaminant,raw_material_contaminant
"New Mexico Pinon Wood Carbon monoxide, soots, tar",product_material_or_formula,product_material_or_formula
Hardy Large Utility PVC-Coated Glove (Black Color) Item #68391 UPC#792363683913 Di(2-ethylhexyl)phthalate (DEHP),product_material_or_formula,product_material_or_formula
"Easter Mug, UPC # 1 95511 05179 2 Lead",food_contact_container,food_contact_container
Wallets Di(2-ethylhexyl)phthalate,product_material_or_formula,product_material_or_formula
Hot Cocoa in Tin 12oz. Lead,raw_material_contaminant,raw_material_contaminant
Atlas Vinylove Glove Diisononyl phthalate (DINP),product_material_or_formula,product_material_or_formula
See's Candies Toffee- Ettes Acrylamide,food_contact_container,processing_generated
Sunshine & Glitter X Crayola Gift Bag Set Di(2-ethylhexyl)phthalate (DEHP),product_material_or_formula,product_material_or_formula
Theo Organic Extra Dark Chocolate 85%; UPC: 874492001544 Cadmium,raw_material_contaminant,raw_material_contaminant
nasal sprays Mercury,product_material_or_formula,product_material_or_formula
Cosmetic kits Lead,product_material_or_formula,product_material_or_formula
cosmetics bags Di(2-ethylhexyl)phthalate (DEHP),product_material_or_formula,product_material_or_formula
Blue Diamond Almonds Almond Nut Thins Rice Cracker Snacks Lead,raw_material_contaminant,raw_material_contaminant
Dodo Premium Fishball Lead,raw_material_contaminant,raw_material_contaminant
ID Wallet Di(2-ethylhexyl)phthalate (DEHP),product_material_or_formula,product_material_or_formula
Vinyl Bedding Storage/Packaging Cases Diisononyl phthalate (DINP),food_contact_container,food_contact_container
Rice Pilaf Mix Wild Mushroom & Herb Lead,raw_material_contaminant,raw_material_contaminant
Hu Gem Chocolate Vegan Snacks Lead,raw_material_contaminant,raw_material_contaminant
"American Audio Headphones, UPC No. 640282021890 Di(2-ethylhexyl)phthalate (DEHP)",food_contact_container,food_contact_container
FullGreen Riced Broccoli & Cauliflower Cadmium,raw_material_contaminant,raw_material_contaminant
Haggar pants Perfluorooctanoic Acid (PFOA),product_material_or_formula,product_material_or_formula
storage bag organizers Di(2-ethylhexyl)phthalate (DEHP),product_material_or_formula,product_material_or_formula
Ceramic Picture Frames With Exterior Designs Lead,food_contact_container,food_contact_container
Children's Sport Toys Di(2-ethylhexyl)phthalate,product_material_or_formula,product_material_or_formula
"Vinyl tool grips, Tape measures Lead",product_material_or_formula,product_material_or_formula
Bag Medium Pink Diisononyl phthalate (DINP),product_material_or_formula,product_material_or_formula
OMLEE unicorn sport waist bag fanny pack Di(2-ethylhexyl)phthalate (DEHP),product_material_or_formula,product_material_or_formula
Muir Glen Organic Canned Tomatoes - Organic Diced Fire Roasted Tomatoes (14.5 oz) Acrylamide,food_contact_container,processing_generated
Vinyl checkbook covers Di(2-ethylhexyl)phthalate (DEHP),product_material_or_formula,product_material_or_formula
Vinyl/PVC Bottle Opener Grips Di(2-ethylhexyl)phthalate (DEHP),food_contact_container,product_material_or_formula
"Fish and Shellfish containing Ahi Tuna, Salmon and Mahi Mahi. mercury compounds",raw_material_contaminant,raw_material_contaminant
"Plastic Clothing, Rainwear Lead",product_material_or_formula,product_material_or_formula
Last Punch Punching Bag Di(2-ethylhexyl)phthalate (DEHP),product_material_or_formula,product_material_or_formula
"Ceramic Mugs with Exterior Decoration, Drawstring Packs with Vinyl Components Di(2-ethylhexyl)phthalate, Di(2-ethylhexyl)phthalate (DEHP)",food_contact_container,food_contact_container
Vinyl pencil pouches Lead,product_material_or_formula,product_material_or_formula
Chuckle and Roar Dot Art Activity Set Bag Di(2-ethylhexyl)phthalate (DEHP),product_material_or_formula,product_material_or_formula
Vinyl zipper pulls Di(2-ethylhexyl)phthalate,product_material_or_formula,product_material_or_formula
Ceramic Salt and Pepper Shakers With Exterior Decorations Lead,food_contact_container,food_contact_container
"Talc-containing body, baby, and foot powder products, DG Baby Baby Powder, DG Body Shower & Bath Body Powder, DG Body Medicated Body Powder, Rexall Foot Powder, Rexall Medicated Foot Powder Arsenic (inorganic arsenic compounds)",product_material_or_formula,product_material_or_formula
"Fried Bombay Duck Fish, Fried Dragon Head Fish lead compounds",raw_material_contaminant,raw_material_contaminant
Jayone Brown Rice Paper Lead,raw_material_contaminant,raw_material_contaminant
Goby Fish Lead,raw_material_contaminant,raw_material_contaminant
Dried Seaweed Arsenic (inorganic arsenic compounds),raw_material_contaminant,raw_material_contaminant
Seasoned Seaweed Cadmium,raw_material_contaminant,raw_material_contaminant
lead coinbag seals Lead,product_material_or_formula,product_material_or_formula
Baby Octopus Cadmium,product_material_or_formula,product_material_or_formula
"Shampoo and Liquid Soaps Such as Hand Soap, Body Wash and Bubble Bath Coconut oil diethanolamine condensate (cocamide diethanolamine)",product_material_or_formula,product_material_or_formula
Wood Treatment Chromium (hexavalent compounds),product_material_or_formula,product_material_or_formula
Glymed Plus Peptide Cream Diethanolamine,product_material_or_formula,product_material_or_formula
Seaweed Snack Cadmium,raw_material_contaminant,raw_material_contaminant
Mugs with Exterior Designs Lead,food_contact_container,food_contact_container
Glassware w/ Exterior Artwork Cadmium,food_contact_container,food_contact_container
Dried Seaweed Undaria Cadmium,raw_material_contaminant,raw_material_contaminant
Glass Water Bottles with Exterior Designs Lead,food_contact_container,food_contact_container
Cadina Texas Fries Tomato Flavor Acrylamide,processing_generated,processing_generated
"Cascade Alder barbeque nuggets,Texas mesquite barbeque nuggets,American hickory barbeque nuggets mineral oils (untreated",food_contact_container,food_contact_container
"Vinyl/PVC Holiday Door Decorations, Ceramic and Glass Drinking Vessels with Exterior Designs Lead",food_contact_container,food_contact_container
TMD Retail Butterfly Ceramic Snack Plate Lead,food_contact_container,food_contact_container
"Glass Salt and Pepper Shakers with Exterior Designs, Glass Oil & Vinegar Bottles with Exterior Designs Lead",food_contact_container,food_contact_container
Clear Crossbody Bag; ASIN: B07JB438SM Diisononyl phthalate (DINP),product_material_or_formula,product_material_or_formula
"American Mug, Blue Glass Cup Lead",food_contact_container,food_contact_container
Nori Seaweed Cadmium,raw_material_contaminant,raw_material_contaminant
"Cosmetic Bag, TJ Maxx No. 87-6015-010096-001499-17-6, FLS4 Di(2-ethylhexyl)phthalate (DEHP)",product_material_or_formula,product_material_or_formula
Nori Seaweed cadmium compounds,raw_material_contaminant,raw_material_contaminant
"Wooden Utility Poles 2,3,7,8-Tetrachlorodibenzo-p-dioxin (TCDD), Hexachlorobenzene, Hexachlorodibenzodioxin, Pentachlorophenol, Polychlorinated dibenzo-p-dioxins",product_material_or_formula,product_material_or_formula
Clementine Paper Inc. Mug Lead,food_contact_container,food_contact_container
Vinyl/PVC Pants Di(2-ethylhexyl)phthalate (DEHP),product_material_or_formula,product_material_or_formula
Signature Select Creamed Spinach Cadmium,product_material_or_formula,product_material_or_formula
Vinyl/PVC Zipper Pulls Di(2-ethylhexyl)phthalate (DEHP),product_material_or_formula,product_material_or_formula
Makeup Brush Bag Case Organizer in Black Di(2-ethylhexyl)phthalate (DEHP),product_material_or_formula,product_material_or_formula
Dried Seaweed Cadmium,raw_material_contaminant,raw_material_contaminant
Baby Clam with Garlic Butter Lead,product_material_or_formula,product_material_or_formula
Sprouts Iced Gingerbread Cookies Acrylamide,processing_generated,processing_generated
Great Pretenders Children’s Bag Di(2-ethylhexyl)phthalate (DEHP),product_material_or_formula,product_material_or_formula
"Galderma, Ionil-T Therapeutic Coal Tar Shampoo, Ionil-T Plus Therapeutic Coal Tar Shampoo mineral oils (untreated",product_material_or_formula,product_material_or_formula
"Lotus Foods, Inc., Rice Ramen Wakame Miso Soup, UPC#708953601021 Lead",raw_material_contaminant,raw_material_contaminant
"dry bags, cases of gel pen sets Di(2-ethylhexyl)phthalate (DEHP)",product_material_or_formula,product_material_or_formula
Wild Tuna Pasta Salad Lead,raw_material_contaminant,raw_material_contaminant
Fishing tackle and weights lead compounds,raw_material_contaminant,raw_material_contaminant
Elf Stor Rolling Bag Di(2-ethylhexyl)phthalate (DEHP),product_material_or_formula,product_material_or_formula
"Patterson medical 3 Compartment Scoop Plate, YF-15063008 Bisphenol A (BPA)",food_contact_container,food_contact_container
Palmgard Protective Inner Glove Chromium (hexavalent compounds),product_material_or_formula,product_material_or_formula
Fishing Sinker Lead,raw_material_contaminant,raw_material_contaminant
Roasted Seaweed Cadmium,raw_material_contaminant,raw_material_contaminant
Glassware and Ceramicware Lead,food_contact_container,food_contact_container
AWP HP Hi-Performance Bag Di(2-ethylhexyl)phthalate (DEHP),product_material_or_formula,product_material_or_formula
Seaweed Crisps cadmium compounds,raw_material_contaminant,raw_material_contaminant
Berruto Pasta Cup- Italian Tagliatelle with Creamy Mushroom Sauce Lead,food_contact_container,food_contact_container
copper mugs with brass components Lead,food_contact_container,food_contact_container
"Upholstered Stools with Foam Padding containing Tris(1,3-dichloro-2-propyl) phosphate, Upholstered Ottomans with Foam Padding containing Tris(1,3-dichloro-2-propyl) phosphate , Upholstered Ottomans with Foam Padding containing Tris(2-chloroethyl) phosphate, Stools with Vinyl/PVC Upholstery containing Di(2-ethylhexyl)phthalate Tris(1,3-dichloro-2-propyl) phosphate (TDCPP)",product_material_or_formula,product_material_or_formula
"Antibacterial Hand Soap 1,4-Dioxane",product_material_or_formula,product_material_or_formula
Mug Lead,food_contact_container,food_contact_container
Vinyl Bags Diisononyl phthalate (DINP),product_material_or_formula,product_material_or_formula
Vinyl bedding storage cases Di(2-ethylhexyl)phthalate (DEHP),product_material_or_formula,product_material_or_formula
Dried Seaweed lead compounds,raw_material_contaminant,raw_material_contaminant
"tea cups, bowls, creamer dispensers Lead",food_contact_container,food_contact_container
Wakame Seaweed lead compounds,raw_material_contaminant,raw_material_contaminant
Wild Rice Lead,raw_material_contaminant,raw_material_contaminant
Vinyl Fabric Diisononyl phthalate (DINP),product_material_or_formula,product_material_or_formula
"Vinylux Record Journal , Vinylux Coasters Lead",product_material_or_formula,food_contact_container
Kroger Sport Sunscreen Spray Diethanolamine,product_material_or_formula,product_material_or_formula
Flower Brand Whole Baby Clams Cadmium,product_material_or_formula,product_material_or_formula
Trader Joe's Sunflower Seeds Roasted & Salted (1 lb) Acrylamide,processing_generated,processing_generated
Dried Seaweed Cadmium,raw_material_contaminant,raw_material_contaminant
"14-inch Black Gauntlet PVC Gloves, # RTAGCOR5014 Di(2-ethylhexyl)phthalate (DEHP)",product_material_or_formula,product_material_or_formula
Emerald 100 Calorie Packs - Dry Roasted Almonds Acrylamide,processing_generated,processing_generated
Seaweed cadmium compounds,raw_material_contaminant,raw_material_contaminant
Perugina Bittersweet Dark Chocolate 70% Lead,raw_material_contaminant,raw_material_contaminant
Banh Trang Spring Roll Wrapper Lead,food_contact_container,food_contact_container
black dot mugs Lead,food_contact_container,food_contact_container
Carrying Cases with Vinyl/PVC Components Di(2-ethylhexyl)phthalate (DEHP),product_material_or_formula,product_material_or_formula
Vivla Phone Bag Di(2-ethylhexyl)phthalate (DEHP),product_material_or_formula,product_material_or_formula
Seaweed cadmium compounds,raw_material_contaminant,raw_material_contaminant
Seaweed lead compounds,raw_material_contaminant,raw_material_contaminant
bags of oral care kits Di(2-ethylhexyl)phthalate (DEHP),product_material_or_formula,product_material_or_formula
Vinyl/PVC Bracelets Di(2-ethylhexyl)phthalate (DEHP),product_material_or_formula,product_material_or_formula
Dried Seaweed cadmium compounds,raw_material_contaminant,raw_material_contaminant
Gluten Free Rice Flour Lead,raw_material_contaminant,raw_material_contaminant
cases of makeup brush sets Di(2-ethylhexyl)phthalate (DEHP),product_material_or_formula,product_material_or_formula
Fermented Fish Chili Paste lead compounds,raw_material_contaminant,raw_material_contaminant
Ceramic Mugs With Exterior Designs Lead,food_contact_container,food_contact_container
ceramic bowls with exterior decoration Lead,food_contact_container,food_contact_container
"Baseball Sports Bag with Bat, Balls and Glove, Sporting Toys Di(2-ethylhexyl)phthalate",product_material_or_formula,product_material_or_formula
Crsipy Seaweed Lead,raw_material_contaminant,raw_material_contaminant
Handbag with PVC Components Di(2-ethylhexyl)phthalate (DEHP),product_material_or_formula,product_material_or_formula
"Halloween Costumes containing one or more of the chemicals listed herein., Halloween Indoor and Outdoor Home/Party Décor and Games, specifically Halloween candy bowls, lawn, wall, door and table ornaments and lights, decorative spiders/webs, lighting, ghosts, witches, goblins, skeletons, bats, cats and tombstones containing one or more of the chemicals listed herein, Halloween Costume Accessories, specifically wigs, masks, gloves, footwear, belts, bags, hats, costume props, hosiery, weapons and jewelry intended to accessorize a costume (but excluding makeup) containing one or more of the chemicals listed herein. lead compounds",food_contact_container,food_contact_container
Fitz & Floyd Floral Mug Lead,food_contact_container,food_contact_container
Geckobrands Dry Bag Diisononyl phthalate (DINP),product_material_or_formula,product_material_or_formula
Children's toys Di(2-ethylhexyl)phthalate,product_material_or_formula,product_material_or_formula
"Tuff Gear Gloves, UPC No. 0 42321 02710 6 Di(2-ethylhexyl)phthalate (DEHP)",product_material_or_formula,product_material_or_formula
The Cosmetics Company Store Receipt Bisphenol S (BPS),product_material_or_formula,product_material_or_formula
American Scallops Cadmium,food_contact_container,food_contact_container
Dried Seaweed Lead,raw_material_contaminant,raw_material_contaminant
Flower Market Mug Lead,food_contact_container,food_contact_container
"Environmental Exposures; Occupational Exposures; and Product Exposures (Swimming Pool/Hot Tubs; Food and Beverage Operations; Automobile Parking Facilities; Kitchen; Valet (shoeshine and dry cleaning delivery); Matches; Second-hand Smoke and Smokeless Tobacco Products; Cleaning Supplies/Janitorial; Maintenance/Power Tools; Furniture/Furnishings/Window Treatments; Public and Guest Bathrooms; Medical/First Aid Supplies; Internal Combustion (“IC”) Engines, Boilers and other Gas Burning Devices, and Fireplaces; Electronic Equipment, Electric Equipment and Associated Cables Wires and Batteries; Office Supplies and Office Equipment; Hand Tools, Hardware and Brass Keys; and Fertilizers, Soil Amendments, and Pesticides and Herbicides). Tobacco smoke (primary)",food_contact_container,food_contact_container
"1 3/8"" WIREDTRANSLUCENT VINYL RIBBON, UPC#4713530024076 Di(2-ethylhexyl)phthalate (DEHP)",product_material_or_formula,product_material_or_formula
Hausmann Vinyl Coated Dumbbells - Individual - Pink - 1 lb Di(2-ethylhexyl)phthalate (DEHP),product_material_or_formula,product_material_or_formula
"progesterone creams and gels, firewood, fire logs and fire starters used engine oils)",product_material_or_formula,product_material_or_formula
Albacore Tuna. Mercury,raw_material_contaminant,raw_material_contaminant
Sesame Candy Lead,food_contact_container,food_contact_container
Vinyl Lace Mats Di(2-ethylhexyl)phthalate (DEHP),product_material_or_formula,product_material_or_formula
Children's Bath Toys Di(2-ethylhexyl)phthalate,product_material_or_formula,product_material_or_formula
Bentgo kids lunch bags Perfluorooctanoic Acid (PFOA),product_material_or_formula,product_material_or_formula
Smoked Fishflakes lead compounds,raw_material_contaminant,raw_material_contaminant
"Aloe Soothing Sun Cream; SPF 50+ UPC: 8809416470191, CND™ Hand & Body Scentsations™ Black Cherry & Nutmeg Lotion; UPC: 639370141213, Anthelios 60 Melt-­In Milk Face & Body 60 Sunscreen; UPC: 883140500322 Diethanolamine",product_material_or_formula,product_material_or_formula
clear handbags Di(2-ethylhexyl)phthalate (DEHP),product_material_or_formula,product_material_or_formula
Glassware and Ceramic Products Cadmium,food_contact_container,food_contact_container
"Clear 12 x 12 x 6 Stadium Tote Bag with Side Pocket and 35"" Shoulder Straps_ ASIN_B01MQ458LB Di(2-ethylhexyl)phthalate (DEHP)",product_material_or_formula,product_material_or_formula
Secateurs/Pruner with vinyl/PVC Grip Di(2-ethylhexyl)phthalate (DEHP),product_material_or_formula,product_material_or_formula
Candle holder with colored artwork or designs on exterior Lead,food_contact_container,food_contact_container
"Nasal sprays, ointments and eye care products mercury compounds",product_material_or_formula,product_material_or_formula
Wallet with PVC Components Di(2-ethylhexyl)phthalate (DEHP),product_material_or_formula,product_material_or_formula
Firepot Dal and Rice with Spinach Lead,raw_material_contaminant,raw_material_contaminant
Martha Stewart Garden Gift Set Gloves Chromium (hexavalent compounds),product_material_or_formula,product_material_or_formula
"Rainbow Light Chocolate Protein Energizer, and other similar products Cadmium",raw_material_contaminant,raw_material_contaminant
Dried Seaweed lead compounds,raw_material_contaminant,raw_material_contaminant
Foldable Seats with Vinyl/PVC Shoulder Straps Di(2-ethylhexyl)phthalate (DEHP),product_material_or_formula,product_material_or_formula
Newman’s Own Organics Super Dark Chocolate Bar 70% Cocoa Lead,raw_material_contaminant,raw_material_contaminant
Stationary Packs/Kits with Vinyl Components Lead,product_material_or_formula,product_material_or_formula
Glass beverage containers Lead,food_contact_container,food_contact_container
"Dried Seaweed Arsenic (inorganic oxides), Cadmium",raw_material_contaminant,raw_material_contaminant
"firewood, woodchips, charcoal 1,6-Dinitropyrene, 3-Methylcholanthrene, 5-Nitroacenaphthene, 7H-Dibenzo[c,g]carbazole, Benzo[a]pyrene, Benzo[b]fluoranthene, Benzo[j]fluoranthene, Benzo[k]fluoranthene, Benz[a]anthracene, Chrysene, Creosotes, Dibenzo[a,e]pyrene, Dibenzo[a,h]pyrene, Dibenzo[a,i]pyrene, Dibenzo[a,l]pyrene, Dibenz[a,h]acridine, Dibenz[a,h]anthracene, Dibenz[a,j]acridine",processing_generated,processing_generated
"Dave's Gourmet Korean Food, Gyocha Ginger, UPC#011155512850, Dave's Gourmet Korean Food, Gyocha Green Seaweed Salad, UPC#011155514410, Dave's Gourmet Korean Food, Gyocha Fermented Garlic, UPC#011155512843 Lead",raw_material_contaminant,raw_material_contaminant
Vinyl Aprons Di(2-ethylhexyl)phthalate (DEHP),product_material_or_formula,product_material_or_formula
Candy Lead,food_contact_container,food_contact_container
SeaSnax Seaweed - Olive Oil & Sea Salt Cadmium,raw_material_contaminant,raw_material_contaminant
"Seaweed Arsenic (inorganic arsenic compounds), Cadmium",raw_material_contaminant,raw_material_contaminant
Neutrogena Therapeutic T-Gel Shampoo Extra Strength Shampoo used engine oils),product_material_or_formula,product_material_or_formula
"Nunn Care Cleansing Cream, Crema La Milagrosa Cleansing Cream, La Tia Nana Crema Limpiadora Mercury",product_material_or_formula,product_material_or_formula
"Lipsticks, Flavored Lipsticks and Other Cosmetics Such As Eye Shadows, Lip Liners, Eye Liners, Powders and Blushes Lead",product_material_or_formula,product_material_or_formula
"Dried Seaweed Arsenic (inorganic oxides), Cadmium",raw_material_contaminant,raw_material_contaminant
80-Pocket Canvas Hanging Jewelry Organizer Di(2-ethylhexyl)phthalate (DEHP),food_contact_container,product_material_or_formula
Dolly Madison Home Collection Pillow Case Clear Plastic Packaging Di(2-ethylhexyl)phthalate (DEHP),food_contact_container,food_contact_container
"Spice Enthusiast, Mexican Mole Powder, UPC#X003COJV2F Lead",food_contact_container,food_contact_container
Handbag Di(2-ethylhexyl)phthalate (DEHP),product_material_or_formula,product_material_or_formula
Glassware with Exterior Artwork Lead,food_contact_container,food_contact_container
NOU Nourishing Moisture Conditioner Diethanolamine,product_material_or_formula,product_material_or_formula
Candy Lead,food_contact_container,food_contact_container
Cracker Barrel “I’m Not Perfect” Mug Lead,food_contact_container,food_contact_container
Vinyl coated fasteners Lead,product_material_or_formula,product_material_or_formula
24K Gold Firming Pearl Facial Cream Diethanolamine,product_material_or_formula,product_material_or_formula
Healthy Choice Frozen Power Bowls Green Goddess Lead,food_contact_container,food_contact_container
lead coinbag seals Lead,product_material_or_formula,product_material_or_formula
"LUXIE Pink Brush Cup Holder, UPC#738759790728, 818877020706 Di(2-ethylhexyl)phthalate (DEHP)",food_contact_container,food_contact_container
mercury in nasal sprays Mercury,product_material_or_formula,product_material_or_formula
Aoodor Umbrella Weight Bag – 4 pc. Set Di(2-ethylhexyl)phthalate (DEHP),product_material_or_formula,product_material_or_formula
Roasted Seaweed Snack with Sea Salt Lead,raw_material_contaminant,raw_material_contaminant
"Upholstered Chairs with Foam Padding containing Tris(1,3-dichloro-2-propyl) phosphate, Upholstered Chairs with Foam Padding containing Tris(2-chloroethyl) phosphate , Chairs with Vinyl/PVC Upholstery containing Di(2-ethylhexyl)phthalate Di(2-ethylhexyl)phthalate (DEHP)",product_material_or_formula,product_material_or_formula
Messenger bag Lead,product_material_or_formula,product_material_or_formula
Vinyl/PVC Gloves Diisononyl phthalate (DINP),product_material_or_formula,product_material_or_formula
Jessica Simpson Tote with clear purse SKU_127211036365501299; UPC_None Di(2-ethylhexyl)phthalate (DEHP),product_material_or_formula,product_material_or_formula
"Hi-Vinyl Leg Tips, UPC No. 0 39003 19205 4 Diisononyl phthalate (DINP)",product_material_or_formula,product_material_or_formula
Vinyl Checkbook Covers Diisononyl phthalate (DINP),product_material_or_formula,product_material_or_formula
Seaweed Snack cadmium compounds,raw_material_contaminant,raw_material_contaminant
Tools with vinyl grips Di(2-ethylhexyl)phthalate (DEHP),product_material_or_formula,product_material_or_formula
Lacura- Moisture Luxury Shampoo Diethanolamine,product_material_or_formula,product_material_or_formula
C&T Premium Clear Vinyl; 12 Gauge Di(2-ethylhexyl)phthalate (DEHP),product_material_or_formula,product_material_or_formula
Vinyl/PVC Belts Di(2-ethylhexyl)phthalate (DEHP),product_material_or_formula,product_material_or_formula
wood pellets and energy logs used engine oils),product_material_or_formula,product_material_or_formula
Roasted Seaweed Lead,raw_material_contaminant,raw_material_contaminant
"G.O.A.T. Fuel Sports Energy Black Cherry Ginger Ale Flavored Sports Energy Drink , G.O.A.T. Fuel Sports Energy Pineapple Cream Soda Flavored Sports Energy Drink , G.O.A.T. Fuel Sports Energy Candy Flavored Sports Energy Drink , G.O.A.T. Fuel Sports Energy Blueberry Lemonade Flavored Sports Energy Drink , G.O.A.T. Fuel Sports Energy Tropical Berry Flavored Sports Energy Drink , G.O.A.T. Fuel Sports Energy Peach Pineapple Flavored Sports Energy Drink lead compounds",food_contact_container,food_contact_container
Ceramic mugs with exterior artwork Lead,food_contact_container,food_contact_container
Peach Clear Cosmetic Bag Diisononyl phthalate (DINP),product_material_or_formula,product_material_or_formula
"makeup brush sets , blush brushes, brow brushes Di(2-ethylhexyl)phthalate (DEHP)",product_material_or_formula,product_material_or_formula
cases of cosmetic brush sets Di(2-ethylhexyl)phthalate (DEHP),product_material_or_formula,product_material_or_formula
Liquorice Powder lead compounds,raw_material_contaminant,raw_material_contaminant
Ceramic mugs with exterior decorations lead compounds,food_contact_container,food_contact_container
Shea Butter Cream Diethanolamine,product_material_or_formula,product_material_or_formula
Mugs with exterior designs Lead,food_contact_container,food_contact_container
Vinyl/PVC Tambourine Handles Di(2-ethylhexyl)phthalate (DEHP),product_material_or_formula,product_material_or_formula
"ChocZero 70% Dark Chocolate Squares, ChocZero Sugar Free Almond Keto Bark Lead",raw_material_contaminant,raw_material_contaminant
Rampage wallets Di(2-ethylhexyl)phthalate (DEHP),product_material_or_formula,product_material_or_formula
Weathersof Golf Glove Chromium (hexavalent compounds),product_material_or_formula,product_material_or_formula
Glassware with exterior artwork Lead,food_contact_container,food_contact_container
ABG Spill Bully Kit Bag Di(2-ethylhexyl)phthalate (DEHP),product_material_or_formula,product_material_or_formula
SmilePunk Brass Wallet & Key Chain Products lead compounds,product_material_or_formula,product_material_or_formula
Rice Arsenic (inorganic oxides),raw_material_contaminant,raw_material_contaminant
Glassware Lead,food_contact_container,food_contact_container
"Vega One All-In-One Nutritional Shake, Chocolate Cadmium, Cadmium",raw_material_contaminant,raw_material_contaminant
Glass and metal nights and votive candle holders lead compounds,food_contact_container,food_contact_container
Seaweed cadmium compounds,raw_material_contaminant,raw_material_contaminant
Cosmetic Kit Cases Di(2-ethylhexyl)phthalate (DEHP),product_material_or_formula,product_material_or_formula
Mindspace organizer bag Di(2-ethylhexyl)phthalate (DEHP),product_material_or_formula,product_material_or_formula
"Handbags, clutches and totes, etc. Di(2-ethylhexyl)phthalate (DEHP)",product_material_or_formula,product_material_or_formula
MAKEUP BY MARIO Master Blade Brow Pencil Almost Black Diethanolamine,product_material_or_formula,product_material_or_formula
"Headphones with Vinyl/PVC Ear Cushions , Vinyl/PVC Tape Di(2-ethylhexyl)phthalate (DEHP)",product_material_or_formula,product_material_or_formula
Vinyl rainwear Lead,product_material_or_formula,product_material_or_formula
Zodiac Triple Action Flea & Tick Shampoo Di-n-propyl isocinchomeronate (MGK Repellent 326),product_material_or_formula,product_material_or_formula
Martin Vinyl Speed Jump Rope Di(2-ethylhexyl)phthalate (DEHP),product_material_or_formula,product_material_or_formula
Darsee & David’s Bag Di(2-ethylhexyl)phthalate (DEHP),product_material_or_formula,product_material_or_formula
Silk Cinnamon Caramel Cold Foam Creamer Oat Nitrous oxide,product_material_or_formula,product_material_or_formula
Dried Seaweed cadmium compounds,raw_material_contaminant,raw_material_contaminant
Starkist Tuna Creations Deli Style Tuna Salad Lead,raw_material_contaminant,raw_material_contaminant
Tools with vinyl grips Di(2-ethylhexyl)phthalate (DEHP),product_material_or_formula,product_material_or_formula
Seaweed cadmium compounds,raw_material_contaminant,raw_material_contaminant
Dried Seaweed Knot Lead,raw_material_contaminant,raw_material_contaminant
Snowman Mug Lead,food_contact_container,food_contact_container
Crimpers w/vinyl grips Di(2-ethylhexyl)phthalate (DEHP),product_material_or_formula,product_material_or_formula
"Conagra, Swiss Miss Simply Cocoa, UPC#070920472331 Lead",raw_material_contaminant,raw_material_contaminant
"Upholstered furniture including stools Tris(1,3-dichloro-2-propyl) phosphate (TDCPP)",product_material_or_formula,product_material_or_formula
Vinyl Hoses Di-n-butyl phthalate (DBP),product_material_or_formula,product_material_or_formula
Seaweed Arsenic (inorganic arsenic compounds),raw_material_contaminant,raw_material_contaminant
bifold wallets Di(2-ethylhexyl)phthalate (DEHP),product_material_or_formula,product_material_or_formula
Makeup For Ever Waterproof Mascara Diethanolamine,product_material_or_formula,product_material_or_formula
Gloves with Vinyl/PVC Components Di(2-ethylhexyl)phthalate (DEHP),product_material_or_formula,product_material_or_formula
"Environmental Exposures; Occupational Exposures; and Product Exposures (Alcoholic Beverages (bars, mini bars); Swimming Pool/Hot Tubs; Food and Beverage Operations; Automobile Parking Facilities; Hotel Transportation Vehicles; Kitchen; Candles; Matches; Sterno Cooking Fuel; Second-hand Smoke and Smokeless Tobacco Products; Cleaning Supplies/Janitorial; Maintenance/Power Tools; Furniture/Furnishings/Window Treatments; Public and Guest Bathrooms; Medical/First Aid Supplies; Internal Combustion (“IC”) Engines, Boilers and other Gas Burning Devices, and Fireplaces; Electronic Equipment, Electric Equipment and Associated Cables Wires and Batteries; Office Supplies and Office Equipment; Hand Tools, Hardware and Brass Keys; and Fertilizers, Soil Amendments, and Pesticides and Herbicides). Tobacco smoke (primary)",food_contact_container,food_contact_container
Waste Bag Dispensers Di(2-ethylhexyl)phthalate (DEHP),product_material_or_formula,product_material_or_formula
"LTH Vegan Protein Limited Edition Naturally Flavored Raspberry-Lemon Cake, LTH Vegan Protein Naturally Flavored Chocolate with Other Natural Flavors Vital, LTH Grass-Fed Collagen Peptides Naturally Flavored Chocolate with other natural flavors Prime, LTH Grass-Fed Collagen Peptides Naturally Flavored Vanilla with Other Natural Flavors Prime Lead",raw_material_contaminant,raw_material_contaminant
"Taza Chocolate Sea Salt and Almond Organic Dark Chocolate Bar 1,1,1,2-Tetrachloroethane, Cadmium",raw_material_contaminant,raw_material_contaminant
Breakfast cereals Acrylamide,processing_generated,processing_generated
Nunn Care Cleansing Cream Mercury,product_material_or_formula,product_material_or_formula
Dried Seaweed Lead,raw_material_contaminant,raw_material_contaminant
funk bag Diisononyl phthalate (DINP),product_material_or_formula,product_material_or_formula
"engine exhaust mercury compounds, N-Nitrosodimethylamine, N-Nitrosomorpholine, Nickel compounds",processing_generated,processing_generated
ceramic dishware lead compounds,food_contact_container,food_contact_container
"Mina, Tomato Sauce Moroccan Shakshuka, UPC#852955007005 lead compounds",food_contact_container,food_contact_container
"Upholstered Furniture Tris(1,3-dichloro-2-propyl) phosphate (TDCPP)",product_material_or_formula,product_material_or_formula
Salted and Seasoned Seaweed cadmium compounds,raw_material_contaminant,raw_material_contaminant
"Upholstered Office/Task Chairs with Foam Padding containing Tris(1,3-dichloro-2-propyl) phosphate, Upholstered Recliners with Foam Padding containing Tris(1,3-dichloro-2-propyl) phosphate, Recliners with Vinyl/PVC Upholstery containing Di(2-ethylhexyl)phthalate Tris(1,3-dichloro-2-propyl) phosphate (TDCPP)",product_material_or_formula,product_material_or_formula
Brass Potpourri Bowl Lead,food_contact_container,food_contact_container
Skin whitening cream Mercury,product_material_or_formula,product_material_or_formula
Oven Dried Jeprox Fish lead compounds,raw_material_contaminant,raw_material_contaminant
"Upholstered furniture including ottomans Tris(1,3-dichloro-2-propyl) phosphate (TDCPP)",product_material_or_formula,product_material_or_formula
Ceramic Mugs With Exterior Designs Lead,food_contact_container,food_contact_container
Seasoned Seaweed Cadmium,raw_material_contaminant,raw_material_contaminant
Australian liquorice Lead,raw_material_contaminant,food_contact_container
Schylling Kapow Punching Bag & Gloves Bag Di(2-ethylhexyl)phthalate (DEHP),product_material_or_formula,product_material_or_formula
Trader Joe’s Crystallized Candied Ginger Slices Lead,food_contact_container,food_contact_container
Exposure to plastic packaging of horseshoe toss sets Di(2-ethylhexyl)phthalate (DEHP),food_contact_container,food_contact_container
Mini Moda Children’s Sandals Di(2-ethylhexyl)phthalate (DEHP),product_material_or_formula,product_material_or_formula
folding canes Diisononyl phthalate (DINP),food_contact_container,food_contact_container
Allerseb-T Therapeutic shampoo mildly treated oils,product_material_or_formula,product_material_or_formula
Thick Cut Seaweed cadmium compounds,raw_material_contaminant,raw_material_contaminant
Imagitarium Creative Comforts Driftwood Wood dust,product_material_or_formula,product_material_or_formula
Frozen Whole Cleaned Cuttlefish Cadmium,raw_material_contaminant,raw_material_contaminant
"Environmental Exposures; Occupational Exposures; and Product Exposures (Alcoholic Beverages (bars, mini bars); Swimming Pool/Hot Tubs; Food and Beverage Operations; Automobile Parking Facilities; Fuel Dispensing; Equipment Maintenance; Kitchen; Fireplaces and Patio Heaters; Matches; Arts & Crafts Supplies and Classes; Sterno Cooking Fuel; Second-hand Smoke and Smokeless Tobacco Products; Cleaning Supplies/Janitorial; Maintenance/Power Tools; Furniture/Furnishings/Window Treatments; Public and Guest Bathrooms; Medical/First Aid Supplies; Internal Combustion (“IC”) Engines, Boilers and other Gas Burning Devices, and Fireplaces; Electronic Equipment, Electric Equipment and Associated Cables Wires and Batteries; Office Supplies and Office Equipment; Hand Tools, Hardware and Brass Keys; and Fertilizers, Soil Amendments, and Pesticides and Herbicides). Tobacco smoke (primary)",food_contact_container,food_contact_container
Mac & Cheese Bowl Lead,food_contact_container,food_contact_container
Fruit of The Earth sun and after sun lotion/gel Diethanolamine,product_material_or_formula,product_material_or_formula
"DG Baby Baby Powder lead compounds, Silica, crystalline (airborne particles of respirable size)",product_material_or_formula,product_material_or_formula
Soft Food and Beverage Containers Lead,food_contact_container,food_contact_container
Good Sense Plantain Chips Acrylamide,processing_generated,processing_generated
Mighty Mini Smartphone Purse- STAUER Di-n-butyl phthalate (DBP),product_material_or_formula,product_material_or_formula
Clear Lunch Bag with Cold Pack Compartment Di(2-ethylhexyl)phthalate (DEHP),product_material_or_formula,product_material_or_formula
Skin Creams Such as Facial Masks and Shaving Creams Coconut oil diethanolamine condensate (cocamide diethanolamine),product_material_or_formula,product_material_or_formula
Dried Seaweed Arsenic (inorganic arsenic compounds),raw_material_contaminant,raw_material_contaminant
"Clothing Made with Leather, Vinyl or Imitation Leather Materials Lead",product_material_or_formula,product_material_or_formula
Yay Let’s Play Bag Di(2-ethylhexyl)phthalate (DEHP),product_material_or_formula,product_material_or_formula
"Environmental Exposures; Occupational Exposures; and Product Exposures (Alcoholic Beverages (bars, mini bars); Swimming Pool/Hot Tubs; Food and Beverage Operations; Automobile Parking Facilities; Kitchen; Matches; Arts & Crafts Supplies and Classes; Sterno Cooking Fuel; Second-hand Smoke and Smokeless Tobacco Products; Cleaning Supplies/Janitorial; Maintenance/Power Tools; Furniture/Furnishings/Window Treatments; Public and Guest Bathrooms; Medical/First Aid Supplies; Internal Combustion (“IC”) Engines, Boilers and other Gas Burning Devices, and Fireplaces; Electronic Equipment, Electric Equipment and Associated Cables Wires and Batteries; Office Supplies and Office Equipment; Hand Tools, Hardware and Brass Keys; and Fertilizers, Soil Amendments, and Pesticides and Herbicides). Tobacco smoke (primary)",food_contact_container,food_contact_container
Heavenly Hunks Peanut Butter Chocolate Glute-Free Bites Lead,raw_material_contaminant,raw_material_contaminant
"ViSalus Vi-Shape Nutritional Shake Mix Sweet Cream Flavor 22 oz (1 Bag, 24 Savings) (Product Code: 815638020258) Lead",product_material_or_formula,product_material_or_formula
Creole Rice Dinner Mix Lead,raw_material_contaminant,raw_material_contaminant
Long Grain & Wild Rice Mix Lead,raw_material_contaminant,raw_material_contaminant
Fishing kits w/lead sinkers Lead,raw_material_contaminant,raw_material_contaminant
Vinyl/PVC Lantern Handles Di(2-ethylhexyl)phthalate (DEHP),product_material_or_formula,product_material_or_formula
Fishing tackle Lead,raw_material_contaminant,raw_material_contaminant
Seaweed Cadmium,raw_material_contaminant,raw_material_contaminant
Children's vinyl clothing Di(2-ethylhexyl)phthalate,product_material_or_formula,product_material_or_formula
"Waste Bag Dispensers Di(2-ethylhexyl)phthalate, Di(2-ethylhexyl)phthalate (DEHP)",product_material_or_formula,product_material_or_formula
El Mexicano Yogurt Smoothie with Pecan & Cereals - UPC No.: 042743124766 Lead,food_contact_container,food_contact_container
Mass Gainz High Calorie Protein Matrix Chocolate Truffle Lead,raw_material_contaminant,raw_material_contaminant
Handbags with Plastic Components Diisononyl phthalate (DINP),product_material_or_formula,product_material_or_formula
Gamesa Roscas Cinnamon Cookies Acrylamide,processing_generated,processing_generated
Vinyl Aprons Diisononyl phthalate (DINP),product_material_or_formula,product_material_or_formula
Plastic Soap Holder with Suction Cups Di(2-ethylhexyl)phthalate (DEHP),food_contact_container,food_contact_container
Vinyl/PVC Gloves Diisononyl phthalate (DINP),product_material_or_formula,product_material_or_formula
Woodstock Organic Shiitake Mushrooms Cadmium,product_material_or_formula,product_material_or_formula
Vinyl/PVC Game Cases Di(2-ethylhexyl)phthalate (DEHP),product_material_or_formula,product_material_or_formula
Rice Lead,raw_material_contaminant,raw_material_contaminant
Sheffield Home Pink Floral Mug with Lid Lead,food_contact_container,food_contact_container
Hearing Protection with Vinyl/PVC Components Di(2-ethylhexyl)phthalate (DEHP),product_material_or_formula,product_material_or_formula
Seaweed Salad lead compounds,raw_material_contaminant,raw_material_contaminant
Plastic Purse with PVC Components Di(2-ethylhexyl)phthalate (DEHP),product_material_or_formula,product_material_or_formula
Ceramic Mugs With Exterior Designs Lead,food_contact_container,food_contact_container
Combos Baked Snacks Pizzaria Pretzel Acrylamide,processing_generated,processing_generated
"Organic Seaweed Cadmium, Cadmium",raw_material_contaminant,raw_material_contaminant
Glassware Products Lead,food_contact_container,food_contact_container
Tools with Vinyl/PVC Grips Di(2-ethylhexyl)phthalate (DEHP),product_material_or_formula,product_material_or_formula
Amanda Greenwood Art Lipstick Motif Mug Lead,food_contact_container,food_contact_container
Coffee-based products Acrylamide,processing_generated,processing_generated
vinyl bedding storage cases Di(2-ethylhexyl)phthalate (DEHP),product_material_or_formula,product_material_or_formula
The Snack Artist Deluxe Mixed Nuts - Roasted & Salted Acrylamide,processing_generated,processing_generated
"Dried Seaweed Arsenic (inorganic oxides), Cadmium",raw_material_contaminant,raw_material_contaminant
"Boss Up Cosmetics Girl Boss Blush Titanium dioxide (airborne, unbound particles of respirable size)",product_material_or_formula,product_material_or_formula
Sedici Lucca Glove Chromium (hexavalent compounds),product_material_or_formula,product_material_or_formula
Daily Harvest harvest bowls Lead,food_contact_container,food_contact_container
Seaweed Chips cadmium compounds,raw_material_contaminant,raw_material_contaminant
Crossbody Bags Di(2-ethylhexyl)phthalate (DEHP),product_material_or_formula,product_material_or_formula
Seaweed Lead,raw_material_contaminant,raw_material_contaminant
Canned smoked mussels cadmium compounds,food_contact_container,food_contact_container
Cereal products Acrylamide,processing_generated,processing_generated
Tools with Vinyl/PVC Grips Di(2-ethylhexyl)phthalate (DEHP),product_material_or_formula,product_material_or_formula
Rice Arsenic (inorganic arsenic compounds),raw_material_contaminant,raw_material_contaminant
Glassware Products Cadmium,food_contact_container,food_contact_container
Sheffield Home Pink Floral Mug with Lid Lead,food_contact_container,food_contact_container
Clear Crossbody Bag Di(2-ethylhexyl)phthalate (DEHP),product_material_or_formula,product_material_or_formula
Inka Crops Fried Corn Products Acrylamide,processing_generated,processing_generated
"50PCS Fishing Soft Sheet Lead Roll Fishing Sinkers, UPC#X003PVIETB Lead",raw_material_contaminant,raw_material_contaminant
Shellfish Cadmium,raw_material_contaminant,raw_material_contaminant
Glass beverage containers Lead,food_contact_container,food_contact_container
"Environmental Exposures; Occupational Exposures; and Product Exposures (Swimming Pool/Hot Tubs; Automobile Parking Facilities; Fireplaces and Patio Heaters; Salon; Second-hand Smoke and Smokeless Tobacco Products; Cleaning Supplies/Janitorial; Maintenance/Power Tools; Furniture/Furnishings/Window Treatments; Public and Guest Bathrooms; Medical/First Aid Supplies; Internal Combustion (“IC”) Engines, Boilers and other Gas Burning Devices, and Fireplaces; Electronic Equipment, Electric Equipment and Associated Cables Wires and Batteries; Office Supplies and Office Equipment; Hand Tools, Hardware and Brass Keys; and Fertilizers, Soil Amendments, and Pesticides and Herbicides). Tobacco smoke (primary)",food_contact_container,food_contact_container
Dresses with Vinyl/PVC Belts Di(2-ethylhexyl)phthalate (DEHP),product_material_or_formula,product_material_or_formula
"Under One Sky Bag, Style: 8007092, Sea 3 ACC 09 208 69350885 0 1/1 Di(2-ethylhexyl)phthalate (DEHP)",product_material_or_formula,product_material_or_formula
Elizabeth Arden Advanced Ceramide Lift and Firm Day Cream SPF 15 Benzophenone,product_material_or_formula,product_material_or_formula
Rice Arsenic (inorganic oxides),raw_material_contaminant,raw_material_contaminant
Dried Seaweed Arsenic (inorganic arsenic compounds),raw_material_contaminant,raw_material_contaminant
Tuna fish Methylmercury compounds,raw_material_contaminant,raw_material_contaminant
Satin Brass Candle Snuffer Lead,food_contact_container,food_contact_container
Flexshield Powder Free Vinyl Exam Gloes SKU # 112-22078 Diisononyl phthalate (DINP),product_material_or_formula,product_material_or_formula
Socks with Polymer/Plastic bags Diisononyl phthalate (DINP),product_material_or_formula,product_material_or_formula
"firewood, woodchips, charcoal 1,6-Dinitropyrene, 3-Methylcholanthrene, 5-Nitroacenaphthene, 7H-Dibenzo[c,g]carbazole, Benzo[a]pyrene, Benzo[b]fluoranthene, Benzo[j]fluoranthene, Benzo[k]fluoranthene, Benz[a]anthracene, Chrysene, Creosotes, Dibenzo[a,e]pyrene, Dibenzo[a,h]pyrene, Dibenzo[a,i]pyrene, Dibenzo[a,l]pyrene, Dibenz[a,h]acridine, Dibenz[a,h]anthracene, Dibenz[a,j]acridine",processing_generated,processing_generated
Ceramic Products Cadmium,food_contact_container,food_contact_container
Children's Soft Vinyl Zipper Pulls Di(2-ethylhexyl)phthalate,product_material_or_formula,product_material_or_formula
Wine Handbag Di(2-ethylhexyl)phthalate (DEHP),product_material_or_formula,product_material_or_formula
Roasted Seaweed cadmium compounds,raw_material_contaminant,raw_material_contaminant
Ceramics and Glassware with Exterior Artwork Lead,food_contact_container,food_contact_container
Honey-Can-Do Honey Drippers Lead,food_contact_container,food_contact_container
"Environmental Exposures; Occupational Exposures; and Product Exposures (Food and Beverage Operations; Automobile Parking Facilities; Equipment Maintenance; Matches; Second-hand Smoke and Smokeless Tobacco Products; Cleaning Supplies/Janitorial; Maintenance/Power Tools; Furniture/Furnishings/Window Treatments; Public and Guest Bathrooms; Medical/First Aid Supplies; Internal Combustion (“IC”) Engines, Boilers and other Gas Burning Devices, and Fireplaces; Electronic Equipment, Electric Equipment and Associated Cables Wires and Batteries; Office Supplies and Office Equipment; Hand Tools, Hardware and Brass Keys; and Fertilizers, Soil Amendments, and Pesticides and Herbicides). Tobacco smoke (primary)",food_contact_container,food_contact_container
Purse Di(2-ethylhexyl)phthalate (DEHP),product_material_or_formula,product_material_or_formula
"CanDo, Keto Krisp Chocolate Raspberry, UPC#860000606943 Lead",food_contact_container,raw_material_contaminant
Dried Seaweed Cadmium,raw_material_contaminant,raw_material_contaminant
Cup hooks Di(2-ethylhexyl)phthalate (DEHP),food_contact_container,food_contact_container
Leonor Greyl Bain Traitant à la Propolis Gentle Anti Dandruff Shampoo Diethanolamine,product_material_or_formula,product_material_or_formula
Kirkland Signature Organic Creamy Peanut Butter Acrylamide,product_material_or_formula,processing_generated
"Footwear Made With Leather, Vinyl or Imitation Leather Materials Lead",product_material_or_formula,product_material_or_formula
"Nuwave CPAP Bag Chlorinated paraffins, Di(2-ethylhexyl)phthalate (DEHP)",product_material_or_formula,product_material_or_formula
Vinyl flooring Di(2-ethylhexyl)phthalate (DEHP),product_material_or_formula,product_material_or_formula
Del Monte Veggieful veggie bowls Lead,food_contact_container,food_contact_container
Harney & Son's Chocolate Mint Flavored Black Tea UPC3604631619 Lead,raw_material_contaminant,raw_material_contaminant
"Four-Piece Pink Floral Pattern Lotion Kit; Brompton & Langley, UCS Item #580017; UPC: 064323171090 Diethanolamine",product_material_or_formula,product_material_or_formula
Dried Seaweed Cadmium,raw_material_contaminant,raw_material_contaminant
Cosmetic Bags with Plastic Components Di(2-ethylhexyl)phthalate (DEHP),product_material_or_formula,product_material_or_formula
Vinyl Security Cables Di(2-ethylhexyl)phthalate (DEHP),product_material_or_formula,product_material_or_formula
Vinyl Storage/ Packaging Cases Di(2-ethylhexyl)phthalate (DEHP),food_contact_container,food_contact_container
“Street Level” brand of handbags Di-n-butyl phthalate (DBP),product_material_or_formula,product_material_or_formula
"Fire starter bricks, firelogs and firewood mildly treated oils",product_material_or_formula,product_material_or_formula
"Upholstered Stools with Foam Padding containing Tris(1,3-dichloro-2-propyl) phosphate, Stools with Vinyl/PVC Upholstery containing Di(2-ethylhexyl)phthalate Di(2-ethylhexyl)phthalate (DEHP)",product_material_or_formula,product_material_or_formula
Dried Fish Meat cadmium compounds,raw_material_contaminant,raw_material_contaminant
Mugs and Other Cermaic Containers with Exterior Artwork Lead,food_contact_container,food_contact_container
Suction cup Sponge Holder Di(2-ethylhexyl)phthalate (DEHP),food_contact_container,food_contact_container
"Environmental Exposures; Occupational Exposures; and Product Exposures (Second-hand Smoke and Smokeless Tobacco Products; Use of Combustible Products and Materials by Tenants; Use of Hobby-Related Products and Materials by Tenants; Apartment Properties Construction Materials; Natural gas, liquid fuel gases and fuel oil conversion; Parking Facilities and Designated Loading/Unloading Locations Cause Exposure to Vehicle Emissions; Emergency Generators; Tenant, Employee and Business Invitees Transportation Services; In-Apartment Cleaning and Maintenance; Exterior and Common Area Apartment Maintenance; and Exposures to Designated Chemicals Associated with Apartment Property Amenities). Tobacco smoke (primary)",food_contact_container,food_contact_container
Vinyl coated wire Lead,product_material_or_formula,product_material_or_formula
Dried Seaweed lead compounds,raw_material_contaminant,raw_material_contaminant
Cleaners Dichloromethane (Methylene chloride),product_material_or_formula,product_material_or_formula
American Standard Tub Shower Stem lead compounds,food_contact_container,food_contact_container
Luggage Tags with Vinyl/PVC Straps Di(2-ethylhexyl)phthalate (DEHP),product_material_or_formula,product_material_or_formula
Vinyl Gloves Di(2-ethylhexyl)phthalate,product_material_or_formula,product_material_or_formula
"Birch Benders, Brownie a la Cup, UPC#810001560454 lead compounds",food_contact_container,food_contact_container
"Tuscan Hills Spa Bag, BABO B0865, Item No. TH-1000 Di(2-ethylhexyl)phthalate (DEHP)",food_contact_container,food_contact_container
mercury in nasal sprays mercury compounds,product_material_or_formula,product_material_or_formula
Lesley Stowe Raincoast Crisps Gingerbread and Spiced Pear Crackers Acrylamide,processing_generated,processing_generated
Glass beverage containers Cadmium,food_contact_container,food_contact_container
Glassware with exterior artwork Cadmium,food_contact_container,food_contact_container
St. Nicholas Square Snowman Friends Mug Lead,food_contact_container,food_contact_container
Soap & Glory Thick & Fast Super Volume Mascara Diethanolamine,product_material_or_formula,product_material_or_formula
"Shampoo and Liquid Soaps Such as Hand Soap, Body Wash and Bubble Bath Coconut oil diethanolamine condensate (cocamide diethanolamine)",product_material_or_formula,product_material_or_formula
Rosary Case Vinyl Clear Snap Closure Black Di(2-ethylhexyl)phthalate (DEHP),product_material_or_formula,product_material_or_formula
Public Goods Veggie Chips Acrylamide,processing_generated,processing_generated
Rice Noodle (Spicy Mushroom) Cadmium,raw_material_contaminant,raw_material_contaminant
Black Diamond Wooden Roll Fire Starters Carbon monoxide,product_material_or_formula,product_material_or_formula
Yvonne Ellen Teapot & Mug Set Lead,food_contact_container,food_contact_container
"Upholstered furniture including ottomans Tris(1,3-dichloro-2-propyl) phosphate (TDCPP)",product_material_or_formula,product_material_or_formula
Dried Seaweed Cadmium,raw_material_contaminant,raw_material_contaminant
Seasoned Seaweed Lead,raw_material_contaminant,raw_material_contaminant
Mountable Compass with Suction Cup Di(2-ethylhexyl)phthalate (DEHP),food_contact_container,food_contact_container
Flambeau Tuff Tainer storage/organization bin/container Bisphenol A (BPA),food_contact_container,food_contact_container
Hangers with Vinyl Components Di(2-ethylhexyl)phthalate (DEHP),product_material_or_formula,product_material_or_formula
MAKEUP BY MARIO Soft Pop Plumping Blush Veil (Just Peachy) Diethanolamine,product_material_or_formula,product_material_or_formula
Insulated 36 Can Cooler Tote Di(2-ethylhexyl)phthalate (DEHP),food_contact_container,food_contact_container
Lamel Liquid Brow Soap Diethanolamine,product_material_or_formula,product_material_or_formula
Tools with vinyl grips Lead,product_material_or_formula,product_material_or_formula
Seasoned Seaweed cadmium compounds,raw_material_contaminant,raw_material_contaminant
Hollogram Pigac Silver Bag Diisononyl phthalate (DINP),product_material_or_formula,product_material_or_formula
Clothing and Rainwear Lead,product_material_or_formula,product_material_or_formula
Ceramic Reed Diffusers With Exterior Designs Lead,food_contact_container,food_contact_container
Glassware and Ceramic Products Cadmium,food_contact_container,food_contact_container
candles mildly treated oils,food_contact_container,food_contact_container
Naked Nutrition Organic Brown Rice Protein Powder Mercury,raw_material_contaminant,raw_material_contaminant
Clinicians Complex Bruise Cream Diethanolamine,product_material_or_formula,product_material_or_formula
Samai Plantain Chips Acrylamide,processing_generated,processing_generated
Lenico Bergamot Hair Regrowth Shampoo; ASIN: B08F22VHT2 Coconut oil diethanolamine condensate (cocamide diethanolamine),product_material_or_formula,product_material_or_formula
Ceramic Containers with Exterior Artwork lead compounds,food_contact_container,food_contact_container
"Upholstered furniture including stools, Upholstered furniture including ottomans Tris(1,3-dichloro-2-propyl) phosphate (TDCPP)",product_material_or_formula,product_material_or_formula
Dirty Works Cosmetic Bag SKU 09428344616200099917; UPC 5060929656240 Di(2-ethylhexyl)phthalate (DEHP),product_material_or_formula,product_material_or_formula
Success Brown Rice Whole Grain Cadmium,raw_material_contaminant,raw_material_contaminant
Glassware Products Lead,food_contact_container,food_contact_container
Great American Seafood White Shrimp Lead,food_contact_container,food_contact_container
Vinyl containment berms (sand snake style) Diisononyl phthalate (DINP),product_material_or_formula,product_material_or_formula
Vinyl/PVC Inflatable Toy Di(2-ethylhexyl)phthalate (DEHP),product_material_or_formula,product_material_or_formula
Travel Bag Di(2-ethylhexyl)phthalate (DEHP),product_material_or_formula,product_material_or_formula
Mugs with Exterior Designs Lead,food_contact_container,food_contact_container
Nail polish Toluene,product_material_or_formula,product_material_or_formula
Candy and Candy Wrappers Lead,food_contact_container,food_contact_container
Shellfish Lead,raw_material_contaminant,raw_material_contaminant
Tools with Vinyl/PVC Grips Di(2-ethylhexyl)phthalate (DEHP),product_material_or_formula,product_material_or_formula
Children's Bath Toys Di(2-ethylhexyl)phthalate,product_material_or_formula,product_material_or_formula
Arrowhead Brass 1/2 Fip x 3/4 Hose Bib UPC69004320744 lead compounds,product_material_or_formula,product_material_or_formula
Ceramicware Lead,food_contact_container,food_contact_container
Cosmetic case Di(2-ethylhexyl)phthalate,product_material_or_formula,product_material_or_formula
nasal sprays Mercury,product_material_or_formula,product_material_or_formula
Ciel Collection brand of bags Di-n-butyl phthalate (DBP),product_material_or_formula,product_material_or_formula
The Professional Fitness Lifting Gloves Di(2-ethylhexyl)phthalate (DEHP),product_material_or_formula,product_material_or_formula
Glassware with Exterior Artwork Lead,food_contact_container,food_contact_container
Ceramic Bowls With Exterior Designs Lead,food_contact_container,food_contact_container
Upholstered furniture including ottomans Tris(2-chloroethyl) phosphate,product_material_or_formula,product_material_or_formula
Roasted Seaweeds Arsenic (inorganic arsenic compounds),raw_material_contaminant,raw_material_contaminant
Avene Retrinal 0.05 Cream Diethanolamine,product_material_or_formula,product_material_or_formula
StarAniseFoods Happy Pho Meal Kit Zesty Ginger Vietnamese Brown Rice Noodle Soup Lead,raw_material_contaminant,raw_material_contaminant
Ceramic Products Cadmium,food_contact_container,food_contact_container
The Girls™ Amie™ Vibratex® Vibrator Toy “Phthalate Free”; UPC896909001954 Diisononyl phthalate (DINP),product_material_or_formula,product_material_or_formula
Steve Madden Convertible bag - UPC 8 89487 53324 5 - SKU AB81360125 Di(2-ethylhexyl)phthalate (DEHP),product_material_or_formula,product_material_or_formula
Fishing kits w/lead sinkers Lead,raw_material_contaminant,raw_material_contaminant
Earmuffs with Vinyl/PVC Cords Di(2-ethylhexyl)phthalate (DEHP),product_material_or_formula,product_material_or_formula
pet carry bags Di(2-ethylhexyl)phthalate (DEHP),product_material_or_formula,product_material_or_formula
Glassware with artwork or designs on the exterior lead compounds,food_contact_container,food_contact_container
candles mineral oils (untreated,food_contact_container,food_contact_container
Whole Foods Market Heirloom White Corn Tortilla Chips Acrylamide,processing_generated,processing_generated
Roasted Seaweed Lead,raw_material_contaminant,raw_material_contaminant
