feature_text,actual,predicted
Glassware with exterior artwork,food_contact,food_contact
"Change Purse, UPC No. 09103734454 0",textile_or_soft_goods,textile_or_soft_goods
Harmony matcha green tea powder,food,food
Banana Boat Moisturizing After Sun Lotion,personal_care,personal_care
Glassware with Exterior Artwork,food_contact,food_contact
Fashion Wallets - Gold Diamond,textile_or_soft_goods,textile_or_soft_goods
Vinyl Banners,textile_or_soft_goods,textile_or_soft_goods
"York Barbell Vinyl Fitbell, Yellow, 4 lb",textile_or_soft_goods,textile_or_soft_goods
QualyQualy Nail Weights Fishing Weights Sinkers 1.5g/0.05oz. Lead Weights Fishing Drop Shot Worms Weights 20pcs/Pack,food,food
Vinyl Tape,textile_or_soft_goods,textile_or_soft_goods
Handbags with Plastic Components,textile_or_soft_goods,textile_or_soft_goods
Children's Backpacks With PVC Components,children_products,children_products
Fish Crackers,food,food
Gloves,textile_or_soft_goods,textile_or_soft_goods
Pleasant Hearth gloves,textile_or_soft_goods,textile_or_soft_goods
"Chocolate Chocolate Chip Bundt Cake, Classic Vanilla Bundt Cake, Red Velvet Bundt Cake, White Chocolate Raspberry Bundt Cake, Confetti Bundt Cake, Carrot Bundt Cake, Lemon Bundt Cake, Marble Bundt Cake, Pecan Praline Bundt Cake, Gluten-Free Chocolate Chip Cookie Bundt Cake, Peanut Butter Swirl Bundt Cake, Chocolate Turtle Bundt Cake, Strawberries & Cream Bundt Cake, Lemon Raspberry Bundt Cake, Pumpkin Spice Bundt Cake, Peppermint Chocolate Chip Bundt Cake, Blueberry Bliss Bundt Cake, Snickerdoodle Bundt Cake, Salted Caramel Bundt Cake",food,food
Dried Salted Pony Fish,food,food
Amazing Grass Greens Blend Superfood,food,food
Beech-Nut Organics sweet potato baby food,food,food
Dried Teas (Loose Leaf and Bagged),food,food
Vinyl gloves,textile_or_soft_goods,textile_or_soft_goods
Seaweed Snack,food,food
"Environmental Exposures; Occupational Exposures; and Product Exposures (Alcoholic Beverages (bars, mini bars); Swimming Pool/Hot Tubs; Food and Beverage Operations; Automobile Parking Facilities; Kitchen; Fireplaces and Patio Heaters; Second-hand Smoke and Smokeless Tobacco Products; Cleaning Supplies/Janitorial; Maintenance/Power Tools; Furniture/Furnishings/Window Treatments; Public and Guest Bathrooms; Medical/First Aid Supplies; Internal Combustion (“IC”) Engines, Boilers and other Gas Burning Devices, and Fireplaces; Electronic Equipment, Electric Equipment and Associated Cables Wires and Batteries; Office Supplies and Office Equipment; Hand Tools, Hardware and Brass Keys; and Fertilizers, Soil Amendments, and Pesticides and Herbicides).",food,food
Roasted Seaweed Snack with Sea Salt,food,food
"Cosmetic Bag, Marshalls: 1273-062252647-001499-09-2",personal_care,personal_care
Nourishher- Greens and Superfood Powder,food,food
"Nongshim, Chapa Guri Jjajang Noodles, UPC#3114605533",food,food
"Stage 2 - Peas, Corn & Carrots - Baby Cereal",food,children_products
"Previnex, Gut & Green Superfoods - Apple, UPC#198715103373",food,food
Ceramicware with exterior artwork,food_contact,food_contact
Mugs with Exterior Designs,food_contact,food_contact
Taiwan Mincher Sesame Brown Rice Wafer,food,food
Fishing Sinker,food,food
Vinyl gloves,textile_or_soft_goods,textile_or_soft_goods
Mannatech Superfoods Dietary Supplement,food,food
Goggles with Vinyl Components,textile_or_soft_goods,textile_or_soft_goods
All Simple Mills Cracker Products,food,food
"Panco Foods, Pan’s Mushroom Jerky Original, UPC#891742002014",food,food
Upholstered furniture including stools,furniture_or_building,furniture_or_building
Kolor Me Koby Mug,food_contact,food_contact
Ready Pac Foods Baby Spinach,food,children_products
Handy Sandy Reusable Shopping Cart Case Bag SKU_127404266909402999 UPC_0850013349609,textile_or_soft_goods,textile_or_soft_goods
"Organifi, Original Green Juice, UPC#850001165006, Organifi, Organifi Kids Easy Greens, UPC#850001165686",food,food
"Sweet Heart Group, Chaga Mushroom Powder, UPC#850004867112, Sweet Heart Group, Shiitake Mushroom Powder, UPC#850004867136, Sweet Heart Group, Organic Matcha Green Tea Powder, UPC#017360106228",food,food
vinyl sleeve chains,textile_or_soft_goods,textile_or_soft_goods
Cooler/Lunch Bag,textile_or_soft_goods,textile_or_soft_goods
Hyde and Eek Boutique UV Neon Makeup Kit,personal_care,personal_care
Vinyl/PVC bags,textile_or_soft_goods,textile_or_soft_goods
CVS Mug Gift Set,food_contact,food_contact
Tools with vinyl grips,textile_or_soft_goods,textile_or_soft_goods
Amazon chips,food,food
Glassware With Exterior Designs,food_contact,food_contact
Milk-Based Powder Infant Formula with Iron,children_products,children_products
"Amazing Chiles & Spices, Chili Lime Spiced Mango, UPC#X003UPQRPZ",food,food
Trader Joe's 3 Seed Beet Crackers,food,food
Cerra Donut Peek-a-Boo Ceramic Mug,food_contact,food_contact
"Hello Home Bag, # 8 800228 693945",textile_or_soft_goods,textile_or_soft_goods
Pancit Canton Chow Mein Noodles Hot Chili Flavor ; Pancit Canton Chow Mein Noodles Chili Mansi Flavor; Pancit Canton Chow Mein Noodles Sweet & Spicy Flavor,food,food
"Nutri-Grain Strawberry Cereal Bar, Pop-Tarts Frosted Blueberry",food,food
"cases of Modengkongjian travel bottles, cases of Mushlish travel bottles",food_contact,food_contact
"Earth Balance Natural Peanut Butter and Flaxseed Creamy , Earth Balance Natural Peanut Butter and Flaxseed Crunchy",personal_care,personal_care
Fishing Sinker,food,food
"Etta Vita, Veggies + Superfood (Organic Vitamin Complex - 11 Vegetables- 1839 MG), UPC#X003TKKE7N",food,food
"California Gold Nutrition, Superfoods, Organic Turmeric Powder, UPC#898220013661",food,food
Sriracha Ramen Noodle Soup - Beef Flavor,food,food
Glassware Products,food_contact,food_contact
Dole Pineapple Chunks in 100% Pineapple Juice,food,food
Fusion Kitchen Noodle Box Stir Fry Hot Mongolian Beef,food,food
"Harney & Sons Fine Teas - Chocolate Mint, X0010A10ZN",food,food
Glassware Products,food_contact,food_contact
nasal sprays,household_cleaner,household_cleaner
Annie Chun's Peanut Sesame Noodle Bowl,food,food
Unmatched Firewood,furniture_or_building,furniture_or_building
Clear Tote Bag,textile_or_soft_goods,textile_or_soft_goods
Alcoholic beverage,food,food
"UPC665613254457 Red, Insulated Lunch Carrier Bag",textile_or_soft_goods,textile_or_soft_goods
Alcoholic beverage,food,food
Seaweed snacks,food,food
skull mugs,food_contact,food_contact
clutch purses,textile_or_soft_goods,textile_or_soft_goods
365 Whole Foods Market Protein Bites - Coconut & Macadamia,food,food
LAB SERIES Skincare for Men Daily Rescue Energizing Face Lotion Moisturizer,personal_care,personal_care
"Little Secrets, Crispy Wafers, Dark Chocolate with Sea Salt",food,food
Mugs with Exterior Designs,food_contact,food_contact
Marketside Steamed Clams,food,food
Palm Golf Co. Women’s Left Hand Glove,textile_or_soft_goods,textile_or_soft_goods
"Shampoo, Liquid Soaps and Powdered Soaps Such as Hand Soaps, Face Soaps, Soap Sheets, Body Washes, Pet Soaps, Shower Gels, Foot Baths and Bubble Baths",personal_care,personal_care
Crimpers w/vinyl grips,textile_or_soft_goods,textile_or_soft_goods
"Environmental Exposures; Occupational Exposures; and Product Exposures (Alcoholic Beverages (bars, mini bars); Swimming Pool/Hot Tubs; Food and Beverage Operations; Automobile Parking Facilities; Beach Fronts and sand areas (silica); Equipment Maintenance; Bicycle Rental and Repair; Hotel Transportation Vehicles; Kitchen; Fireplaces and Patio Heaters; Salon; Valet (shoeshine and dry cleaning delivery); Candles; Matches; Marinas; Sterno Cooking Fuel; Second-hand Smoke and Smokeless Tobacco Products; Cleaning Supplies/Janitorial; Maintenance/Power Tools; Furniture/Furnishings/Window Treatments; Public and Guest Bathrooms; Medical/First Aid Supplies; Internal Combustion (“IC”) Engines, Boilers and other Gas Burning Devices, and Fireplaces; Electronic Equipment, Electric Equipment and Associated Cables Wires and Batteries; Office Supplies and Office Equipment; Hand Tools, Hardware and Brass",food,food
Waterproof Bag for Personal Electronic Devices,textile_or_soft_goods,textile_or_soft_goods
"firewood, woodchips, charcoal",food,food
"Ziba Foods, Dried White Mulberries, UPC#854210008192",food,food
Baskets with Vinyl/PVC Components,textile_or_soft_goods,textile_or_soft_goods
"Footwear Made With Leather, Vinyl or Imitation Leather Materials",textile_or_soft_goods,textile_or_soft_goods
Vinyl Cosmetic Bags,personal_care,personal_care
Marucci Medallion Batting Gloves,textile_or_soft_goods,textile_or_soft_goods
"Charlotte Hair Elastics (Component Tested was the Clear Plastic of the Storage bag, The Pink Edge, and Green Leaf)",textile_or_soft_goods,textile_or_soft_goods
Home Goods Moscow Mule Mug with Brass Handles,food_contact,food_contact
"Happy Baby Organic Apples, Kale and Avocado",children_products,children_products
Vinyl/PVC Tubing,textile_or_soft_goods,textile_or_soft_goods
Neutrogena Therapeutic T-Gel Shampoo For Fine and Oily Hair,food,personal_care
O.ME.R. bag,textile_or_soft_goods,textile_or_soft_goods
Dried Salted Rabbitfish,food,food
Aluminum cookware,food_contact,food_contact
"Environmental Exposures; Occupational Exposures; and Product Exposures (Alcoholic Beverages (bars, mini bars); Food and Beverage Operations; Automobile Parking Facilities; Kitchen; Fireplaces and Patio Heaters; Valet (shoeshine and dry cleaning delivery); Candles; Sterno Cooking Fuel; Second-hand Smoke and Smokeless Tobacco Products; Cleaning Supplies/Janitorial; Maintenance/Power Tools; Furniture/Furnishings/Window Treatments; Public and Guest Bathrooms; Medical/First Aid Supplies; Internal Combustion (“IC”) Engines, Boilers and other Gas Burning Devices, and Fireplaces; Electronic Equipment, Electric Equipment and Associated Cables Wires and Batteries; Office Supplies and Office Equipment; Hand Tools, Hardware and Brass Keys; and Fertilizers, Soil Amendments, and Pesticides and Herbicides).",food,food
Children's Footwear with Polymer Straps,children_products,children_products
"Mussels with a White Wine, Butter & Garlic Sauce",food,food
Spicy Aztec Hot Chocolate,food,food
"Wine Boxes with Vinyl Straps, Faux Leather Totes",textile_or_soft_goods,textile_or_soft_goods
"Handbags, clutches and totes",textile_or_soft_goods,textile_or_soft_goods
Dirty Works Cosmetic Bag SKU 09428344616200099917; UPC 5060929656240,personal_care,personal_care
Bleach,household_cleaner,household_cleaner
"firewood, woodchips, charcoal",food,food
Trader Joe’s Baby Spinach and Greens Salad,children_products,children_products
"Second-hand Tobacco Smoke and Smokeless Tobacco Products; Combustion Products and Materials; Hobby-Related Products and Materials; Apartment Property Construction Materials; Potable Water Systems; Paints, Finishes and Coatings; Furniture, Furnishings and Window Treatments; Brass Hardware, Metal Surfaces, and Electrical Wiring/Fixtures; Natural Gas, Liquid Gases and Fuel Oil Combustion; Automobile Parking Facilities, Designated Loading/Unloading Locations and Transportation Services; Apartment Cleaning and Maintenance; Exterior and Common Area Maintenance and Cleaning; Landscaping Maintenance Activities and Pesticides; Electronic and Electric Equipment and Associated Cables, Wires and Batteries; Office Supplies and Office Equipment.",food,food
Vinyl/PVC Cables,textile_or_soft_goods,textile_or_soft_goods
"Hand bags, Novelty packaging, Gas gauge",textile_or_soft_goods,textile_or_soft_goods
Cassava Chips,food,food
"Vinyl/PVC Exercise Mats, Vinyl/PVC Exercise Mats",textile_or_soft_goods,textile_or_soft_goods
Vinyl/PVC Gloves,textile_or_soft_goods,textile_or_soft_goods
Cases with Vinyl/PVC Handles,textile_or_soft_goods,textile_or_soft_goods
fabric shower liners,textile_or_soft_goods,textile_or_soft_goods
Men’s Wallet,textile_or_soft_goods,textile_or_soft_goods
"Children's Vinyl Bags, Children's Vinyl Magnets, Children's Vinyl Keychains",children_products,children_products
Ceramic Products,food_contact,food_contact
Kang Shi Fu Artificial Syed Beef Flavor Noodle Soup,food,food
nasal sprays,household_cleaner,household_cleaner
mugs,food_contact,food_contact
Rice,food,food
Cassava Chips,food,food
Sardines in Tomato Sauce,food,food
SuperFoods,food,food
Glassware Products,food_contact,food_contact
Daruma Mug,food_contact,food_contact
Vinyl Totes,textile_or_soft_goods,textile_or_soft_goods
Holiday plate,food_contact,food_contact
"Wildfoods.co, Wild Super Greens, UPC#853539008906",food,food
candy,food,food
Sunshade with Suction Cups,food_contact,food_contact
Cauliflower Tortilla Chips Sea Salt,food,food
Hot and Sour Sweet Potato Noodles,food,food
"Hudson Deck Sprayer, UPC No. 0 2992567882, Model No. 67882",household_cleaner,household_cleaner
"Vinyl/PVC Pouches, Stools with Vinyl/PVC Upholstery containing Di(2-ethylhexyl)phthalate",textile_or_soft_goods,textile_or_soft_goods
Seaweed Snacks and Seaweed Chips,food,food
Great Value Lasagna with Meat Sauce (38 oz),food,food
Alcoholic beverages,food,food
"Siam Life Food, Cricket Powder, UPC#885712789017",food,food
Vinyl Upholstery on Arm Pads,textile_or_soft_goods,textile_or_soft_goods
Potato Chips with Seaweed and Salt,food,food
"Arbor Foods, Theo's Beet Jerky Sea Salt & Cracked Pepper, UPC#X003MRN4YN",food,food
Vinyl toys and other consumer products,children_products,children_products
Nail polish,household_cleaner,household_cleaner
Kroger Honey Graham Crackers,food,food
Various oils and lubricants,food,food
Premium Vape Juice by U S Vapor Co. // MMXII // Signature // Banana Mucho // 6 // 15 ml. Low nicotine,food,food
Ceramic Plates with Surface Designs,food_contact,food_contact
Goya Latin Style Bread Crumbs,food,food
Rice,food,food
Spring Clamps with vinyl grips and tips,textile_or_soft_goods,textile_or_soft_goods
Golden Stag All Purpose Gloves,textile_or_soft_goods,textile_or_soft_goods
Ceramic Pots with Exterior Designs,food_contact,food_contact
Feline Family Trifold Hanging Toiletry Organizer Laurel Burch™ Quilted Collection Sun ‘n’ Sand Accessories Item#LB6314 UPC: 651462171502,food,food
"Ziyad Shaker Premium All Spice, Ground",food,food
St. Nicholas Square Snowman Friends Mug,food_contact,food_contact
"Environmental Exposures; Occupational Exposures; and Product Exposures (Swimming Pool/Hot Tubs; Food and Beverage Operations; Automobile Parking Facilities; Hotel Transportation Vehicles; Kitchen; Matches; Arts & Crafts Supplies and Classes; Sterno Cooking Fuel; Second-hand Smoke and Smokeless Tobacco Products; Cleaning Supplies/Janitorial; Maintenance/Power Tools; Furniture/Furnishings/Window Treatments; Public and Guest Bathrooms; Medical/First Aid Supplies; Internal Combustion (“IC”) Engines, Boilers and other Gas Burning Devices, and Fireplaces; Electronic Equipment, Electric Equipment and Associated Cables Wires and Batteries; Office Supplies and Office Equipment; Hand Tools, Hardware and Brass Keys; and Fertilizers, Soil Amendments, and Pesticides and Herbicides).",food,food
Ginger & Fruit Snack Food,food,food
"Camping Cookware with Vinyl/PVC Coated Handles containing Di(2-ethylhexyl)phthalate, Flasks with Leather Wrapping containing Lead",food_contact,textile_or_soft_goods
"Korova Black Bar 1000mg, Korova Fifty One Fifty Bar 500 mg, Kushy Punch Hybrid Tropical Punch 100 mg, Kushy Punch TKO 200 mg, Cheeba Chews Sativa 70 mg, Cheeba Chews Hybrid 70 mg, Korova Triple Chocolate Brownie 150 mg, TKO Peanut Butter Cookie 160 mg",food,food
Alcoholic beverage,food,food
Glass and ceramicware with exterior artwork,food_contact,food_contact
"Korova Black Bar 1000mg, Kushy Punch Hybrid Tropical Punch 100 mg, Kushy Punch TKO 200 mg, Cheeba Chews Sativa 70 mg, Korova Triple Chocolate Brownie 150 mg",food,food
Smoke Fishflakes,food,food
The Creme Shop Mini Mouse Bag; SKU_87119188001499; UPC_849980083920,textile_or_soft_goods,textile_or_soft_goods
Surface Hair Pure Blonde Violet Leave-In Toning Spray,household_cleaner,household_cleaner
Alcoholic beverage,food,food
Keychains with Vinyl Components,textile_or_soft_goods,textile_or_soft_goods
Bonduelle Bistro Bowls Sunflower Crunch,food_contact,food_contact
Tote bags,textile_or_soft_goods,textile_or_soft_goods
Ugly Stik Fishing Bag,food,textile_or_soft_goods
"Seaweed Snack , Seaweed Salad",food,food
Lenico Bergamot Hair Regrowth Shampoo; ASIN: B08F22VHT2,personal_care,personal_care
Mockins Bag,textile_or_soft_goods,textile_or_soft_goods
Zen Principle Organic Brown Rice Protein,food,food
"Nasal sprays, ointments and eye care products",household_cleaner,household_cleaner
Kushies Baby Blunts,children_products,children_products
Atkins High Protein Bar – Chocolate Peanut Butter,food,food
Chocolate,food,food
Wallets,textile_or_soft_goods,textile_or_soft_goods
"Kirkland Signature Organic Creamy Almond Butter, Kirkland Signature Creamy Almond Butter",personal_care,personal_care
Vinyl/PVC Pillows,textile_or_soft_goods,textile_or_soft_goods
Trader Joe's Animal Crackers,food,food
Beauty Junky Glam On The Go Travel Bottles Set; NP32901 UPC: 5037200032901;,food_contact,food_contact
Queen Bee Mug,food_contact,food_contact
Sidecar Doughnuts and Coffee Receipt,food,food
Vinyl shower curtain,textile_or_soft_goods,textile_or_soft_goods
Brain Fabricate Space Explorer figurine,textile_or_soft_goods,textile_or_soft_goods
Parle Hide n' Seek Moulded Cookies,food,food
"NU-TEK, Daily Detox - Wild Apple, UPC#618528707587, NU-TEK, Nature's Supergreens (Premium Blend of Select Superfoods) - Green Apple, UPC#858315003649",food,food
"Fish and shellfish in the form of meals containing ahi tuna, swordfish, salmon, cod, halibut, shark and sole.",food,food
Plastic Soap Holder with Suction Cup,food_contact,food_contact
Oriental Beef Spices,food,food
grape leaves stuffed with rice,food,food
Sardines in Sunflower Oil,food,food
Shellfish,food,food
Glassware,food_contact,food_contact
"General Violations Include Second Hand Tobacco Smoke and Smokeless Tobacco Products; Combustion Products and Materials; Hobby-Related Products and Materials; Apartment Properties Construction Materials; Natural Gas, Liquid Fuel Gases and Fuel Oil Conversion; Parking Facilities and Designated Loading/Unloading Locations Cause Exposure to Vehicle Emissions; Emergency Generators; Tenant, Employee and Business Invitees Transportation Services; Apartment Cleaning and Maintenance; Exterior and Common Area Maintenance; Exposures to Designated Chemicals Associated with Apartment Property Amenities.",food,food
"Tools with Vinyl/PVC Grips containing Di(2-ethylhexyl)phthalate, Shop Seats with Vinyl/PVC Upholstery containing Di(2-ethylhexyl)phthalate",textile_or_soft_goods,textile_or_soft_goods
Readywise High Plateau Veggie Chili Soup (Single Pouch) Freeze Dried Backpacking & Campfood 2.5 Serving Vegan Gluten Free Product Code 855491007331,food,food
Painted toy figures,children_products,children_products
Flower Market Mug,food_contact,food_contact
RW Garcia Sweet Potato Crackers,food,food
"West Marine Clear Dry Bag, UPC No. 0 25282 39650 4",textile_or_soft_goods,textile_or_soft_goods
Skinfood Buckwheat Loose Powder,food,food
storage bag organizers,textile_or_soft_goods,textile_or_soft_goods
Ceramic Mugs and Bowls With Exterior Decorations,food_contact,food_contact
Vinyl/PVC Tool Grips,textile_or_soft_goods,textile_or_soft_goods
copper mugs with brass components,food_contact,food_contact
KiGold Ginseng Blossom Shampoo,personal_care,personal_care
Glory Foods Seasoned Southern Style Canned Vegetables,food,food
Francesca’s Gold Chain Purse,textile_or_soft_goods,textile_or_soft_goods
Ceramic Planters with Exterior Decoration,food_contact,food_contact
"Simply Petals Orly Butterfly Purse with Jeweled Details, UPC: 691466301475",textile_or_soft_goods,textile_or_soft_goods
Ponyo Tea Cup and Saucer Set,food,food
Silverfish,food,food
Mugs With Exterior Designs,food_contact,food_contact
"Stickie Bandits, Happy Face Wallet, Item No.: 444117, UPC: 44411760001",textile_or_soft_goods,textile_or_soft_goods
"zip pouches, cosmetic cases, backpacks",personal_care,personal_care
Big Sexy Hair Shampoo,personal_care,personal_care
Ceramic Pump Dispensers With Exterior Designs,food_contact,food_contact
Hearth & Harbor Wrapping Paper Storage Container,food_contact,food_contact
"Korova Black Bar 1000mg, Korova Triple Chocolate Brownie 150 mg, Korova Chocolate Chip Cookie 150 mg, Kushy Punch TKO 200 mg, Kushy Punch Hybrid Tropical Punch 100 mg, TKO Peanut Butter Cookie 160 mg",food,food
Alcoholic beverages,food,food
Tote Bags,textile_or_soft_goods,textile_or_soft_goods
Heys RFID wallet,textile_or_soft_goods,textile_or_soft_goods
"Lakanto Sugar-Free Chocolate Bars, 55% Dark Cacao, Keto, Almond, 3 OZ, Product Code 843076000143",food,food
"Universal Taste, Organic Maca Powder, UPC#750810263422, Universal Taste, Organic Acai Bowl To Go, UPC#691027468708",food_contact,food
Glassware w/Exterior Artwork,food_contact,food_contact
Glow-in-the-dark Fishing Lures,food,food
Ceramicware with Exterior Artwork,food_contact,food_contact
Coffee products,food,food
"General Violations including Tobacco Smoke; Combustion Products and Materials; Hobby-Related Products and Materials; Apartment Properties Construction Materials; Potable Water Systems; Paints, Finishes and Coatings; Furniture Furnishing and Window Treatments; Brass Hardware, Metal Surfaces, and Electrical Wiring/Fixtures; Natural Gas, Liquid Fuel Gases and Fuel Oil Combustion; Automobile Parking Facilities, Designated Loading/Unloading Locations and Transportation Services; Apartment Cleaning and Maintenance; Exterior and Common Area Maintenance and Cleaning; Landscaping Maintenance Activities and Pesticides; Electronic and Electric Equipment and Associated Cables, Wires and Batteries; Office Supplies and Office Equipment.",food,food
"Environmental Exposures; Occupational Exposures; and Product Exposures (Alcoholic Beverages (bars, mini bars); Swimming Pool/Hot Tubs; Automobile Parking Facilities; Kitchen; Fireplaces and Patio Heaters; Matches; Second-hand Smoke and Smokeless Tobacco Products; Cleaning Supplies/Janitorial; Maintenance/Power Tools; Furniture/Furnishings/Window Treatments; Public and Guest Bathrooms; Medical/First Aid Supplies; Internal Combustion (“IC”) Engines, Boilers and other Gas Burning Devices, and Fireplaces; Electronic Equipment, Electric Equipment and Associated Cables Wires and Batteries; Office Supplies and Office Equipment; Hand Tools, Hardware and Brass Keys; and Fertilizers, Soil Amendments, and Pesticides and Herbicides).",food,food
Glassware with Colored Artwork or Designs on the Exterior,food_contact,food_contact
"365 Peanut Butter Crunchy, 365 Peanut Butter Creamy, 365 Organic Creamy Peanut Butter Spread, 365 Organic Crunchy Peanut Butter Spread, 365 Organic Creamy Peanut Butter Spread Unsweetened, 365 Organic Creamy Peanut Butter Unsweetened & No Salt, 365 Almond Butter Crunchy, 365 Almond Butter Creamy, 365 Organic Almond Butter Unsweetened & No Salt",personal_care,personal_care
Happy Belly Honey Graham Crackers,food,food
"Blends with Benefits - Green Energy, Pro Shake - Chocolate",food,food
"Chipotle Seaweed, Seaweed Salad, Roasted Seaweed Snack, Raw Seaweed",food,food
Ceramic Mugs With Exterior Designs,food_contact,food_contact
Alcoholic beverages,food,food
"Legendary Foods, Barbecue Flavored Popped Protein Chips, UPC#810035972063, Legendary Foods, Nacho Cheese Flavored Popped Protein Chips, UPC#810035972049",food,food
Chips,food,food
Glassware with Colored Artwork or Designs on the Exterior,food_contact,food_contact
Leo Fishing 50pcs Fishing Lead Fall Olive Shaped Sinker Hook Connector Opening Mouth Line Weights Round Shot Split,food,food
canned tuna fish,food,food
Vinyl/PVC Hose Grips,textile_or_soft_goods,textile_or_soft_goods
nasal spray,household_cleaner,household_cleaner
"Vinyl/PVC Pouches, Vinyl Protective Caps",textile_or_soft_goods,textile_or_soft_goods
Alcoholic beverage,food,food
Beckham Hotel Collection Bag,textile_or_soft_goods,textile_or_soft_goods
Aoodor Umbrella Weight Bag – 4 pc. Set,textile_or_soft_goods,textile_or_soft_goods
"Riverside Sports EZ Catch Ball & Glove, Sporting Items",textile_or_soft_goods,textile_or_soft_goods
Nutrition Works Beets The Circulation Superfood,food,food
"Glassware Products, Ceramic Products",food_contact,food_contact
"Winco Foods baja roasted corn blend, Winco Foods berry medley, Winco Foods mango chunks, Winco Foods tropical fruit medley",food,food
Almond Nut Chips,food,food
"Tegrin Medicated Soap, Tegrin Extra Conditioning Advanced Formula Dandruff Shampoo",personal_care,personal_care
Glassware with Exterior Artwork,food_contact,food_contact
Vinyl/PVC Ponchos,textile_or_soft_goods,textile_or_soft_goods
Premium Makeup Organizer Makeup Bag,personal_care,personal_care
Grain-Free Crackers,food,food
"Korova Black Bar 1000mg, Korova Fifty One Fifty Bar 500 mg, Cheeba Chews Sativa 70 mg, Cheeba Chews Hybrid 70 mg, Korova Mint Dip Cookie 250 mg, Korova Chocolate Chip Cookie 150 mg, Korova Triple Chocolate Brownie 150 mg, Cheeba Chews Deca Dose 175 mg",food,food
FosPower 24K Gold Plated Audio Cable,food_contact,food_contact
Charcoals/Steam Stones used for smoking Hookah,food,food
Vinyl Envelopes,textile_or_soft_goods,textile_or_soft_goods
Fish Paste,food,food
Tote Bag Handles,textile_or_soft_goods,textile_or_soft_goods
"Atlantic Naturals, Sea Moss Superfood Powder Vanilla, UPC#860007475313",food,food
Dark Chocolate Superfood Snack,food,food
Vinyl gloves,textile_or_soft_goods,textile_or_soft_goods
"Woodstock Farms, Dried Turkish Apricots, UPC#026938375195",furniture_or_building,furniture_or_building
Geckobrands Dry Bag,textile_or_soft_goods,textile_or_soft_goods
Leaded crystal glassware,food_contact,food_contact
Glassware with colored artwork or designs on the exterior,food_contact,food_contact
Ziyad Tea Biscuits,food,food
Brass Boilers,food,food_contact
girl wristlet purses,textile_or_soft_goods,textile_or_soft_goods
"Signature Select Butter Enriched Wheat Bread, Signature Select Everything Bagels, Signature Select Whole Roasted Almonds - Salted, Signature Select Peanuts - Dry Roasted, Signature Select Deluxe Mixed Nuts",food,food
"Vinyl/PVC Electrical Tape, Tool Kit Cases with Vinyl/PVC Components, Vinyl/PVC Tool Grips, Voltage Tester Cords, Solder",textile_or_soft_goods,textile_or_soft_goods
Charcoals/Steam Stones used for smoking Hookah,food,food
"Fritos brand chips, Tostitos brand tortilla chips",food,food
Food items containing chicken,food,food
Geneve Drama Dark Chocolate; UPC: 1006966101,food,food
"White River Fly Shop Deluxe Wader Bag - black mesh and green interior lining, UPC#033548867842",textile_or_soft_goods,textile_or_soft_goods
Grain Free Cereal,food,food
"belt bags, cases of interchangeable necklaces",textile_or_soft_goods,textile_or_soft_goods
"Handbags, clutches and totes, etc.",textile_or_soft_goods,textile_or_soft_goods
"Electronic accessory products: cleaners, degreasers, defluxes, confromal and protective coatings, lubricants and adhesives.",household_cleaner,household_cleaner
Glassware and Ceramic Products,food_contact,food_contact
Work and Gardening Gloves Made With Leather Materials,textile_or_soft_goods,textile_or_soft_goods
The North Face Men’s Gordon ETIP Glove,textile_or_soft_goods,textile_or_soft_goods
Glassware,food_contact,food_contact
"Certain Loose Powder Cosmetic Products, see Exhibit A",personal_care,personal_care
Dagoba Organic Chocolate Cacao Powder,food,food
Upholstered furniture including chairs,furniture_or_building,furniture_or_building
"No Cow Protein Powder Smooth Chocolate Naturally Flavored, No Cow Protein Bar Cookies 'N Cream, No Cow Protein Powder Creamy Vanilla Naturally Flavored, No Cow Protein Bar Chocolate Chip Cookie Dough, No Cow Dipped Protein Bar Chocolate Sprinkled Donut, No Cow Protein Bar Blueberry Cobbler Naturally Flavored, No Cow Protein Bar Chunky Peanut Butter Naturally Flavored, No Cow Protein Bar Peanut Butter Chocolate Chip Naturally Flavored, No Cow Dipped Protein Bar Chocolate Sea Salt Naturally Flavored, No Cow Protein Bar S'Mores Naturally Flavored, No Cow Dipped Protein Bar Chocolate Salted Caramel Naturally Flavored, No Cow Protein Bar Chocolate Fudge Brownie Naturally Flavored, No Cow Dipped Protein Bar Chocolate Peanut Butter Cup Naturally Flavored, No Cow Dipped Protein Bar Birthday Cake Naturally Flavored, No Cow Dipped Protein Bar Sticky Cinnamon Roll Naturally Flavored, No Cow Dipped Protein Bar Key Lime Pie Naturally Flavored",food,food
Polytar Shampoo,personal_care,personal_care
Mario Badescu Cleansing Milk With Carnation & Rice Oil,food,food
"Dave's Killer Bread - Thin-sliced 21 Whole Grains and Seeds, Dave's Killer Bread - White Bread Done Right",food,food
Vinyl/PVC Bags,textile_or_soft_goods,textile_or_soft_goods
Alcoholic beverage,food,food
Trixie and Milo Vintage Mug,food_contact,food_contact
"Korova Fifty One Fifty Bar 500 mg, Korova Black Bar 1000mg, Korova Chocolate Chip Cookie 150 mg, Korova Triple Chocolate Brownie 150 mg, Korova Mint Dip Cookie 250 mg, Cheeba Chews Sativa 70 mg, Cheeba Chews Hybrid 70 mg, TKO Peanut Butter Cookie 160 mg, Cheeba Chews Deca Dose 175 mg",food,food
3 Piece Cosmetic Travel Bags; B05-317 PO4519121230017,personal_care,personal_care
Sunshine & Glitter X Crayola Gift Bag Set,textile_or_soft_goods,textile_or_soft_goods
Eye of Horus Liquid Define Eyeliner Babylon Brown,children_products,personal_care
Glass and ceramicware with exterior artwork,food_contact,food_contact
"Korova Black Bar 1000mg, Korova Chocolate Chip Cookie 150 mg, Korova Fifty One Fifty Bar 500 mg, Korova Mint Dip Cookie 250 mg, Korova Triple Chocolate Brownie 150 mg",food,food
"Hand Soap, Hair Gel, Shower Gel, Bathing Milk",personal_care,personal_care
Global Brands Waffy Wafer Roll - Chocolate Cream Filled,food,personal_care
"“Roy Kirkham” mug with exterior decorations (of birds/flowers/butterflies), HomeGoods style #563187",food_contact,food_contact
Alcoholic beverages,food,food
Vinyl Art Smocks,textile_or_soft_goods,textile_or_soft_goods
Vinyl tool grips,textile_or_soft_goods,textile_or_soft_goods
Vinyl/PVC Tote Bags,textile_or_soft_goods,textile_or_soft_goods
Tools with vinyl grips,textile_or_soft_goods,textile_or_soft_goods
PVC Coin Purses,textile_or_soft_goods,textile_or_soft_goods
Ceramic Bins With Exterior Designs,food_contact,food_contact
"firewood, woodchips, charcoal",food,food
Victorias Foods Bangus Spanish Style,food,food
Cosmetic/toiletries bag,food,food
"Wells Lamont PVC Work Gloves, Winter Lining, Blue",textile_or_soft_goods,textile_or_soft_goods
Birds Eye Sauced Creamed Spinach,food,food
Tough Duck Leather Gloves,textile_or_soft_goods,textile_or_soft_goods
Fishing Sinker,food,food
"Wild Planet albacore wild tuna, Sustainable Seas chunk albacore tuna",food,food
"Cheeba Chews Hybrid 70 mg, Cheeba Chews Sativa 70 mg, Korova Black Bar 1000mg, Korova Chocolate Chip Cookie 150 mg, Korova Mint Dip Cookie 250 mg, Korova Triple Chocolate Brownie 150 mg, Cheeba Chews Deca Dose 175 mg, Caviar Gold Cavi Cone Strawberry 60 mg, Caviar Gold Cavi Cone Apple, Caviar Gold Cavi Cone Grape, Caviar Gold Cavi Cone Original",food,food
"Goode Health Moroccan Chocolate Superfood Nutrition Shake, Goode Health Vanilla Spice Superfood Nutrition Shake, Goode Health Unsweetened Superfood Smoothie Base",food,food
Dona Maria Pipian Mexican Sauce,food,food
"Sip Herbals, Faux Joe Dirty Chai, UPC#196852541232, Sip Herbals, Faux Joe Pumpkin Spice, UPC#195893354184",food,food
"Fish in the forms of meals containing albacore tuna, ahi tuna and halibut.",food,food
Glassware,food_contact,food_contact
Handbag with Polymer Components,textile_or_soft_goods,textile_or_soft_goods
TREKGEAR bag,textile_or_soft_goods,textile_or_soft_goods
Vinyl Tote Bag Handles,textile_or_soft_goods,textile_or_soft_goods
"Environmental Exposures; Occupational Exposures; and Product Exposures (Swimming Pool/Hot Tubs; Food and Beverage Operations; Automobile Parking Facilities; Hotel Transportation Vehicles; Kitchen; Matches; Arts & Crafts Supplies and Classes; Sterno Cooking Fuel; Second-hand Smoke and Smokeless Tobacco Products; Cleaning Supplies/Janitorial; Maintenance/Power Tools; Furniture/Furnishings/Window Treatments; Public and Guest Bathrooms; Medical/First Aid Supplies; Internal Combustion (“IC”) Engines, Boilers and other Gas Burning Devices, and Fireplaces; Electronic Equipment, Electric Equipment and Associated Cables Wires and Batteries; Office Supplies and Office Equipment; Hand Tools, Hardware and Brass Keys; and Fertilizers, Soil Amendments, and Pesticides and Herbicides).",food,food
"Spice Enthusiast, Mexican Mole Powder, UPC#X003COJV2F",food,food
Children's Inflatable Toys,children_products,children_products
Baby Mum-Mum Rice Rusks - Banana (1.76 oz),food,food
Tools with vinyl grips,textile_or_soft_goods,textile_or_soft_goods
Children's Insulated Lunch Bag,children_products,children_products
Dagoba Organic Chocolate Cacao Powder,food,food
Vinyl Bags,textile_or_soft_goods,textile_or_soft_goods
"Vinyl/PVC Cords, Shoes with Vinyl/PVC Components, Vinyl/PVC Jewelry",textile_or_soft_goods,textile_or_soft_goods
Frankie Rose Cosmetics Blush,personal_care,personal_care
Ceramic Products,food_contact,food_contact
Vinyl/PVC Bags,textile_or_soft_goods,textile_or_soft_goods
Handbags with Plastic Components,textile_or_soft_goods,textile_or_soft_goods
Trader Joe’s Supreme Hydrating Eye Cream,personal_care,personal_care
"dinosaur toys, clear handbags",children_products,children_products
Storage Boxes with Vinyl/PVC Components,textile_or_soft_goods,textile_or_soft_goods
Simple Function Bag,textile_or_soft_goods,textile_or_soft_goods
MIXED CHICKS-CBD CANNABIDOIL BODY CREAM WITH COCOA BUTTER & AVOCADO,food,personal_care
Ceramic Plate,food_contact,food_contact
"Waterfront crab meat, Waterfront mussels",food,food
Bagels,textile_or_soft_goods,textile_or_soft_goods
Ceramic Bowls With Designs,food_contact,food_contact
"Sprouts, Flat Fillets of Anchovies in Olive Oil, UPC#646670317033, Sprouts, Smoked Oysters Chili Peppers in Olive Oil, UPC#646670518393",food,food
"Cheeba Chews Sativa 70 mg, Korova Black Bar 1000mg, Cheeba Chews Hybrid 70 mg, Korova Fifty One Fifty Bar 500 mg, Korova Triple Chocolate Brownie 150 mg, Cheeba Chews Deca Dose 175 mg, Caviar Gold Cavi Cone Strawberry 60 mg, Caviar Gold Cavi Con Apple, Caviar Gold Cavi Cone Grape, Caviar Gold Cavi Cone Original",food,food
Chocolate-coated dried mangoes,food,food
"bowls, oil dispensers",food,food
Rihnlin Stump Frog Mug,food_contact,food_contact
Upholstered Furniture,furniture_or_building,furniture_or_building
Vinyl Tote Handles,textile_or_soft_goods,textile_or_soft_goods
Glassware with Exterior Artwork,food_contact,food_contact
Glassware Products,food_contact,food_contact
Cosmetics,personal_care,personal_care
Alcoholic beverages,food,food
Fishing Sinker,food,food
Glass and ceramicware with exterior artwork,food_contact,food_contact
Ceramic Trays With Decorations Containing Lead,food_contact,food_contact
Cosmetic/toiletires cases,food,personal_care
"Tools with Vinyl/PVC Grips containing Di(2-ethylhexyl)phthalate, Shop Seats with Vinyl/PVC Upholstery containing Di(2-ethylhexyl)phthalate",textile_or_soft_goods,textile_or_soft_goods
"Patak's, Mango Pickle Relish, UPC#069276012056, Patak's, Hot Curry Spice Paste, UPC#069276032009, Patak's, Tandoori Marinade Paste, UPC#069276032153",food,food
Glassware with Exterior Artwork,food_contact,food_contact
"Wallets, Handbags, Purses and Clutches Made with Leather, Vinyl or Imitation Leather Materials",textile_or_soft_goods,textile_or_soft_goods
Black vinyl armrest,textile_or_soft_goods,textile_or_soft_goods
"Cosmetic/toiletries bag, Luggage tag, Personal care kit",food,food
"HMR 120 Chocolate Shake & 120 Milk Shake Meal Replacement Powder Twin Pack, 12 g Protein, 120 Kcal, 2 Canister of 12 Servings Each (Van/Choc) Product Code: 709355467116",food,food
"Chainsaw Safety Glove, UPC#749394164935, TSC SKU# 1250572",textile_or_soft_goods,textile_or_soft_goods
"General Violations including Tobacco Smoke; Combustion Products and Materials; Hobby-Related Products and Materials; Apartment Properties Construction Materials; Potable Water Systems; Paints, Finishes and Coatings; Furniture Furnishing and Window Treatments; Brass Hardware, Metal Surfaces, and Electrical Wiring/Fixtures; Natural Gas, Liquid Fuel Gases and Fuel Oil Combustion; Automobile Parking Facilities, Designated Loading/Unloading Locations and Transportation Services; Apartment Cleaning and Maintenance; Exterior and Common Area Maintenance and Cleaning; Landscaping Maintenance Activities and Pesticides; Electronic and Electric Equipment and Associated Cables, Wires and Batteries; Office Supplies and Office Equipment.",food,food
Charcoal Companion grill bags,textile_or_soft_goods,textile_or_soft_goods
"Cardinal Bag Supplies Vinyl Zipper bags Leatherette 11x6"" Small Compact Forest Green 1 Zippered Pouch",textile_or_soft_goods,textile_or_soft_goods
"Clothing Made with Leather, Vinyl or Imitation Leather Materials",textile_or_soft_goods,textile_or_soft_goods
Transpac Teapot,food,food
Archery Bows with Vinyl/PVC Grips,textile_or_soft_goods,textile_or_soft_goods
Classico Traditional Basil Pesto Sauce,food,food
Alcoholic beverages,food,food
Wood Treatment,furniture_or_building,furniture_or_building
"Environmental Exposures; Occupational Exposures; and Product Exposures (Alcoholic Beverages (bars, mini bars); Food and Beverage Operations; Automobile Parking Facilities; Hotel Transportation Vehicles; Kitchen; Fireplaces and Patio Heaters; Valet (shoeshine and dry cleaning delivery); Candles; Matches; Arts & Crafts Supplies and Classes; Second-hand Smoke and Smokeless Tobacco Products; Cleaning Supplies/Janitorial; Maintenance/Power Tools; Furniture/Furnishings/Window Treatments; Public and Guest Bathrooms; Medical/First Aid Supplies; Internal Combustion (“IC”) Engines, Boilers and other Gas Burning Devices, and Fireplaces; Electronic Equipment, Electric Equipment and Associated Cables Wires and Batteries; Office Supplies and Office Equipment; Hand Tools, Hardware and Brass Keys; and Fertilizers, Soil Amendments, and Pesticides and Herbicides).",food,food
Blendtopia - Superfood Smoothie Kit Detox,food,food
Vinyl/PVC Bags,textile_or_soft_goods,textile_or_soft_goods
Tools with Vinyl/PVC Grips,textile_or_soft_goods,textile_or_soft_goods
Pollack Chips,food,food
Handbag Black Exterior,textile_or_soft_goods,textile_or_soft_goods
Gentle Real Gold Glass Mushroom Mug,food_contact,food_contact
Noka Superfood Smoothie Pouch - Organic Sweet Potato / Goji (4.22 oz),food,food
Yellowfin Tuna,food,food
"Campbell's Chunky New England Clam Chowder, Crown Prince Fancy Whole Smoked Oysters in Cottonseed Oil, Dole Mandarin Oranges, Progresso Traditional Manhattan Clam Chowder, Geisha Fancy Smoked Oysters, Geisha Whole Baby Clams, Snow's by Bumble Bee Minced Clams, MW Polar Oysters Fancy Whole, Chicken of the Sea Whole Oysters , Gefen Mandarin Oranges",food,food
"Environmental Exposures; Occupational Exposures; and Product Exposures (Swimming Pool/Hot Tubs; Automobile Parking Facilities; Kitchen; Fireplaces and Patio Heaters; Salon; Valet (shoeshine and dry cleaning delivery); Second-hand Smoke and Smokeless Tobacco Products; Cleaning Supplies/Janitorial; Maintenance/Power Tools; Furniture/Furnishings/Window Treatments; Public and Guest Bathrooms; Medical/First Aid Supplies; Internal Combustion (“IC”) Engines, Boilers and other Gas Burning Devices, and Fireplaces; Electronic Equipment, Electric Equipment and Associated Cables Wires and Batteries; Office Supplies and Office Equipment; Hand Tools, Hardware and Brass Keys; and Fertilizers, Soil Amendments, and Pesticides and Herbicides).",food,food
"SheIn handbags, purses, and clutches",textile_or_soft_goods,textile_or_soft_goods
"Cofaco Acores S.A., Bon Appetit Mussels in Pickled Sauce, UPC#5601159206869, Cofaco Acores S.A., Bon Appetit Sardines in Sunflower Oil, UPC#5601159206821, Cofaco Acores S.A., Bon Appetit Sardines in Hot Tomato Sauce, UPC#5601159206890, Cofaco Acores S.A., Bon Appetit Sardines in Hot Olive Oil, UPC#5601159206883, Cofaco Acores S.A, Bon Appetit Sardines in Hot Sunflower Oil, UPC#5601159206852",food,food
TKO Peanut Butter Cookie 160 mg,food,food
"Optimum Nutrition, Gold Standard Plant Protein Powder Creamy Vanilla, UPC#748927069556",personal_care,personal_care
"This notice pertains to cannabis pre-rolls, including but not limited to “Kushies Baby Blunts”, which contain THC (Δ⁹-Tetrahydrocannabinol). These pre-rolls emit cannabis/marijuana smoke when consumed, exposing consumers to THC and other chemicals. Under Proposition 65, cannabis smoke is listed as a chemical that can cause developmental harm and cancer, while THC is recognized for its potential to affect fetal development during pregnancy. This notice applies to all similar pre-roll products sold by the Violator that expose individuals to such substances without providing the clear and reasonable warnings required by Proposition 65.",children_products,children_products
Headphones with Vinyl/PVC Ear Cushions,textile_or_soft_goods,textile_or_soft_goods
Dwell Studio Mushroom Mug,food_contact,food_contact
Upholstered furniture including office chairs,furniture_or_building,furniture_or_building
Glass beverage containers,food,food
"General Violations including Tobacco Smoke; Combustion Products and Materials; Hobby-Related Products and Materials; Apartment Properties Construction Materials; Potable Water Systems; Paints, Finishes and Coatings; Furniture Furnishing and Window Treatments; Brass Hardware, Metal Surfaces, and Electrical Wiring/Fixtures; Natural Gas, Liquid Fuel Gases and Fuel Oil Combustion; Automobile Parking Facilities, Designated Loading/Unloading Locations and Transportation Services; Apartment Cleaning and Maintenance; Exterior and Common Area Maintenance and Cleaning; Landscaping Maintenance Activities and Pesticides; Electronic and Electric Equipment and Associated Cables, Wires and Batteries; Office Supplies and Office Equipment.",food,food
"160 West Living 6 Piece Sheet Set (clear plastic zippered container), SKU: 400254396360, Betty Boop Black Sliders Sandals, SKU: 400262214113, Nameless Black Small Bag in Clear Stadium Bag with Gold Cat Shaped Handles (clear plastic bag), SKU: 400252381429, Large Brown Purse with Silver Details, SKU: 400258774492",food_contact,textile_or_soft_goods
Grilled Seaweed Snacks,food,food
Beanbag chairs,textile_or_soft_goods,food
Handbag with Plastic Components,textile_or_soft_goods,textile_or_soft_goods
KeepAlive storage bag,textile_or_soft_goods,textile_or_soft_goods
"North American Herb & Spice, OregaWild, UPC#635824007371",food,food
"General Violations Include Second Hand Tobacco Smoke and Smokeless Tobacco Products; Combustion Products and Materials; Hobby-Related Products and Materials; Apartment Properties Construction Materials; Natural Gas, Liquid Fuel Gases and Fuel Oil Conversion; Automobile Parking Facilities, Designated Loading/Unloading Locations and Transportation Services; Emergency Generators; Tenant, Employee and Business Invitees Transportation Services; Apartment Cleaning and Maintenance; Exterior and Common Area Maintenance and Cleaning; Exposures to Designated Chemicals Associated with Apartment Property Amenities.",food,food
Glass Containers with Exterior Designs,food_contact,food_contact
Camping Family Clear Cross Body Messanger Bag,textile_or_soft_goods,textile_or_soft_goods
Vinyl Seat Belt Pads,textile_or_soft_goods,textile_or_soft_goods
"Wallets, Handbags, Purses and Clutches Made With Leather, Vinyl or Imitation Leather Materials",textile_or_soft_goods,textile_or_soft_goods
"Maxi Health NatureMAX Plus Soy Protein Weight Management Natural Vanilla Flavor, Maxi Health NatureMAX Energize Whey Protein Weight Management Natural Vanilla Flavor, Maxi Health Max Energee Abundant Energy Super Whole Food Blend, Maxi Health Maxi Active Lax Digestion & Absorption Cleansing Formula, Maxi Health NatureMAX Energize Whey Protein Weight Management Natural Chocolate Flavor",food,food
Gasket sealer and battery reconditioner,personal_care,food
"Caribbean Bush Tea, Moringa Leaf Powder Capsules, UPC#N/A, Caribbean Bush Tea, Bladderwrack, UPC#N/A",food,food
"Kiwi Artisan, Manuka Wood Smoked Olives, UPC#794969932747",furniture_or_building,furniture_or_building
Cooked Baby Clam Meat,food,food
"Cosmetic Bag, TJ Maxx No. 87-6015-010096-001499-17-6, FLS4",personal_care,personal_care
Moisturizing Creams,personal_care,personal_care
Transformation Dairy Free Total Body Protein 30g Protein Per Serving Superblend Vanilla Ice Cream Naturally Flavored The Highest Quality Daily Nutrition,personal_care,personal_care
Bottled water,food_contact,food_contact
Books or journals with vinyl covers,textile_or_soft_goods,textile_or_soft_goods
Candy,food,food
Upholstered furniture including chairs,furniture_or_building,furniture_or_building
Glassware Products,food_contact,food_contact
Upholstered furniture including office chairs,furniture_or_building,furniture_or_building
Wasa Light Rye Crackers,food,food
Alcoholic beverages,food,food
Ceramic Serving Trays With Designs,food_contact,food_contact
Children's Purse,children_products,children_products
Kingsley Cosmetic tote/bag,personal_care,personal_care
Children's Bath Toys,children_products,children_products
"Poli-Kala, Stuffed Grape Leaves, UPC#043717292900, Zergut, Grape Leaves stuffed with Rice, UPC#043717292504",food,food
Clear Plastic Pouches and Toiletry Bags,food,food
Hearing Protection with Vinyl/PVC Ear Cushions,textile_or_soft_goods,textile_or_soft_goods
Alcoholic beverages,food,food
"Marcy Standard Plate Spring Clips - Black Plastic, UPC#096362998666",food_contact,food_contact
Glassware Products,food_contact,food_contact
Seaweed Snack,food,food
Vinyl Storage Pockets,textile_or_soft_goods,textile_or_soft_goods
Vinyl tool grips,textile_or_soft_goods,textile_or_soft_goods
Tools with vinyl grips,textile_or_soft_goods,textile_or_soft_goods
Crunchmaster Grain-Free crackers,food,food
"Ceramic Mugs, Ceramic Trinket Trays",food_contact,food_contact
alcoholic beverages,food,food
Baby Cuttlefish,food,children_products
Smoke Fishflakes,food,food
"Designer Kitten Crossbody flap over bag, SKU: 371814, UPC: 840167212119, Desktop Address Book, SKU: 345520, UPC: 818837013007, Faux Leather Tufted Bar Stool Cushion, SKU: 347608, Car Sun Visor Organizer with clear plastic window, SKU: 373883, Buxton Medical Supply Carryall, SKU: 370771, UPC: 04334519748614, Tall Cigarette/Eyeglass Case, SKU: 372841, UPC: 840167221807, Vinyl Outdoor Chair Cover, SKU: 303494, UPC: 840853112334",textile_or_soft_goods,textile_or_soft_goods
Foam-Cushioned Upholstered Furniture,furniture_or_building,furniture_or_building
Animal Crackers,food,food
"Nutraone, Complete Superfoods Powder (Superfood Drink Mix) - Raspberry Pomegranate, UPC#812575035079",food,food
"Korova Fifty One Fifty Bar 500 mg, Korova Mint Dip Cookie 250 mg, Kushy Punch TKO 200 mg, Kushy Punch Hybrid Tropical Punch 100mg, Cheeba Chews Hybrid 70 mg, Cheeba Chews Sativa 70 mg, TKO Peanut Butter Cookie 160 mg",food,food
"True Blood mugs, single/taken mugs",food_contact,food_contact
Jurassic Park Enamel Camper Mug,food_contact,food_contact
Lang by Design Group Ceramic Dinnerware,food_contact,food_contact
Vinyl covered toggle clamps,textile_or_soft_goods,textile_or_soft_goods
Upholstered furniture including ottomans,furniture_or_building,furniture_or_building
Ceramic Products,food_contact,food_contact
The Scottish Fine Soaps Men's Grooming Eucalyptus & Mint All-in-One,personal_care,personal_care
"Marshalls Mug (no handle) with exterior decorations (of rainbow colors), Marshalls # 12 81-049138450-00799",food_contact,food_contact
Vinyl Storage/Packaging Cases,textile_or_soft_goods,textile_or_soft_goods
Sea Castle Sardines in Pure Olive Oil,food,food
Clear plastic zippered case of nail polish sets,household_cleaner,household_cleaner
"Sprout Living Epic Protein Powder, Chocolate Maca",food,food
Santo Amaro European Sardines in Tomato Sauce,food,food
Vinyl gloves,textile_or_soft_goods,textile_or_soft_goods
"Recycled heat logs, firelog, recycled wood waste and bengalogs",furniture_or_building,furniture_or_building
Glasses (Vinyl Temples),textile_or_soft_goods,textile_or_soft_goods
#BLUSH The Perfect Clear Bag; SKU 337707; BGS-48816,textile_or_soft_goods,textile_or_soft_goods
"Footwear, Tote bags",textile_or_soft_goods,textile_or_soft_goods
"Drainage Bag, Lab Spatula – Reusable Case",textile_or_soft_goods,textile_or_soft_goods
"firewood, mesquite charcoal",furniture_or_building,furniture_or_building
"Vinyl/PVC Bracelets, Vinyl/PVC Binder Inserts, Stitch Bow Rolls with Vinyl/PVC Components, Embroidery and Needlework Storage Items",textile_or_soft_goods,textile_or_soft_goods
"Catfit, Moringa Matcha (Complete Green Superfood) - Unflavored, UPC#X004FKQUQZ",food,food
"Henna Cosmetics, Orange Peel Powder, UPC#764283334282",personal_care,personal_care
Honey Rice Crackers,food,food
Glass and ceramicware with exterior artwork,food_contact,food_contact
funk bag,textile_or_soft_goods,textile_or_soft_goods
Victory Sport Design Bag,textile_or_soft_goods,textile_or_soft_goods
"Nufs Crackers- Everything, Nufs Crackers- Hot Honey",food,food
Craft Pliers with Vinyl Grips,textile_or_soft_goods,textile_or_soft_goods
Earth's Best Organic Delicious Din Din Organic Baby Food - Summer Vegetable Dinner (4 oz),food,food
reusable bags,textile_or_soft_goods,textile_or_soft_goods
The Bumpbag Clear For Takeoff Bump Bag,textile_or_soft_goods,textile_or_soft_goods
Red Yeast Rice Dietary Supplement,food,food
"Portfolio case, messenger bags",textile_or_soft_goods,textile_or_soft_goods
Leaded glassware,food_contact,food_contact
Mercer bag,textile_or_soft_goods,textile_or_soft_goods
Theons Nail Polish,household_cleaner,household_cleaner
Tools with vinyl grips,textile_or_soft_goods,textile_or_soft_goods
Bottles with Brass Assembly Components,food_contact,food_contact
Chef Atelier Ceramic Chopsticks/Holders,food_contact,food_contact
surfshort wallets,textile_or_soft_goods,textile_or_soft_goods
Nomad Design Bag,textile_or_soft_goods,textile_or_soft_goods
lunch bags,textile_or_soft_goods,textile_or_soft_goods
Ground Spices,food,food
alcoholic beverages,food,food
Vinyl Service Covers,textile_or_soft_goods,textile_or_soft_goods
Great Value Vanilla Creme Wafer Cookies,food,food
Lee Kum Kee Chili Garlic Sauce,food,food
"Weber Firespice Apple Wood Chips , Weber Firespice Cherry Wood Chips , Weber Firespice Hickory Wood Chips , Weber Firespice Pecan Wood Chips , Weber Firespice Apple Wood Chunks , Weber Firespice Cherry Wood Chunks , Weber Firespice Hickory Wood Chunks , Weber Firespice Pecan Wood Chunks , Weber Firespice Mesquite Wood Chunks",food,furniture_or_building
"Beam Kids All-In-One Greens Superpowder Chocolate Flavor, Beam Kids All-In-One Superpowder Chocolate Chip Cookie Flavor",food,food
Reginary PVC Cosmetic & Toiletry Bags,food,food
"Korova Fifty One Fifty Bar 500 mg, Korova Chocolate Chip Cookie 150 mg, Kushy Punch TKO 200 mg, Kushy Punch Hybrid Tropical Punch 100mg",food,food
Austin's Toasty Crackers _ Peanut Butter Sandwich Crackers,food,food
Wood brushes including but not limited to Le Jour Mini Scratch Brushes,furniture_or_building,furniture_or_building
"Environmental Exposures; Occupational Exposures; and Product Exposures (Alcoholic Beverages (bars, mini bars); Swimming Pool/Hot Tubs; Food and Beverage Operations; Automobile Parking Facilities; Hotel Transportation Vehicles; Kitchen; Fireplaces and Patio Heaters; Valet (shoeshine and dry cleaning delivery); Matches; Arts & Crafts Supplies and Classes; Sterno Cooking Fuel; Second-hand Smoke and Smokeless Tobacco Products; Cleaning Supplies/Janitorial; Maintenance/Power Tools; Furniture/Furnishings/Window Treatments; Public and Guest Bathrooms; Medical/First Aid Supplies; Internal Combustion (“IC”) Engines, Boilers and other Gas Burning Devices, and Fireplaces; Electronic Equipment, Electric Equipment and Associated Cables Wires and Batteries; Office Supplies and Office Equipment; Hand Tools, Hardware and Brass Keys; and Fertilizers, Soil Amendments, and Pesticides and Herbicides).",food,food
Tools with Vinyl/PVC Grip,textile_or_soft_goods,textile_or_soft_goods
Alcoholic beverage,food,food
Sedal Defined Curls Hair Comb Cream,personal_care,personal_care
"Erasers, Vinyl charms",textile_or_soft_goods,textile_or_soft_goods
Ceramic Trays With Decorations Containing Lead,food_contact,food_contact
Restaurantware spice shaker,food,food
Potato Chips with Seaweed and Salt,food,food
Wood Treatment,furniture_or_building,furniture_or_building
Baker's Harvest graham crackers,food,food
wallets,textile_or_soft_goods,textile_or_soft_goods
Glass beverage container,food,food
"Shampoo and Liquid Soaps Such as Hand Soap, Body Wash and Bubble Bath",personal_care,personal_care
Roasted Seaweed Snack,food,food
Shopping bags,textile_or_soft_goods,textile_or_soft_goods
"Organic Spice Resource, Moringa Leaf Powder, UPC#850018430425",food,food
Vinyl/PVC Tubing,textile_or_soft_goods,textile_or_soft_goods
Breakfast cereals,food,food
Unite Weekender Shampoo,personal_care,personal_care
dog toy stockings,children_products,children_products
Teami Wellness Vegan Protein Powder,food,food
Glassware with exterior artwork,food_contact,food_contact
Jongga Kimchi Ramen Noodle Soup,food,food
Truly Indian Brand Simmer Sauces,food,food
Glassware with colored artwork or designs on the exterior,food_contact,food_contact
Tools with Vinyl/PVC Grips,textile_or_soft_goods,textile_or_soft_goods
soldered home decorative furniture,furniture_or_building,furniture_or_building
"MaxFli Shoe Bag, Color: black, UPC#8 86081 74182 3, MX14Shoe",textile_or_soft_goods,textile_or_soft_goods
Glassware Products,food_contact,food_contact
MAAS Metal Polish,household_cleaner,household_cleaner
Glassware with exterior artwork,food_contact,food_contact
"Juicy Couture Days of the Week Panties (plastic zipper storage bag), UPC: 195838656038",textile_or_soft_goods,textile_or_soft_goods
"Winco Foods crunchy honey, oats & almonds, Winco Foods diced green chiles, Winco Foods garden spirals",food,food
"Imlak'esh Chi, Organic Plant Based Ground Meat Chi-Rizo, UPC#850036166009",food,food
Elite Sport Gloves,textile_or_soft_goods,textile_or_soft_goods
Vinyl tool grips,textile_or_soft_goods,textile_or_soft_goods
Vinyl furniture including ottomans,textile_or_soft_goods,furniture_or_building
Children's Toys,children_products,children_products
Snail Meat,food,food
Amanda Greenwood Art Lipstick Motif Mug,food_contact,food_contact
Vinyl coated wire,textile_or_soft_goods,textile_or_soft_goods
Vinyl/PVC Sunglass Cases,textile_or_soft_goods,textile_or_soft_goods
Alcoholic beverages,food,food
"Korova Fifty One Fifty Bar 500 mg, Korova Chocolate Chip Cookie 150 mg, Korova Mint Dip Cookie 250 mg, Korova Triple Chocolate Brownie 150 mg, Cheeba Chews Sativa 70 mg, Cheeba Chews Hybrid 70 mg, TKO Peanut Butter Cookie 160 mg, Cheeba Chews Deca Dose 175 mg",food,food
Shellfish,food,food
"clear totebags, jump ropes",textile_or_soft_goods,textile_or_soft_goods
Laundry Hampers with Vinyl Straps,textile_or_soft_goods,textile_or_soft_goods
"Slimfast, Advanced Immunity Orange Cream Swirl, UPC#008346790074",personal_care,personal_care
Measuring Cup/Spoon Sets,food_contact,food_contact
ceramic cartridges,food_contact,food_contact
Vinyl/PVC Greenhouse Covers,textile_or_soft_goods,textile_or_soft_goods
Candy,food,food
Mugs and Other Cermaic Containers with Exterior Artwork,food_contact,food_contact
"Further Food, Superfood Turmeric Golden Milk Powder, UPC#860706002650",food,food
Vinyl/PVC Balloons,textile_or_soft_goods,textile_or_soft_goods
"Korova Fifty One Fifty Bar 500 mg, Kushy Punch Hybrid Tropical Punch 100 mg, Kushy Punch TKO 200 mg, Korova Mint Dip Cookie 250 mg, Korova Chocolate Chip Cookie 150 mg, Korova Triple Chocolate Brownie 150 mg",food,food
Seafood Festival,food,food
Wonder Nation Mini Fashion Bag,textile_or_soft_goods,textile_or_soft_goods
Cosmetics,personal_care,personal_care
Vitacost Certified Organic Cocoa Powder,food,food
Quinoa Cookies,food,food
Alcoholic beverage,food,food
"charcoal,charcoal briquettes, briquettes, wood, mesquite,mequite wood,mesquite charcoal,wood chips,hickory chips,mesquite chips and coals",food,furniture_or_building
"Open Nature Whole Shell Mussels in Natural Juices Fully Cooked, Vons Live Wild Littleneck Clams, Waterfront Bistro Mussels in Garlic Butter Sauce, Snow’s Wild Caught Minced Clams",food,food
Ceramic Tea Cup and Saucer Bird Feeders With Exterior Designs,food,food_contact
Vinyl Shower Curtain Liner,textile_or_soft_goods,textile_or_soft_goods
"Freeda, Moringa (Energy, Green Superfood), UPC#758487042715",food,food
Nail polish,household_cleaner,household_cleaner
"firewood, woodchips, charcoal",food,food
MJC International Group Bag,textile_or_soft_goods,textile_or_soft_goods
Glassware Products,food_contact,food_contact
"Similac OptiGro Sensitive Infant Formula with Iron Milk-Based Powder, Similac OptiGro for Spit-Up Non-GMO Infant Formula with Iron Milk-Based Powder, Similac OptiGro Organic Infant Formula with Iron Milk-Based Powder, Honest Co. Organic Premium Formula with Iron Milk-Based Powder, Earth’s Best Organic Premium Dairy DHA/ARA Infant Formula with Iron Organic Milk-Based Powder, 365 Everyday Value Organic Milk Based Powder Infant Formula with Iron",children_products,children_products
Alcoholic beverages,food,food
Indomie Instant Noodles Mi Goreng Fried Noodles,food,food
Fishing Sinker,food,food
"Kushy Punch Hybrid Tropical Punch 100 mg, Kushy Punch TKO 200 mg, Cheeba Chews Sativa 70 mg, Cheeba Chews Hybrid 70 mg, TKO Peanut Butter Cookie 160 mg, Cheeba Chews Deca Dose 175 mg",food,food
Charcoals/Steam Stones used for smoking Hookah,food,food
Ceramic Mugs With Exterior Designs,food_contact,food_contact
Litter Trapper Mat with plastic/pvc/vinyl components,textile_or_soft_goods,textile_or_soft_goods
"Vinyl/PVC Disc Organizer Zipper Pulls, Glass Jars with Exterior Designs",textile_or_soft_goods,textile_or_soft_goods
Trader Joe’s Pumpkin Pie Spice,food,food
"Action One, Instant Curry Paste Chicken Or Meat, UPC#9555140300011",food,food
Alcoholic beverages,food,food
Heart & Soil Pure American Liver 500 MG Each 180 Capsules,food,food
Noka Superfood Smoothie Pouch - Organic Blackberry / Vanilla (4.22 oz),food,food
Candy,food,food
"Kroger chopped spinach, Kroger cream of mushroom condensed soup",personal_care,personal_care
"Enchante Bag Boutique, pink sequin purse with pearl handle, Style no.: ENCH-82705-1024-YCH, SKU: 400281710795",textile_or_soft_goods,textile_or_soft_goods
Prawn Cracker Seaweed,food,food
Tote Bags,textile_or_soft_goods,textile_or_soft_goods
Alcoholic beverages,food,food
"Gerber Carrot, Sweet Potato, Pea Sitter 2-Pack baby food",food,food
Ceramic Mugs With Exterior Designs,food_contact,food_contact
RGSTR Men’s Pants,textile_or_soft_goods,textile_or_soft_goods
"Padded armrests and other vinyl upholstered components used for wheelchairs, Wheelchairs with padded armrests and/or other accessible vinyl components, Grips and other vinyl components used for wheelchairs, Rollators with accessible vinyl upholstered components",textile_or_soft_goods,textile_or_soft_goods
Vinyl Placemats,textile_or_soft_goods,textile_or_soft_goods
Alcoholic beverage,food,food
Shellfish,food,food
Alcoholic beverages,food,food
"Compact disk accessories , Sunglasses accessories , Cooking utensils, Shelf liners , Book lights , Safety accessories , Suction cup hooks, Automobile care accessories",food_contact,food_contact
Shrimp Sauce,food,food
Glassware and Ceramic Products,food_contact,food_contact
Swordfish (cooked),food,food
Food Storage Jar,food,food
Vinyl bedding storage cases,textile_or_soft_goods,textile_or_soft_goods
Hello Spring mugs,food_contact,food_contact
Shrimp Sauce,food,food
Vinyl/PVC Booster Cable Clamp Grips,textile_or_soft_goods,textile_or_soft_goods
Green Beans and Beet Chips,food,food
Leaded glassware,food_contact,food_contact
"Lakanto, Suntella Chocolate Sunflower Spread, UPC#843076000518",food,food
"Madina Almond and honey with cream; UPC: 187314000244, Dermesse Cleanser Cream; UPC: 753807338141, Alpha Dog Series Shampoo & Conditioner; UPC: 882025005013, Durvet Enhance clarifying shampoo; UPC: 813049003211",personal_care,personal_care
Next Wave Seafood Mussels in a Creamy White Wine Sauce,food,food
"card holder wallets, cases of Silvadur sheet sets",textile_or_soft_goods,textile_or_soft_goods
"Korova Fifty One Fifty Bar 500 mg, Korova Black Bar 1000mg, Korova Chocolate Chip Cookie 150 mg, Korova Triple Chocolate Brownie 150 mg, Kushy Punch Hybrid Tropical Punch 100 mg, Kushy Punch TKO 200 mg",food,food
Seasoned Cooked Clam with Soy Sauce,food,food
"All Kitchen Plaster Walls, All Ceramic Tiles in Bathroom Showers",food_contact,food_contact
"Navitas Organics, Marine Minerals Superfood + Sea Veggie Blend, UPC#811961023317, Navitas Organics, Organic Maca Powder, UPC#811961020231, Navitas Organics, Organic Superfood + Adaptogen Blend, UPC#811961022389, Navitas Organics, Organic Superfood+ Greens Blend, UPC#811961022501",food,food
Vinyl/PVC Carriers,textile_or_soft_goods,textile_or_soft_goods
"Trader Joe's riced cauliflower stir fry, Trader Joe's super spinach salad, Trader Joe's palak paneer",food,food
Wood burning fire pits,furniture_or_building,furniture_or_building
Children's Footwear,children_products,children_products
Vinyl/PVC Belts,textile_or_soft_goods,textile_or_soft_goods
Alcoholic beverage,food,food
"Environmental Exposures; Occupational Exposures; and Product Exposures (Swimming Pool/Hot Tubs; Automobile Parking Facilities; Matches; Second-hand Smoke and Smokeless Tobacco Products; Cleaning Supplies/Janitorial; Maintenance/Power Tools; Furniture/Furnishings/Window Treatments; Public and Guest Bathrooms; Medical/First Aid Supplies; Internal Combustion (“IC”) Engines, Boilers and other Gas Burning Devices, and Fireplaces; Electronic Equipment, Electric Equipment and Associated Cables Wires and Batteries; Office Supplies and Office Equipment; Hand Tools, Hardware and Brass Keys; and Fertilizers, Soil Amendments, and Pesticides and Herbicides).",food,food
"Organic India, Psyllium Pre & Probiotic Fiber Cinnamon Spice, UPC#801541517268, Organic India, Liver Kidney Herbal Cleanser, UPC#851469000915, Organic India, Moringa Powder, UPC#801541508181",food,food
Peanuts X Profusion Cosmetics Bag,personal_care,personal_care
Bag clips,textile_or_soft_goods,textile_or_soft_goods
Vinyl/PVC LED Light Cords,textile_or_soft_goods,textile_or_soft_goods
Kroger Original Snack Crackers,food,food
Beatrix Potter Peter Rabbit Ceramic Egg Cups,food_contact,food_contact
Jeni’s Ice Cream Receipt,personal_care,personal_care
Vinyl/PVC Gloves,textile_or_soft_goods,textile_or_soft_goods
Vinyl/PVC Gloves,textile_or_soft_goods,textile_or_soft_goods
Exposure to plastic bagging of Sealy Posturpedic Pillows,textile_or_soft_goods,textile_or_soft_goods
Sebastian Volupt Shampoo,personal_care,personal_care
Cosmetics,personal_care,personal_care
Spanish Style Yellow Rice,food,food
Glassware and Ceramic Products,food_contact,food_contact
"Halloween Costumes containing one or more of the chemicals listed herein., Halloween Costume Accessories, specifically wigs, masks, gloves, footwear, belts, bags, hats, costume props, hosiery, weapons and jewelry intended to accessorize a costume (but excluding makeup) containing one or more of the chemicals listed herein.",personal_care,personal_care
"365 Everyday Value Almonds - Roasted & Salted (8 oz), 365 Everyday Value Almonds - Steam Pasteurized (8 oz)",food,food
"Glory Foods Simply Seasoned Mixed Greens - Garlic, Onion & Sea Salt (15 oz)",food,food
Vinyl Upholstery on Armpads,textile_or_soft_goods,textile_or_soft_goods
cosmetics cases,personal_care,personal_care
Glassware and Ceramicware Products,food_contact,food_contact
Hangers with Vinyl Components,textile_or_soft_goods,textile_or_soft_goods
"Half Moon Black and Blue Sparkle Purse, SKU: 400254711422",textile_or_soft_goods,textile_or_soft_goods
"Environmental Exposures; Occupational Exposures; and Product Exposures (Alcoholic Beverages (bars, mini bars); Swimming Pool/Hot Tubs; Food and Beverage Operations; Automobile Parking Facilities; Dry-cleaning Facilities; Kitchen; Candles; Second-hand Smoke and Smokeless Tobacco Products; Cleaning Supplies/Janitorial; Maintenance/Power Tools; Furniture/Furnishings/Window Treatments; Public and Guest Bathrooms; Medical/First Aid Supplies; Internal Combustion (“IC”) Engines, Boilers and other Gas Burning Devices, and Fireplaces; Electronic Equipment, Electric Equipment and Associated Cables Wires and Batteries; Office Supplies and Office Equipment; Hand Tools, Hardware and Brass Keys; and Fertilizers, Soil Amendments, and Pesticides and Herbicides).",food,food
"Coasters, Chairs with Vinyl/PVC Upholstery",textile_or_soft_goods,textile_or_soft_goods
"Environmental Exposures; Occupational Exposures; and Product Exposures (Swimming Pool/Hot Tubs; Automobile Parking Facilities; Second-hand Smoke and Smokeless Tobacco Products; Cleaning Supplies/Janitorial; Maintenance/Power Tools; Furniture/Furnishings/Window Treatments; Public and Guest Bathrooms; Medical/First Aid Supplies; Internal Combustion (“IC”) Engines, Boilers and other Gas Burning Devices, and Fireplaces; Electronic Equipment, Electric Equipment and Associated Cables Wires and Batteries; Office Supplies and Office Equipment; Hand Tools, Hardware and Brass Keys; and Fertilizers, Soil Amendments, and Pesticides and Herbicides).",food,food
"Wallets, handbags, purses and clutches",textile_or_soft_goods,textile_or_soft_goods
Candy,food,food
"Nasoya, Plantspired Plant-Based Steak Gochujang Flavor, UPC#025484007703, Nasoya, Plantspired Plant-Based Steak Korean BBQ Flavor, UPC#025484007666",food,food
Octopus in Olive Oil,food,food
Ceramic Products,food_contact,food_contact
nasal sprays,household_cleaner,household_cleaner
Fried Smoked Bamboo Shoots Claypot Rice Self-Heating Pot UPC No. 6-973787860744,food,food
Vinyl/PVC Belts,textile_or_soft_goods,textile_or_soft_goods
Vinyl Stickers,textile_or_soft_goods,textile_or_soft_goods
SealLine Baja Dry Bag,textile_or_soft_goods,textile_or_soft_goods
Shellfish,food,food
Coffee filter separators,food,food
Handbags,textile_or_soft_goods,textile_or_soft_goods
"Gostwo Small Wallet for Women, Big Skinny Women's Trixie Tri-Fold Slim Wallet",textile_or_soft_goods,textile_or_soft_goods
Charcoals/Steam Stones used for smoking Hookah,food,food
Ceramic Pencil Cups With Exterior Designs,food_contact,food_contact
Children's plastic keychain,children_products,children_products
Women's purse,textile_or_soft_goods,textile_or_soft_goods
Fried or Baked Potato or Sweet Potato Based Snack Foods,food,food
Alcoholic beverage,food,food
House of Snacks mango,food,food
cosmetics bags,personal_care,personal_care
"“French Bull” brand of coffee mugs, including but not limited to V Mug, VM-46PZI (ZIGGY) 13000269, 8-806179-691146",food,food_contact
"Korova Black Bar 1000mg, Korova Fifty One Fifty Bar 500 mg, Korova Mint Dip Cookie 250 mg, Korova Chocolate Chip Cookie 150 mg",food,food
MAKEUP by MARIO SurrealSkin Liquid Foundation,personal_care,personal_care
Cassava Chips,food,food
Warstic Workman III Batting Gloves,textile_or_soft_goods,textile_or_soft_goods
Fishing Sinker,food,food
Le Bebe Bag,textile_or_soft_goods,textile_or_soft_goods
Alcoholic beverage,food,food
Hemostat clamps with vinyl grips,textile_or_soft_goods,textile_or_soft_goods
Hyde and Eek Boutique UV Neon Makeup Kit,personal_care,personal_care
"skirt hangers, backpacks, block sets, cellphone wallets",textile_or_soft_goods,textile_or_soft_goods
Rice,food,food
Baby Clam Meat,food,children_products
El Super Leon Burrito de Tamarindo Tamarind Candy Bar Code #852605000103,food,food
Las Ricas Corn Snack Trencitas Picante Flavor,food,food
Metal and Glass Containers,food_contact,food_contact
Packaged Dried Oolong Teas,food,food
Soulfina Handbag,textile_or_soft_goods,textile_or_soft_goods
"Pepperidge Farm Dark Pump Pumpernickel, Pepperidge farm Original White Bread",food,food
"Vinyl/PVC Dustpan Grips, Tongs with Vinyl/PVC Handles/Grips, Vinyl Covers, Vinyl Flatware Carriers, Squeegees with Vinyl/PVC Blades, Vinyl/PVC Washer Bases (Suction Cups used in Sink), Vinyl/PVC Tethers, Vehicle Brushes with vinyl/PVC Bumpers",food_contact,food_contact
"Kroger, Flat Anchovies in Olive Oil & Salt, UPC#011110905611",food,food
"happiness cups, sunflower cups",food_contact,food_contact
365 Everyday Value - Whole Berry Cranberry Sauce: Organic,food,food
20 PCS Cosmetic Organizer Bag; ASIN: B07Z3FP3MK,personal_care,personal_care
Clear plastic zippered storage case of mattress pads,furniture_or_building,furniture_or_building
Best Day Ever Mug,food_contact,food_contact
Upholstered furniture including ottomans,furniture_or_building,furniture_or_building
Upholstered furniture,furniture_or_building,furniture_or_building
Samsung Canister Vacuum Cleaner Hose,household_cleaner,household_cleaner
Kale Chips,food,food
Organic Mary’s Gone Crackers,food,food
Glassware and Ceramic Products,food_contact,food_contact
alcoholic beverages,food,food
"Girly Pineapple Tote Bag, Item# 3720049911",textile_or_soft_goods,textile_or_soft_goods
Tote bags,textile_or_soft_goods,textile_or_soft_goods
"Vinyl tool grips, Vinyl key covers",textile_or_soft_goods,textile_or_soft_goods
Mary's Gone Crackers Herb Crackers,food,food
Chairs with Vinyl/PVC Upholstery containing Di(2-ethylhexyl)phthalate,textile_or_soft_goods,textile_or_soft_goods
"Vinyl/PVC Holiday Door Decorations, Ceramic and Glass Drinking Vessels with Exterior Designs",food_contact,food_contact
Global Ceramic Water Sharpener,food_contact,food_contact
Padded Upholstered Furniture,furniture_or_building,furniture_or_building
Sardines in Hot Tomato Sauce,food,food
Wine Glasses/Goblets and Other Glassware with Colored Designs on the Exterior (containing lead),food_contact,food_contact
Glassware with exterior artwork,food_contact,food_contact
"Navitas Organics, Chocolate Cacao Organic Power Snacks, UPC#1196102199",food,food
Snack Products,food,food
"Packaged apples, Apple sauce",food,food
Vinyl Hex Dumbbell - Top Fitness,textile_or_soft_goods,textile_or_soft_goods
"Vinyl/PVC Bow Handles, Vinyl Carry Bags",textile_or_soft_goods,textile_or_soft_goods
"Sensors with Brass Components, Vinyl Banners",textile_or_soft_goods,textile_or_soft_goods
Mackerel in Extra Virgin Olive Oil,food,food
Vinyl Tubing,textile_or_soft_goods,textile_or_soft_goods
Tender Love + Carry Bag,textile_or_soft_goods,textile_or_soft_goods
Headsets with Vinyl/PVC Components,textile_or_soft_goods,textile_or_soft_goods
Skintimate Coconut Delight Shaving Cream and Gel,personal_care,personal_care
Hydrating Set Hand Cream Pods,personal_care,personal_care
"General Violations including Tobacco Smoke; Combustion Products and Materials; Hobby-Related Products and Materials; Apartment Properties Construction Materials; Potable Water Systems; Paints, Finishes and Coatings; Furniture Furnishing and Window Treatments; Brass Hardware, Metal Surfaces, and Electrical Wiring/Fixtures; Natural Gas, Liquid Fuel Gases and Fuel Oil Combustion; Automobile Parking Facilities, Designated Loading/Unloading Locations and Transportation Services; Apartment Cleaning and Maintenance; Exterior and Common Area Maintenance and Cleaning; Landscaping Maintenance Activities and Pesticides; Electronic and Electric Equipment and Associated Cables, Wires and Batteries; Office Supplies and Office Equipment.",food,food
Candy,food,food
"Royal Stafford Plate Set, 1280-017913102-000399-06-6",food_contact,food_contact
Vernon François® Shine Spray,household_cleaner,household_cleaner
Ceramic Pumpkins With Exterior Designs,food_contact,food_contact
Shellfish,food,food
Tisratok PVC Cosmetic & Toiletry Bags,food,food
Ceramicware,food_contact,food_contact
"Stechcol by Coastline Imports brand of saucers , Grace Teaware mugs",food,food
Wonderslim Hickory BBQ Pea Protein Chips,food,food
Absolute Extracts Girl Scout Cookie Vape Cartridge,food,food
Korova Triple Chocolate Brownie 150 mg,food,food
LA Dodgers mugs,food_contact,food_contact
Vinyl/PVC Safety Treads,textile_or_soft_goods,textile_or_soft_goods
"Island Sun Fancy Whole Smoked Baby Clams in Sunflower Oil, Island Sun Pieces Smoked Oysters in Sunflower Oil",food,food
"Comfort Seats Deluxe Soft Seat, Round Toilet Seat, UPC No. 8 17103 003957",food,food
Vinyl/PVC Racquet Cases,textile_or_soft_goods,textile_or_soft_goods
Rice,food,food
"Earth & Soil, Mandarin Crunchy Dried Slices, UPC#8681917251352, SDA Foods, Organic Sun, Dried Power Berries, UPC#828093003469, SDA Foods, Organic Sun, Dried Apricots, UPC#828093003179",food,food
All Natural Mussel Meat,food,food
fabric shower curtains,textile_or_soft_goods,textile_or_soft_goods
Handbag with PVC Components,textile_or_soft_goods,textile_or_soft_goods
Hearing Protection with Vinyl/PVC Components,textile_or_soft_goods,textile_or_soft_goods
Hemp Heaven Natural Hemp Seed Oil Body Lotion,food,personal_care
• CVS Health Spray After-sun Ale Ver Soothing Spray UPC 050428390832 • CVS Health Gel After-sun Aloe Vera Moisturizing Gel UPC 05428324837,household_cleaner,household_cleaner
Vinyl/PVC Gloves,textile_or_soft_goods,textile_or_soft_goods
"Happy Me anti aging hand repair SPF 30; UPC: 856114000647, Blue Lizard Australian Sunscreen Sport SPF 30+; UPC: 600027000375, 5 in 1 Face Cream SPF 30; UPC: 851939002081, Black Radiance BB Cream SPF 15; UPC: 077802645340",personal_care,personal_care
Sardines in Tomato Sauce,food,food
Frozen Seafood Mix,food,food
Weldmark soapstone tool,personal_care,textile_or_soft_goods
Dexy Paws Bowl,food_contact,food_contact
Rice,food,food
Cosmetic case,personal_care,personal_care
Good Bread-Pita,food,food
Crispy Shrimp Cracker BBQ-Seaweed,food,food
Cabela’s Mug,food_contact,food_contact
Premium Shrimp Crackers Hot Chili & Lime,food,food
travel bags,textile_or_soft_goods,textile_or_soft_goods
"Just Ingredients Mountain Berry Protein Powder, Just Ingredients Roasted Peanut Butter Chocolate Protein Powder, Just Ingredients Strawberry Limeade Pre-Workout, Just Ingredients Lucky Mint Protein Powder, Just Ingredients Chai Protein Powder, Just Ingredients Salted Caramel Protein Powder, Just Ingredients Strawberries & Cream Protein Powder, Just Ingredients Chocolate Protein Powder, Just Ingredients Coconut Chocolate Protein Powder, Just Ingredients Mint Chocolate Protein Powder",food,food
"Seasoned Cockle With Spicy Sauce , Dried Pollock & Bean Sprouts Soup, Spicy Soup With Mushrooms",food,food
Alcoholic beverages,food,food
Candy,food,food
Fabric Markers – Reusable Case,textile_or_soft_goods,textile_or_soft_goods
Glassware,food_contact,food_contact
Alcoholic beverages,food,food
Daiya flatbread,food,food
Vinyl Coated Cables,textile_or_soft_goods,textile_or_soft_goods
Oil injectors,food,food
Glassware with Exterior Artwork,food_contact,food_contact
handbags,textile_or_soft_goods,textile_or_soft_goods
Be The Sunshine mugs,food_contact,food_contact
Cosmetics,personal_care,personal_care
Fishing sinkers,food,food
"Premier Pet Kennel Care Red Cedar Bedding , Premier Pet Pine Softwood Bedding , Pet’s Pick Kennel Care Eastern Red Cedar Bedding , America’s Choice Premium Mini Flake Animal Bedding",furniture_or_building,food
Breakfast cereals,food,food
Communal Coffee Receipt,food,food
"Bath Books, Vinyl Keychains, Vinyl Magnets, Children's Costumes w/vinyl components, Children's Toys w/vinyl components",children_products,children_products
Mugs with exterior designs,food_contact,food_contact
"Pavillions Mussels PEI Live, Waterfront Bistro Mussels in Garlic Sauce, Pavillions Littleneck Clams Live",food,food
"Padded armrests and other vinyl upholstered components used for wheelchairs, Grips and other vinyl upholstered components used for wheelchairs, Wheelchairs with padded armrests and/or other accessible vinyl components, Rollators with accessible vinyl upholstered components",textile_or_soft_goods,textile_or_soft_goods
Quadratini Almonds bite size Wafer cookies,food,food
"Vinyl/PVC Watch Straps, Faux Leather Covered Flasks",textile_or_soft_goods,textile_or_soft_goods
Vinyl/PVC Gloves,textile_or_soft_goods,textile_or_soft_goods
Headphones with Vinyl/PVC Components,textile_or_soft_goods,textile_or_soft_goods
Lucky Foods Pickled Ginger,food,food
Cosmetic Bag,personal_care,personal_care
"Vinyl/PVC Electrical Tape, Vinyl/PVC Gloves",textile_or_soft_goods,textile_or_soft_goods
"Suja Juice, Tweleve Essentials, Green Supreme, Green Charge, King of Greens, Power Greens, Easy Greens, Mighty Dozen, Green Delight, Uber Greens, Glow",food,food
Wood Treatment,furniture_or_building,furniture_or_building
"Wallets, Handbags, purses, clutches and totes",textile_or_soft_goods,textile_or_soft_goods
"Ziba Foods, Dried White Mulberries, UPC#854210008192",food,food
Exposure to the plastic carrying pouch of saucer chairs,food,textile_or_soft_goods
Signature Select Creamed Spinach,personal_care,personal_care
"PlantFusion, Organic Fruitful Greens, UPC#855560002380, PlantFusion, Organic Mushrooms + Protein Powder - Creamy Vanilla Bean, UPC#840052400805, PlantFusion, Organic Alkalizing Greens, UPC#855560002410",personal_care,personal_care
Glassware with Colored Artwork,food_contact,food_contact
Glass and ceramic beverage containers,food,food_contact
Earth Grown Vegan Italian Meatless Meatballs,food,food
Glassware Products,food_contact,food_contact
Glassware,food_contact,food_contact
"Functional Formularies Liquid Hope Organic Whole Foods Meal Replacement Original Formula Complete Plant Based Nutrition, Functional Formularies Liquid Hope Organic Whole Foods Meal Replacement Peptide Formula Complete Plant Based Nutrition, Functional Formularies Liquid Hope Organic Whole Foods Meal Replacement Peptide HP Formula High Protein Complete Plant Based Nutrition, Functional Formularies Liquid Hope Organic Whole Foods Meal Replacement Peptide Formula Berry Medley Complete Plant Based Nutrition, Functional Formularies Nourish Organic Whole Foods Meal Replacement Original Formula Complete Plant Based Nutrition, Functional Formularies Nourish Organic Whole Foods Meal Replacement Peptide Formula Complete Plant Based Nutrition, Functional Formularies Nourish Organic Whole Foods Meal Replacement Peptide Formula Berry Medley Complete Plant Based Nutrition, Functional Formularies Keto Organic Whole Food-Based Meal Replacement Ketogenic Formula Plant Based Nutrition",food,food
Titus Sardines in Soybean Oil,food,food
Seaweed Tempura Snack,food,food
Kent Pottery Bird Mug,food_contact,food_contact
Hot Topic Vinyl Handbags,textile_or_soft_goods,textile_or_soft_goods
Dixie Ultra bowls,food_contact,food_contact
Alcoholic beverage,food,food
"Gloves Made With Leather, Vinyl or Imitation Leather Materials",textile_or_soft_goods,textile_or_soft_goods
Vinyl/PVC Gloves,textile_or_soft_goods,textile_or_soft_goods
Ceramic Mugs With Exterior Designs,food_contact,food_contact
Alcoholic beverages,food,food
"Vinyl/PVC Electrical Tape, Vinyl/PVC Gloves",textile_or_soft_goods,textile_or_soft_goods
Kashi® Chocolate Chip Chia Crunchy 7 Grain with Quinoa Bars,food,food
Alcoholic beverages,food,food
"Wallets, handbags, clutches and totes",textile_or_soft_goods,textile_or_soft_goods
Keto Bread Mix,food,food
"Mortan & Bassett, Chinese Five Spice, UPC#016291441583",food,food
Glassware With Exterior Designs,food_contact,food_contact
alcoholic beverages,food,food
Immunity on the Go Lavender Scent Kit (with clear zippered plastic bag),textile_or_soft_goods,textile_or_soft_goods
"Kroger diced jalapenos, Kroger strawberry applesauce, Kroger cinnapuffs, Simple Truth Organic diced peaches and pears",food,food
vinyl tubing,textile_or_soft_goods,textile_or_soft_goods
"Jans, Pho Ga, Vietnamese Style Instant Rice Noodles, UPC#838452006932",food,food
Storage furniture,furniture_or_building,furniture_or_building
Nail polish,household_cleaner,household_cleaner
children's shoes,children_products,children_products
Smart Care Tropical Beach Antibacterial Hand Soap,personal_care,personal_care
Vegetable Rice Paper,food,food
Shrimp Sauce,food,food
Red Bag Inside Clear Bag; TM-6684 RD; SKU 400176874861,textile_or_soft_goods,textile_or_soft_goods
Dual Compartment Clear and Pink Handbag with Polymer Components,textile_or_soft_goods,textile_or_soft_goods
"Hallelujah Diet, Fiber Cleanse - Original, UPC#828611924450, Hallelujah Diet, Advanced Super Food (Greens & Vegetables) - Plain, UPC#828611001038, Hallelujah Diet, Advanced Super Food (Greens & Vegetables) - Berry, UPC#828611001045",food,food
Riga Gold Smoked Sardines in Oil,food,food
Henty toiletry bag,food,food
Royal Family Green Tea Mochi - UPC No.: 4-711931007292,food,food
Tools with Vinyl/PVC Grips,textile_or_soft_goods,textile_or_soft_goods
"Kitchen Plaster Walls, Ceramic Tiles in Bathroom Showers",food_contact,food_contact
"wallets made with leather, imitation leather, and/or vinyl materials",textile_or_soft_goods,textile_or_soft_goods
Creamy Macaroni & Cheese,personal_care,personal_care
"Baby King 3 Squeeze Ducks, Plaza Sesamo Crumbcatcher Bib, Rubber Ducks, Baby Bibs and Other Soft Child Care Articles and Toys",children_products,children_products
Rainbird Spray Head Pull Up Tool,household_cleaner,household_cleaner
Xtra Tuff PVC Gloves (Item # PIP-58-8657-S) (Xtra Tuff 58-8657) (UPC #01616314206701),textile_or_soft_goods,textile_or_soft_goods
3 Piece Cosmetic Travel Bags,personal_care,personal_care
Upholstered Furniture,furniture_or_building,furniture_or_building
Chocolate products,food,food
"Char-Broil Charcoal Grill 190, UPC# 0 47362 513106",food,food
Clear Vinyl Storage Bags,textile_or_soft_goods,textile_or_soft_goods
Daiso plates (tableware),food_contact,food_contact
Cosmetic Cases with Polymer Components,personal_care,personal_care
"Glassware Products, Ceramic Products",food_contact,food_contact
"Francesca's Accessories Bag - Clear Plastic, UWP0349FR",textile_or_soft_goods,textile_or_soft_goods
Suction cup Sponge Holder,food_contact,food_contact
tea,food,food
Tumblers and Other Glassware with Colored Artwork or Designs on the Exterior.,food_contact,food_contact
"Vega One All-In-One Nutritional Shake, Chocolate",food,food
Vinyl tool grips,textile_or_soft_goods,textile_or_soft_goods
"Wallet, Fashion accessories",textile_or_soft_goods,textile_or_soft_goods
Vinyl/PVC Nets,textile_or_soft_goods,textile_or_soft_goods
Glass and ceramicware with exterior artwork,food_contact,food_contact
Dry Bag SKU P0105; UPC 0651583120427,textile_or_soft_goods,textile_or_soft_goods
Brass fittings in espresso or coffee machines,food,food
Bowlology Receipt,food_contact,food_contact
Ceramic products,food_contact,food_contact
"Footwear Made With Leather, Vinyl, or Imitation Leather Materials",textile_or_soft_goods,textile_or_soft_goods
Chocolate Protein Powder,food,food
"Aloha Organic Protein Drink Coconut Plant-Based Protein, Aloha Organic Protein Drink Vanilla Flavored Plant-Based Protein, Aloha Organic Protein Drink Chocolate Sea Salt Flavored Plant-Based Protein",food,food
Nail polish,household_cleaner,household_cleaner
Vinyl/PVC Travel Bags,textile_or_soft_goods,textile_or_soft_goods
Sedici Lucca Glove,textile_or_soft_goods,textile_or_soft_goods
"Fila Tennis Racquet, 23”; FILA 1874 UPC: 9328936061874; ID: 400177344745, Faux Ostrich Skin Purse; Ladies Wallet; ID: 400181022806, Spa House Soft Vinyl Toilet Seat; RN #144642 ID: 400172215606, Beach Tote Blue, Orange and White Trim on Clear Body; ID: 400171286362, Style: HM8ET932, Color: Yellow Andrew Marc Purse; ID: 400170430421",food,textile_or_soft_goods
Food items containing chicken,food,food
Cream Waffers (Lemon Flavour),personal_care,personal_care
Fat Snax Almond Flour Crackers,food,food
"Shampoo and Liquid Soaps Such as Hand Soap, Body Wash and Bubble Bath",personal_care,personal_care
Cosmetics/toiletries cases,food,food
Universal Car Mount Phone Holder with Plastic Suction Cup,food_contact,food_contact
"handbags, travel bags",textile_or_soft_goods,textile_or_soft_goods
Crunchmaster Multi Seed Rice Crackers Roasted Garlic,food,food
Real Veggie Chips,food,food
Bewaltz Novelty Bags with Vinyl Components,textile_or_soft_goods,textile_or_soft_goods
Teach Peace Mug,food,food_contact
"Fish and Shellfish containing Ahi Tuna, Salmon and Mahi Mahi.",food,food
"Le Sauce & Co., Creamy Sundried Tomato Pesto, UPC#856781008335",food,food
Children's Sandals,children_products,children_products
alcoholic beverages,food,food
"Green Foods, Organic Chlorella Powder, UPC#083851204186",food,food
Hyde and Eek! Boutique Black Cream Makeup,personal_care,personal_care
"Environmental Exposures; Occupational Exposures; and Product Exposures (Alcoholic Beverages (bars, mini bars); Swimming Pool/Hot Tubs; Food and Beverage Operations; Automobile Parking Facilities; Hotel Transportation Vehicles; Kitchen; Salon; Matches; Arts & Crafts Supplies and Classes; Sterno Cooking Fuel; Second-hand Smoke and Smokeless Tobacco Products; Cleaning Supplies/Janitorial; Maintenance/Power Tools; Furniture/Furnishings/Window Treatments; Public and Guest Bathrooms; Medical/First Aid Supplies; Internal Combustion (“IC”) Engines, Boilers and other Gas Burning Devices, and Fireplaces; Electronic Equipment, Electric Equipment and Associated Cables Wires and Batteries; Office Supplies and Office Equipment; Hand Tools, Hardware and Brass Keys; Fertilizers, Soil Amendments, and Pesticides and Herbicides).",food,food
Smoked Herring and Dried Ponyfish,food,food
"Projo LLC, Power Coffee Bold & Creamy Cinnamon, UPC#860010899885",food,food
Teas in plastic tea bags,food,food
"Premium Alternating Air Pressure Mattress Pad, Gonicc 8"" Professional Sharp Bypass Pruning Shears",furniture_or_building,furniture_or_building
Kryolan Aquacolor Soft Cream,personal_care,personal_care
Cosmetic/toiletry cases,food,food
"SZN Supplements, Supplements, Greens Superfood Powder, UPC#660251131214, SZN Supplements, Takeover Pre-Workout - Blue Raspberry Lemon, UPC#615764522660",food,food
Sesame candy,food,food
Alcoholic beverage,food,food
"Teatree, Matcha Organic Tea Powder, UPC#X0039PK0PJ",food,food
Ceramic Trays With Decorations,food_contact,food_contact
Alcoholic beverage,food,food
"Greenwood Long Reach Ratcheting Lopper, Thunderbolt Magnum 12 Volt Battery to Lighter Extension Cord",furniture_or_building,food
"Korova Black Bar 1000mg, Korova Mint Dip Cookie 250 mg, Kushy Punch Hybrid Tropical Punch 100 mg, Kushy Punch TKO 200 mg, Cheeba Chews Sativa 70 mg, Cheeba Chews Hybrid 70 mg, TKO Peanut Butter Cookie 160 mg, Cheeba Chews Deca Dose 175 mg",food,food
Licorice Flavored Candy,food,food
Alcoholic beverages,food,food
Faux Leather Shoulder Bag,textile_or_soft_goods,textile_or_soft_goods
Ashland Cookie Jars,food,food
"Toplux Nutrition, Organic Superfood Greens, UPC#746092840857, Toplux Nutrition, Moringa (Ultra High Purity - Maximum Potency), UPC#746092840932",food,food
Williams Sonoma Quick Bread Mix - Snickerdoodle,food,food
Dolores light yellowfin tuna,food,food
San Francisco 49ers leather gloves,textile_or_soft_goods,textile_or_soft_goods
Shellfish,food,food
GK Snacks Santa Fe Mix,food,food
Vinyl/PVC Ponchos,textile_or_soft_goods,textile_or_soft_goods
"Book covers, Gift bags with handles",textile_or_soft_goods,textile_or_soft_goods
Votum Unicorn Power Toiletry Bag,food,food
handbags,textile_or_soft_goods,textile_or_soft_goods
Vinyl Zippered Mattress Protector,textile_or_soft_goods,furniture_or_building
"Tools with Vinyl/PVC Grips, Vinyl/PVC Mats",textile_or_soft_goods,textile_or_soft_goods
Plastic Bathmat with suction cups,food_contact,food_contact
Ultimate Brushless Shave Cream - White Eagle,personal_care,personal_care
Fishing weights,food,food
Oil-Based Grounds,food,food
El Super chicharron wheat snacks,food,food
"Progesterone Creams, Testosterone Creams",personal_care,personal_care
Grayline® Small Elevated Pet Bowl Stand; #40345; UPC: 030786403450,food_contact,food_contact
Love Mug,food_contact,food_contact
vinyl bedding storage cases,textile_or_soft_goods,textile_or_soft_goods
Luggage Tags with vinyl/PVC windows,textile_or_soft_goods,textile_or_soft_goods
Justice Bare-ly 6 Nail Polish Set (Component test was the clear face of the reusable bag),household_cleaner,textile_or_soft_goods
ID Wallet,textile_or_soft_goods,textile_or_soft_goods
"Korova Black Bar 1000 mg, Kushy Punch TKO 200 mg, Kushy Punch Hybrid Tropical Punch 100 mg, TKO Peanut Butter Cookie 160 mg",food,food
"Korova Triple Chocolate Brownie 150 mg, Kushy Punch Hybrid Tropical Punch 100 mg, TKO Peanut Butter Cookie 160 mg",food,food
Barnacle Foods Kelp Chilli Crisp,food,food
Infant Accessory Bags,children_products,children_products
Beal Pro commande bag,textile_or_soft_goods,textile_or_soft_goods
"Vinyl/PVC Electrical Tape, Game Cases",textile_or_soft_goods,textile_or_soft_goods
referee wallets,textile_or_soft_goods,textile_or_soft_goods
Trueliving Vinyl Drain Stoppers - 3pk,textile_or_soft_goods,textile_or_soft_goods
Wanderluxe Bag,textile_or_soft_goods,textile_or_soft_goods
Alcoholic beverage,food,food
Alcoholic beverages,food,food
Fruit of The Earth sun and after sun lotion/gel,personal_care,personal_care
Amaranth Chipotle and Himalayan Sea Salt Chips,food,food
Fried or Baked Sweet Potato Based Snack Foods,food,food
Rudolph the Red Nosed Reindeer Christmas Stocking with Toys,children_products,children_products
silver wallets,textile_or_soft_goods,textile_or_soft_goods
"House of Snacks, Mango Unsulfured Less Sugar, UPC#810085450115",food,food
"Natreve, Moo Less Animal-Free Whey Protein Chocolate Fudge Brownie Flavor, UPC#628831888026. TJX#138221, Natreve, Moo Less Animal-Free Whey Protein Strawberry Shortcake Flavor, UPC#628831888040, TJX#129036, Natreve, Moo Less Animal-Free Whey Protein Cookies and Cream Flavor, UPC#628831888033, TJX#N/A",food,food
Shredded Cuttle Fish,food,food
Ceramic Mugs with Exterior Designs,food_contact,food_contact
Earth Circle Foods Raw & Wildcrafted Dulse,food,food
Black Speckled Mug with exterior design,food_contact,food_contact
"Plant Protein Vanilla Flavor, Plant Protein Chocolate Flavor, Colon Gentle Cleanse, Advanced 100% Whey Protein Isolate Vanilla Flavor, Advanced 100% Whey Protein Isolate Chocolate Flavor",food,food
Magic Playbook Children’s Bag,children_products,children_products
Mussels in Garlic Butter Sauce,food,food
Sardines in Corn Oil,food,food
Vinyl/PVC ID Card Holders,textile_or_soft_goods,textile_or_soft_goods
Children's Inflatable Toys,children_products,children_products
"R.W. Garcia Co, Inc., Kale Crackers 3 Seed Flaxseed Sesame Chia Gluten Free, UPC#3659311016",food,food
Brad’s Ranch Salad Snack,food,food
"Madrigal, Spiced Sardines in Soy Bean Oil, UPC#6111239100042, Madrigal, Sardines in Tomato Sauce, UPC#6111239100035, Madrigal, Sardines in Olive Oil, UPC#6111239100011",food,food
Rice,food,food
Cosmetic/toiletry bag,food,food
"SheIn handbags, purses, and clutches",textile_or_soft_goods,textile_or_soft_goods
"Yamasa, Gobo Tenpura Fried Fish Cake with Burdock, UPC#070516340006",food,food
alcoholic beverages,food,food
Vinyl Bags,textile_or_soft_goods,textile_or_soft_goods
Perry Ellis Wallet,textile_or_soft_goods,textile_or_soft_goods
Tote bag,textile_or_soft_goods,textile_or_soft_goods
Rice Pilaf Mix Wild Mushroom & Herb,food,food
TKO Peanut Butter Cookie 160 mg,food,food
3pc Set Cosmetic Bag,personal_care,personal_care
Vinyl Coated Kettlebell,textile_or_soft_goods,textile_or_soft_goods
Crossbody Bag,textile_or_soft_goods,textile_or_soft_goods
"Betty Boop Black Wallet with Multicolor Lips Print, SKU: 400273761477",textile_or_soft_goods,textile_or_soft_goods
"Licorice Powder, Cinnamon Powder",food,food
Lawry's Chili Spices & Seasoning Mix,food,food
Tar based dandruff shampoo,personal_care,personal_care
Just Food For Dogs Receipt,food,food
"firewood, woodchips, charcoal",food,food
Rice,food,food
The Living Room Coffeehouse Receipt,food,food
Cosmetic Case,personal_care,personal_care
Flatbread Mix,food,food
Cleansers containing bleach or sodium hypochlorite,household_cleaner,household_cleaner
Hard Boiled Wunder Eggs – Black Salt,food,food
"Footwear Made With Leather, Vinyl or Imitation Leather Materials",textile_or_soft_goods,textile_or_soft_goods
Treated wood products,furniture_or_building,furniture_or_building
Meati Mycelium Cutlets Classic Animal-Free,food,food
Fullgreen riced sweet potatoes,food,food
Gerber Banana Cookies,food,food
"smoking chips, chunks and charcoal",food,food
Horizon Toiletry Bag,food,food
"Environmental Exposures; Occupational Exposures; and Product Exposures (Alcoholic Beverages (bars, mini bars); Swimming Pool/Hot Tubs; Food and Beverage Operations; Automobile Parking Facilities; Hotel Transportation Vehicles; Kitchen; Fireplaces and Patio Heaters; Valet (shoeshine and dry cleaning delivery); Matches; Arts & Crafts Supplies and Classes; Sterno Cooking Fuel; Second-hand Smoke and Smokeless Tobacco Products; Cleaning Supplies/Janitorial; Maintenance/Power Tools; Furniture/Furnishings/Window Treatments; Public and Guest Bathrooms; Medical/First Aid Supplies; Internal Combustion (“IC”) Engines, Boilers and other Gas Burning Devices, and Fireplaces; Electronic Equipment, Electric Equipment and Associated Cables Wires and Batteries; Office Supplies and Office Equipment; Hand Tools, Hardware and Brass Keys; and Fertilizers, Soil Amendments, and Pesticides and Herbicides).",food,food
Sardines in Olive Oil,food,food
KC Masterpiece Hickory Brown Sugar Barbecue Sauce,food,food
Motor oils,food,food
Wrist Coaches with Vinyl Components,textile_or_soft_goods,textile_or_soft_goods
Wheat Thins Cracked Pepper & Olive Oil,food,food
"Dansbagz Competition Garment Bag, Pink Danshuz; UPC821360123280;",textile_or_soft_goods,textile_or_soft_goods
BDG Crossbody Bag,textile_or_soft_goods,textile_or_soft_goods
"Photocopy machines, Office furniture, Parking garages, Second-hand tobacco smoke, Vinyl uphostered furniture",textile_or_soft_goods,furniture_or_building
Alcoholic beverages,food,food
Seaweed Snack,food,food
Crazy Richard's 100% Peanuts Creamy,personal_care,personal_care
365 Whole Foods Market Wild Alaska Pink Salmon,food,food
Vinyl toys and consumer products,children_products,children_products
Elcie Cosmetics Multi-Dimensional Blush,personal_care,personal_care
Fishing Sinker,food,food
"Victoria's Secret Bag, 0667551009960",textile_or_soft_goods,textile_or_soft_goods
Alcoholic beverages,food,food
"Ahmed Foods, Chili Pickle in Vinegar, UPC#5452900301",food,food
"Ella’s Kitchen 2 Chick-Chick Chicken Casserole with Vegetables + Rice, Ella’s Kitchen Toddler Veggie Cracker Bites",food,food
Alcoholic beverage,food,food
"VEGA Essential Protein Creamy Chocolate, UPC: 838766001388",food,food
Cassava Chips,food,food
"Footwear with leather , vinyl and imitation leather components",textile_or_soft_goods,textile_or_soft_goods
Sunshade with Suction Cups,food_contact,food_contact
Vinyl/PVC Gloves,textile_or_soft_goods,textile_or_soft_goods
"Simplify Under The Bed Storage Bags, UPC No. 633125180229",textile_or_soft_goods,textile_or_soft_goods
CVS Health Arthritis Pain Relief Cream,personal_care,personal_care
Scout Pei Mussels in a Smoked Paprika and Fennel Tomato Sauce,food,food
"MadeGood Star Puffed Crackers, Pizza",food,food
"Vinyl/PVC Golf Ball Retriever Grips, Vinyl/PVC Bags",textile_or_soft_goods,textile_or_soft_goods
"Sera, White Beans in Tomato Sauce, Net Wt. 320g, UPC# 8690777014182",food,food
Autosol Metal Polish,household_cleaner,household_cleaner
Crystal Noodle Spicy Sesame Paste UPC No. 1-8619000000-3,food,food
"Korova Black Bar 1000mg, Korova Chocolate Chip Cookie 150 mg, Korova Triple Chocolate Brownie 150 mg, Kushy Punch TKO 200 mg, Kushy Punch Hybrid Tropical Punch 100 mg, TKO Peanut Butter Cookie 160 mg",food,food
"Clothing Made with Leather, Vinyl or Imitation Leather Materials",textile_or_soft_goods,textile_or_soft_goods
"Environmental Exposures; Occupational Exposures; and Product Exposures (Alcoholic Beverages (bars, mini bars); Food and Beverage Operations; Automobile Parking Facilities; Kitchen; Candles; Matches; Second-hand Smoke and Smokeless Tobacco Products; Cleaning Supplies/Janitorial; Maintenance/Power Tools; Furniture/Furnishings/Window Treatments; Public and Guest Bathrooms; Medical/First Aid Supplies; Internal Combustion (“IC”) Engines, Boilers and other Gas Burning Devices, and Fireplaces; Electronic Equipment, Electric Equipment and Associated Cables Wires and Batteries; Office Supplies and Office Equipment; Hand Tools, Hardware and Brass Keys; and Fertilizers, Soil Amendments, and Pesticides and Herbicides).",food,food
Pacific Crest Boiled Whole Oysters,food,food
"Ace Vinyl Tips, UPC# 0 82901 02398 2",textile_or_soft_goods,textile_or_soft_goods
vinyl bedding storage cases,textile_or_soft_goods,textile_or_soft_goods
Women Transparent Handbag Shoulder Bag,textile_or_soft_goods,textile_or_soft_goods
"Inflatable Vinyl Toys/Children's Items, Water Squirters, Vinyl Cases, Vinyl Fabric and Clothing",children_products,children_products
Own Your Magic Mug,food_contact,food_contact
“Killin It” Skull Mug,food_contact,food_contact
Vinyl/PVC Gloves,textile_or_soft_goods,textile_or_soft_goods
Vinyl curtains,textile_or_soft_goods,textile_or_soft_goods
Pre-cooked Ark Shell Clam Meat,food,food
Now Designs mugs with exterior decorations,food_contact,food_contact
"Cheeba Chews Sativa 70 mg , Cheeba Chews Hybrid 70 mg , Kushy Punch TKO 200 mg , Kushy Punch Hybrid Tropical Punch 100 mg , Korova Black Bar 1000mg , Korova Fifty One Fifty Bar 500 mg , Korova Mint Dip Cookie 250 mg , Korova Triple Chocolate Brownie 150 mg , Korova Chocolate Chip Cookie 150 mg , Cheeba Chews Deca Dose 175 mg",food,food
"Kushy Punch Hybrid Tropical Punch 100 mg, TKO Peanut Butter Cookie 160 mg, Kushy Punch TKO 200 mg",food,food
Kale Chips,food,food
Ceramic Rosanna Pasta Design Butter Dish,food_contact,food_contact
Sewing Kits with Vinyl/PVC Handles,textile_or_soft_goods,textile_or_soft_goods
Dark Chocolate Covered Pretzels,food,food
"Korova Black Bar 1000mg, Korova Chocolate Chip Cookie 150 mg, Kushy Punch Hybrid Tropical Punch 100 mg, Cheeba Chews Sativa 70 mg, Cheeba Chews Hybrid 70 mg, TKO Peanut Butter Cookie 160 mg, Cheeba Chews Deca Dose 175 mg",food,food
Cosmetic Bag with Plastic Components,personal_care,personal_care
Alcoholic beverage,food,food
"Canned clam chowder, Canned baby clams",children_products,children_products
Pacific Seafood Newport Steamed Clams in Garlic Butter,food,food
Children's Soft Vinyl Balls,children_products,children_products
Books or journals with vinyl covers,textile_or_soft_goods,textile_or_soft_goods
Rice,food,food
Vinyl/PVC Tubing,textile_or_soft_goods,textile_or_soft_goods
tea,food,food
Allen + Roth Double Decorator Wall Plate,food_contact,food_contact
Ceramic Trays With Decorations,food_contact,food_contact
Spiced Mackerel,food,food
Mirrors with Suction Cups,food_contact,food_contact
mDesign Toilet Paper Holder,food,food
"Spice Islands, Curry Powder, UPC#017324002344, Spice Islands, Herbes De Provence, UPC#017324003532",food,food
Headphones with Vinyl/PVC Components,textile_or_soft_goods,textile_or_soft_goods
Pouches with Vinyl/PVC Components,textile_or_soft_goods,textile_or_soft_goods
Vinyl flooring,textile_or_soft_goods,textile_or_soft_goods
Bell and Evans Organic Breaded Chicken Breast Nuggets (12 oz),food,food
Kind Healthy Grains Dark Chocolate Clusters,food,food
Season of Love Rainbow Mug,food_contact,food_contact
"No Cow Dipped Protein Bar Chocolate Peanut Butter Cup Naturally Flavored, No Cow Protein Bar Peanut Butter Chocolate Chip Naturally Flavored, No Cow Dipped Chocolate Sea Salt Naturally Flavored Protein Bar",food,food
flying disc dog toys,children_products,children_products
Vinyl/PVC Tool Grips,textile_or_soft_goods,textile_or_soft_goods
"Chipotle Seaweed, Seaweed Salad, Roasted Seaweed Snack, Raw Seaweed",food,food
"Cheeba Chews Hybrid 70 mg, Cheeba Chews Sativa 70 mg, Korova Black Bar 1000mg, Korova Fifty One Fifty Bar 500 mg, Kushy Punch Hybrid Tropical Punch 100 mg, Kushy Punch TKO 200 mg, Korova Chocolate Dip Cookie 250mg, Korova Mint Dip Cookie 250 mg, Korova Triple Chocolate Brownie 150 mg, Caviar Gold Cavi Cone Strawberry 60 mg, Caviar Gold Cavi Cone Apple, Caviar Gold Cavi Cone Grape, Caviar Gold Cavi Cone Original",food,food
Hadley Fruit Orchards Beet Chips,food,food
"body creams, topical products",personal_care,personal_care
Kale Chips,food,food
Travel Size Toiletries Tubes Kit,food,food
"Alcoholic Beverages, specifically, “Beer”",food,food
"Norse Fitness, Berserkr Frenzy Stimulant Pre-Workout - Orange Mango, UPC#860008643551, Norse Fitness, Glorious Morning (Superfood Greens Supplement) - Sol Juice, UPC#860008643506, Norse Fitness, Victorious Pumps Stimulant Free Pre-Workout - Raspberry Lemonade, UPC#860010249338",food,food
Chef Banquet Multi-Grain Cereal,food,food
vinyl covered toggle clamps,textile_or_soft_goods,textile_or_soft_goods
Wood Treatment,furniture_or_building,furniture_or_building
Da Bomb Gift Sets in vinyl cases,textile_or_soft_goods,textile_or_soft_goods
Glassware and Ceramic Products,food_contact,food_contact
Atlas Vinylove Glove,textile_or_soft_goods,textile_or_soft_goods
"Kushy Punch Hybrid Tropical Punch 100 mg, TKO Peanut Butter Cookie 160 mg, Kushy Punch TKO 200 mg",food,food
Marketside Wild Caught Ahi Tuna Steaks,food,food
General Tso’s Tofu Bowl,food_contact,food_contact
Glassware with Exterior Artwork,food_contact,food_contact
Spicy Sakura Prawn Soup Noodles,food,food
Playful Pineapples and Clear 3 Piece Cosmetic Bag Set,personal_care,personal_care
"Wallets, handbags, clutches and totes",textile_or_soft_goods,textile_or_soft_goods
Upholstered furniture including ottomans,furniture_or_building,furniture_or_building
Good & Gather albacore chunk white tuna,food,food
Vinyl/PVC Tool Grips,textile_or_soft_goods,textile_or_soft_goods
Trader Joe's Lattemiele Slightly Sweet Milk and Honey Cookies,food,food
Wide Sweet Potato Noodles,food,food
Claire's wallet,textile_or_soft_goods,textile_or_soft_goods
Children's clothing,children_products,children_products
alcoholic beverages,food,food
"Korova Black Bar 1000mg, Korova Fifty One Fifty Bar 500 mg, Korova Mint Dip Cookie 250 mg, Korova Chocolate Chip Cookie 150 mg, Caviar Gold Cavi Cone Strawberry 60 mg, Caviar Gold Cavi Cone Apple, Caviar Gold Cavi Cone Original",food,food
Natierra Nature's All Foods Organic Freeze- Dried Beet,food,food
No-Kink Hose Bibb,children_products,children_products
Sweet Chili Noodle Bowl with Cooked Hokkien Noodles UPC: 7-6566710090-5,food,food
"Nasal sprays, ointments and eye care products",household_cleaner,household_cleaner
nature mugs,food_contact,food_contact
Srixon All Weather Gloves,textile_or_soft_goods,textile_or_soft_goods
Plastic Clutch Purse,textile_or_soft_goods,textile_or_soft_goods
Vinyl/PVC Musical Instrument Handles,textile_or_soft_goods,textile_or_soft_goods
Zesty Garlic Spinach Bowl,food_contact,food_contact
alcoholic beverages,food,food
"Sister Sky soothing body wash; UPC: 897411001104 , Gehwol nail protection pen ; UPC: 4013474117033 , Amazon Series Pure Deep Cleansing shampoo; UPC: 609728598358 , Avacor thickening shampoo, Cosmo Service Anti hair loss shampoo; UPC: 8029620000025, DCL T-Shampoo, Genuine African Formula for thinning hair; UPC: 837654761786, Healthy Hair Plus Anti Fungal shampoo, Imbue natural Shampoo; UPC: 855342004205 , Towel Dry Conditioning Shampoo; UPC: 852558002124 , Umbria Olii Olivella Hair Olive Shampoo; UPC: 764412204073 , Glytone acne self foaming cleanser; UPC: 364760001715 , Pomegranite Citrus ; UPC: 722030472137",personal_care,personal_care
"Vinylux Record Journal , Vinylux Coasters",textile_or_soft_goods,textile_or_soft_goods
Vinyl/PVC Pet Tie-Out Cables,textile_or_soft_goods,textile_or_soft_goods
"Cheeba Chews Hybrid 70 mg , Cheeba Chews Sativa 70 mg , Korova Chocolate Chip Cookie 150 mg , Korova Triple Chocolate Brownie 150 mg , Korova Mint Dip Cookie 250 mg , Kushy Punch TKO 200 mg , Korova Black Bar 1000mg , Korova Fifty One Fifty Bar 500 mg , Korova Mint Dip Cookie 250 mg , Kushy Punch TKO 200 mg , Kushy Punch Hybrid Tropical Punch 100 mg , Cheeba Chews Deca Dose 175 mg , Caviar Gold Cavi Cone Strawberry 60 mg , Caviar Gold Cavi Cone Apple , Caviar Gold Cavi Cone Grape , Caviar Gold Cavi Cone Original",food,food
"La Sirena Sardines in Oil, La Sirena Sardines in Olive Oil",food,food
"Ecstacy Couture Black Vinyl Thong, RN 77239, Style No. 8601",textile_or_soft_goods,textile_or_soft_goods
Wild Rice,food,food
Alcoholic beverages,food,food
"Aloha Organic Protein Bar Chocolate Chip Cookie Dough Plant-Based Protein, Aloha Organic Protein Bar Peanut Butter Cup Plant-Based Protein, Aloha Organic Protein Bar Peanut Butter Chocolate Chip Plant-Based Protein, Aloha Organic Protein Bar Coconut Chocolate Almond Plant-Based Protein",food,food
Shot Glass; Shooter; Glassware,food_contact,food_contact
Upholstered furniture,furniture_or_building,furniture_or_building
Bath Tissue/ Toilet Paper,food,food
Vinyl/PVC Planner Covers,textile_or_soft_goods,textile_or_soft_goods
Baby on Board Sign with Suction Cup,food_contact,food_contact
Vinyl/PVC Sound Amplifier Cords,textile_or_soft_goods,textile_or_soft_goods
Cosmetics/toiletries cases,food,food
"Environmental Exposures; Occupational Exposures; and Product Exposures (Swimming Pool/Hot Tubs; Food and Beverage Operations; Automobile Parking Facilities; Matches; Second-hand Smoke and Smokeless Tobacco Products; Cleaning Supplies/Janitorial; Maintenance/Power Tools; Furniture/Furnishings/Window Treatments; Public and Guest Bathrooms; Medical/First Aid Supplies; Internal Combustion (“IC”) Engines, Boilers and other Gas Burning Devices, and Fireplaces; Electronic Equipment, Electric Equipment and Associated Cables Wires and Batteries; Office Supplies and Office Equipment; Hand Tools, Hardware and Brass Keys; and Fertilizers, Soil Amendments, and Pesticides and Herbicides).",food,food
"Easyoulife credit card holder wallets (DINP), ID badge holders (DEHP)",textile_or_soft_goods,textile_or_soft_goods
Vinyl/PVC Gloves,textile_or_soft_goods,textile_or_soft_goods
Glassware with colored artwork or designs on the exterior,food_contact,food_contact
Polymer Childrens Sandals,children_products,children_products
Alcoholic beverage,food,food
Lindt Excellence Dark Chocolate 90%; UPC: 037466042695,food,food
"Fisherman Brand Cooked, Peeled, and Deveined Crawfish Meat",food,food
Lunch Bags,textile_or_soft_goods,textile_or_soft_goods
Glassware with artwork or designs on the exterior,food_contact,food_contact
"Fried Bombay Duck Fish, Fried Anchovy Fish Paste, Dried Shrimp",food,food
"Butterfly Holographic Zipper Bag, UPC: 613153606564, SKU# 340364, ITEM# 60656",textile_or_soft_goods,textile_or_soft_goods
Bumble Bee Lump Crabmeat,food,food
alcoholic beverages,food,food
YedsIntu PVC Cosmetic & Toiletry Bags,food,food
Equator Coffee Receipt,food,food
Stools with vinyl seats,textile_or_soft_goods,textile_or_soft_goods
Children Shoes,children_products,children_products
UGLIES 12 pack Kettle Cooked Barbecue Potato Chips (Barcode: 785654261037) 2 oz per pack,food,food
Glassware with exterior artwork,food_contact,food_contact
Glassware with Exterior Artwork,food_contact,food_contact
Ceramic Products,food_contact,food_contact
Secondhand Tobacco Smoke; Furnishings and Electrical Components; Food and Beverage Service; Transportation-related Exposures; Environmental Exposures; Occupational Exposures; and Consumer Product Exposures,food,food
"Footwear with leather, vinyl and imitation leather components",textile_or_soft_goods,textile_or_soft_goods
Soft Food and Beverage Containers,food,food
"Baby Banz Mini Earmuff - ear pad/cushion, UPC#9330696040259",children_products,children_products
Fish Salt & Pepper Shakers,food,food
Bath Tissue/ Toilet Paper,food,food
Glassware and Ceramic Products,food_contact,food_contact
Wrist Lanyard with Wallet SKU None; UPC 0844673024426,textile_or_soft_goods,textile_or_soft_goods
Trader Joe's Pumpkin Tortilla Chips,food,food
New Coast Foraging Co Organic Tomato Sauce,food,food
Alcoholic beverages,food,food
Tools with Vinyl/PVC Grips,textile_or_soft_goods,textile_or_soft_goods
"Remedy Organics Blue Essentials 8g Protein 100% Plant Based Shake, Remedy Organics Golden Mind 10g Protein 100% Plant Based Shake, Remedy Organics 20g Protein Berry Immunity 100% Plant Based Shake, Remedy Organics 20g Protein Super Chai Fuel 100% Plant Based Shake, Remedy Organics Super Ube Glow 12g Protein 100% Plant Based Shake, Remedy Organics Chocolate Fudge 20g Protein 100% Plant Based Shake, Remedy Organics 20g Protein Matcha Fuel 100% Plant Based Shake, Remedy Organics Cold Brew Latte 20g Protein 100% Plant Based Shake",food,food
Fully Cooked Mussels in Butter Garlic Sauce,food,food
Alcoholic beverage,food,food
Glass Beverage Dispensers with Exterior Designs,food,food
"Key Nutrients, Collagen Creamer Chocolate, UPC# X0032VOM8B",food,food
"Hawaiian Haze CBD Hemp Flower, Skywalker OG CBD Hemp Flower, Cherry Wine CBD Hemp Flower, OG Kush CBD Hemp Flower, Sour Diesel CBD Hemp Flower, Sour Space Candy CBD Hemp Flower Pre-Roll 5-Pack, Orange Bliss Hemp Body Lotion",food,food
Soap Dishes with Plastic Suction Cups,food_contact,food_contact
"Gimme, Roasted Seaweed Snacks Chili Lime, UPC#850023446503",food,food
Crunchy Cassava Crackers,food,food
"Function of Beauty Curls with Benefits Define, Detangle & Shine Spray for Curly / Coily Hair",food,household_cleaner
Glassware with colored artwork or designs on the exterior,food_contact,food_contact
"21st Century Vitamins, Daily Greens (Superfoods Powder), UPC#740985280782",food,food
Fishing Sinker,food,food
Upholstered furniture including chairs,furniture_or_building,furniture_or_building
Fishing Weights Containing Lead,food,food
Chuckle and Roar Dot Art Activity Set Bag,textile_or_soft_goods,textile_or_soft_goods
Shellfish,food,food
Soft-Baked Cookies,food,food
"Carlyle, Moringa Complete Green Superfood, UPC#X002YBM4LR",food,food
Glassware With Exterior Designs,food_contact,food_contact
Red Beans & Rice,food,food
"Nasal sprays, ointments and eye care products",household_cleaner,household_cleaner
Tools with Vinyl Grips,textile_or_soft_goods,textile_or_soft_goods
Black Diamond Charwood,furniture_or_building,furniture_or_building
oil dispensers,food,food
Bibs,children_products,children_products
Cranberry Almond Chewy Baked Whole Grain Snack Bars,food,food
Vinyl Tape,textile_or_soft_goods,textile_or_soft_goods
Sardines in Tomato Sauce,food,food
Seeds of Change Organic Brown Basmati Rice,food,food
Bike Storage Bags,textile_or_soft_goods,textile_or_soft_goods
Handbag,textile_or_soft_goods,textile_or_soft_goods
"Sip Herbals, Faux Joe Dirty Chai, UPC#196852541232, Sip Herbals, Faux Joe Pumpkin Spice, UPC#195893354184",food,food
Toys containing lead,children_products,children_products
Eli + Ana Ceramic Strawberry Measuring Cups,food_contact,food_contact
Enveed Superfood Daily Greens- Cucumber Mint,food,food
Liquid Dish Soap,personal_care,personal_care
"Pliers with Vinyl/PVC Grips, Booster Cables with Vinyl/PVC Grips, Shot Glasses with Exterior Designs containing Lead",textile_or_soft_goods,textile_or_soft_goods
Vinyl Tubing,textile_or_soft_goods,textile_or_soft_goods
"FOCO Genuine Merchandise Team Ornament Mug, FOCO NBA Lakers Team Ornament Mug",food,food_contact
Alcoholic beverage,food,food
canned tuna fish,food,food
Crossbody Bag with PVC Components,textile_or_soft_goods,textile_or_soft_goods
"Halloween Costumes containing one or more of the chemicals listed herein., Halloween Costume Accessories, specifically wigs, masks, gloves, footwear, belts, bags, hats, costume props, hosiery, weapons and jewelry intended to accessorize a costume (but excluding makeup) containing one or more of the chemicals listed herein.",personal_care,personal_care
Glassware with exterior artwork,food_contact,food_contact
toiletry kits,food,food
AG wallet inserts,textile_or_soft_goods,textile_or_soft_goods
Ceramic Products,food_contact,food_contact
Lakewood Products adventure case,furniture_or_building,personal_care
"Steve Madden 3pc nested cosmetic cases in clear plastic carrying bag, UPC: 193624333569",personal_care,personal_care
Gingerbread Mug,food,food_contact
Glass Bottles With Exterior Decorations,food_contact,food_contact
"Nasal sprays, ointments and eye care products",household_cleaner,household_cleaner
Upholstered furniture including chairs,furniture_or_building,furniture_or_building
handbags,textile_or_soft_goods,textile_or_soft_goods
"Blood pressure kits , Cosmetic/Toiletries case",food,food
Orchard & Vine Tuscan Pear Body Lotion,personal_care,personal_care
Blendtopia - Superfood Smoothie Kit Detox,food,food
Flight Bags,textile_or_soft_goods,textile_or_soft_goods
Glassware Products,food_contact,food_contact
Makeup Brush Cleaners With Power Cords Containing Lead,personal_care,personal_care
"Children P.V.C. Apron, Bibs",children_products,children_products
bib aprons,children_products,children_products
nasal spray,household_cleaner,household_cleaner
Gummy Candy,food,food
Glassware with Exterior Artwork,food_contact,food_contact
"Ritter Sport 73% Cocoa Fine Extra Dark Chocolate with Fine Cocoa from Ecuador (Bar), Cadbury Mini Eggs Royal Dark Chocolate With A Crisp Sugar Shell (Eggs), Cadbury Royal Dark Chocolate Indulgent Semi-Sweet (Bar), Chocolove Extra Strong Dark Chocolate- 77% Cocoa Content (Bar), Chocolove Strong Dark Chocolate Bar 70% Cocoa Content (Bar), Endangered Species Chocolate Natural Dark Chocolate (72% Cocoa) (Bar), Endangered Species Chocolate Natural Dark Chocolate with 88% Cocoa (Bar), Ghirardelli Chocolate Intense Dark Twilight Delight (72% Cacao) (Bar), Godiva Chocolatier 50% Cacao Dark Chocolate Sea Salt (Bar), Godiva Chocolatier 72% Cacao Dark Chocolate (Bar), Dagoba Organic Chocolate Eclipse Extra Strong Dark Chocolate (87% Cacao) (Bar), Hershey's Special Dark Mildly Sweet Chocolate (Bar), Cote D'Or 86% Noir Brut Belgian Dark Chocolate Confection (Bar), Dove Eggs Dark Chocolate Silky Smooth (Eggs), Moonstruck Solid Dark Chocolate Hand-Painted Calico Bunny (Bunny), Taza Wicked Dark 95% Stone Ground Organic Chocolate (Bar), Taza Mexicano Super Dark Direct Trade 85% Dark (Bar)",food,food
Malibu Sky Hologram Bag,textile_or_soft_goods,textile_or_soft_goods
Vinyl/PVC Quivers,textile_or_soft_goods,textile_or_soft_goods
Ceramic Pet Bowls With Exterior Decorations,food_contact,food_contact
Nail polish products,household_cleaner,household_cleaner
"MarkNature, Fulvic Acid Powder (Food Grade), UPC#NA",food,food
Fish Jerky,food,food
Alcoholic beverage,food,food
Whole Foods Glucosamine & Chondroitin Complex,food,food
Seaweed Chips,food,food
Shrimp Sauce,food,food
Hot and Cold Stem for Price Pfister PP-45CD-NL,food,food
Miss Rose Make Up Bag,textile_or_soft_goods,textile_or_soft_goods
Glass beverage containers,food,food
Chocolate products,food,food
ITEM Beauty by Addison Rae Lash Snack Clean Lengthening Mascara,food,food
Webstaurant Store Measuring Cup Set,food_contact,food_contact
"evening bags, handbags",textile_or_soft_goods,textile_or_soft_goods
"Nasal sprays, ointments and eye care products",household_cleaner,household_cleaner
Wood Treatment,furniture_or_building,furniture_or_building
Vinyl/PVC Gloves,textile_or_soft_goods,textile_or_soft_goods
Ceramic Mugs With Exterior Designs,food_contact,food_contact
Whole Foods Market Tortilla Chips Heirloom Blue Corn,food,food
Food to Live dried pineapples,food,food
Alcoholic beverages,food,food
Vinyl Suction Cups,food_contact,food_contact
"Hook K series__Suction Cup__Suction Hook Small__Daiso Japan, Suction Cup – With A Hole – 4cm__4 pcs__Daiso Japan, Sponge and Bottle Rack with Suction Cups__Brown Color__Daiso Industries Co. Ltd., Wall Pockets__Calendar– Weekly__52 x 27cm__ Daiso, Wall Pockets__7 Pockets__Basic__Daiso Japan , Wall Hanging Pockets__6 Pockets__Storage Pocket__Size 9.1” x 19.5” __Daiso, Scarf Hanger__Hangs 5pcs__Non – Slip__Daiso Japan, Stylish Hand Strap__19cm__Daiso Japan, Towel Bar__Easy to Attach with included Suction Cups__Loading Capacity up to 500 g__Daiso Japan",food_contact,food_contact
RareTea Receipt,food,children_products
"Cosmetic/toiletries bag, Tote bags",food,food
"BioSteel, High Performance Superfood Sport Greens - Pineapple Coconut, UPC#883309131381",food,food
Enchilada Bowl,food_contact,food_contact
Sweet Harvest Pineapple Slices in Pineapple Juice,food,food
Ceramic Mugs with Exterior Designs,food_contact,food_contact
Brass Valved Beverage Dispensers,food,food
Candy,food,food
Truefitt & Hill Trafalgar Shaving Cream,personal_care,personal_care
Clear handbag with plastic components,textile_or_soft_goods,textile_or_soft_goods
Mugs and Other Tableware with Colored Artwork or Designs on the Exterior.,food_contact,food_contact
Leather glove,textile_or_soft_goods,textile_or_soft_goods
Treated wood products,furniture_or_building,furniture_or_building
Ceramic Planters With Exterior Designs,food_contact,food_contact
Upholstered furniture including gaming chairs,furniture_or_building,furniture_or_building
Vinyl/PVC Gloves,textile_or_soft_goods,textile_or_soft_goods
Acrylamide in Fried or Baked Potato or Sweet Potato Based Snack Foods Sold under the Gardetto’s Brand,food,food
"Korova Black Bar 1000mg, Korova Chocolate Chip Cookie 150 mg, Korova Fifty One Fifty Bar 500 mg, Korova Triple Chocolate Brownie 150 mg, Kushy Punch Hybrid Tropical Punch 100 mg, Kushy Punch TKO 200 mg",food,food
Shrimp Sauce,food,food
Cassin Fitz bag,textile_or_soft_goods,textile_or_soft_goods
"Hy-Vee, Good Graces Cheese Flavored Crunchy Kale Chips, UPC#075450401080",food,food
Glassware with exterior artwork,food_contact,food_contact
365 Whole Foods Key West Pink Shrimp,food,food
Bags with Vinyl/PVC Components,textile_or_soft_goods,textile_or_soft_goods
"Spice Train, Certified Organic Moringa Powder, UPC#X002X3J51N",food,food
"Pavillions Mussels PEI Live, Waterfront Bistro Mussels in Garlic Sauce, Pavillions Littleneck Clams Live",food,food
Seaweed Chips,food,food
"Vinyl/PVC Nets, Vinyl/PVC Pouches",textile_or_soft_goods,textile_or_soft_goods
"Inflatable Vinyl Toys, Vinyl Bath Animal Figures, Watches, Mini Vinyl Children's Purses",children_products,children_products
Cosmetic Bag,personal_care,personal_care
Alcoholic beverages,food,food
Glassware Products,food_contact,food_contact
R&B Tea Receipt,food,food
Comforts sweet potato & apple baby food puree,food,food
Creamy Macaroni & Cheese,personal_care,personal_care
Replacement Vinyl Weather Stripping 9008V; UPC: 769938962360,textile_or_soft_goods,textile_or_soft_goods
"Packaged Dried Goji Black Teas, Packaged Dried Jasmine Green Teas",food,food
Gerber sweet potato apple carrot cinnamon baby food,food,food
"Brad's Raw Chips, Crunchy Kale Vampire Killer, UPC#813104020061",food,food
Gloves in a Bottle Lotion,food_contact,food_contact
Alcoholic beverages,food,food
vinyl bedding storage cases,textile_or_soft_goods,textile_or_soft_goods
Ceramic Products,food_contact,food_contact
Bowls with Exterior Designs containing Lead,food_contact,food_contact
SOFTEE Coconut Oil Repairing Scalp Care Daily Conditioner,food,food
Seaweed Chips,food,food
Del Monte Prune Juice,food,food
Turmeric Spice Latte Mix,food,food
Glassware with Colored Artwork or Designs on the Exterior,food_contact,food_contact
"Eclectic Herb Beet Juice Powder, including but not limited to 0-23363-37909-5",food,food
handbags,textile_or_soft_goods,textile_or_soft_goods
"Korova Black Bar 1000mg, Cheeba Chews Sativa 70 mg, Cheeba Chews Hybrid 70 mg, Kushy Punch Hybrid Tropical Punch 100 mg, Kushy Punch TKO 200 mg, Korova Chocolate Chip Cookie 150 mg, Cheeba Chews Deca Dose 175 mg",food,food
Briosa spiced mackerel fillets,food,food
"Bloom Kids greens & superfoods + multivitamin, UPC: 810137460826",food,food
Red Shed Enamel Mice Mug,food_contact,food_contact
Wood flooring products,furniture_or_building,furniture_or_building
Hershey's Build Your Own Chocolate Cookie House,food,food
Bottled Water in Polycarbonate Plastic Bottles for Use in Water Coolers,food_contact,food_contact
"Hudson Deck Sprayer, UPC No. 0 2992567882, Model No. 67882",household_cleaner,household_cleaner
GNC SuperFoods 25 Berry Flavor,food,food
Noka Superfood Smoothie Pouch - Organic Blueberry / Beet (4.22 oz),food,food
Headphones with Vinyl/PVC Components,textile_or_soft_goods,textile_or_soft_goods
"Table Magic Tabletop Vinyl Cover, UPC: 092564459110",textile_or_soft_goods,textile_or_soft_goods
"firewood, woodchips, charcoal",food,food
"Mine. by Mytagalongs, Travel Bottle Set, 7 pieces, UPC: 822279069379 (plastic case)",food_contact,food_contact
Vinyl/PVC Toiletry Cases,food,food
UFO Nissin Noodles,food,food
"OEM Oil Filter Pliers 2-1/2"" to 4-5/8"" UPC076812253200",food,food
Prevue Bag,textile_or_soft_goods,textile_or_soft_goods
Mary's Gone Crackers Seaweed + Black Sesame Crackers,food,food
Dairy Queen Ice Cream Cup,food_contact,food_contact
"Flats Mary Jane Dance Party Cosplay Shoes, MGparty Halloween Blood IV Bags",textile_or_soft_goods,textile_or_soft_goods
Have A Corn Chips,food,food
Ceramicware with exterior artwork or designs,food_contact,food_contact
Neutrogena Therapeutic T-Gel Shampoo For Fine and Oily Hair,food,personal_care
Daiso Screw Bag,textile_or_soft_goods,textile_or_soft_goods
Ginger Spice Chai,food,food
Despierta mugs,food_contact,food_contact
MET-Rx Protein Plus Protein Bar Chocolate Fudge Deluxe,food,food
Broder Vinyl Tablecloth Protector Crystal Clear UPC720717100182,textile_or_soft_goods,textile_or_soft_goods
"Wallets, handbags, purses and clutches",textile_or_soft_goods,textile_or_soft_goods
Vinyl Banners,textile_or_soft_goods,textile_or_soft_goods
Lead in children's toys,children_products,children_products
"firewood, woodchips, charcoal",food,food
Glassware with exterior artwork,food_contact,food_contact
"Nanette Lepore Stadium Bag with Blue and Flower Nested Purses, Item No.: 28719980, UPC: 709752202310 (clear plastic bag)",textile_or_soft_goods,textile_or_soft_goods
"Ultra-low Carbohydrate Meal Replacement Shake Mix - Strawberry, Ultra-low Carbohydrate Meal Replacement Shake Mix - Vanilla, Ultra-low Carbohydrate Meal Replacement Shake Mix - Mocha, Ultra-low Carbohydrate Meal Replacement Shake Mix - Cookies & Cream, Ultra-low Carbohydrate Meal Replacement Shake Mix - Snickerdoodle, Ultra-low Carbohydrate Meal Replacement Shake Mix - Chocolate, Ultra-low Carbohydrate Meal Replacement Shake Mix - Raspberry Cheesecake, Ultra-low Carbohydrate Meal Replacement Shake Mix - Natural Strawberry, Ultra-low Carbohydrate Meal Replacement Shake Mix - Root Beer Float",food,food
"Oat Mama, Mama Greens Superfoods Booster Powder Fuji Apple, UPC#860011969822",food,food
Weiman Brass Polish,household_cleaner,household_cleaner
"UNA Hydrating Shampoo, UNA Energizing Shampoo, UNA Dandruff Shampoo, UNA Compensating Shampoo",personal_care,personal_care
Greensource Brand Apparel “Mom” Mug,food_contact,food_contact
Charcoals/Steam Stones used for smoking Hookah,food,food
Vinyl/PVC ID Holders,textile_or_soft_goods,textile_or_soft_goods
"Preferred Keto, Collagen with MCT Oil - Vanilla, UPC#868053000459",food,food
Pure Venus Deep Sea Minerals Shave Cream,personal_care,personal_care
Tools with Vinyl/PVC Grips,textile_or_soft_goods,textile_or_soft_goods
pouches of fishing leader,food,food
Alcoholic beverages,food,food
Old World Quality Foods Pickled Red Cabbage,food,food
"Korova Triple Chocolate Brownie 150 mg, Korova Black Bar 1000mg, Kushy Punch Hybrid Tropical Punch 100 mg, Kushy Punch TKO 200 mg, Korova Fifty One Fifty Bar 500 mg",food,food
"Ashata 5 Rolls 0.6mm Fishing Soft Lead Sheet Strip Sinkers Weights Tackle Accessories Supplies New, Fishing Accessories, Lead Sheet Roll",food,food
"Akasha Superfoods, Sea Moss with Bladderwrack & Burdock Root, UPC#860005462452",food,food
Alcoholic beverage,food,food
Tools with vinyl grips,textile_or_soft_goods,textile_or_soft_goods
"Happy Tot Organics Super Foods Pouch - Organic Pears, Mangos & Spinach + Super Chia (4.22 oz)",food,food
Vinyl bedding storage cases,textile_or_soft_goods,textile_or_soft_goods
Softballs with Vinyl/PVC Covers,textile_or_soft_goods,textile_or_soft_goods
Ceramic Mugs with Exterior Designs,food_contact,food_contact
mugs with exterior decorations,food_contact,food_contact
Gaming chips,food,food
Heart & Soil Pure American Liver 500 MG Each 180 Capsules,food,food
Carabiner Bottle Holders,food_contact,food_contact
Coleman Indoor/Outdoor Bag,textile_or_soft_goods,textile_or_soft_goods
bags,textile_or_soft_goods,textile_or_soft_goods
Vinyl checkbook cover,textile_or_soft_goods,textile_or_soft_goods
"Primal Strips, Mesquite Lime Meatless Vegan Jerky, UPC#838455000203",food,food
Glass and ceramic beverage containers,food,food_contact
Pollack Chips,food,food
"Aloha Organic Protein Bar Coconut Chocolate Almond Plant-Based Protein, Aloha Organic Protein Bar Chocolate Fudge Brownie Plant-Based Protein, Aloha Organic Protein Bar Chocolate Mint Plant-Based Protein, Aloha Organic Protein Bar Vanilla Almond Crunch Plant-Based Protein, Aloha Organic Protein Bar Peanut Butter Chocolate Chip Plant-Based Protein, Aloha Organic Protein Bar Chocolate Caramel Pecan Plant-Based Protein, Aloha Limited Edition Organic Protein Bar Maple Sea Salt Plant-Based Protein, Aloha Organic Protein Bar Chocolate Espresso Plant-Based Protein, Aloha Organic Protein Bar Lemon Cashew Plant-Based Protein, Aloha Limited Edition Organic Protein Bar Peppermint White Chocolate Plant-Based Protein, Aloha Organic Protein Bar Peanut Butter Cup Plant-Based Protein, Aloha Limited Edition Organic Protein Bar Oatmeal Chocolate Chip Plant-Based Protein, Aloha Organic Protein Bar Almond Butter Cup Plant-Based Protein, Aloha Organic Protein Bar Chocolate Chip Cookie Dough Plant-Based Protein",food,food
"MarkNature, Fulvic Acid Powder (Food Grade), UPC#NA",food,food
SlimFast meal replacement shake mix - chocolate royale,food,food
Beach Toy bag,children_products,children_products
Pet Carriers with Vinyl/PVC Components,textile_or_soft_goods,textile_or_soft_goods
"Economy Candy, Dried Mango, UPC#N/A, Economy Candy, Dried Papaya, UPC#N/A",food,food
"Deep Original Plantain Chips, Bansi Plantain Chips",food,food
Five Spice Powder,food,food
Happy Elephant Dried Baby Crabs with Vegetable Sauce,food,children_products
"Erasers, Vinyl clipboard, Pens with charm toppers",textile_or_soft_goods,textile_or_soft_goods
"Keen Wah Decadence Bar – Coconut Almond , Keen Wah Decadence Bar – Cacao Chia , Keen Wah Decadence Bar – Cayenne Cinnamon , Essential Living Foods – Montana Mix , Essential Living Foods – Superberry Symphony , Essential Living Foods – Superfood Trail Mix , Essential Living Foods – Cacao Nibs , Essential Living Foods – Dried Mulberries , Essential Living Foods – Maca Blend , Essential Living Foods – Machu Picchu Mix , Essential Living Foods – Jungle Peanuts , Essential Living Foods – Goji Berries , Essential Living Foods – Goji Berry Powder , Essential Living Foods – Wild Protein , Essential Living Foods – Coco Gogo , Essential Living Foods – Enlighten Mix , Essential Living Foods – Chocolate Covered Goji Berries , Essential Living Foods – Superfood Smoothie",food,food
Vinyl/PVC Toiletry Cases,food,food
Vinyl Banners,textile_or_soft_goods,textile_or_soft_goods
"Folio Cases Made With Leather, Vinyl, or Imitation Leather Materials",textile_or_soft_goods,textile_or_soft_goods
"Ahmed Foods, Chili Pickle in Vinegar, UPC#054529003011 , Ahmed Foods, Lime & Chili Pickle in Oil, UPC#054529002014, Ahmed, Mango Chutney, UPC#054529004025, Ahmed, Mango Masala, UPC#054529003028, Ahmed Foods, Vindaloo Curry Paste, UPC#054529007033, Ahmed Foods, Tandoori Paste, UPC#054529007019, Ahmed Foods, Curry Paste, UPC#054529007063",food,food
"Greens First The Original Dream Protein Caramel Cappuccino Vegan, Greens First The Original Greens Powder Peach Mango, Greens First Rice Fiber First 885mg, Greens First Pro Dream Protein Plant-Based 14 grams of Vegan Protein Per Serving Vanilla Dream, Greens First Lean Protein 5 Plus Chocolate 21 grams of protein, Greens First Lean Protein 5 Plus Vanilla 21 grams of protein",food,food
"Chairs with Vinyl/PVC Upholstery containing Di(2-ethylhexyl)phthalate , Upholstered Chairs with Foam Padding containing Tris(1,3-dichloro-2-propyl) phosphate",textile_or_soft_goods,textile_or_soft_goods
saddle bags,textile_or_soft_goods,textile_or_soft_goods
"The North Face Resolve 2 Jacket, Infant Warm Storm Jacket, Women’s Venture 2 Jacket",children_products,children_products
Leaded crystal glassware,food_contact,food_contact
Buffalo Blizzard Blue 8-Foot Long Double Chamber Water Bags | 6 Pack | 18-Gauge Heavy-Duty Vinyl Material | Secures Winter Cover to Rectangular Swimming Pools,textile_or_soft_goods,textile_or_soft_goods
Garden of Eatin' Mini Yellow Chips,food,food
"1. Parent's Choice 2 Toddler Beginnings Complete Nutrition DHA, Choline & Iron Milk-Based Powder Infant Formula with Iron",children_products,children_products
"Environmental Exposures; Occupational Exposures; and Product Exposures (Swimming Pool/Hot Tubs; Automobile Parking Facilities; Equipment Maintenance; Kitchen; Matches; Second-hand Smoke and Smokeless Tobacco Products; Cleaning Supplies/Janitorial; Maintenance/Power Tools; Furniture/Furnishings/Window Treatments; Public and Guest Bathrooms; Medical/First Aid Supplies; Internal Combustion (“IC”) Engines, Boilers and other Gas Burning Devices, and Fireplaces; Electronic Equipment, Electric Equipment and Associated Cables Wires and Batteries; Office Supplies and Office Equipment; Hand Tools, Hardware and Brass Keys; and Fertilizers, Soil Amendments, and Pesticides and Herbicides).",food,food
PVC Wallets,textile_or_soft_goods,textile_or_soft_goods
Ceramic Mugs With Exterior Designs,food_contact,food_contact
Rocketfish 90-Degree Coaxial Cable Adapters,food,food
"NATIONAL- BEEF BIRYANI, NATIONAL- ACHAR GOSHT, NATIONAL- BIHARI KABAB, NATIONAL- BIRYANI, NATIONAL- CHAPLI KABAB, NATIONAL- DAAL MAKHNI, NATIONAL- CELHI NIHARI , NATIONAL- CURRY POWDER, NATIONAL- DAIHGI DANEDAR HALEEM, NATIONAL- GARAM MASALA, NATIONAL- HALEEM, NATIONAL- KOFTA, NATIONAL- LAHORI FISH, NATIONAL- MALAI TIKKA, NATIONAL- MASALEDAR BOMBAY BIRYANI, NATIONAL- MUTTON BIRYANI, NATIONAL- PALAK GOSHT, NATIONAL- SEEKH KABAB, NATIONAL- SINDHI BIRYANI, NATIONAL- TURMERIC POWDER, NATIONAL- QUICK COOK HALEEM , NATIONAL- QUORMA, NATIONAL- VEGETABLE BOMBAY BIRYANI, NATIONAL- VEGETABLE PULAO, NATIONAL- WHITE KARAHI",food,food
Alcoholic beverages,food,food
ceramic bowls with exterior decoration,food_contact,food_contact
"ponchos; rainsuits; safety goggles; lined jackets (fake); ""leather"" bustiers (fake); ""leather"" hip huggers; nonconductive rainsuits; Durawear protective clothing; rain jackets; rainfair protective clothing, coats, industrial dry wear; PVC/Nylon rainjackets and rainwear",textile_or_soft_goods,textile_or_soft_goods
Bissli BBQ Flavoured Wheat Snacks,food,food
Vinyl Grease Gun Grips,textile_or_soft_goods,textile_or_soft_goods
alcoholic beverages,food,food
Gloves Made With Leather Materials,textile_or_soft_goods,textile_or_soft_goods
SKKN BY KIM Face Cream Firming Moisturizer,personal_care,personal_care
Vinyl/PVC Syringes,textile_or_soft_goods,textile_or_soft_goods
Alcoholic beverage,food,food
"Healthy Times Vanilla Biscuits for Teethers, Healthy Times Maple Biscuits for Teethers",children_products,food
Vinyl magnet,textile_or_soft_goods,textile_or_soft_goods
Ma Po Tofu Sauce,food,food
Fishing tackle,food,food
"Potato Chips, Crisps and Strings",food,food
Mountain House Classic Breakfast Skillet Freeze Dried Backpacking and Camping Food 2.5 Servings Bar Code #04113354486,food,food
"Environmental Exposures; Occupational Exposures; and Product Exposures (Swimming Pool/Hot Tubs; Food and Beverage Operations; Automobile Parking Facilities; Hotel Transportaion Vehicles; Kitchen; Matches; Arts & Crafts Supplies and Classes; Sterno Cooking Fuel; Second-hand Smoke and Smokeless Tobacco Products; Cleaning Supplies/Janitorial; Maintenance/Power Tools; Furniture/Furnishings/Window Treatments; Public and Guest Bathrooms; Medical/First Aid Supplies; Internal Combustion (“IC”) Engines, Boilers and other Gas Burning Devices, and Fireplaces; Electronic Equipment, Electric Equipment and Associated Cables Wires and Batteries; Office Supplies and Office Equipment; Hand Tools, Hardware and Brass Keys; and Fertilizers, Soil Amendments, and Pesticides and Herbicides).",food,food
Liquid Dish Soap,personal_care,personal_care
"Korova Chocolate Chip Cookie 150 mg, Korova Fifty One Fifty Bar 500 mg, Korova Mint Dip Cookie 250 mg, Korova Triple Chocolate Brownie 150 mg, Kushy Punch TKO 200 mg, Kushy Punch Hybrid Tropical Punch 100 mg",food,food
Glassware Products,food_contact,food_contact
Children's Teenage Mutant Ninja T-shirt,children_products,children_products
Travel Tote Bag; UPC: 815672021679; CD-CBG-201,textile_or_soft_goods,textile_or_soft_goods
"Rice Flour - Harina de Arroz, Gluten Free Flour",food,food
copper mugs with brass components,food_contact,food_contact
10 lbs. Weight Stabilizer Bag (Product code: NV-TCS-MTC022),textile_or_soft_goods,textile_or_soft_goods
Snack Thins,food,food
"Environmental Exposures; Occupational Exposures; and Product Exposures (Swimming Pool/Hot Tubs; Automobile Parking Facilities; Candles; Matches; Second-hand Smoke and Smokeless Tobacco Products; Cleaning Supplies/Janitorial; Maintenance/Power Tools; Furniture/Furnishings/Window Treatments; Public and Guest Bathrooms; Medical/First Aid Supplies; Internal Combustion (“IC”) Engines, Boilers and other Gas Burning Devices, and Fireplaces; Electronic Equipment, Electric Equipment and Associated Cables Wires and Batteries; Office Supplies and Office Equipment; Hand Tools, Hardware and Brass Keys; and Fertilizers, Soil Amendments, and Pesticides and Herbicides).",food,food
"Fire starter bricks, firelogs and firewood",furniture_or_building,furniture_or_building
"Environmental Exposures; Occupational Exposures; and Product Exposures (Alcoholic Beverages (bars, mini bars); Food and Beverage Operations; Kitchen; Candles; Matches; Sterno Cooking Fuel; Second-hand Smoke and Smokeless Tobacco Products; Cleaning Supplies/Janitorial; Maintenance/Power Tools; Furniture/Furnishings/Window Treatments; Public and Guest Bathrooms; Medical/First Aid Supplies; Internal Combustion (“IC”) Engines, Boilers and other Gas Burning Devices, and Fireplaces; Electronic Equipment, Electric Equipment and Associated Cables Wires and Batteries; Office Supplies and Office Equipment; Hand Tools, Hardware and Brass Keys; and Fertilizers, Soil Amendments, and Pesticides and Herbicides).",food,food
Glassware and Ceramic Products,food_contact,food_contact
Chinese Special Spices,food,food
Eyelash Curlers with Vinyl Grips,textile_or_soft_goods,textile_or_soft_goods
Ceramic Pots with Exterior Designs,food_contact,food_contact
Alcoholic beverage,food,food
Harvest of the Sea Seafood Medley,food,food
"Next Wave Seafood Cooked Mussel Meat, Next Wave Seafood Mussels in a Garlic Butter Sauce, Next Wave Seafood Mussels in a Tomato and Garlic Butter Sauce, Sprouts Little Neck Clams Farmed",food,food
"Vipop travel bottles, Aeomni travel bottles",food_contact,food_contact
Laxmi Freshly Milled Rice Flour (Gluten Free),food,food
Alcoholic beverages,food,food
Island Tree diced peach cups,food_contact,food_contact
Scheels Outfitters 360 Premium Tackle System bag,textile_or_soft_goods,textile_or_soft_goods
"Vinyl, oilcloth or imitation leather fabric",food,textile_or_soft_goods
Vinyl/PVC Can Openers,textile_or_soft_goods,textile_or_soft_goods
BWC daily facial lotion SPF 18; UPC: 000056454154,personal_care,personal_care
Including but not limited to: Bismuth 214; Cesium 137; Cobalt 60; Plutonium 239; Radium 226; Strontium 90. These toxins are in the soil and the air in the community being disturbed again when the digging recently resumed.,food,food
Fishing Sinker,food,food
Musso's Toast Italian Crostini,food,food
"Aloe Soothing Sun Cream; SPF 50+ UPC: 8809416470191, CND™ Hand & Body Scentsations™ Black Cherry & Nutmeg Lotion; UPC: 639370141213, Anthelios 60 Melt-­In Milk Face & Body 60 Sunscreen; UPC: 883140500322",personal_care,personal_care
"The Head Nut, Porcini Mushroom Powder, UPC#NA, The Head Nut, Organic Matcha Powder (Matcha Tea), UPC#NA",food,food
"Napoleon flat anchovies, Napoleon anchovy paste, Napoleon sardines in tomato sauce",food,food
Frank A Edmunds Wood Embroidery Hoop,furniture_or_building,furniture_or_building
Glassware with Exterior Artwork,food_contact,food_contact
"Environmental Exposures; Occupational Exposures; and Product Exposures (Swimming Pool/Hot Tubs; Food and Beverage Operations; Automobile Parking Facilities; Hotel Transportation Vehicles; Kitchen; Matches; Arts & Crafts Supplies and Classes; Sterno Cooking Fuel; Second-hand Smoke and Smokeless Tobacco Products; Cleaning Supplies/Janitorial; Maintenance/Power Tools; Furniture/Furnishings/Window Treatments; Public and Guest Bathrooms; Medical/First Aid Supplies; Internal Combustion (“IC”) Engines, Boilers and other Gas Burning Devices, and Fireplaces; Electronic Equipment, Electric Equipment and Associated Cables Wires and Batteries; Office Supplies and Office Equipment; Hand Tools, Hardware and Brass Keys; and Fertilizers, Soil Amendments, and Pesticides and Herbicides).",food,food
Unreal Dark Chocolate Almond Butter Cups,food,food
"Oats Over Night Shake Chocolate Peanut Butter Naturally Flavored, Oats Over Night Just Add Milk Green Apple Cinnamon Naturally Flavored 20g Protein, Oats Over Night Just Add Milk Mocha Dream Naturally Flavored 20g Protein, Oats Over Night Just Add Milk Chocolate Peanut Butter Banana 20g Protein, Oats Over Night Just Add Milk Strawberries & Cream Naturally Flavored 20g Protein, Oats Over Night Just Add Milk Coconut Cream Pie Naturally Flavored 20g Protein, Oats Over Night Just Add Mylk Dark Chocolate Sea Salt Naturally Flavored 10g Protein, Oats Over Night Just Add Mylk Cinnamon Roll Naturally Flavored 20g Protein, Oats Over Night Just Add Mylk Chocolate Covered Banana Naturally Flavored 20g Protein, Oats Over Night Just Add Milk Chocolate Satin Pie Naturally Flavored 20g Protein",food,food
alcoholic beverages,food,food
Cosmetic/toiletries bag,food,food
Phone Wallet,textile_or_soft_goods,textile_or_soft_goods
Mackerel in Extra Virgin Olive Oil,food,food
"Penetrating oil and release agent, trade name ""Get A Grip""",food,food
Style Collections Warrenton Grommet Top Panel Bag,textile_or_soft_goods,textile_or_soft_goods
Cosmetic/toiletires bags,food,personal_care
Adriatic Sardines in Vegetable Oil with Hot Pepper,food,food
"Headphones with Vinyl/PVC Ear Cushions , Vinyl/PVC Tape",textile_or_soft_goods,textile_or_soft_goods
Headphones with Vinyl/PVC Components,textile_or_soft_goods,textile_or_soft_goods
Restaurants serving alcoholic beverages,food,food
alcoholic beverages,food,food
Skin Creams,personal_care,personal_care
Smoked Mussels in Corn Oil,food,food
"Korova Black Bar 1000mg, Korova Fifty One Fifty Bar 500 mg, Kushy Punch Hybrid Tropical Punch 100 mg, Kushy Punch TKO 200 mg, Cheeba Chews Sativa 70 mg, Korova Mint Dip Cookie 250 mg, Cheeba Chews Deca Dose 175 mg",food,food
Jackson's Avocado Oil Sweet Potato Chips - Cheddar & Sour Cream,food,food
Vinyl coated hand tools,textile_or_soft_goods,textile_or_soft_goods
Handheld Baby Animal Feeders,children_products,children_products
Vinyl/PVC Shoulder Strap Pads,textile_or_soft_goods,textile_or_soft_goods
Zoeva eyeshadow and face powders including but not limited to Zoeva Spice of Life Voyager Eyeshadow Palettes manufactured or processed by Zoeva,food,food
"Wallets, handbags, purses and clutches",textile_or_soft_goods,textile_or_soft_goods
Wood Treatment,furniture_or_building,furniture_or_building
Treated wood,furniture_or_building,furniture_or_building
GreeNoodle with Moroheiya Shitake & Soy Sauce,food,food
alcoholic beverages,food,food
Alcoholic beverage,food,food
Lethal Cosmetic Charged Mascara,personal_care,personal_care
"Bela, Sardines in Extra Virgin Olive Oil, UPC#633600502300, Bela, Sardines in Extra Virgin Olive Oil with Piri-Piri, UPC#633600502331",food,food
Ver Beauty Vintage Clear Makeup Travel Bag with Inner Pocket,personal_care,personal_care
copper cookware with brass components,food_contact,food_contact
Exposure to the plastic bag of The Bloom Decorative Rocks,textile_or_soft_goods,textile_or_soft_goods
Nail polish,household_cleaner,household_cleaner
Trader Joe's Animal Crackers,food,food
fur mama mugs,food_contact,food_contact
SmartyPants Organics Prenatal Formula Multivitamins,textile_or_soft_goods,food
Sprayon Cutting Oils,food,food
"Sardines in Corn Oil, Dried Herring",food,food
"Vinyl balls, Vinyl backpacks, Vinyl coated string, Vinyl coated measuring tape",textile_or_soft_goods,textile_or_soft_goods
Kellogg’s Eggo Chocolate Chip Waffles,food,food
nasal spray,household_cleaner,household_cleaner
seats with vinyl upholstery,textile_or_soft_goods,textile_or_soft_goods
Vinyl Placemats including Spider Web Placemats,textile_or_soft_goods,textile_or_soft_goods
Profusion bag UPC 656497020870,textile_or_soft_goods,textile_or_soft_goods
"Kroger chopped spinach, Kroger cream of mushroom condensed soup",personal_care,personal_care
"Environmental Exposures; Occupational Exposures; and Product Exposures (Swimming Pool/Hot Tubs; Automobile Parking Facilities; Fireplaces and Patio Heaters; Matches; Second-hand Smoke and Smokeless Tobacco Products; Cleaning Supplies/Janitorial; Maintenance/Power Tools; Furniture/Furnishings/Window Treatments; Public and Guest Bathrooms; Medical/First Aid Supplies; Internal Combustion (“IC”) Engines, Boilers and other Gas Burning Devices, and Fireplaces; Electronic Equipment, Electric Equipment and Associated Cables Wires and Batteries; Office Supplies and Office Equipment; Hand Tools, Hardware and Brass Keys; and Fertilizers, Soil Amendments, and Pesticides and Herbicides).",food,food
"Kushy Punch Hybrid Tropical Punch 100 mg, Kushy Punch TKO 200 mg, Korova Black Bar 1000mg, Korova Fifty One Fifty Bar 500 mg, Korova Mint Dip Cookie 250 mg, Korova Chocolate Chip Cookie 150 mg",food,food
Lotrimin Athlete’s Foot Treatment Cream,personal_care,personal_care
"Tools with Vinyl/PVC Grips, Stethoscopes with Vinyl/PVC Tubing",textile_or_soft_goods,textile_or_soft_goods
"Tools with Vinyl Grips, Vinyl Flagging Tape",textile_or_soft_goods,textile_or_soft_goods
"MAKEUP by MARIO SurrealSkinTM Awakening Concealer, MAKEUP by MARIO Foundation",personal_care,personal_care
"Nasal sprays, ointments and eye care products",household_cleaner,household_cleaner
Sunfood Super Foods Super Algae Tablets Spirulina & Chlorella,food,food
"Squid Ring, Cooked Half Shell Black Mussel, Cooked Razor Clam Meat, Dried Anchovy Secher Anchois, Prepared Cuttlefish",food,food
Vinyl/PVC Inflatable Toy,children_products,children_products
Baba Foods Pita Chips,food,food
Headsets Vinyl/PVC Components,textile_or_soft_goods,textile_or_soft_goods
Fish oil dietary supplements,food,food
"Ahmed Foods, Chili Pickle in Vinegar, UPC#054529003011 , Ahmed Foods, Lime & Chili Pickle in Oil, UPC#054529002014, Ahmed, Mango Chutney, UPC#054529004025, Ahmed, Mango Masala, UPC#054529003028, Ahmed Foods, Vindaloo Curry Paste, UPC#054529007033, Ahmed Foods, Tandoori Paste, UPC#054529007019, Ahmed Foods, Curry Paste, UPC#054529007063",food,food
"NY Spice Shop, Maca Root Powder, UPC#NYMB-4519-08, NY Spice Shop, Spirulina Powder, UPC#NYMB-550-04, NY Spice Shop, Tongkat Ali Powder, UPC#NYMB-4527-02, NY Spice Shop, Neem Leaf Powder, UPC#NYMB-1887-08",food,food
Ceramic Products,food_contact,food_contact
"Condor Shooter Gloves, UPC No. 0-22886-22806-4",textile_or_soft_goods,textile_or_soft_goods
Coffee Grinders With Metal Components,food,food
Absolutely Gluten Free Crackers,food,food
"Don't Quit Clean Sports Protein Smooth Vanilla, Don't Quit Clean Protein Rich Chocolate",food,food
Alcoholic beverage,food,food
"Coffee Pro Decangter, UPC No. 6 54954 30029 9",food,food
Salisbury Steak,food,food
KYLIE COSMETICS Matte Liquid Eyeshadow,personal_care,personal_care
Shrimp Sauce,food,food
"Essentials for Men Shave Gel with Aloe & Witch Hazel, Bath & Body Works Champagne Toast Shower Gel",food,personal_care
Fasteners with vinyl components,textile_or_soft_goods,textile_or_soft_goods
Überkinky Whipped Cream After Spanking Cream; UPC: 5055896930141,personal_care,personal_care
"Livingood Daily, Daily Instant Collagen Coffee + Moringa - Vanilla, UPC#198715645644, Livingood Daily, Daily Original Greens + Superfoods, UPC#769894373637",food,food
"Kushy Punch TKO 200 mg , Korova Mint Dip Cookie 250 mg , Kushy Punch Hybrid Tropical Punch 100 mg , Cheeba Chews Sativa 70 mg , Korova Triple Chocolate Brownie 150 mg , Cheeba Chews Hybrid 70 mg , Cheeba Chews Deca Dose 175 mg , Caviar Gold Cavi Cone Strawberry 60 mg , Caviar Gold Cavi Cone Apple , Caviar Gold Cavi Cone Grape , Caviar Gold Cavi Cone Original",food,food
Glassware,food_contact,food_contact
NYX Professional Makeup Sweet Cheeks Creamy Powder Blush (Glow) Red Riot,personal_care,personal_care
Grateful mugs,food_contact,food_contact
Vinyl tool grips,textile_or_soft_goods,textile_or_soft_goods
"Marketside Organic Baby Arugula & Baby Spinach Mix, Marketside Organic Baby Spinach & Baby Kale Mix, Marketside Spinach & Spring Mix",children_products,children_products
Mugs and Other Ceramic Containers with Exterior Artwork,food_contact,food_contact
Portico Designs William Morris Pimpernel Ceramic Dish,food_contact,food_contact
"Walkers with Vinyl/PVC Seat Upholstery, Walker Hand Bags with Vinyl/PVC Shoulder Straps",textile_or_soft_goods,textile_or_soft_goods
Base Culture Keto Bread Products,food,food
Alcoholic beverages,food,food
Wood Treatment,furniture_or_building,furniture_or_building
alcoholic beverages,food,food
Gloves with Vinyl/PVC Components,textile_or_soft_goods,textile_or_soft_goods
"Wallet, Sandals",textile_or_soft_goods,textile_or_soft_goods
"PowerBar Protein Plus Chocolate Peanut Butter, ZonePerfect Nutrition Bar Dark Chocolate Almond, Atkins Meal Cookies n’ Crème Bar, Atkins Treat Nutty Fudge Brownie Bar, thinkThin High Protein Bar, Brownie Crunch, thinkThin High Protein Bar, Chocolate Fudge, thinkThin High Protein Bar, Chunky Peanut Butter, QuestBar Protein Bar, Banana Nut Muffin Flavor, QuestBar Protein Bar, Chocolate Brownie Flavor, MET-Rx Protein Plus, Chocolate Chocolate Chunk, MET-Rx Protein Plus, Super Cookie Crunch, Vega Sport Protein Bar, Chocolate Peanut Butter, Pure Protein Bar, Chocolate Delux, NuGo Dark Chocolate Coconut, NuGo Dark Mint Chocolate Chip, NuGo Dark Mocha Chocolate, NuGo Stronger Caramel Pretzel Protein Bar, Go Macro Macrobar Protein Pleasure, Peanut Butter Chocolate Chip, Go Macro Macrobar Everlasting Joy, Coconut + Almond Butter + Chocolate Chips, Pro Bar Meal Chocolate Coconut",food,food
Glassware with Exterior Artwork,food_contact,food_contact
"Cosmetic Bag, Zippered Pouch, Travel Organizer, Toiletry Bag Set",food,personal_care
"Salted Fish , Fish Crackers",food,food
travel makeup bags,personal_care,personal_care
King Oscar Wild Caught Sardines in Extra Virgin Olive Oil Mediterranean Style,food,food
Ceramic Spoon Rests With Decorations,food_contact,food_contact
World Traveler Coffee Roasters Receipt,food,food
"Beaded Massage Glove, UPC No. 7 32341 10406 1",textile_or_soft_goods,textile_or_soft_goods
Vinyl/PVC Pet Tie-Out Cables,textile_or_soft_goods,textile_or_soft_goods
Orange Glazed Round Saucer,food,food
Square Organizer Bag,textile_or_soft_goods,textile_or_soft_goods
Mary's Gone Crackers Herb Crackers,food,food
Brookstone Travel Kit Hanging Toiletry Bag SKU_127402872167301499 UPC_0802875283713,food,food
Ceramic Tumblers With Exterior Designs,food_contact,food_contact
Alcoholic beverages,food,food
Shellfish,food,food
"Maju Superfoods, Organic Moringa Leaf Powder, UPC#851870008081",food,food
"Nana mugs, Lilo & Stitch mugs, Happy mugs",food_contact,food_contact
"Forever 21 Strawberry Clear Zipper Cosmetic Case, UPC: 012992710101 , Forever 21 Gummy Bear Clear Plastic Zipper Cosmetic Case, UPC: UPC004686610101",personal_care,personal_care
nasal spray,household_cleaner,household_cleaner
Upholstered furniture including ottomans,furniture_or_building,furniture_or_building
"Golden Stag All Purpose Gloves, UPC No. 763476027383",textile_or_soft_goods,textile_or_soft_goods
Liberty Mountain's Vinyl Poncho.,textile_or_soft_goods,textile_or_soft_goods
Tools with Vinyl Grips,textile_or_soft_goods,textile_or_soft_goods
Stella D'oro Almond Toast,food,food
Charcoals/Steam Stones used for smoking Hookah,food,food
Wallets,textile_or_soft_goods,textile_or_soft_goods
chick magnet mugs,food_contact,food_contact
Fable Fish Co. Wild Alaskan Salmon Jerky Sweet Chili,food,food
"Kelly Wynne Mingle Mingle Mini - Clear Plastic handbag and Clear Plastic removable pouch, UPC#857945008000",textile_or_soft_goods,textile_or_soft_goods
Glam-Gloves,textile_or_soft_goods,textile_or_soft_goods
"Packaged Dried Lapsang Souchong Teas, Packaged Dried Oolong Teas",food,food
Ceramic mugs with exterior decorations,food_contact,food_contact
Umpire game wallet,textile_or_soft_goods,textile_or_soft_goods
canned tuna fish,food,food
Simple Truth Organic Baby Spring Mix,children_products,children_products
Vinyl/PVC Coated Wire Clotheslines,textile_or_soft_goods,textile_or_soft_goods
"Preferred Keto, Collagen with MCT Oil - Vanilla, UPC#868053000459",food,food
Glassware w/Exterior Artwork,food_contact,food_contact
Mini Purse,textile_or_soft_goods,textile_or_soft_goods
alcoholic beverages,food,food
mercury in nasal sprays,household_cleaner,household_cleaner
Clothing,textile_or_soft_goods,textile_or_soft_goods
Nail polish,household_cleaner,household_cleaner
Fishing Sinker,food,food
"Maggi – Cuppa Mania – Masala Indian Noodles - Spicy , Maggi – 2-Minute Noodles – Masala - Spicy , Maggi – 2-Minute Noodles – Masala – Spicy (Double Pack)",food,food
Replenishing Body Butter – White Tea & Water Lily,food,food
Valves with Vinyl Grips,textile_or_soft_goods,textile_or_soft_goods
bag in bag handbags,textile_or_soft_goods,textile_or_soft_goods
Equator Coffees Receipt,food,children_products
Marth Wood Shaving Supply Quality Animal Bedding,furniture_or_building,furniture_or_building
Glassware with colored artwork or designs on the exterior,food_contact,food_contact
"Sardines in Tomato Sauce, Sardines in Soy Oil",food,food
Alcoholic beverage,food,food
Roc Plumbing brand of hose bibbs/valves,children_products,children_products
Tools with Vinyl/PVC Grips,textile_or_soft_goods,textile_or_soft_goods
Faux Leather Phone Handbag UPC#7 33987 65556 6 No. 312150,textile_or_soft_goods,textile_or_soft_goods
"14-inch Black Gauntlet PVC Gloves, Item # RTAGCOR5014",textile_or_soft_goods,textile_or_soft_goods
Clarins Gentle Peeling Smooth Away Cream,personal_care,personal_care
vinyl travel accessories,textile_or_soft_goods,textile_or_soft_goods
Jalapeno Cassava Chips,food,food
The Fish Market crab cakes,food,food
High Beams Intense Spray-On Hair Color,household_cleaner,household_cleaner
Glassware With Exterior Designs,food_contact,food_contact
MAC COSMETICS Magic Extension Mascara,personal_care,personal_care
Travel Bags,textile_or_soft_goods,textile_or_soft_goods
Glassware and Ceramic Products,food_contact,food_contact
Bar-B-Que Sauce,food,food
Ceramic Products,food_contact,food_contact
Long's Therapeutic T+Plus Gel Shampoo,personal_care,personal_care
Cowshed cosmetic bag,personal_care,personal_care
Good Snacks Choc. P.B. Protein Bar,food,food
Clear plastic bag containing Skylite Personal Essentials Kit,textile_or_soft_goods,textile_or_soft_goods
"Ronda's Fine Foods, Romesco Dip Sauce Spread Spicy, UPC#860006908423",food,food
Furniture products,furniture_or_building,furniture_or_building
"Kroger graham stix, Kroger apple cinnamon cereal bars",food,food
"Body Wash, Shampoo",personal_care,personal_care
"Chex Mix Savory Bold Party Blend Snack Mix , Chex Traditional Savory Snack Mix",food,food
Glassware,food_contact,food_contact
Leaded crystal glassware,food_contact,food_contact
"Nature's Intent, Dark Chocolate Enrobed Mandarins, UPC#857308005424",food,food
"good vibes mugs, plant lady mugs",food_contact,food_contact
Tools with Vinyl/PVC Grips,textile_or_soft_goods,textile_or_soft_goods
Zober Rolling Christmas Tree Bag,textile_or_soft_goods,textile_or_soft_goods
"Environmental Exposures; Occupational Exposures; and Product Exposures (Alcoholic Beverages (bars, mini bars); Food and Beverage Operations; Hotel Transportation Vehicles; Kitchen; Valet (shoeshine and dry cleaning delivery); Matches; Sterno Cooking Fuel; Second-hand Smoke and Smokeless Tobacco Products; Cleaning Supplies/Janitorial; Maintenance/Power Tools; Furniture/Furnishings/Window Treatments; Public and Guest Bathrooms; Medical/First Aid Supplies; Internal Combustion (“IC”) Engines, Boilers and other Gas Burning Devices, and Fireplaces; Electronic Equipment, Electric Equipment and Associated Cables Wires and Batteries; Office Supplies and Office Equipment; Hand Tools, Hardware and Brass Keys; and Fertilizers, Soil Amendments, and Pesticides and Herbicides).",food,food
cases of nail polish sets,household_cleaner,household_cleaner
Glassware,food_contact,food_contact
Glassware and Ceramic Products,food_contact,food_contact
"Korova Black Bar 1000mg, Korova Chocolate Chip Cookie 150 mg, Korova Fifty One Fifty Bar 500 mg, Korova Triple Chocolate Brownie 150 mg, Kushy Punch Hybrid Tropical Punch 100 mg, Kushy Punch TKO 200 mg",food,food
Glassware With Exterior Designs,food_contact,food_contact
Spikes & Sparrow Genuine Leather Wallet,textile_or_soft_goods,textile_or_soft_goods
Morrocan Sun Travel Tea Palette,food,food
Books or journals with vinyl covers,textile_or_soft_goods,textile_or_soft_goods
Glassware with exterior artwork,food_contact,food_contact
Rice,food,food
Shellfish,food,food
Coffee,food,food
"Fish in the form of meals containing albacore tuna, mahi mahi, cod and halibut.",food,food
Kylie Cosmetics Blush,personal_care,personal_care
Tio Chan Ramen Noodle Chicken Flavor,food,food
Bag of 300 pcs Black Hairbands Scunci,textile_or_soft_goods,textile_or_soft_goods
Rice flour,food,food
Shellfish,food,food
"Wallet with PVC Components (""Wallet"")",textile_or_soft_goods,textile_or_soft_goods
Neutrogena Therapeutic T-Gel Conditioner,personal_care,personal_care
Augbunny Multi-purpose Organizer bags,textile_or_soft_goods,textile_or_soft_goods
"Glassware, Ceramicware, Lead soldered products, Leaded crystal",food_contact,food_contact
Handheld Scales With Vinyl Components,textile_or_soft_goods,textile_or_soft_goods
alcoholic beverages,food,food
Vinyl Covered Cables,textile_or_soft_goods,textile_or_soft_goods
Reversible Bag,textile_or_soft_goods,textile_or_soft_goods
Cosmetics bags,personal_care,personal_care
Fish & Chips Snacks,food,food
Wicked by Ciroa Food Mortar,food,food
"Sardines in Corn Oil, Dried Herring",food,food
Glassware with Exterior Artwork,food_contact,food_contact
ChocZero 70% Dark Chocolate Squares,food,food
Gift Set Bag,textile_or_soft_goods,textile_or_soft_goods
Alcoholic beverages,food,food
Mario’s Family Clothing Center Receipt,textile_or_soft_goods,textile_or_soft_goods
Equate Jock Itch Cream,personal_care,personal_care
"Tile Cutter Hand Grips, Hand Tools with Vinyl/ PVC Grips",textile_or_soft_goods,textile_or_soft_goods
Glassware with artwork or designs on the exterior,food_contact,food_contact
Skin Creams,personal_care,personal_care
"Book covers, Purses",textile_or_soft_goods,textile_or_soft_goods
Ceramic Containers with Exterior Designs,food_contact,food_contact
Three Wishes Cocoa Grain Free Cereal - UPC:8-6000215249-3,food,food
travelbags,textile_or_soft_goods,food
"Kushy Punch TKO 200 mg, Kushy Punch Hybrid Tropical Punch 100 mg, TKO Peanut Butter Cookie 160 mg",food,food
Children's Bath Toys,children_products,children_products
"Pavillion Products Vinyl Shower Curtain, UPC No. 0 95726 10299 2",textile_or_soft_goods,textile_or_soft_goods
"Rubber Test Cap w/ Hose Bib, Part No. PFETCHBK, UPC No. 7 81889 14115 1",children_products,children_products
cellphone wallets,textile_or_soft_goods,textile_or_soft_goods
Sunday Snacks Cinnamon Churro cassava chips,food,food
Food Earth Organic Vegetable Biryani,food,food
Dried Salted Mullet Fish,food,food
Ceramic Mugs With Exterior Designs,food_contact,food_contact
Mindspace organizer bag,textile_or_soft_goods,textile_or_soft_goods
"365 Peanut Butter Crunchy, 365 Peanut Butter Creamy, 365 Organic Creamy Peanut Butter Spread, 365 Organic Crunchy Peanut Butter Spread, 365 Organic Creamy Peanut Butter Spread Unsweetened, 365 Organic Creamy Peanut Butter Unsweetened & No Salt, 365 Almond Butter Crunchy, 365 Almond Butter Creamy, 365 Organic Almond Butter Unsweetened & No Salt",personal_care,personal_care
"firewood, woodchips, charcoal",food,food
"Aloha Organic Protein Drink Coconut Plant-Based Protein, Aloha Organic Protein Drink Vanilla Flavored Plant-Based Protein, Aloha Organic Protein Drink Chocolate Sea Salt Flavored Plant-Based Protein",food,food
Alcoholic beverages,food,food
Yarnology Yarn Bowl,food_contact,food_contact
"Seaweed Snack , Seaweed Salad",food,food
Suction Cup,food_contact,food_contact
Alcoholic beverage,food,food
"Reese Petite Smoked Oysters (Fancy Cherry Wood in Cottonseed Oil), Reese Medium Smoked Oysters (Fancy Cherry Wood in Cottonseed Oil), Reese Colossal Smoked Oysters (Fancy Cherry Wood in Cottonseed Oil), Reese Smoked Baby Clams (Fancy Cherry Wood in Cottonseed Oil)",food,food
Roasted Seaweed Snack,food,food
"Double Wood Supplements, Maca Root Supplement, UPC#X002J3H13B",furniture_or_building,furniture_or_building
Kevins Natural Foods Mashed Sweet Potatoes,food,food
"Nana Solutions, Panang Curry Paste Medium Spice, UPC#X003SKBTKF",food,food
Rongrong Devoe Fall Tableware 2021 mug,food_contact,food_contact
whole baby clams,children_products,children_products
"Discharge into Anderson Creek, Cottonwood Creek and the Sacramento River",furniture_or_building,furniture_or_building
Five Spice Powder,food,food
Cadco steam pan,food,food
Stark cargo bag,textile_or_soft_goods,textile_or_soft_goods
Fish oil,food,food
Shellfish,food,food
Children's Costumes w/Vinyl Components,children_products,children_products
Frozen Fish Balls,food,food
Squid Cracker,food,food
rainbow mugs,food_contact,food_contact
Sardines in Corn Oil,food,food
Specially Selected Mussels in Tomato Garlic Sauce,food,food
alcoholic beverages,food,food
Cosmetics/toiletries cases,food,food
Prell Shampoo,personal_care,personal_care
Roasted Filefish,food,food
365 Everyday Value - Himalayan Salt Almond & Sunflower Seed Flour Crackers,food,food
Paldo Lobster Flavor Langosta King Noodle,food,food
Prawn Cracker Seaweed,food,food
Alcoholic beverages,food,food
Better Home mattress cover,furniture_or_building,furniture_or_building
"Upholstered Chairs with Foam Padding containing Tris(1,3-dichloro-2-propyl) phosphate, Upholstered Chairs with Foam Padding containing Tris(2-chloroethyl) phosphate , Chairs with Vinyl/PVC Upholstery containing Di(2-ethylhexyl)phthalate",textile_or_soft_goods,textile_or_soft_goods
Glassware Products,food_contact,food_contact
Ceramic beverage containers,food,food
Pacific Frozen Seafood Mix,food,food
Alcoholic beverage,food,food
Wododo Shiny Neon Fanny Bag; ASIN: B07CGDP91K,textile_or_soft_goods,textile_or_soft_goods
Furniture products,furniture_or_building,furniture_or_building
Pascha - Organic Dark Chocolate 85% Cacao,food,food
Food Cover – Reusable Pouch,food,food
Grobet Brass Craft Caliper/Gauge with Vinyl Case,textile_or_soft_goods,textile_or_soft_goods
"Meowtastic Blood Bags for Drinks, Auseibeely Clear Cosmetics Bag",personal_care,textile_or_soft_goods
4x6 Photo Opening – polished Metal,household_cleaner,household_cleaner
Glassware and Ceramic Products,food_contact,food_contact
"Human Vitae, Supergreens Premium Juice Powder, UPC#639510967901",food,food
Trailsmith Leather Glove,textile_or_soft_goods,textile_or_soft_goods
Wild Rice,food,food
Duffel Bag with Polymer Components,textile_or_soft_goods,textile_or_soft_goods
Ceramicware Products,food_contact,food_contact
"Korova Black Bar 1000mg , Korova Fifty One Fifty Bar 500 mg , Korova Triple Chocolate Brownie 150 mg , Korova Chocolate Chip Cookie 150 mg , TKO Peanut Butter Cookie 160 mg",food,food
Isabella Vegan Handbag,textile_or_soft_goods,textile_or_soft_goods
Mint Essential Oil Air Device Cores,food,food
"Korova Black Bar 1000mg, Korova Fifty One Fifty Bar 500 mg, Cheeba Chews Sativa 70 mg, Cheeba Chews Hybrid 70 mg, Kushy Punch Hybrid Tropical Punch 100 mg, Kushy Punch TKO 200 mg, Korova Triple Chocolate Brownie 150 mg, Cheeba Chews Deca Dose 175 mg",food,food
Cadia Organic Honey Graham Crackers,food,food
Dartwood Transparent & Clear Hard Shell Cover for 13” Macbook Air,furniture_or_building,textile_or_soft_goods
"Simple Truth Organic breakfast cookies, Kroger Crumdillyicious graham crackers, Simple Truth organic raisin bran",food,food
"Korova Black Bar 1000mg, Korova Chocolate Chip Cookie 150 mg, Korova Fifty One Fifty Bar 500 mg, Korova Mint Dip Cookie 250 mg, Korova Triple Chocolate Brownie 150 mg, Cheeba Chews Sativa 70 mg, Cheeba Chews Hybrid 70 mg, Cheeba Chews Deca Dose 175 mg",food,food
"Whole Foods 365 Organic Dark Chocolate Coconut 56% Cacao Bar, Whole Foods Market Organic Dark Chocolate Tanzania Schoolhouse Project Bar (72% Cacao), Whole Foods Market Organic Dark Chocolate & Almond Tanzania Schoolhouse Project Bar (72% Cacao)",food,food
SHIKAI Volumizing Shampoo,personal_care,personal_care
Alcoholic beverage,food,food
Koya Organic Soba Noodles,food,food
Vinyl Art Smocks,textile_or_soft_goods,textile_or_soft_goods
Vinyl/PVC Long-Handled Tool Grips,textile_or_soft_goods,textile_or_soft_goods
Daily Harvest harvest bowls,food_contact,food_contact
Ceramic Plates With Designs,food_contact,food_contact
"Bags, Messenger Bags, Duffels, Cosmetic Bags, Toiletry Cases, Train Cases, Backpacks, Luggage, Handbags, Totes, Wallets, Purses",food,textile_or_soft_goods
Automotive Accessories with Polymer Suction Cups,food_contact,food_contact
Ceramic Picture Frames With Exterior Designs,food_contact,food_contact
cosmetics cases,personal_care,personal_care
Charcoals/Steam Stones used for smoking Hookah,food,food
Dark Chocolate Covered Peanuts,food,food
Glassware and Ceramic Products,food_contact,food_contact
"Glassware, Ceramicware, Lead Soldered products, Leaded crystal",food_contact,food_contact
Fishing Sinker,food,food
T-Shirt & Jeans Backpack,textile_or_soft_goods,textile_or_soft_goods
Books with Vinyl/PVC Covers,textile_or_soft_goods,textile_or_soft_goods
Le Sauce & Co Gourmet Pasta Sauce Tomato Basil,food,food
Whole Foods Market Sesame Cucumber Noodles,food,food
wallets,textile_or_soft_goods,textile_or_soft_goods
Portable Waterproof Cosmetic Makeup,personal_care,personal_care
"General Violations including Tobacco Smoke; Combustion Products and Materials; Hobby-Related Products and Materials; Apartment Properties Construction Materials; Potable Water Systems; Paints, Finishes and Coatings; Furniture Furnishing and Window Treatments; Brass Hardware, Metal Surfaces, and Electrical Wiring/Fixtures; Natural Gas, Liquid Fuel Gases and Fuel Oil Combustion; Automobile Parking Facilities, Designated Loading/Unloading Locations and Transportation Services; Apartment Cleaning and Maintenance; Exterior and Common Area Maintenance and Cleaning; Landscaping Maintenance Activities and Pesticides; Electronic and Electric Equipment and Associated Cables, Wires and Batteries; Office Supplies and Office Equipment.",food,food
Pennzoil Performax,food,food
Toilet Seat with Plastic/Vinyl Components,food,textile_or_soft_goods
Makeup Brush Bag Case Organizer in Black; ASIN: B07MKPCXT5; UPC: 045928594194; Item: ELJ0112,personal_care,personal_care
Disney Mickey toy bag,children_products,children_products
nasal sprays,household_cleaner,household_cleaner
Spring Clamps with vinyl grips and tips,textile_or_soft_goods,textile_or_soft_goods
Shellfish,food,food
"Karma Clear & Green-Striped Shopping Bag; S18-1BG20; SKU 400177990133, Kensie Boarding Pass (Set of 3 Bags); SKU 400177510522, Rectangular Rose Gold-Colored Purse with Chain; Style# H17101320; SKU 400171428601",textile_or_soft_goods,textile_or_soft_goods
Brass Potpourri Bowl,food_contact,food_contact
Teas in plastic tea bags,food,food
"Vinyl tool grips, Vinyl rainwear",textile_or_soft_goods,textile_or_soft_goods
Template Guide Sets,food_contact,food_contact
Warrior Food Natural Vegan Protein,food,food
Fishing Worm Weight Sinkers Bullet Lead Sinker Weights Fishing Tackle Accessories Kit Size: 1/8oz 20 pcs,food,food
Dried Teas (Loose Leaf and Bagged),food,food
"NATIONAL- BEEF BIRYANI, NATIONAL- ACHAR GOSHT, NATIONAL- BIHARI KABAB, NATIONAL- BIRYANI, NATIONAL- CHAPLI KABAB, NATIONAL- DAAL MAKHNI, NATIONAL- CELHI NIHARI , NATIONAL- CURRY POWDER, NATIONAL- DAIHGI DANEDAR HALEEM, NATIONAL- GARAM MASALA, NATIONAL- HALEEM, NATIONAL- KOFTA, NATIONAL- LAHORI FISH, NATIONAL- MALAI TIKKA, NATIONAL- MASALEDAR BOMBAY BIRYANI, NATIONAL- MUTTON BIRYANI, NATIONAL- PALAK GOSHT, NATIONAL- SEEKH KABAB, NATIONAL- SINDHI BIRYANI, NATIONAL- TURMERIC POWDER, NATIONAL- QUICK COOK HALEEM , NATIONAL- QUORMA, NATIONAL- VEGETABLE BOMBAY BIRYANI, NATIONAL- VEGETABLE PULAO, NATIONAL- WHITE KARAHI",food,food
"Wheelchairs with Armrests, Legrests and/or other accessible Vinyl Components",textile_or_soft_goods,textile_or_soft_goods
Bouchard Probiotic Chocolate,food,food
Upholstered furniture,furniture_or_building,furniture_or_building
Bibigo Shrimp & Vegetable Fried Rice,food,food
"Buried Treasure, Childrens ACF Advanced Immune Response, UPC#016055456822",children_products,children_products
Cod Liver in Own Oil,food,food
Glass and ceramicware with exterior artwork,food_contact,food_contact
Alcoholic beverages,food,food
Children's Footwear,children_products,children_products
Books or journals with vinyl covers,textile_or_soft_goods,textile_or_soft_goods
"Crystallized Ginger , Vegetable Chips",food,food
Fenty Beauty Killawatt Foil Freestyle Hilighter,food,food
The Insulated Pizza Delivery Bag,textile_or_soft_goods,textile_or_soft_goods
Baggallini bag/case/organizer,textile_or_soft_goods,textile_or_soft_goods
Brass Valved Beverage Dispensers,food,food
Children's Clothing,children_products,children_products
"PinkStork by Amy Suzanne Pregnancy + Postpartum Protein Chocolate Truffle Flavor Whey + Collagen Protein Powder, PinkStork by Amy Suzanne Fertility Support Prenatal Multivitamin + Proprietary Fertility Blend",food,food
POSSIBLE Snack Bar - Cashew Date Turmeric,food,food
Origins Silk Screen Refining Makeup Powder - Oatmeal,personal_care,personal_care
Hollywood Beauty Carrot Creme Leave In Conditioner,personal_care,personal_care
Plastic bag containing nail files,textile_or_soft_goods,textile_or_soft_goods
Vanity Planet - Bolsa Makeup Bag,personal_care,personal_care
Fitz & Floyd Floral Mug,food_contact,food_contact
Metal and Glass Containers,food_contact,food_contact
Vinyl/PVC Covers,textile_or_soft_goods,textile_or_soft_goods
Alcoholic beverage,food,food
Tools w/vinyl grips,textile_or_soft_goods,textile_or_soft_goods
IT COSMETICS Bye Bye Pores Blush,personal_care,personal_care
Rice Pilaf Mix - Spanish Rice,food,food
"Function of Beauty Curls with Benefits Define, Detangle & Shine Spray for Curly / Coily Hair",food,household_cleaner
Vinyl Ab Mats,textile_or_soft_goods,textile_or_soft_goods
Soozys birthday cake cookies,food,food
Sunsweet Prune Juice,food,food
"Korova Black Bar 1000mg, Korova Fifty One Fifty Bar 500 mg, Korova Mint Dip Cookie 250 mg, Kushy Punch TKO 200 mg, Cheeba Chews Sativa 70 mg, Cheeba Chews Hybrid 70 mg, TKO Peanut Butter Cookie 160 mg, Cheeba Chews Deca Dose 175 mg",food,food
Brad's Ranch Salad Snack,food,food
"Cheeba Chews Sativa 70 mg , Cheeba Chews Hybrid 70 mg , Korova Black Bar 1000mg , Korova Chocolate Chip Cookie 150 mg , Korova Fifty One Fifty Bar 500 mg , Korova Chocolate Chip Cookie 150 mg , Korova Mint Dip Cookie 250 mg , Kushy Punch TKO 200 mg , Kushy Punch Hybrid Tropical Punch 100 mg , Cheeba Chews Deca Dose 175 mg , Caviar Gold Cavi Cone Strawberry 60 mg , Caviar Gold Cavi Cone Apple , Caviar Gold Cavi Cone Grape , Caviar Gold Cavi Cone Original",food,food
Ceramic Boxes With Exterior Designs,food_contact,food_contact
Glass Bottles with Exterior Decoration,food_contact,food_contact
Vinyl/PVC Cutting Mats,textile_or_soft_goods,textile_or_soft_goods
"Wallets, Handbags, Purses and Clutches Made With Leather, Vinyl or Imitation Leather Materials",textile_or_soft_goods,textile_or_soft_goods
"Korova Black Bar 1000mg, Kushy Punch TKO 200 mg, Kushy Punch Hybrid Tropical Punch 100 mg, TKO Peanut Butter Cookie 160 mg",food,food
Vinyl tool grips,textile_or_soft_goods,textile_or_soft_goods
Roasted Sprats in Tomato Sauce,food,food
Simple Function Bag/Carry Case SKU_400250277397000699 UPC_None,textile_or_soft_goods,textile_or_soft_goods
"Wallets, handbags, purses and clutches",textile_or_soft_goods,textile_or_soft_goods
Odor-Eaters Foot Spray,household_cleaner,household_cleaner
"Dowco Iron Rider Cruiser Tank Bag with Map Pocket - Clear Plastic Window and Black Material, UPC#830460001411",textile_or_soft_goods,textile_or_soft_goods
Coffee,food,food
Cosmetics,personal_care,personal_care
"Leather Palm Work Gloves, UPC# 724531116295",textile_or_soft_goods,textile_or_soft_goods
Valve Handles with Vinyl/PVC Grips,textile_or_soft_goods,textile_or_soft_goods
Whole Foods Market Tortilla Chips Heirloom White Corn,food,food
Amy's Bowls - Country Breakfast Bake with Meatless Sausage (8 oz),food,food
Teas in plastic tea bags,food,food
"Great American Seafood Imports Co. Farm Raised Mussels , Albertsons Live Eastern Oysters in Shell , Albertsons Live Wild Littleneck Clams , Waterfront Bistro Mussels in Garlic Butter Sauce",food,food
Alcoholic beverage,food,food
My Tagalongs Cosmetic Pouch,personal_care,personal_care
Eli + Ana Ceramic Strawberry Measuring Cups,food_contact,food_contact
Secret Key Snow White Cream,personal_care,personal_care
Homeworx By Slatkin 2-Sea Salt Lavender Gel Hand Soap Infused With Essential Oils,food,personal_care
Vinyl/PVC Sound Amplifier Cords,textile_or_soft_goods,textile_or_soft_goods
Four Elephants Rice Paper for Spring Roll,food,food
"Earthy Krunchy, Kale Chips - Sour Cream and Onion, UPC#860008707710, Earthy Krunchy, Kale Chips - Cheezy Lemon Garlic, UPC#860008707703",food,food
shirts,textile_or_soft_goods,textile_or_soft_goods
Phyto Perfect – Plant Based Protein & Superfoods,food,food
Dried Oolong Teas,food,food
Brass Valved Beverage Dispensers,food,food
Clear Bag Crossbody; ASIN: B07Y6XQTQF,textile_or_soft_goods,textile_or_soft_goods
Vinyl bedding storage cases,textile_or_soft_goods,textile_or_soft_goods
"Snow's Chopped Clams in clam juice, Bumble Bee Premium Select Fancy Smoked Oysters",food,food
"Korova Black Bar 1000mg , Korova Fifty One Fifty Bar 500 mg , Korova Chocolate Chip Cookie 150 mg , Korova Fifty One Fifty Bar 500 mg , Kushy Punch Hybrid Tropical Punch 100 mg , Kushy Punch TKO 200 mg",food,food
Alcoholic beverage,food,food
Glass and ceramic products,food_contact,food_contact
Sweet Well Double Chocolate Cookies with Collagen,food,food
Children's sandals,children_products,children_products
Glass beverage containers,food,food
Vinyl Aprons,textile_or_soft_goods,textile_or_soft_goods
Fishing tackle,food,food
Children's Backpack,children_products,children_products
"Environmental Exposures; Occupational Exposures; and Product Exposures (Swimming Pool/Hot Tubs; Food and Beverage Operations; Automobile Parking Facilities; Kitchen; Valet (shoeshine and dry cleaning delivery); Matches; Arts & Crafts Supplies and Classes; Second-hand Smoke and Smokeless Tobacco Products; Cleaning Supplies/Janitorial; Maintenance/Power Tools; Furniture/Furnishings/Window Treatments; Public and Guest Bathrooms; Medical/First Aid Supplies; Internal Combustion (“IC”) Engines, Boilers and other Gas Burning Devices, and Fireplaces; Electronic Equipment, Electric Equipment and Associated Cables Wires and Batteries; Office Supplies and Office Equipment; Hand Tools, Hardware and Brass Keys; and Fertilizers, Soil Amendments, and Pesticides and Herbicides).",food,food
"Wadi Food Foul Medammes Fava Beans, Original Taste – UPC No.: 4-6-223000198100",food,food
"Sooez plastic zip pouches, cases of Silolever travel bottles",food_contact,food_contact
Goodnessknows Snack Squares Blueberry Almond Dark Chocolate,food,food
"Korova Black Bar 1000mg, Korova Chocolate Chip Cookie 150 mg, Korova Fifty One Fifty Bar 500 mg, Korova Triple Chocolate Brownie 150 mg, Kushy Punch TKO 200 mg",food,food
Upholstered Furniture,furniture_or_building,furniture_or_building
Alcoholic beverage,food,food
"firewood, woodchips, charcoal",food,food
"Nutrient Survival Protein Shake, Creamy Vanilla",personal_care,personal_care
"Malama Mushrooms, Superfood Fungi Chaga Powder Extract, UPC#850015700033, Malama Mushrooms, Superfood Mushroom Turkey Tail Powder Extract, UPC#850015700224, Malama Mushrooms, Superfood Mushroom Reishi Powder Extract, UPC#850015700026",food,food
"Vineyard Berries Hand Soap - UPC: 0667533196404, Caribbean Escape Hand Soap - UPC: 0667531805612, Bourbon Peach Hand Soap - UPC: 0667533321103, Crimson Plum Hand Soap - UPC: 0667533267005, Farmstand Apple Hand Soap - UPC: 0667533266527, Wildberry Fresia Hand Soap - UPC: 0667532577884, Dancing Waters Hand Soap - UPC: 0667531805636, Heirloom Pear Hand Soap - UPC: 0667533266510, Lavender & Chamomile Hand Soap - UPC: 050428540442, Clean Anti bacterial Hand Soap - UPC: 050428288214, Softsoap Soothing Aloe Vera Hand Soap - UPC: 074182270810, Softsoap Milk & Golden Honey Hand Soap - UPC: 074182292546, Softsoap Wintermint Wonderland Hand Soap - UPC: 074182269463, Lilac & Freesia Hand Soap - UPC: 074182262525, Prell Shampoo - UPC: 855093430131",personal_care,personal_care
Service Tools Pliers with Vinyl-Coated Grips,textile_or_soft_goods,textile_or_soft_goods
Peter MD Greens Superfood Powder,food,food
Annie Chun’s Pad Thai Brown Rice Noodles,food,food
Alcoholic beverage,food,food
Earth's Best Organic Organic Whole Grain Rice Cereal,food,food
Ceramic Picture Frames With Decorations,food_contact,food_contact
Cabelas leather gloves,textile_or_soft_goods,textile_or_soft_goods
"Why Not Natural, Pure Organic Moringa Green Superfood, UPC#X004IVFMS3",food,food
Spray On Sunscreens,household_cleaner,household_cleaner
"Haddon House Lightly Smoked Hot Spiced Sardines in Pure Olive Oil, Salt Added",food,food
BSN True Mass Protein Powder Chocolate Milk Shake,food,food
MARIO BADESCU Super Rich Olive Body Lotion,personal_care,personal_care
"Shampoo and Liquid Soaps Such as Hand Soap, Body Wash and Bubble Bath",personal_care,personal_care
performance gloves,textile_or_soft_goods,textile_or_soft_goods
Alcoholic beverage,food,food
Firstgear Laguna Tank Bag,textile_or_soft_goods,textile_or_soft_goods
NPW Golf Mug,food_contact,food_contact
Waste Bag Dispenser,textile_or_soft_goods,textile_or_soft_goods
Daiso Steel Hanger for Pants and Skirts with non-slip grips,textile_or_soft_goods,textile_or_soft_goods
Missha M Perfect Cover B.B Cream,personal_care,personal_care
Soap Tray with Suction Cups,food_contact,food_contact
Drinking Glasses and Other Glassware,food_contact,food_contact
Alcoholic beverages,food,food
Fishing Sinker,food,food
Shellfish,food,food
"Juce, Raw Reds (Plant Based Superfood), UPC#860011682042, Juce, Raw Greens (Plant Based Superfood), UPC#860011682035, Juce, Belly Bliss (Digestion + Bloating + Probiotics) - Peach, UPC#865543000333",food,food
Ceramic and glassware with exterior artwork,food_contact,food_contact
Equal Exchange Organic Dark Chocolate Panama Extra Dark 80%; UPC: 4599899018,food,food
Alcoholic beverage,food,food
Glassware and Ceramic Products,food_contact,food_contact
Brass Valved Beverage Dispensers,food,food
Alcoholic beverages,food,food
Glassware and Ceramic Products,food_contact,food_contact
Fishing Sinker,food,food
"Korova Black Bar 1000mg, Korova Fifty One Fifty Bar 500 mg, Cheeba Chews Sativa 70 mg, Cheeba Chews Hybrid 70 mg, Korova Mint Dip Cookie 250 mg, Korova Chocolate Chip Cookie 150 mg, Korova Triple Chocolate Brownie 150 mg, Cheeba Chews Deca Dose 175 mg",food,food
"Seaweed Chips, Raw Seaweed",food,food
Rice,food,food
"Padded armrests and other vinyl upholstered components used for wheelchairs, Walking canes with vinyl components, Wheelchairs with padded armrests and/or other accessible vinyl components, Rollators with accessible vinyl components",textile_or_soft_goods,textile_or_soft_goods
Ceramic Mugs with Exterior Designs,food_contact,food_contact
"firewood, woodchips, charcoal",food,food
Island Snacks Chamoy Chili melon Rings,food,food
"Kroger Premium Lump Crab Meat, Kroger Ground Turmeric",food,food
GNC SuperFoods 25 Berry Flavor,food,food
"Better Office Products Clear Bag, 80418",textile_or_soft_goods,textile_or_soft_goods
CleanLife No Rinse shampoo,personal_care,personal_care
Small Brass Candle Cups,food_contact,food_contact
Pioggia Vinyl Tablecloths,textile_or_soft_goods,textile_or_soft_goods
"Woodstock, Organic Non-Pereil Capers, UPC#042563019013",furniture_or_building,furniture_or_building
Teas in plastic tea bags,food,food
Gloves with Vinyl Components,textile_or_soft_goods,textile_or_soft_goods
Alcoholic beverages,food,food
Upholstered furniture including stools,furniture_or_building,furniture_or_building
Vinyl Tubing,textile_or_soft_goods,textile_or_soft_goods
Vinyl/PVC Tool Grips,textile_or_soft_goods,textile_or_soft_goods
Alcoholic beverage,food,food
Seaweed snacks,food,food
wood pellets,furniture_or_building,furniture_or_building
Cheep Chips Sweet & Spicy BBQ Flavored Corn Chips,food,food
"SHE Aromatherapy Sensual Sandalwood, Vanilla & Bergamot Hand Wash. UPC: 9321743011773",furniture_or_building,personal_care
Moist Diane Natural & Hydrating Hair Shampoo Lavender,personal_care,personal_care
Lead fishing weights,food,food
"Patagonia Provisions, Smoked Mackerel in Organic Extra, Virgin Olive Oil, UPC#810981021853, Patagonia Provisions, Roasted Garlic Spanish White Anchovies in Organic Extra Virgin Olive Oil, UPC#810981021907",food,food
"Juicing Greens Baby Spinach, Baby Kale",children_products,children_products
Glass and ceramicware with exterior artwork,food_contact,food_contact
"Gaming Chairs with Foam Padding, Gaming Chairs with Vinyl/PVC Upholstery",textile_or_soft_goods,textile_or_soft_goods
"Universal Fit, 4-Piece Set Vinyl Car Floor Mats #910; UPC033299255394",textile_or_soft_goods,textile_or_soft_goods
"This notice pertains to cannabis-infused products, including but not limited to edibles such as gummies, chocolates, and other confectionery items containing THC (Δ⁹-Tetrahydrocannabinol), as well as beverages infused with THC or other cannabis compounds. The products covered by this notice also extend to cannabis flower, pre-rolls, and other inhalable marijuana products.",food,food
"Great American Seafood Imports Co. Farm Raised Mussels , Albertsons Live Eastern Oysters in Shell , Albertsons Live Wild Littleneck Clams , Waterfront Bistro Mussels in Garlic Butter Sauce",food,food
Tote bags,textile_or_soft_goods,textile_or_soft_goods
Alcoholic beverage,food,food
Chiller Bag,textile_or_soft_goods,textile_or_soft_goods
Gloves with Vinyl/PVC Components,textile_or_soft_goods,textile_or_soft_goods
Vinyl/PVC Keychains,textile_or_soft_goods,textile_or_soft_goods
Bag Clips With Vinyl Grips,textile_or_soft_goods,textile_or_soft_goods
"Environmental Exposures; Occupational Exposures; and Product Exposures (Swimming Pool/Hot Tubs; Automobile Parking Facilities; Fuel Dispensing; Kitchen; Matches; Arts & Crafts Supplies and Classes; Second-hand Smoke and Smokeless Tobacco Products; Cleaning Supplies/Janitorial; Maintenance/Power Tools; Furniture/Furnishings/Window Treatments; Public and Guest Bathrooms; Medical/First Aid Supplies; Internal Combustion (“IC”) Engines, Boilers and other Gas Burning Devices, and Fireplaces; Electronic Equipment, Electric Equipment and Associated Cables Wires and Batteries; Office Supplies and Office Equipment; Hand Tools, Hardware and Brass Keys; and Fertilizers, Soil Amendments, and Pesticides and Herbicides).",food,food
"Rabbitfish, Herring, Jeprox Fish",food,food
"Brass door, cabinet and wall hardware",furniture_or_building,furniture_or_building
Ceramic Dishes With Surface Decorations,food_contact,food_contact
Flawless Mug,food_contact,food_contact
Suave Advanced Therapy Body Lotion,personal_care,personal_care
Handbags,textile_or_soft_goods,textile_or_soft_goods
Tote Bag With Zipper,textile_or_soft_goods,textile_or_soft_goods
Glass and ceramicware with exterior artwork,food_contact,food_contact
Vinyl/PVC Tool Grips,textile_or_soft_goods,textile_or_soft_goods
Alcoholic beverage,food,food
Vinyl Photo Albums,textile_or_soft_goods,textile_or_soft_goods
Children's Sandals,children_products,children_products
Vinyl reusable bags,textile_or_soft_goods,textile_or_soft_goods
Upholstered furniture including ottomans,furniture_or_building,furniture_or_building
Glassware with Exterior Artwork,food_contact,food_contact
"elephant mugs, nature mugs, best life mugs",food_contact,food_contact
"Shrimp Paste, Salted Fish, Fish Crackers",food,food
GoBiotix Greens N' Reds Superfood,food,food
"firewood, woodchips, charcoal",food,food
zipper wallets,textile_or_soft_goods,textile_or_soft_goods
Hemp Heaven Natural Hemp Seed Oil Body Lotion,food,personal_care
Panera Bread Mexican Style Street Corn Chowder Soup Cup,food,food
Seaweed Roll Soft and Crunchy Brown Rice Cracker,food,food
IONIC __ Sleep System __ Copper-Tech __ Sheet Set __ Ivory __ Full (clear plastic reusable container),food_contact,food_contact
"General Violations Include Second Hand Tobacco Smoke and Smokeless Tobacco Products; Combustion Products and Materials; Hobby-Related Products and Materials; Apartment Properties Construction Materials; Potable Water Systems; Paints, Finishes and Coatings; Furniture, Furnishings and Window Treatments; Brass Hardware, Metal Surfaces, and Electrical Wiring/Fixtures; Natural Gas, Liquid Fuel Gases and Fuel Oil Combustion; Automobile Parking Facilities, Designated Loading/Unloading Locations and Transportation Services; Apartment Cleaning and Maintenance; Exterior and Common Area Maintenance and Cleaning; Landscaping Maintenance Activities and Pesticides; Electronic and Electric Equipment and Associated Cables, Wires and Batteries; Office Supplies and Office Equipment.",food,food
Ceramic Bowls With Exterior Designs,food_contact,food_contact
Rice,food,food
Vinyl Tape Measures,textile_or_soft_goods,textile_or_soft_goods
tea,food,food
Glass and ceramicware with exterior artwork,food_contact,food_contact
Seaweed Snack,food,food
16 PCS Clear Gift Bags with Handles; ASIN: B08V8W13DN,textile_or_soft_goods,textile_or_soft_goods
Mighty Mini Smartphone Purse- STAUER,textile_or_soft_goods,textile_or_soft_goods
"Fish in the form of meals containing albacore tuna, mahi mahi, cod and halibut.",food,food
Vinyl Pirate Eye Patches,textile_or_soft_goods,textile_or_soft_goods
Ceramic Mugs With Exterior Designs,food_contact,food_contact
Tapatia's Food Duritos,food,food
The Vintage Cosmetic Company Makeup Bag,personal_care,personal_care
Ceramic,food_contact,food_contact
CD Wallets,textile_or_soft_goods,textile_or_soft_goods
"Big Train, Chai Tea Latte - Spiced Chai, UPC#642628102010",food,food
Frozen Oyster Meat,food,food
Gloves,textile_or_soft_goods,textile_or_soft_goods
Tools with Vinyl/PVC Grips,textile_or_soft_goods,textile_or_soft_goods
"Full Circle Market, Organic Dill Weed, UPC#036800328242 , Full Circle Market, Organic Ground Ginger, UPC#036800328266, Full Circle Market, Organic Parsley, UPC#036800328310 , Full Circle Market, Organic Bay Leaves, UPC#036800328167 , Full Circle Market, Organic Thyme Leaves, UPC#036800328365 , Full Circle Market, Organic Harissa Spice Blend, UPC#036800541856",food,food
Black Handbag,textile_or_soft_goods,textile_or_soft_goods
"Stools with Foam Padding containing Tris(1,3-dichloro-2-propyl) phosphate, Stools with Vinyl/PVC Upholstery containing Di(2-ethylhexyl)phthalate",textile_or_soft_goods,textile_or_soft_goods
Atlas Vinylove Glove,textile_or_soft_goods,textile_or_soft_goods
"Reese Petite Smoked Oysters (Fancy Cherry Wood in Cottonseed Oil), Reese Medium Smoked Oysters (Fancy Cherry Wood in Cottonseed Oil), Reese Colossal Smoked Oysters (Fancy Cherry Wood in Cottonseed Oil), Reese Smoked Baby Clams (Fancy Cherry Wood in Cottonseed Oil)",food,food
"Fire starter bricks, firelogs and firewood",furniture_or_building,furniture_or_building
Handbag with PVC Components,textile_or_soft_goods,textile_or_soft_goods
cabinet doors with leaded glass and leaded glass inserts and other similar glass doors,furniture_or_building,furniture_or_building
Alcoholic beverage,food,food
Watson Gloves Longhorn,textile_or_soft_goods,textile_or_soft_goods
"Environmental Exposures; Occupational Exposures; and Product Exposures (Second-hand Smoke and Smokeless Tobacco Products; Use of Combustible Products and Materials by Tenants; Use of Hobby-Related Products and Materials by Tenants; Apartment Properties Construction Materials; Natural gas, liquid fuel gases and fuel oil conversion; Parking Facilities and Designated Loading/Unloading Locations Cause Exposure to Vehicle Emissions; Emergency Generators; Tenant, Employee and Business Invitees Transportation Services; In-Apartment Cleaning and Maintenance; Exterior and Common Area Apartment Maintenance; and Exposures to Designated Chemicals Associated with Apartment Property Amenities).",food,food
Alcoholic beverage,food,food
nasal sprays,household_cleaner,household_cleaner
Plastic Cosmetic Bag; UPC: 787900665538,personal_care,personal_care
Glassware,food_contact,food_contact
"One of One, Greens + Gut Health - Lemon Iced Tea, UPC#628235090124",food,food
Alcoholic beverage,food,food
"Atkins, Protein Chips Ranch, Net Wt. 32g, UPC#637480000246, Atkins, Protein Chips Nacho Cheese, Net Wt. 32g, UPC#637480000208",food,food
Dried Teas (Loose Leaf and Bagged),food,food
Fishing Lure,food,food
Tuna,food,food
cosmetics cases,personal_care,personal_care
Dark Chocolate Covered Pretzels,food,food
steak dog toys,food,children_products
Cosmetic/Toiletries cases,food,food
Wooden Spoon Herbs Rose Cocoa,food,food
Glassware and ceramic products,food_contact,food_contact
Duffel Bag with Polymer Components,textile_or_soft_goods,textile_or_soft_goods
"Cosmetic/toiletries bag, etc.",food,food
"PK Kinder Co., Chili Seasoning Woodfired Chili, UPC#755795252614",furniture_or_building,furniture_or_building
Glassware,food_contact,food_contact
Complete Plant-Based Protein Plus BCAA and Creatine Delicious Cookies 'n Cream Natural Flavor,food,food
Glassware and Ceramic Products,food_contact,food_contact
Glass and ceramic beverage containers,food,food_contact
firewood,furniture_or_building,furniture_or_building
Enfamil Nutramigen with Enflora LGG - Hypoallergenic Infant Formula,children_products,children_products
Infant Accessory Bags,children_products,children_products
Cosmetic Cases with Plastic Components,personal_care,personal_care
Children's Vinyl Zipper Pulls,children_products,children_products
Woodstock chopped spinach,furniture_or_building,furniture_or_building
"Shampoo and Liquid Soaps Such as Hand Soap, Body Wash, Bubble Bath, and Foot Soaks",personal_care,personal_care
Glass and ceramic beverage containers,food,food_contact
Vinyl/PVC Cords,textile_or_soft_goods,textile_or_soft_goods
Handbag,textile_or_soft_goods,textile_or_soft_goods
Glassware With Exterior Designs,food_contact,food_contact
Ceramic Mugs With Exterior Designs,food_contact,food_contact
Ceramic Planters With Exterior Designs,food_contact,food_contact
"Environmental Exposures; Occupational Exposures; and Product Exposures (Swimming Pool/Hot Tubs; Automobile Parking Facilities; Valet; Matches; Second-hand Smoke and Smokeless Tobacco Products; Cleaning Supplies/Janitorial; Maintenance/Power Tools; Furniture/Furnishings/Window Treatments; Public and Guest Bathrooms; Medical/First Aid Supplies; Internal Combustion (“IC”) Engines, Boilers and other Gas Burning Devices, and Fireplaces; Electronic Equipment, Electric Equipment and Associated Cables Wires and Batteries; Office Supplies and Office Equipment; Hand Tools, Hardware and Brass Keys; and Fertilizers, Soil Amendments, and Pesticides and Herbicides).",food,food
Glassware,food_contact,food_contact
Reusable shopping bags,textile_or_soft_goods,textile_or_soft_goods
Farm to Summit Three Bean Chili & Cornbread,food,food
Tuny Gourmet Light Tuna Lemon & Pepper,food,food
Pink Plastic Purse,textile_or_soft_goods,textile_or_soft_goods
Noka Superfood Smoothie Pouch - Organic Blueberry / Beet (4.22 oz),food,food
"floral mugs, faith mugs",food_contact,food_contact
Vinyl/PVC Golf Ball Retriever Grips,textile_or_soft_goods,textile_or_soft_goods
"Vinyl tableclothes, Vinyl shower curtain, Vinyl liners, Vinyl placemats",textile_or_soft_goods,textile_or_soft_goods
Dagoba Organic Drinking Chocolate Unsweetened Cacao Powder With Bits of Unsweetened Chocolate,food,food
Wobe PVC Cosmetic Bags,personal_care,personal_care
"progesterone creams and gels, firewood, fire logs and fire starters",personal_care,personal_care
"Vinyl/PVC Dustpan Grips, Tongs with Vinyl/PVC Handles/Grips, Vinyl Covers, Vinyl Flatware Carriers, Squeegees with Vinyl/PVC Blades, Vinyl/PVC Washer Bases (Suction Cups used in Sink), Vinyl/PVC Tethers, Vehicle Brushes with vinyl/PVC Bumpers",food_contact,food_contact
"Padded armrests and other vinyl upholstered components used for wheelchairs, Wheelchairs with padded armrests and/or other accessible vinyl components, Grips and other vinyl components used for wheelchairs, Rollators with accessible vinyl upholstered components",textile_or_soft_goods,textile_or_soft_goods
Ceramic Cleaning Brush Holders With Exterior Designs,food_contact,food_contact
"Marketside lobster bisque, Great Value apple cinnamon cereal bars, Great Value sunflower kernels",food,food
Market Pantry Ice Cream Cups,food_contact,personal_care
Alcoholic beverage,food,food
Foam-Cushioned Pads for Infants and Children to Lie On,children_products,children_products
Fishing Sinker,food,food
"Dragonfly Brand, Sardines in Tomato Sauce, UPC#721557161081",food,food
Dog and Cat Toys,children_products,children_products
Alcoholic beverages,food,food
Vinyl/PVC Gloves,textile_or_soft_goods,textile_or_soft_goods
Weber Firespice Mesquite Wood Chips,food,furniture_or_building
Baraka Thyme Bread Sticks,food,food
Cermaic Containers with Exterior Artwork,food_contact,food_contact
Grace’s teapot 2158052,food,food
"Morning Shrum, Organic Mushroom Infused Coffee, UPC#195893968459",food,food
Quinn's pepper & garlic pretzel chips,food,food
Grated Cassava Chips,food,food
Scissors with Vinyl Grips,textile_or_soft_goods,textile_or_soft_goods
De La Cruz Moisturizer Vitamin E Cream,personal_care,personal_care
"Cheeba Chews Sativa 70 mg, Cheeba Chews Hybrid 70 mg, Korova Fifty One Fifty Bar 500 mg, Korova Black Bar 1000mg, Korova Chocolate Chip Cookie 150 mg, Korova Mint Dip Cookie 250 mg, Kushy Punch Hybrid Tropical Punch 100 mg, Kushy Punch TKO 200 mg",food,food
Babe Lash Ultimate Babe Lash Kit Bag,textile_or_soft_goods,textile_or_soft_goods
cosmetics bags,personal_care,personal_care
BEVEL Post-Shave Balm with Tea Tree Oil,food,food
"Chopping Bowl, WCG-505TX",food_contact,food_contact
"Bio Orto, Organic Sun-Dried Tomatoes in Olive Oil, UPC#8051490500466",food,food
"Inflatable Vinyl Toys/Children's Items, Inflatable Soft Vinyl Arm Rings",children_products,children_products
Barbasol Thick & Rich Shaving Cream UPC No. 0-5100900735-4,personal_care,personal_care
"Jayone Foods, Young Barley Grass Powder, UPC#8801759018450",food,food
vinyl-coated hooks,textile_or_soft_goods,textile_or_soft_goods
Urban Plates Receipt,food_contact,food_contact
"Korova Black Bar 1000mg, TKO Peanut Butter Cookie 160 mg, Kushy Punch Hybrid Tropical Punch 100 mg, Kushy Punch TKO 200 mg, Korova Chocolate Chip Cookie 150 mg, Korova Triple Chocolate Brownie 150 mg",food,food
Bonnet Bellflower Root in Spicy Sauce,food,food
"Environmental Exposures; Occupational Exposures; and Product Exposures (Swimming Pool/Hot Tubs; Automobile Parking Facilities; Candles; Matches; Second-hand Smoke and Smokeless Tobacco Products; Cleaning Supplies/Janitorial; Maintenance/Power Tools; Furniture/Furnishings/Window Treatments; Public and Guest Bathrooms; Medical/First Aid Supplies; Internal Combustion (“IC”) Engines, Boilers and other Gas Burning Devices, and Fireplaces; Electronic Equipment, Electric Equipment and Associated Cables Wires and Batteries; Office Supplies and Office Equipment; Hand Tools, Hardware and Brass Keys; and Fertilizers, Soil Amendments, and Pesticides and Herbicides).",food,food
"Screen printing inks, sealers and sealants, metal and tape primers, joint & seam sealants, fuel injection cleaners, paints, coatings, adhesives, epoxies and special-use products.",household_cleaner,household_cleaner
Scotank 216 pcs Fishing Terminal Tackle Kit Accessories Hooks Weights Jig Heads O-Rings Rolling Swivels Fastlock Snaps Fishing Beads Space Beans Sinker Slides Ice Fish Gear for Saltwater Freshwater,food,food
Chuao Chocolatier Totally Tangy Mango Dark Chocolate Mini Gourmet Chocolate Bar,food,food
Tuna Helper Tuna Fettuccine Alfredo - UPC No.: 6-5272971061-8,food,food
"Keyring, Mug, Piggy Bank, Drink Bottle, Door Plaque",food_contact,food_contact
Vinyl tool grips,textile_or_soft_goods,textile_or_soft_goods
Cali Cream Homemade Ice Cream Receipt,personal_care,personal_care
"Terrasoul Superfoods, Ashwaganda Root Powder, UPC#853162007116",food,food
Rice Noodle (Spicy Mushroom),food,food
"Flackers, Flax Seed Plant Based Organic Rosemary Crackers, UPC#89361500201, Flackers, Plant Based Spicy Chili Lime Crackers, UPC#893615002282",food,food
"Alcoholic Beverages, including, but not limited, to “Spirts,” “Wine,” “Beer,” “Hard Seltzers & Flavored Beverages,” and “Ready to Drink Cocktails”",food,food
Banh Trang Vietnamese Rice Paper,food,food
Fishing Kits with Sinkers,food,food
Vinyl/PVC Electrical Tape,textile_or_soft_goods,textile_or_soft_goods
Ginger and fruit snack foods,food,food
"Panda Supplements, Fierce Natural Pre-Workout - Panda's Blood, UPC#051497094423, Panda Supplements, Superfood Greens + Reds + Golds - Green Pineapple, UPC#051497091309",food,food
"Ace Vinyl Tips, UPC# 0 82901 02398 2",textile_or_soft_goods,textile_or_soft_goods
grooming gloves,textile_or_soft_goods,textile_or_soft_goods
Toddler Girl first purse set,textile_or_soft_goods,textile_or_soft_goods
Clear tote purse,textile_or_soft_goods,textile_or_soft_goods
"Omura Zipper Wallet, X000TTQ42L",textile_or_soft_goods,textile_or_soft_goods
"Green Foods, Organic Chlorella, UPC#083851204155",food,food
Zerran Botanum Shampoo,personal_care,personal_care
Vinyl/PVC Toiletry Bags,food,food
Nasoya plantspired plant-based steak,food,food
Ding Tea Receipts,food,food
Ceramic Mugs With Lids,food_contact,food_contact
Ceramic Fragrance Warmers With Exterior Designs,food_contact,food_contact
Vinyl/PVC Gloves,textile_or_soft_goods,textile_or_soft_goods
"Schick Hydro Sense Shave Cream Comfort, Apaisante, UPC#841058003151",personal_care,personal_care
Vinyl Baby Booties,children_products,children_products
Metal and Glass Makeup Brush Holders,personal_care,personal_care
wallet pockets,textile_or_soft_goods,textile_or_soft_goods
La Victoria Red Enchilada Sauce Mild,food,food
"Korova Black Bar 1000mg, Korova Chocolate Chip Cookie 150 mg, Kushy Punch Hybrid Tropical Punch 100 mg, Kushy Punch TKO 200 mg",food,food
Book Bags,textile_or_soft_goods,textile_or_soft_goods
"Well Beginnings and Walgreens brand talcum powder products, Well Beginnings Baby Powder, Walgreens Foot Powder Odor Control, Walgreens Medicated Foot Powder",children_products,children_products
ice bags,textile_or_soft_goods,textile_or_soft_goods
Vinyl Plant Ties,textile_or_soft_goods,textile_or_soft_goods
"firewood, woodchips, charcoal",food,food
card holder wallets,textile_or_soft_goods,textile_or_soft_goods
Suction Cups,food_contact,food_contact
Francisco Chow Mein Noodles,food,food
FineLife wallet,textile_or_soft_goods,textile_or_soft_goods
"Izze Sparkling flavored ice beverage blend from concentrate with other natural flavors clementine, Izze Sparkling flavored ice beverage blend from concentrate with other natural flavors Strawberry, Izze Sparkling flavored ice beverage blend from concentrate with other natural flavors Mango",food,food
Comfort Haven Counter Accessories Ceramic Dispenser,food_contact,food_contact
"shower hoses, waterproof bags",textile_or_soft_goods,textile_or_soft_goods
The Blue Peach Clear Crossbody Purse; ID: B076PX8T99,textile_or_soft_goods,textile_or_soft_goods
Beverage Carbonator; UPC: 811369001214,food,food
Black Pleather/Vinyl Storage Ottoman,textile_or_soft_goods,textile_or_soft_goods
"Fire starter bricks, firelogs and firewood",furniture_or_building,furniture_or_building
Aeropostale T-Shirt,textile_or_soft_goods,textile_or_soft_goods
Dare Foods Breton Original Light Tender-Crisp Texture,food,food
Deluxe Bulletin Board Storage Bag,textile_or_soft_goods,textile_or_soft_goods
"Harphia Binder Daily Planner, Clear PVC Makeup Organizer",personal_care,personal_care
Mister Landscaper 1/4-in x 30-ft Vinyl Drip Irrigation Distribution Tubing,textile_or_soft_goods,textile_or_soft_goods
Glassware,food_contact,food_contact
Clif Builders Protein Cookies 'N Cream,food,personal_care
"La Sirena Sardines in Oil, La Sirena Sardines in Olive Oil",food,food
"Cricut Ceramic Blank Mug, UPC# 0 93573 74790 8",food_contact,food_contact
"Wallets, handbags, clutches and totes",textile_or_soft_goods,textile_or_soft_goods
Baby Food Jar Naturals - Just Sweet Potatoes,food,food
Fishing Sinker,food,food
"Oil-Based Grounds (Branded, Supplied or Made by Natural Pigment under its registered trademark “Rublev Colours”)",food,furniture_or_building
Pure Protein bar chocolate deluxe,food,food
Charcoals/Steam Stones used for smoking Hookah,food,food
Vinyl/PVC Electrical Tape,textile_or_soft_goods,textile_or_soft_goods
Northern Catch smoked oysters in cottonseed oil,food,food
"Double Wood Supplements Astragalus 1000 mg Per Serving, Double Wood Supplements Marshmallow Root 1000mg Per Serving, Double Wood Supplements Psyllium Husk 1,500mg Per Serving, Double Wood Supplements Bee Pollen * Super Food Bee Pollen Granules",food,furniture_or_building
"Country Life Natural Foods, Papaya Spears (Low Sugar), UPC#023759412900, Country Life Natural Foods, Mango Slices (Low Sugar), UPC#023759410869",food,food
Schar Gluten-Free 10 Grains Bread,food,food
Glassware with exterior artwork,food_contact,food_contact
Vinyl/PVC Push Pin Decorations,textile_or_soft_goods,textile_or_soft_goods
"Little Hearts Strawberry Yogurt Cereal Snack, Organic Strawberry Rice Rusks, Parent’s Choice puffs and cereal snacks",food,food
Cosmetic Case,personal_care,personal_care
Stools with Vinyl/PVC Upholstery containing Di(2-ethylhexyl)phthalate,textile_or_soft_goods,textile_or_soft_goods
Holiday Gift Set Mug,food_contact,food_contact
Ceramic Eggs With Exterior Designs,food_contact,food_contact
Plumb Craft by Waxman Hose and Spray Replacement,household_cleaner,household_cleaner
Children's Raincoats,children_products,children_products
Sardines in Olive Oil,food,food
"Vinfutin, Swimbait Fishing Jig Head Hooks (1.0 oz, 28g, 5pcs) Minnow Fishing Head Jigs Bait Lead Weighted, UPC#X003V5ID2J",food,food
"Wellness Origin, Fiber Purify Focus, UPC#858573006673, Wellness Origin, Wild Superfood Complete, UPC#858573006000, Wellness Origin, Humic Fulvic Concentrate Powder Focus, UPC#858573006734",food,food
"Melt 1:1 THC & CBD Lotion - 2oz (200mg), Bôost Liquid THC Concentrate, Relax 1:1 CBD & Delta 9 THC Bath Bomb, Strawberry Delta 9 THC + Pack",personal_care,personal_care
Big Train Mystic Chai - Spiced,food,food
Transparent Dust Proof Bag,textile_or_soft_goods,textile_or_soft_goods
Santo Amaro European Sardines in Tomato Sauce,food,food
"Ninja Supplements, Guardian (Reds and Greens) - Mango Crush, UPC#748515976464, Ninja Supplements, Zen (Sleep Aid) - Mango Ginger Tea, UPC#748515976570, Ninja Supplements, Up Pre-Workout - Pineapple Sangria, UPC#748515976211",food,food
Alcoholic beverage,food,food
"Disney’s Tim Burtons The Nightmare Before Christmas Tote Bag, SKU: 400280633972",textile_or_soft_goods,textile_or_soft_goods
Skincare Cosmetics Retinol Anti-Wrinkle Facial Serum,personal_care,personal_care
Rice Paper for Spring Roll,food,food
Animal Crackers,food,food
My Gourmet tuna salad,food,food
"Colored, Vinyl-Coated Paper Fasteners",textile_or_soft_goods,textile_or_soft_goods
"Optimum Nutrition, Gold Standard Plant Protein Powder Creamy Vanilla, UPC#748927069556",personal_care,personal_care
Soda Bottle,food_contact,food_contact
Children's Car Seats,children_products,children_products
Seaweed Chips,food,food
"Nasal sprays, ointments and eye care products",household_cleaner,household_cleaner
"Babybel, Plant-Based Original Cheese Alternative, UPC#041757023713",children_products,children_products
vinyl protector sheets,textile_or_soft_goods,textile_or_soft_goods
Market Pantry Peanut Butter Sandwich Crackers,food,food
"IDRYBAG Dry Bags for Kayaking Waterproof, C2G Legrand Flush Cutters",textile_or_soft_goods,textile_or_soft_goods
Franklin Classic One Batting Gloves,textile_or_soft_goods,textile_or_soft_goods
"Korova Fifty One Fifty Bar 500 mg , Korova Black Bar 1000mg , Korova Fifty One Fifty Bar 500 mg , Korova Triple Chocolate Brownie 150 mg , Korova Chocolate Chip Cookie 150 mg , TKO Peanut Butter Cookie 160 mg , Caviar Gold Cavi Cone Strawberry 60 mg , Caviar Gold Cavi Cone Apple , Caviar Gold Cavi Cone Grape , Caviar Gold Cavi Cone Original",food,food
"Vinyl Sheaths, Brass Adapters",textile_or_soft_goods,textile_or_soft_goods
Harry Potter Mug,food_contact,food_contact
mercury in nasal sprays,household_cleaner,household_cleaner
Stools with Vinyl/PVC Components,textile_or_soft_goods,textile_or_soft_goods
Grafco Vinyl Utility Apron UPC717076044899,textile_or_soft_goods,textile_or_soft_goods
"Freshscent All-N-One Shampoo/shavegel/body wash; UPC: 085317002091, Rio Vista Horse Ravishing Shampoo; UPC: 768014064165, Doc Ackermans Botanical Citronella Shampoo; UPC: 673968122499, Health Guard Shampoo, Diana Stalder Collagen Soap, Hair Cubed Color Care Shampoo; UPC: 837654251126",personal_care,personal_care
"body creams, topical products",personal_care,personal_care
Vinyl rainwear,textile_or_soft_goods,textile_or_soft_goods
"Checkbook Covers, Vinyl Pouches",textile_or_soft_goods,textile_or_soft_goods
pet waste bags,textile_or_soft_goods,textile_or_soft_goods
Victor® Vinyl Bandage,textile_or_soft_goods,textile_or_soft_goods
"Naked, Cocoa Delight Bars, UPC#813115020678",food,food
Ceramicware With Exterior Decorations,food_contact,food_contact
Ceramic Planters With Exterior Designs,food_contact,food_contact
"Rough Enough TSA Approved Clear Toiletry Bag , BlingKingdom Clear PVC Zipper Pencil Bag",food,textile_or_soft_goods
Connections Teapot and Teacup,food,food
Alcoholic beverages,food,food
Traveler Ski Bag,textile_or_soft_goods,textile_or_soft_goods
"Korova Fifty One Fifty Bar 500 mg, Korova Mint Dip Cookie 250 mg, Korova Chocolate Chip Cookie 150 mg, Korova Triple Chocolate Brownie 150 mg, Kushy Punch TKO 200 mg, Kushy Punch Hybrid Tropical Punch 100 mg",food,food
"Flimeal, Green Tea Matcha Protein Shake, UPC#8809859770209",food,food
Legendary Foods High Protein Sweet Roll,food,food
Suit storage bags,textile_or_soft_goods,textile_or_soft_goods
Ceramic Products,food_contact,food_contact
"The Girlfriend Doctor Dr. Anna Cabeca Mighty Maca Plus Superfood Drink Mix, The Girlfriend Doctor Dr. Anna Cabeca Keto-Alkaline Protein Shake Fortifying Vanilla Protein Shake, The Girlfriend Doctor Dr. Anna Cabeca Keto-Green Plant-Based Protein Shake All-In-One Revitalizing Meal Replacement Chocolate, The Girlfriend Doctor Dr. Anna Cabeca Mighty Maca Plus 30 Superfoods Energy Vitality Stamina Drink Mix, The Girlfriend Doctor Dr. Anna Cabeca Keto-Green Plant Based Protein Shake with MCT Oil All-In-One Revitalizing Meal Replacement Chocolate",food,food
Vinyl/PVC Toilet Seats,food,textile_or_soft_goods
Vinyl-Coated Cables,textile_or_soft_goods,textile_or_soft_goods
Small Buggy Bag,textile_or_soft_goods,textile_or_soft_goods
Instant Ramen Noodles,food,food
"Book covers, Purses, Ceramicware",food_contact,textile_or_soft_goods
Vinyl Coated Tape Measures,textile_or_soft_goods,textile_or_soft_goods
"Melt 1:1 THC & CBD Lotion - 2oz (200mg), Bôost Liquid THC Concentrate, Relax 1:1 CBD & Delta 9 THC Bath Bomb, Strawberry Delta 9 THC + Pack",personal_care,personal_care
Seaweed Snack,food,food
Cosmetic/toiletries bag,food,food
Moisturizing Creams,personal_care,personal_care
Gloves with Vinyl/PVC Components,textile_or_soft_goods,textile_or_soft_goods
"Fire starter bricks, firelogs and firewood",furniture_or_building,furniture_or_building
"Body Lotion, Bubble Bath",personal_care,personal_care
"firewood, woodchips, charcoal",food,food
Cod Liver in Oil,food,food
"Camping Cookware with Vinyl/PVC Coated Handles containing Di(2-ethylhexyl)phthalate, Flasks with Leather Wrapping containing Lead",food_contact,textile_or_soft_goods
Upholstered furniture including ottomans,furniture_or_building,furniture_or_building
Vinyl/PVC Cases,textile_or_soft_goods,textile_or_soft_goods
Ceramic Mugs With Exterior Designs,food_contact,food_contact
Upholstered furniture including chairs,furniture_or_building,furniture_or_building
Children's Backpack with Polymer Components,children_products,children_products
Bean bag chairs,textile_or_soft_goods,textile_or_soft_goods
Alcoholic beverage,food,food
"Environmental Exposures; Occupational Exposures; and Product Exposures (Alcoholic Beverages (bars, mini bars); Swimming Pool/Hot Tubs; Food and Beverage Operations; Automobile Parking Facilities; Fuel Dispensing; Dry-cleaning Facilities; Kitchen; Fireplaces and Patio Heaters; Candles; Matches; Sterno Cooking Fuel; Second-hand Smoke and Smokeless Tobacco Products; Cleaning Supplies/Janitorial; Maintenance/Power Tools; Furniture/Furnishings/Window Treatments; Public and Guest Bathrooms; Medical/First Aid Supplies; Internal Combustion (“IC”) Engines, Boilers and other Gas Burning Devices, and Fireplaces; Electronic Equipment, Electric Equipment and Associated Cables Wires and Batteries; Office Supplies and Office Equipment; Hand Tools, Hardware and Brass Keys; and Fertilizers, Soil Amendments, and Pesticides and Herbicides).",food,food
Alcoholic Beverages,food,food
"Scout Seafood Snacks, Za'atar Crisp Tuna, UPC#628011090287",food,food
ORGANIC MATCHA GREEN TEA,food,food
Vinyl/PVC Dart Wallets,textile_or_soft_goods,textile_or_soft_goods
CJK Foods LLC Kitch Fix Sunny Nut Honey Pecan Granola,food,food
"Vinyl and Faux Leather Wallets, Handbags, Purses, Clutches & Totes",textile_or_soft_goods,textile_or_soft_goods
Athletic Shirts Made Primarily of Polyester that also Contain Some Spandex,textile_or_soft_goods,textile_or_soft_goods
PVC Candy Bags,food,textile_or_soft_goods
Alcoholic beverage,food,food
Alcoholic beverages,food,food
The Gifting Group Alder Creek Gift Basket Mug,food_contact,food_contact
Base Culture Original Keto Bread,food,food
"Simply Balanced All Natural Creamy Almond Butter, Simply Balanced All Natural Creamy Cashew Butter, Simply Balanced Organic Creamy Peanut Butter, Simply Balanced Organic Crunchy Peanut Butter",personal_care,personal_care
"Market Pantry Creamy Peanut Butter, Market Pantry Natural Creamy Peanut Butter, Market Pantry Natural Crunchy Peanut Butter, Market Pantry Natural Crunchy Peanut Butter (No Stir)",personal_care,personal_care
Jack Daniel's Barbeque Sauce,food,food
Shoulder bags,textile_or_soft_goods,textile_or_soft_goods
Bamboo Waterproof Mattress Protector - Case,furniture_or_building,furniture_or_building
"Hand Soap Yardley London English Lavender UPC 041840829277, Shampoo Design Essentials Anti Itch Shampoo UPC 875408004185, Shampoo Borghese Modena UPC 855844003034, Shampoo Bed Head Brunette Goddess UPC 09174448173, Shampoo J beverly hill Fragile color safe, Soap Kinerase Gentle Daily Cleanser UPC 301870416022, Shampoo Daily Protein Shampoo UPC 838364004262, Shampoo Herbavita Line Normalizing Shampoo UPC 666248001324, Shampoo Daily Protein Shampoo UPC 838364004262",personal_care,personal_care
"Passport cover, Luggage tags, Carry bags",textile_or_soft_goods,textile_or_soft_goods
B.T.R. Nation Energy Superfood Bar Cinnamon Cookie Dough,food,food
Alcoholic beverages,food,food
"Semi-refined petroleum, Crude Oil",food,food
Oil Bottles and Other Glassware,food,food_contact
Handbags,textile_or_soft_goods,textile_or_soft_goods
"heart bags, backpacks",textile_or_soft_goods,textile_or_soft_goods
Headphones with Vinyl/PVC Components,textile_or_soft_goods,textile_or_soft_goods
"Black Hanging Cosmetic Bag; Model 578DLX; UPC: 742065578079, Garment Bag; SKU D7000",personal_care,personal_care
All Turbana plantain chips,food,food
"West Marine Clear Dry Bag, UPC No. 0 25282 39650 4",textile_or_soft_goods,textile_or_soft_goods
Ceramic Dishes With Decorations,food_contact,food_contact
Max Makeup Cherimoya Juicy Lip Oil Mocha Scented,food,personal_care
Mission Ridge Split Cowhide Leather Palm Glove,textile_or_soft_goods,textile_or_soft_goods
"Hose nozzles; sprinklers; sprinklers supports and bases; wands; shower heads; sprayers; hose couplings; connectors; quick connects; caps; converters; valves (including automatic, manual, remote controlled, vacuum relief, pressure regulating and quick coupling valves); shut offs; unions and hose ends made from leaded brass.",household_cleaner,household_cleaner
Jump ropes with vinyl/PVC components,textile_or_soft_goods,textile_or_soft_goods
Alcoholic beverages,food,food
Hydration bag,textile_or_soft_goods,textile_or_soft_goods
Crime Scene Investigation Themed Toy Kits w/Fingerprint Powder,children_products,children_products
Sacha Cosmetics Perfect Wendy Blush,personal_care,personal_care
Ma Po Tofu Sauce,food,food
"Soft Vinyl Toilet Seat (RN#144642); ID: 400172215521, Soft Works Suction Soap Dish; UPC: 719812077406 ID: 400176377003",food,personal_care
"Mama Sezz, Super Green Superfoods, UPC#(NA)",food,food
Seawed Snacks,food,food
Divine Exquisitely Smooth Dark Chocolate 85%; UPC: 5274900466,food,food
"Patagonia Provisions, Smoked Mackerel in Organic Extra, Virgin Olive Oil, UPC#810981021853, Patagonia Provisions, Roasted Garlic Spanish White Anchovies in Organic Extra Virgin Olive Oil, UPC#810981021907",food,food
Weber Firespice Beech Wood Chips,food,furniture_or_building
Alcoholic beverage,food,food
copper mugs with brass components,food_contact,food_contact
Silo Street Food Thai Red curry with Vegetables & Jasmine Rice,food,food
Children's toys,children_products,children_products
Pro Force Leatherette Boxing Gloves,textile_or_soft_goods,textile_or_soft_goods
Wood Treatment,furniture_or_building,furniture_or_building
Exterior Plastic of Fanny Packs of Cosmetics Sets,personal_care,personal_care
365 Everyday Value Pineapple Slices in Pineapple Juice from Concentrate (20 oz),food,food
Chocolove Extreme Dark Chocolate 88%; UPC: 1627000188,food,food
Waterproof notebook with vinyl components,textile_or_soft_goods,textile_or_soft_goods
"firewood, woodchips, charcoal",food,food
Ginger Snap Cookies,food,food
"cases of nail sets, cases of lotion sets, cases of bath & body sets",personal_care,personal_care
Geranium Goblet/Glass; Other Glassware,food_contact,food_contact
Happy Baby Organics Teethers Gentle Teething Wafers - Sweet Potato & Banana (1.7 oz),children_products,children_products
Wella n'oats instant or overnight grain free cereal apple cinnamon,food,food
Vinyl tool grips,textile_or_soft_goods,textile_or_soft_goods
365 Everyday Value - Everything Seasoning Almond & Sunflower Seed Flour Crackers,food,food
"Divine Health, Fermented Green Supremefood, UPC#860010993293, Divine Health, Keto Sleep-Ease Natural Mixed Berry Flavor, UPC#860010993279",food,food
Vinyl/PVC Bee Hive Covers,textile_or_soft_goods,textile_or_soft_goods
"Tuna Creations® BOLD Sriracha, Tuna Creations® Hickory Smoke Flavored",food,food
Alcoholic beverages,food,food
Handbag,textile_or_soft_goods,textile_or_soft_goods
Ceramic Mugs with Exterior Designs,food_contact,food_contact
Golden Glass Bowl,food_contact,food_contact
Vinyl/PVC Footwear,textile_or_soft_goods,textile_or_soft_goods
Shower oil,food,food
Pawsitively Fun Ceramic Pet Bowl,food_contact,food_contact
Tropical fish treatments and tick collars,food,food
"Cheeba Chews Hybrid 70 mg, Cheeba Chews Sativa 70 mg, Kushy Punch TKO 200 mg, Kushy Punch Hybrid Tropical Punch 100 mg, Korova Fifty One Fifty Bar 500 mg, Korova Chocolate Chip Cookie 150 mg, Cheeba Chews Deca Dose 175 mg",food,food
Boss Up Cosmetics Girl Boss Blush,personal_care,personal_care
Juice Plus Perform Shake,food,food
copper mugs with brass components,food_contact,food_contact
"Go-To-Work Kit, G-Tek Gloves, 34-C232/L, Go-To-Work Kit, Ear Plug (red cord), 265-100C/NRR32",textile_or_soft_goods,textile_or_soft_goods
Clear Makeup Bags,personal_care,personal_care
Ceramic Products,food_contact,food_contact
"Furniture Wax, limited to clear and colored products that are branded, supplied or made by “Briwax International Inc.”",furniture_or_building,furniture_or_building
Wallets,textile_or_soft_goods,textile_or_soft_goods
"Maruchan, RamenBowl Hot & Spicy Shrimp Flavor, UPC#041789003035",food_contact,food
Chongqing Instant Noodle,food,food
"toddler slides (DBP), sink caddy suction cups (DEHP)",food_contact,food_contact
vinyl travel accessories,textile_or_soft_goods,textile_or_soft_goods
"Environmental Exposures; Occupational Exposures; and Product Exposures (Swimming Pool/Hot Tubs; Automobile Parking Facilities; Fireplaces and Patio Heaters; Matches; Second-hand Smoke and Smokeless Tobacco Products; Cleaning Supplies/Janitorial; Maintenance/Power Tools; Furniture/Furnishings/Window Treatments; Public and Guest Bathrooms; Medical/First Aid Supplies; Internal Combustion (“IC”) Engines, Boilers and other Gas Burning Devices, and Fireplaces; Electronic Equipment, Electric Equipment and Associated Cables Wires and Batteries; Office Supplies and Office Equipment; Hand Tools, Hardware and Brass Keys; and Fertilizers, Soil Amendments, and Pesticides and Herbicides).",food,food
Fish Base,food,food
"Inflatable Vinyl Toys, Collection Inflatable Arm Rings",children_products,children_products
"Sprouts, Wild Caught Sardines in Olive Oil, UPC#646670317026, Sprouts, Superfood and Berry Vegan Protein, UPC#646670681929",food,food
Be Simple Kale Chips Sriracha,food,food
Chairs with vinyl/pvc seats,textile_or_soft_goods,textile_or_soft_goods
Alcoholic beverage,food,food
Alcoholic beverage,food,food
Cocoa Powder,food,food
"New Roots Herbal Organic Fermented Superfood Blend, New Roots Herbal Para Care ISO 17025 Laboratory-Tested 30-Day Complete Program, New Roots Herbal Liver Shield Synergistic Milk Thistle + alpha-Lipoic Acid Formula ISO 17025 Laboratory-Tested, New Roots Herbal Juicy Immune - Energy Preworkout Power Mix No Added Sugar",food,food
"Vinyl stair treads , Tools with vinyl grips",textile_or_soft_goods,textile_or_soft_goods
Foam-Cushioned Mattress Toppers,furniture_or_building,furniture_or_building
"California Girl Whole Oysters, California Girl Baby Clams Water and Salt Added, California Girl Smoked Oysters in Cottonseed Oil, Salt Added, California Girl Sardines in Tomato Sauce",food,food
Mugs and Other Tableware,food_contact,food_contact
Ceramic Containers with Exterior Artwork,food_contact,food_contact
"Sisson's Enterprize, Ghost Scream Chili Garlic Jam, UPC#727908534177",personal_care,personal_care
Pure Protein Chocolate Deluxe Bar,food,food
Glassware,food_contact,food_contact
Grobet Brass Craft Caliper/Gauge with Vinyl Case,textile_or_soft_goods,textile_or_soft_goods
Honeymara plush toy,children_products,children_products
Marianitas Cookies Galletas Pecan Artificially Flavored,food,food
Children's Footwear,children_products,children_products
Health Valley Organic Cream of Mushroom Soup,personal_care,personal_care
Vinyl bedding storage cases,textile_or_soft_goods,textile_or_soft_goods
Arrowhead Brass 1/2 Fip x 3/4 Hose Bib UPC69004320744,children_products,children_products
"Lotrimin® Anti-Fungal (AF) Athlete's Foot Powder Spray, Lotrimin® Anti-Fungal Jock Itch (AFJI) Athlete's Foot Powder Spray, Lotrimin® Anti-Fungal (AF) Athlete’s Foot Deodorant Powder Spray, Lotrimin® AF Athlete's Foot Liquid Spray, Lotrimin® AF Athlete’s Foot Daily Prevention Deodorant Powder Spray, Tinactin® Jock Itch (JI) Powder Spray, Tinactin® Athlete’s Foot Deodorant Powder Spray, Tinactin® Athlete’s Foot Powder Spray, Tinactin® Athlete’s Foot Liquid Spray",household_cleaner,household_cleaner
Alcoholic beverage,food,food
"Yogi Super Foods, Green Superfoods Blend, UPC#707273543561",food,food
"Kushy Punch TKO 200 mg, Korova Chocolate Chip Cookie 150 mg",food,food
Trader Joe’s Baby Spinach,children_products,children_products
"Geisha, Fancy Smoked Baby Clams in Sunflower Oil, UPC#071140007006, Geisha, Whole Oysters in Water, UPC#071140006504",food,food
"Yamasa, Gobo Tenpura Fried Fish Cake with Burdock, UPC#070516340006",food,food
Alcoholic beverages,food,food
Vinyl tool grips,textile_or_soft_goods,textile_or_soft_goods
Jump Ropes with Vinyl Components,textile_or_soft_goods,textile_or_soft_goods
cervical traction water bag,textile_or_soft_goods,textile_or_soft_goods
nasal sprays,household_cleaner,household_cleaner
Soft Vinyl Key Tags,textile_or_soft_goods,textile_or_soft_goods
Gold Emblem Abound Kale & Spinach Tortilla Chips,food,food
Oil Bottles and other Glassware,food,food_contact
"Carlyle, Moringa Complete Green Superfood, UPC#X002YBM4LR",food,food
"Trader Joe's Organic Carrot Snacks, Trader Joe's Vegetable Root Chips, Trader Joe's Spinach Tortellini",food,food
Upholstered furniture including ottomans,furniture_or_building,furniture_or_building
"Mama Sezz, Super Green Superfoods, UPC#(NA)",food,food
Mugs and Other Tableware,food_contact,food_contact
Glassware,food_contact,food_contact
Vinyl coated steel cables,textile_or_soft_goods,textile_or_soft_goods
Tools with vinyl grips,textile_or_soft_goods,textile_or_soft_goods
Gloves with Vinyl/PVC Components,textile_or_soft_goods,textile_or_soft_goods
Vinyl Covered Spring Clamp,textile_or_soft_goods,textile_or_soft_goods
"Agromar Mussels in Pickled Sauce , Ar de Art Small Scallops with Garlic and Chili, Ati Manel Mussels in Pickled Sauce, Blanxart Dark Chocolate 60%, Dani Cockles in Brine, Donostia Cockles in Brine, El Capricho Mussels in Escbeche From Rias Gallegas, El Globo Grilled Razor Clam Pate, Gueyumar Grilled Spicy Cockles in Extra Virgin Olive Oil, Ria De Arosa Mussels in Escabeche Sauce with Olive Oil, Piteu Mussels in Pickled Sauce, Porto Muinos Razor Clams with Sea Spaghetti and Garlic, Ramon Pena Small Scallops in Sauce",food,food
Vinyl Cases,textile_or_soft_goods,textile_or_soft_goods
"Vinyl Bathroom Toys, Children's Vinyl Pillows",children_products,children_products
"Kegco Polished Brass Beer Faucet, Beverage Factory Polished Brass Beer Faucet",food,food
"Geno Palate Complete Protein 100% Whey Protein Isolate Vanilla, Geno Palate Everyday Super Greens Powder Supports Overall Health and Wellness, Geno Palate Everyday Super Reds Powder Provides Antioxidant Support Supports Healthy Metabolic Function, Geno Palate Complete Protein 100% Whey Protein Isolate Chocolate, Geno Palate Eat For Your Genes GenoBlend Protein Supplement",food,food
"New Roots Herbal Organic Fermented Superfood Blend, New Roots Herbal Para Care ISO 17025 Laboratory-Tested 30-Day Complete Program, New Roots Herbal Liver Shield Synergistic Milk Thistle + alpha-Lipoic Acid Formula ISO 17025 Laboratory-Tested, New Roots Herbal Juicy Immune - Energy Preworkout Power Mix No Added Sugar",food,food
Vegetable Chips and Vegetable-based Snack Products,food,food
Shellfish,food,food
Manna Kadar Beauty Cosmetic Bag SKU_09124523409500129912; UPC_0860008357601,personal_care,personal_care
Measuring Tapes with Vinyl Components,textile_or_soft_goods,textile_or_soft_goods
Alcoholic beverage,food,food
Vinyl/PVC Ball Valve Handles,textile_or_soft_goods,textile_or_soft_goods
"Handbags, Cases for mobile electronic devices",textile_or_soft_goods,textile_or_soft_goods
Licorice,food,food
Vinyl Waterproof Outdoor Bags and Accessories,textile_or_soft_goods,textile_or_soft_goods
Vinyl/PVC Electrical Tape,textile_or_soft_goods,textile_or_soft_goods
"Vinyl/PVC Watch Straps, Faux Leather Covered Flasks",textile_or_soft_goods,textile_or_soft_goods
"Greens First Pro Dream Protein Plant-Based 14 grams of Vegan Protein Per Serving Chocolate Dream, Greens First Pro Dream Protein Plant-Based 14 grams of Vegan Protein Per Serving Vanilla Dream",food,food
Home Essentials ceramic mugs,food_contact,food_contact
Hearing Protection with Vinyl/PVC Components,textile_or_soft_goods,textile_or_soft_goods
Dressing Shakers and Other Glassware,food_contact,food_contact
Glassware Products,food_contact,food_contact
"Bloomingdale's floral beach bag, upc # 631839052153",textile_or_soft_goods,textile_or_soft_goods
Cody James leather rancher glove,textile_or_soft_goods,textile_or_soft_goods
ClicGear travel bag,textile_or_soft_goods,textile_or_soft_goods
Bewaltz Novelty Bags with Vinyl Components,textile_or_soft_goods,textile_or_soft_goods
Vinyl/PVC Headphone Cords,textile_or_soft_goods,textile_or_soft_goods
Vinyl Round Tablecloth Protector,textile_or_soft_goods,textile_or_soft_goods
"Basketball purse with graffiti design and gold chain, SKU: 400265219269",textile_or_soft_goods,textile_or_soft_goods
"Freeda, Moringa (Energy, Green Superfood), UPC#758487042715",food,food
Hollywood Bakery cinnamon sweet bread,food,food
Tools with Vinyl/PVC Grips,textile_or_soft_goods,textile_or_soft_goods
Fishing Sinker,food,food
Glassware,food_contact,food_contact
Peace Pies Kale Chips,food,food
Elizabeth Arden Green Tea Refreshing Body Lotion,food,personal_care
Dried Teas (Loose Leaf and Bagged),food,food
Highball Glasses and Other Glassware with Decorative Exteriors (containing lead),food_contact,food_contact
Wonderluxe Bag,textile_or_soft_goods,textile_or_soft_goods
Samsung Canister Vacuum Cleaner Hose,household_cleaner,household_cleaner
Dried Teas (Loose Leaf and Bagged),food,food
tea cups,food,food
ISDIN Lambdapil Hair Density Shampoo,personal_care,personal_care
"Korova Black Bar 1000mg, Korova Mint Dip Cookie 250 mg, Korova Triple Chocolate Brownie 150 mg, Kushy Punch TKO 200 mg, Cheeba Chews Sativa 70 mg, Cheeba Chews Hybrid 70 mg, Kushy Punch Hybrid Tropical Punch 100 mg, Cheeba Chews Deca Dose 175 mg, Caviar Gold Cavi Cone Strawberry 60 mg, Caviar Gold Cavi Cone Grape, Caviar Gold Cavi Cone Original",food,food
Ceramic Mugs With Exterior Designs,food_contact,food_contact
Terra Sweet Potato Chips with Sea Salt,food,food
Soft Food and Beverage Containers,food,food
Citrus Hand Soap,personal_care,personal_care
Children's PVC Jackets,children_products,children_products
Victorias Premium Sardines in Tomato Sauce,food,food
Alcoholic beverages,food,food
Children's Play Tents,children_products,children_products
Twinings of London Earl Grey Tea UPC7017715422,food,food
Mugs and Other Tableware,food_contact,food_contact
Foam-Cushioned Upholstered Furniture,furniture_or_building,furniture_or_building
Massage Beds with Vinyl Upholstery,textile_or_soft_goods,textile_or_soft_goods
"Mend Regenerate Vanilla Malt, Mend Regenerate Dark Chocolate, Mend Daily Repair & Recover Citrus",food,food
"Jars with Exterior Designs containing Lead, Storage Baskets with Vinyl/PVC Handles",textile_or_soft_goods,textile_or_soft_goods
"Ahmed Foods, Chili Pickle in Vinegar, UPC#054529003011 , Ahmed Foods, Lime & Chili Pickle in Oil, UPC#054529002014, Ahmed, Mango Chutney, UPC#054529004025, Ahmed, Mango Masala, UPC#054529003028, Ahmed Foods, Vindaloo Curry Paste, UPC#054529007033, Ahmed Foods, Tandoori Paste, UPC#054529007019, Ahmed Foods, Curry Paste, UPC#054529007063",food,food
Stools with Vinyl/PVC Upholstery,textile_or_soft_goods,textile_or_soft_goods
Brad’s Ranch Salad Snack,food,food
Swordfish Steaks,food,food
Hat Luggage Cases with Vinyl/PVC Shoulder Straps,textile_or_soft_goods,textile_or_soft_goods
Alcoholic beverages,food,food
Alcoholic beverage,food,food
Glassware and Ceramic Products,food_contact,food_contact
Spices,food,food
"Chairs with Foam Padding containing Tris(1,3-dichloro-2-propyl) phosphate, Chairs with Vinyl/PVC Upholstery containing Di(2-ethylhexyl)phthalate",textile_or_soft_goods,textile_or_soft_goods
Shellfish,food,food
"The Silver Plate, Mango Chutney, UPC#086341181158",food_contact,food_contact
"Rilakkuma Bear Bag, UPC#4525636230806",textile_or_soft_goods,textile_or_soft_goods
"Gel-Coated Hangers; SKU 400140153435, Cream/Tan-Colored Purse; SKU 400150453150, Under One Sky® Clear Makeup Bag; SKU 400153507485",personal_care,personal_care
Bags with Vinyl/PVC Components,textile_or_soft_goods,textile_or_soft_goods
"Stickie Bandits, Happy Face Wallet, Item No.: 444117, UPC: 44411760001",textile_or_soft_goods,textile_or_soft_goods
Spooky Hollow Teacup and Saucer,food,food
fishing line leaders and pouches,food,food
"Comfort Seats Deluxe Soft Seat, Round Toilet Seat, UPC No. 8 17103 003957",food,food
Handbag with Plastic Components,textile_or_soft_goods,textile_or_soft_goods
Upholstered furniture including chairs,furniture_or_building,furniture_or_building
Vinyl/PVC Cables,textile_or_soft_goods,textile_or_soft_goods
Hot Cocoa in Tin 12oz.,food,food
Alcoholic beverages,food,food
"Duralast Impact Gloves, UPC# 7 81513-62569 9, DUR-MP-011",textile_or_soft_goods,textile_or_soft_goods
Shellfish,food,food
"Vinyl/PVC Electrical Tape, Vinyl/PVC Cables, Cords and Wires",textile_or_soft_goods,textile_or_soft_goods
"Jeppi Nut & Candy Co., Papaya Chunks, UPC#010288907106, Jeppi Nut & Candy Co., Papaya Diced, UPC#010288907205, Jeppi Nut & Candy Co., Apricots (Whole Turkish), UPC#010288906109",food,food
Nasty Gal PU Clear Day Bag __ Pink One Size,textile_or_soft_goods,textile_or_soft_goods
Restaurants serving alcoholic beverages,food,food
Obagi Medical Hydrate Light Weightless Gel Cream,personal_care,personal_care
BSN True Mass Protein Powder Chocolate Milk Shake,food,food
"PlantFusion, Complete Protein Creamy Vanilla Bean, UPC#890985001709",personal_care,personal_care
Licorice or Liquorice,food,food
Fishing Sinker,food,food
SCA Leather Look Seat Covers (Component Tested was the Clear Plastic Front of the Carrying Bag),textile_or_soft_goods,textile_or_soft_goods
Pinewood Derby Car Kits,furniture_or_building,furniture_or_building
3pc Plastic Cosmetic Bag Kit,personal_care,personal_care
Glassware with exterior artwork,food_contact,food_contact
MADA oxygen cylinder bags with vinyl windows,textile_or_soft_goods,textile_or_soft_goods
Annie Chun's Peanut Sesame Noodle Bowl,food,food
"General Violations including Tobacco Smoke; Combustion Products and Materials; Hobby-Related Products and Materials; Apartment Properties Construction Materials; Potable Water Systems; Paints, Finishes and Coatings; Furniture Furnishing and Window Treatments; Brass Hardware, Metal Surfaces, and Electrical Wiring/Fixtures; Natural Gas, Liquid Fuel Gases and Fuel Oil Combustion; Automobile Parking Facilities, Designated Loading/Unloading Locations and Transportation Services; Apartment Cleaning and Maintenance; Exterior and Common Area Maintenance and Cleaning; Landscaping Maintenance Activities and Pesticides; Electronic and Electric Equipment and Associated Cables, Wires and Batteries; Office Supplies and Office Equipment.",food,food
Wallet,textile_or_soft_goods,textile_or_soft_goods
"Korova Black Bar 1000mg, Korova Fifty One Fifty Bar 500 mg, Kushy Punch Hybrid Tropical Punch 100 mg, Kushy Punch TKO 200 mg, Cheeba Chews Sativa 70 mg, Cheeba Chews Hybrid 70 mg, Korova Mint Dip Cookie 250 mg, Korova Chocolate Chip Cookie 150 mg, Korova Triple Chocolate Brownie 150 mg",food,food
"Food products, specifically oysters",food,food
Honey Rice Crackers,food,food
nasal spray,household_cleaner,household_cleaner
"Korova Black Bar 1000mg, Korova Fifty One Fifty Bar 500 mg, Korova Chocolate Chip Cookie 150 mg, Korova Mint Dip Cookie 250 mg, Korova Triple Chocolate Brownie 150 mg, Cheeba Chews Sativa 70 mg, Cheeba Chews Hybrid 70 mg",food,food
Coral and Gold Mug,food_contact,food_contact
Nature’s Intent Dark Chocolate Covered Dried Fruit- Pineapples,food,food
Alcoholic beverages,food,food
OLDTOWN White Coffee Drinkable Yogurt Honey - UPC No.: 6-0200399273-5,food,food
Restaurants serving alcoholic beverages,food,food
Equate Hemorrhoid Relief Cream,personal_care,personal_care
"Open Nature Whole Shell Mussels in Natural Juices Fully Cooked, Snow’s Wild Caught Minced Clams",food,food
Astor Chocolate Wafer Stick - UPC: 7-2375102882-5,food,food
beauty salon set bags,textile_or_soft_goods,textile_or_soft_goods
"Wallets, book covers, Jewelry, Keychains, keycaps and key holders, Luggage tags, Charms and zipper pulls, Cases for mobile devices",textile_or_soft_goods,textile_or_soft_goods
Leaded glassware,food_contact,food_contact
Banner Hanging Solutions 6-Piece Suction Cups DT0192; UPC: 884540010220,food_contact,food_contact
Cosmetic Kit Cases,personal_care,personal_care
Wash Away Makeup Removal Set,personal_care,personal_care
"General Violations Include Second Hand Tobacco Smoke and Smokeless Tobacco Products; Combustion Products and Materials; Hobby-Related Products and Materials; Apartment Properties Construction Materials; Potable Water Systems; Paints, Finishes and Coatings; Furniture, Furnishings and Window Treatments; Brass Hardware, Metal Surfaces, and Electrical Wiring/Fixtures; Natural Gas, Liquid Fuel Gases and Fuel Oil Combustion; Automobile Parking Facilities, Designated Loading/Unloading Locations and Transportation Services; Apartment Cleaning and Maintenance; Exterior and Common Area Maintenance and Cleaning; Landscaping Maintenance Activities and Pesticides; Electronic and Electric Equipment and Associated Cables, Wires and Batteries; Office Supplies and Office Equipment.",food,food
Vinyl/PVC Cases,textile_or_soft_goods,textile_or_soft_goods
Emporio Armani T-Shirt,textile_or_soft_goods,textile_or_soft_goods
alcoholic beverages,food,food
WeTest Travel Bottles Kit,food_contact,food_contact
Five Spice Powder,food,food
Lindt Excellence Dark Chocolate 90%; UPC: 037466042695,food,food
Cosmetic/toiletries bag,food,food
Clinicians Complex Bruise Cream,personal_care,personal_care
alcoholic beverages,food,food
Poppy Grey Wallet,textile_or_soft_goods,textile_or_soft_goods
Candy,food,food
Lotte Chocolate Filled Biscuit,food,food
Nail polish,household_cleaner,household_cleaner
Kylie Jenner Pressed Blush Powder - Kitten Baby,children_products,children_products
Baby Spinach,children_products,children_products
My Room Complete Bed Set (Clear Plastic Reusable Container),food_contact,food_contact
alcoholic beverages,food,food
"progesterone creams and gels, firewood, fire logs and fire starters",personal_care,personal_care
Pinaud Clubman Shave Cream,personal_care,personal_care
Great Value Lasagna with Meat Sauce (38 oz),food,food
"California Girl Whole Oysters, California Girl Baby Clams Water and Salt Added, California Girl Smoked Oysters in Cottonseed Oil, Salt Added, California Girl Sardines in Tomato Sauce",food,food
dog toy stockings,children_products,children_products
Vinyl Carry Bags,textile_or_soft_goods,textile_or_soft_goods
vinyl wires,textile_or_soft_goods,textile_or_soft_goods
cases for rainbow fabric markers,textile_or_soft_goods,textile_or_soft_goods
Nu Women purse,textile_or_soft_goods,textile_or_soft_goods
Lasplash Cosmetics Golden Gatsby Glam Eyeshadow Palette,personal_care,personal_care
nasal sprays,household_cleaner,household_cleaner
Infant travel beds with padding,children_products,children_products
"Panda Supplements, Fierce Natural Pre-Workout - Panda's Blood, UPC#051497094423, Panda Supplements, Superfood Greens + Reds + Golds - Green Pineapple, UPC#051497091309",food,food
Bruce Bolt Premium Ankle Guard for Children,children_products,children_products
"Fishwife, Anchovies in Spanish Extra Virgin Olive Oil, UPC#860006380434, Fishwife, Sardines in Spanish Extra Virgin Olive Oil, UPC#850046148040",food,food
Cleansers containing bleach or sodium hypochlorite,household_cleaner,household_cleaner
Ecobeauty Cosmetic Bag,personal_care,personal_care
Deluxity Cross Body Handbag,textile_or_soft_goods,textile_or_soft_goods
Secateurs/Pruner with vinyl/PVC Grip,textile_or_soft_goods,textile_or_soft_goods
Gift bags with handles,textile_or_soft_goods,textile_or_soft_goods
hydrangea mugs,food_contact,food_contact
Soaps,personal_care,personal_care
"Nasal sprays, ointments and eye care products",household_cleaner,household_cleaner
"Mustad Dry Goods Duffle Bag, UPC No. 0 23534 01192 2",textile_or_soft_goods,textile_or_soft_goods
"Naturehike Outdoors 5L Waterproof Bag, NH15S222-D",textile_or_soft_goods,textile_or_soft_goods
Glassware With Exterior Designs,food_contact,food_contact
"New Day Wallet, UPC#490240603947, New Day Clutch, UPC#490240414406",textile_or_soft_goods,textile_or_soft_goods
Philz Coffee Receipt,food,food
Kohl's Unicorn Tears Notebook,food,food
body lotion,personal_care,personal_care
"Olivia’s Food Canister (Coffee, sugar, crackers, etc.)",food,food
Wooden outdoor furnishings,furniture_or_building,furniture_or_building
"Environmental Exposures; Occupational Exposures; and Product Exposures (Swimming Pool/Hot Tubs; Food and Beverage Operations; Automobile Parking Facilities; Kitchen; Candles; Matches; Sterno Cooking Fuel; Second-hand Smoke and Smokeless Tobacco Products; Cleaning Supplies/Janitorial; Maintenance/Power Tools; Furniture/Furnishings/Window Treatments; Public and Guest Bathrooms; Medical/First Aid Supplies; Internal Combustion (“IC”) Engines, Boilers and other Gas Burning Devices, and Fireplaces; Electronic Equipment, Electric Equipment and Associated Cables Wires and Batteries; Office Supplies and Office Equipment; Hand Tools, Hardware and Brass Keys; and Fertilizers, Soil Amendments, and Pesticides and Herbicides).",food,food
Racor Vinyl-Coated Utility Hooks & Racks,textile_or_soft_goods,textile_or_soft_goods
Elizabeth Arden Green Tea Refreshing Body Lotion,food,personal_care
Vinyl coated tape measure,textile_or_soft_goods,textile_or_soft_goods
Home Décor With PVC Suction Cups,food_contact,food_contact
Tools with Vinyl/PVC Grips,textile_or_soft_goods,textile_or_soft_goods
Alcoholic beverages,food,food
Ceramic Mugs With Exterior Designs,food_contact,food_contact
Creamy Sunflower Butter,personal_care,personal_care
"Plastic Clothing, Rainwear",textile_or_soft_goods,textile_or_soft_goods
Alcoholic beverage,food,food
Pokemon Mug,food_contact,food_contact
Hand tools w/vinyl grips,textile_or_soft_goods,textile_or_soft_goods
Cookies That Contain Molasses or Ginger,food,food
"Shampoo Hose, UPC No. 013534600899, Style No. 580, Bull's Eye Tipping Cap, UPC No. 013534600097, Style No. 2077",personal_care,personal_care
"Tools with Vinyl/PVC Grips, Tape Measures with Vinyl/PVC Grips, Tape Measures with Vinyl/PVC Grips",textile_or_soft_goods,textile_or_soft_goods
Cedarlane creamed spinach & kale with swiss chard,personal_care,personal_care
Perfect Bag Ovente Hanging Organizer,textile_or_soft_goods,textile_or_soft_goods
"Mickey ""C"" mugs",food_contact,food_contact
Plum Organics Little Teethers Organic Multigrain Teething Wafers - Apple with Leafy Greens (3.17 oz),children_products,children_products
Fishing Weights Containing Lead,food,food
"Marketside lobster bisque, Great Value apple cinnamon cereal bars, Great Value sunflower kernels",food,food
firewood and mesquite charcoal,furniture_or_building,furniture_or_building
Seaweed Chips,food,food
"Woodstock, Just Seeds Organic Hulled and Unsalted Sunflower Seeds, UPC#042563016005",furniture_or_building,furniture_or_building
spray nozzles,household_cleaner,household_cleaner
Popchips Cassava Chips,food,food
"Yamasa, Gobo Tenpura Fried Fish Cake with Burdock, UPC#070516340006",food,food
"Spice Tribe, Apricot Dices, UPC#840284100917",food,food
Brass fittings in coffee urn,food,food
Multi-Purpose bag,textile_or_soft_goods,textile_or_soft_goods
Shoe polish products,household_cleaner,household_cleaner
Clear Cross Body Messenger Bag; X0015UTBWX - B011P46CLK,textile_or_soft_goods,textile_or_soft_goods
"Shower Gel & Foaming Bath, Soap",personal_care,personal_care
Vinyl gloves,textile_or_soft_goods,textile_or_soft_goods
"Tape Measures with Vinyl/PVC Grips, Tools with Vinyl/PVC Grips, Tool Bags with Vinyl/PVC Handles, Vinyl/PVC Tape",textile_or_soft_goods,textile_or_soft_goods
Happy Flight Vinyl Travel Accessories,textile_or_soft_goods,textile_or_soft_goods
Primos Mexican Food Receipt,food,food
Amanda Greenwood Art Lipstick Motif Mug,food_contact,food_contact
alcoholic beverages,food,food
Brown leather/Vinyl storage Ottoman,textile_or_soft_goods,textile_or_soft_goods
Vinyl/PVC Shower Hoses,textile_or_soft_goods,textile_or_soft_goods
"Go-To-Work Kit, G-Tek Gloves, 34-C232/L, Go-To-Work Kit, Ear Plug (red cord), 265-100C/NRR32",textile_or_soft_goods,textile_or_soft_goods
"Handbags, clutches and totes",textile_or_soft_goods,textile_or_soft_goods
"Micro Ingredients, Super Greens Superfood Powder - Original, UPC#X004FMP0OB",food,food
Furniture with Vinyl Upholstery containing Di(2-ethylhexyl)phthalate,textile_or_soft_goods,textile_or_soft_goods
b.happi bag,textile_or_soft_goods,textile_or_soft_goods
Red Shed Enamel 18oz. Cup,food_contact,food_contact
Alcoholic beverage,food,food
Clinique Superpowder Double Face Makeup,personal_care,personal_care
CLUELESS HAND CREAM BUBBLEGUM,personal_care,personal_care
Ceramic containers with Exterior Artwork,food_contact,food_contact
Vinyl/PVC Bags,textile_or_soft_goods,textile_or_soft_goods
Ceramic Containers with Exterior Artwork,food_contact,food_contact
"ViSalus Vi-Shape Nutritional Shake Mix Sweet Cream Flavor 22 oz (1 Bag, 24 Savings) (Product Code: 815638020258)",personal_care,personal_care
Wild Harvest Organic Cream of Mushroom Soup,personal_care,personal_care
Alcoholic beverages,food,food
"cases of Mrsdry travel bottle sets, cases of Depoza travel bottle sets",food_contact,food_contact
Children's Watch Bands,children_products,children_products
Masagana Sardines in Tomato Sauce Chili - UPC No.: 6-7336753476-3,food,food
alcoholic beverages,food,food
Tools with Vinyl/PVC Grips,textile_or_soft_goods,textile_or_soft_goods
Cerra Ceramic Noodle Tabletop,food,food_contact
Ceramic Mugs With Exterior Designs,food_contact,food_contact
FineLife wallet,textile_or_soft_goods,textile_or_soft_goods
"Galderma, Ionil-T Therapeutic Coal Tar Shampoo, Ionil-T Plus Therapeutic Coal Tar Shampoo",personal_care,personal_care
Ceramicware,food_contact,food_contact
Hershey's Chocolate Syrup,food,food
Lolo Yum Japanese Seven Spice Furikake Seaweed,food,food
Great Value Tomato Sauce,food,food
Vinyl/PVC Tool Grips,textile_or_soft_goods,textile_or_soft_goods
"Floral Accessory bag, D5502 C5519",textile_or_soft_goods,textile_or_soft_goods
Children's toys,children_products,children_products
Tools with vinyl grips,textile_or_soft_goods,textile_or_soft_goods
Ceramic pie weights,food_contact,food_contact
Black Rubber Gloves 1 Pair,textile_or_soft_goods,textile_or_soft_goods
Upholstered furniture,furniture_or_building,furniture_or_building
peanuts bowls,food_contact,food_contact
Glassware With Exterior Designs,food_contact,food_contact
"Eniva Health LifeCleanse Fiber, Prebiotic & Spice Blend Colon, Liver & Bowel Health, Eniva Health Plant Protein Ultra Smooth Vegan Blend Organic Vanilla Plant Protein Powder Nutrition Powder Mix",food,food
Orange Glazed Round Saucer,food,food
"Patagonia Provisions Savory Sofritos Mussels in Olive Oil + Broth, Patagonia Provisions Lemon Herb Mussels in Olive Oil + Broth, Patagonia Provisions Smoked Mussels in Olive Oil + Broth",food,food
Great Value Cranberry Sauce - Whole Berry,food,food
"Environmental Exposures; Occupational Exposures; and Product Exposures (Second-hand Smoke and Smokeless Tobacco Products; Use of Combustible Products and Materials by Tenants; Use of Hobby-Related Products and Materials by Tenants; Apartment Properties Construction Materials; Natural gas, liquid fuel gases and fuel oil conversion; Parking Facilities and Designated Loading/Unloading Locations Cause Exposure to Vehicle Emissions; Emergency Generators; Tenant, Employee and Business Invitees Transportation Services; In-Apartment Cleaning and Maintenance; Exterior and Common Area Apartment Maintenance; and Exposures to Designated Chemicals Associated with Apartment Property Amenities).",food,food
Alcoholic beverages,food,food
"Dietary Supplements, Pharmaceuticals, Medical Foods and OTC Durgs",food,food
Ceramic containers with Exterior Artwork,food_contact,food_contact
Plastic Clutch Purse,textile_or_soft_goods,textile_or_soft_goods
"BetterAlt Debloat Greens Blend Spirulina Probiotic Blend Mint, BetterAlt Psyllium Husk Powder Isabgol Lemon Flavor, BetterAlt Muscle Pro Loaded Plant Protein Ashwagandha Safed Musli Iced Coffee Flavor",food,food
Alcoholic beverage,food,food
"Footwear Made With Leather, Vinyl or Imitation Leather Materials",textile_or_soft_goods,textile_or_soft_goods
"Glass stemware, hand-painted stemware, mugs and stemware with exterior artwork",food_contact,food_contact
Ceramicware with exterior artwork,food_contact,food_contact
IQ Baby Just Animals! Toys,children_products,children_products
Crime Scene Investigation Themed Toy Kits w/Fingerprint Powder,children_products,children_products
Floral Huggers with Vinyl Components,textile_or_soft_goods,textile_or_soft_goods
Certified International Teapot,food,food
"Dr. Fuhrman Organic Pro-Boost Protein Nutritarian Superfood Powder Vegan, Dr. Fuhrman Complete Greens Multivitamin & Superfood Formula",food,food
nasal sprays,household_cleaner,household_cleaner
Automotive cleaners - Champion Carburetor Cleaner,household_cleaner,household_cleaner
Cassava Chips,food,food
"Surgically implantable metallic screws, rods and plates, etc",food_contact,food_contact
"Electrical Test Kits with Vinyl/PVC Wires, Vinyl/PVC Electrical Tape, Voltage Testers with Vinyl/PVC Cords",textile_or_soft_goods,textile_or_soft_goods
Mojo Metal Polish and Sealant,household_cleaner,household_cleaner
Tortilleria Santa Fe Chipotle Spiced Corn Tortilla Chips,food,food
cosmetics bags,personal_care,personal_care
Core Kitchen Ceramic Salt and Pepper Shakers,food_contact,food_contact
Raw Food Central kale chips,food,food
"Simple Truth Organic (Kroger), Italian Seasoning, UPC#011110023865 , Kroger, Mushroom Condensed Soup, UPC#011110045225, Private Selection (Kroger), Thai Inspired Red Curry Powder, UPC#011110025623, Simple Truth Organic (Kroger), Tomato Sauce, UPC#011110845313",food,food
Alcoholic beverages,food,food
"Environmental Exposures; Occupational Exposures; and Product Exposures (Alcoholic Beverages (bars, mini bars); Swimming Pool/Hot Tubs; Food and Beverage Operations; Automobile Parking Facilities; Hotel Transportation Vehicles; Kitchen; Valet (shoeshine and dry cleaning delivery); Matches; Arts & Crafts Supplies and Classes; Second-hand Smoke and Smokeless Tobacco Products; Cleaning Supplies/Janitorial; Maintenance/Power Tools; Furniture/Furnishings/Window Treatments; Public and Guest Bathrooms; Medical/First Aid Supplies; Internal Combustion (“IC”) Engines, Boilers and other Gas Burning Devices, and Fireplaces; Electronic Equipment, Electric Equipment and Associated Cables Wires and Batteries; Office Supplies and Office Equipment; Hand Tools, Hardware and Brass Keys; and Fertilizers, Soil Amendments, and Pesticides and Herbicides).",food,food
Clear Vinyl Tubing Cut Lengths,textile_or_soft_goods,textile_or_soft_goods
"First Class Charcoal Detox Dry Shampoo, Jet Lag Dry Shampoo, Direct Flight Multi-tasking Matcha Dry Shampoo (UPC 8542530008470), Direct Flight Multi-tasking MatchaDry Shampoo (8542530008616)",personal_care,personal_care
Alcoholic beverage,food,food
Rice,food,food
Faux Leather Purse - Multi-Compartment Cellphone Purse with Touch Screen,textile_or_soft_goods,textile_or_soft_goods
Tent/Shelter Fabrics,textile_or_soft_goods,textile_or_soft_goods
Brass fittings in coffee urn,food,food
Glassware and Ceramicware Products (Supplemental),food_contact,food_contact
Fishing Sinker,food,food
fitness gloves,textile_or_soft_goods,textile_or_soft_goods
Tinsel and Elves Santa Coffee Mug,food,food_contact
"Cheeba Chews Hybrid 70 mg, Cheeba Chews Sativa 70 mg, Korova Mint Dip Cookie 250 mg, Kushy Punch Hybrid Tropical Punch 100 mg, Kushy Punch TKO 200 mg",food,food
"firewood, woodchips, charcoal",food,food
Plastic Clutch Purse,textile_or_soft_goods,textile_or_soft_goods
"Ceramic Spoon Rest/Tabletop, # 4118832781903",food_contact,food_contact
"Environmental Exposures; Occupational Exposures; and Product Exposures (Swimming Pool/Hot Tubs; Food and Beverage Operations; Automobile Parking Facilities; Second-hand Smoke and Smokeless Tobacco Products; Cleaning Supplies/Janitorial; Maintenance/Power Tools; Furniture/Furnishings/Window Treatments; Public and Guest Bathrooms; Medical/First Aid Supplies; Internal Combustion (“IC”) Engines, Boilers and other Gas Burning Devices, and Fireplaces; Electronic Equipment, Electric Equipment and Associated Cables Wires and Batteries; Office Supplies and Office Equipment; Hand Tools, Hardware and Brass Keys; and Fertilizers, Soil Amendments, and Pesticides and Herbicides).",food,food
Red Yeast Rice Dietary Supplement,food,food
Fried Baby Crab,children_products,children_products
Alcoholic beverage,food,food
Vinyl Waterproof Outdoor Bags and Accessories,textile_or_soft_goods,textile_or_soft_goods
Rice Noodles,food,food
Children's stationary items,children_products,children_products
PVC Fabric for Pet Beds,textile_or_soft_goods,textile_or_soft_goods
Glassware Products,food_contact,food_contact
"Black Python Hanging Cosmetic Case; UPC 842503221847 ID: 1287-083572195- 001299-11-2, Pamper Hamper Vanity Bag; UPC 5060528314220 ID: 1273-032177532-00999-11-6, Radiant Home Organizer Hangers ID: 1281-080664941-00800-36",personal_care,personal_care
Baking set and bag,textile_or_soft_goods,textile_or_soft_goods
Pliers with Vinyl Grips & Brass Craft Tools,textile_or_soft_goods,textile_or_soft_goods
Tio Chan Ramen Noodle Beef Flavor,food,food
Vinyl tool grips,textile_or_soft_goods,textile_or_soft_goods
Vacuum Bags with Vinyl Components,textile_or_soft_goods,textile_or_soft_goods
Fried or Baked Potato or Sweet Potato Based Snack Foods,food,food
Wallet,textile_or_soft_goods,textile_or_soft_goods
Vice Duro Golf Glove,textile_or_soft_goods,textile_or_soft_goods
Coin Purses With PVC Components,textile_or_soft_goods,textile_or_soft_goods
dog carrier bags,textile_or_soft_goods,textile_or_soft_goods
Schylling Kapow Punching Bag & Gloves Bag,textile_or_soft_goods,textile_or_soft_goods
dog hair mugs,food_contact,food_contact
"Pure Indian Foods, Organic Neem Leaf Powder, UPC#850013619924",food,food
Goby Fish,food,food
Double Wood Supplements – Maca Root,furniture_or_building,furniture_or_building
Backpacks with Vinyl/PVC Components,textile_or_soft_goods,textile_or_soft_goods
"Sera, White Beans in Tomato Sauce, Net Wt. 320g, UPC# 8690777014182",food,food
Aspercreme Original Pain Relief Cream,personal_care,personal_care
"Cabinet doors which contain leaded glass, leaded glass inserts, leaded mullions or lead solder.",furniture_or_building,furniture_or_building
"Electrical Test Kits with Vinyl/PVC Wires, Vinyl/PVC Electrical Tape, Voltage Testers with Vinyl/PVC Cords, Hand Tools with Plastic Handles/Surfaces",textile_or_soft_goods,textile_or_soft_goods
"Korova Mint Dip Cookie 250 mg, TKO Peanut Butter Cookie 160 mg, Kushy Punch TKO 200 mg, Kushy Punch Hybrid Tropical Punch 100 mg, Caviar Gold Cavi Cone Apple, Caviar Gold Cavi Cone Grape, Caviar Gold Cavi Cone Original",food,food
Seaweed Chips,food,food
Hot Pot Dipping Sauce Spicy Flavor,food,food
Real Ketones Keto Chips Sweet BBQ,food,food
Seats with Vinyl Upholstery,textile_or_soft_goods,textile_or_soft_goods
"Environmental Exposures; Occupational Exposures; and Product Exposures (Automobile Parking Facilities; Matches; Second-hand Smoke and Smokeless Tobacco Products; Cleaning Supplies/Janitorial; Maintenance/Power Tools; Furniture/Furnishings/Window Treatments; Public and Guest Bathrooms; Medical/First Aid Supplies; Internal Combustion (“IC”) Engines, Boilers and other Gas Burning Devices, and Fireplaces; Electronic Equipment, Electric Equipment and Associated Cables Wires and Batteries; Office Supplies and Office Equipment; Hand Tools, Hardware and Brass Keys; and Fertilizers, Soil Amendments, and Pesticides and Herbicides).",food,food
"Environmental Exposures; Occupational Exposures; and Product Exposures (Swimming Pool/Hot Tubs; Food and Beverage Operations; Automobile Parking Facilities; Equipment Maintenance; Kitchen; Candles; Matches; Arts & Crafts Supplies and Classes; Second-hand Smoke and Smokeless Tobacco Products; Cleaning Supplies/Janitorial; Maintenance/Power Tools; Furniture/Furnishings/Window Treatments; Public and Guest Bathrooms; Medical/First Aid Supplies; Internal Combustion (“IC”) Engines, Boilers and other Gas Burning Devices, and Fireplaces; Electronic Equipment, Electric Equipment and Associated Cables Wires and Batteries; Office Supplies and Office Equipment; Hand Tools, Hardware and Brass Keys; and Fertilizers, Soil Amendments, and Pesticides and Herbicides).",food,food
Scallop Soup Flavor Noodle,food,food
"Electrical Test Kits with Vinyl/PVC Wires, Vinyl/PVC Electrical Tape, Voltage Testers with Vinyl/PVC Cords",textile_or_soft_goods,textile_or_soft_goods
Wallets,textile_or_soft_goods,textile_or_soft_goods
Foam-Cushioned Pads that Infants and Children Lie Down On,children_products,children_products
Dried Oolong Teas,food,food
"Jewelry, Belts, Gloves and headwear",textile_or_soft_goods,textile_or_soft_goods
Vinyl flooring,textile_or_soft_goods,textile_or_soft_goods
"Vinyl/PVC Safety Vests, Gloves with Vinyl/PVC Components, Tent/Shelter Fabrics",textile_or_soft_goods,textile_or_soft_goods
Upholstered furniture including chairs,furniture_or_building,furniture_or_building
Bottled Water,food_contact,food_contact
Pavilion Hello 40 Mug,food_contact,food_contact
"Cooking Utensil Grips, Vinyl/PVC Tubing",textile_or_soft_goods,textile_or_soft_goods
Upholstered furniture including benches,furniture_or_building,furniture_or_building
There’s No Place Like HomeGoods Mug,food_contact,food_contact
Cassava Chips,food,food
Threshold Umbrella Bag,textile_or_soft_goods,textile_or_soft_goods
Vital Pursuit Vermont White Cheddar Mac & Broccoli Bowl,food_contact,food_contact
Glass and ceramicware with exterior artwork,food_contact,food_contact
3M sanding blocks and sanding paper including but not limited to: 3M Sanding Block and 3M Wood Sandpaper 150 fine,furniture_or_building,furniture_or_building
Ceramicware with exterior artwork,food_contact,food_contact
Grain-Free Ultimate Cookie Mix,food,food
Abuelita Mexican Hot Chocolate Tablets - UPC No.: 0-28000 15785-2,food,food
Alcoholic beverage,food,food
Rosa 10 oz. Seafood Cocktail,food,food
"Private Selection crab cakes, Simple Truth exotic vegetable chips",food,food
"firewood, woodchips, charcoal",food,food
Wheelchairs with Armrests and/or other accessible Vinyl Components,textile_or_soft_goods,textile_or_soft_goods
ceramicware,food_contact,food_contact
Artisan Handcrafted Indonesian Singing Bowl and Mortar,food_contact,food_contact
Alcoholic beverages,food,food
"XS Scuba Standard 50 lb Lift Bag Scuba Diving Lift Bag, UPC#649823896607",textile_or_soft_goods,textile_or_soft_goods
"Cereales Y Pastas Golden Foods, Special Bran Flakes, Cereales Y Pastas Golden Foods Noonies Miel y Almendras, Cereales Y Pastas Golden Foods Golden Fit Original, Cereales Y Pastas Golden Foods Apple Bits",food,food
Vinyl/PVC Lap Cushions,textile_or_soft_goods,textile_or_soft_goods
Alcoholic beverage,food,food
Fishing Kits with Sinkers,food,food
Ceramic Mugs with Exterior Designs,food_contact,food_contact
Vinyl/PVC Gloves,textile_or_soft_goods,textile_or_soft_goods
Chips Shrimp Slices,food,food
Pet Waste Tools with Vinyl/PVC Grips,textile_or_soft_goods,textile_or_soft_goods
"Vinyl/PVC Boat Fenders, Vinyl Dry Bags",textile_or_soft_goods,textile_or_soft_goods
Oil Drain Valve,food,food
"Gussaci Black Wallet, SKU: 400279188391",textile_or_soft_goods,textile_or_soft_goods
Go Cat Da Bee Cat Toy UPC759041001094,children_products,children_products
Ocean Snack Dried Roasted Seaweed,food,food
"Vibrant Health, Plant Based Superfood Green Vibrance, UPC#074306800022",food,food
"Korova Black Bar 1000mg, Korova Fifty One Fifty Bar 500 mg, Korova Mint Dip Cookie 250 mg, Korova Chocolate Chip Cookie 150 mg, Korova Triple Chocolate Brownie 150 mg",food,food
"PanaPesca Cooked Mussel Meats, PanaPesca Seafood Mix for Rice & Spaghetti, PanaPesca Seafood Mix, PanaPesca Clam Meat",food,food
Mise En Scene Hello Bubble Cream Hair Color Dye Kit,personal_care,personal_care
Alcoholic beverages,food,food
"Environmental Exposures; Occupational Exposures; and Product Exposures (Swimming Pool/Hot Tubs; Automobile Parking Facilities; Matches; Second-hand Smoke and Smokeless Tobacco Products; Cleaning Supplies/Janitorial; Maintenance/Power Tools; Furniture/Furnishings/Window Treatments; Public and Guest Bathrooms; Medical/First Aid Supplies; Internal Combustion (“IC”) Engines, Boilers and other Gas Burning Devices, and Fireplaces; Electronic Equipment, Electric Equipment and Associated Cables Wires and Batteries; Office Supplies and Office Equipment; Hand Tools, Hardware and Brass Keys; and Fertilizers, Soil Amendments, and Pesticides and Herbicides).",food,food
Seats with Vinyl/PVC Upholstery,textile_or_soft_goods,textile_or_soft_goods
Organic Beet Chips,food,food
"firewood, woodchips, charcoal",food,food
Greens Organics Superfood,food,food
"Amazing Grass Greens Blend Kidz Superfood Protein and Probiotics Strawberry Blast, Amazing Grass Greens Blend Kidz Superfood Blend Berry Blast, Amazing Grass Kidz Superfood Blend Outrageous Chocolate, Amazing Grass Greens Blend Superfood Berry, Amazing Grass Greens Blend Immunity Elderberry, Amazing Grass Greens Blend Immunity Tangerine",food,food
Tools with vinyl grips,textile_or_soft_goods,textile_or_soft_goods
bible covers,children_products,children_products
"Garden of Life Raw Protein Energy - Beyond Organic Protein Formula Guayaki Brand Yerba Mate Flavor, Garden of Life Raw Fit High Protein for Weight Loss Marley Coffee Flavor",food,food
Good To Go Cuban Rice Bowl,food,food
Vinyl/PVC Security Cables,textile_or_soft_goods,textile_or_soft_goods
"Taj Gourmet Foods, Coriander Chutney, UPC#686091836472, Taj Gourmet Foods, Mild Mango Pickle, UPC#850044467334, Taj Gourmet Foods, Mint Chutney, UPC#686091836508, Taj Gourmet Foods, Hot Mango Chutney, UPC#686091836393",food,food
Ceramic Mugs With Exterior Designs,food_contact,food_contact
Five Spices Powder,food,food
Demmex Copper Cookware and Pitchers with Brass Handles,food_contact,food_contact
"Anima Mundi Apothecary, Collagen Booster - Dirty Rose Chai, UPC#850001669177, Anima Mundi Apothecary, Vanilla Chai Protein Superfood Powder, UPC#850053288340",food,food
Best Friends Collection “Dad is King” Mug,food_contact,food_contact
"Fried Bombay Duck Fish, Fried Anchovy Fish Paste, Dried Shrimp",food,food
Vinyl tote bag,textile_or_soft_goods,textile_or_soft_goods
"Fried Squid, Roasted Squid, Dried Shrimp, Fried Baby Crab",children_products,children_products
Glassware with Exterior Artwork,food_contact,food_contact
Grain-Free Cereal,food,food
Alcoholic beverages,food,food
Brouk & Co. Cosmetic Bag,personal_care,personal_care
The Cosmetics Company Store Receipt,personal_care,personal_care
Vinyl/PVC Gloves,textile_or_soft_goods,textile_or_soft_goods
Pop Potato Chips Barbeque,food,food
"""Pfaltzgraff” American Flag themed coffee mug, including 18oz. 5153437, 0-25398-13505-9, 810465843",food,food_contact
"Yum Earth, Organic Licorice Black, UPC#810165019003",food,food
World Traveler Ceramic Tabletop,food_contact,food_contact
"Korova Black Bar 1000mg, Korova Fifty One Fifty Bar 500 mg, Cheeba Chews Sativa 70 mg, Cheeba Chews Hybrid 70 mg, Kushy Punch Hybrid Tropical Punch 100 mg, Korova Chocolate Chip Cookie 150 mg, TKO Peanut Butter Cookie 160 mg, Cheeba Chews Deca Dose 175 mg",food,food
"Nader Foods, Dry Lemon, UPC#685357001018",food,food
Tarvel bag for folding chair,textile_or_soft_goods,textile_or_soft_goods
Alcoholic beverage,food,food
Vinyl-coated utility hooks,textile_or_soft_goods,textile_or_soft_goods
Glassware with exterior artwork,food_contact,food_contact
"Korova Black Bar 1000mg, Korova Fifty One Fifty Bar 500 mg, Kushy Punch Hybrid Tropical Punch 100 mg, Kushy Punch TKO 200 mg, Korova Triple Chocolate Brownie 150 mg",food,food
Goodfellow & Co. Wallet,textile_or_soft_goods,textile_or_soft_goods
Alcoholic beverages,food,food
"Bibamm, Dried Shiitake Mushroom, UPC#X003PPNLB",children_products,food
The Elderberry Co. Organic Superfood Greens Powder,food,food
Vinyl Waterproof Outdoor Bags and Accessories,textile_or_soft_goods,textile_or_soft_goods
Classic Deluxe Roping Glove - case,textile_or_soft_goods,textile_or_soft_goods
"firewood, woodchips, charcoal",food,food
Tote Bags,textile_or_soft_goods,textile_or_soft_goods
Vinyl/PVC Cables,textile_or_soft_goods,textile_or_soft_goods
"Padded armrests and other vinyl upholstered components used for wheelchairs, Grips and other vinyl upholstered components used for wheelchairs, Wheelchairs with padded armrests and/or other accessible vinyl components",textile_or_soft_goods,textile_or_soft_goods
Vietnamese Rice Paper,food,food
"Wallets, handbags, clutches and totes",textile_or_soft_goods,textile_or_soft_goods
Alcoholic beverage,food,food
Tate's Bake Shop Gluten Free Ginger Zinger Cookies,food,food
Rockbros cell phone bike bag SKU B2-2BL,textile_or_soft_goods,textile_or_soft_goods
Fitppl Green & Red Daily Superfood,food,food
Pillowcase plastic storage bag,textile_or_soft_goods,textile_or_soft_goods
Cadia Organic Country White Sliced Bread 24 oz,food,food
LivBar organic superfood bars,food,food
WOODEN UTILITY POLES,furniture_or_building,furniture_or_building
Ceramic Mugs with Exterior Designs,food_contact,food_contact
"Kombucha, Maple syrup, Honey, Vinegar, Soy sauce",food,food
"Kaimana Jerky, Wicked Wahoo Fish Jerky - Smokin' Hickory O.G., UPC#746033906536, Kaimana Jerky, Wicked Wahoo Fish Jerky - Island Citrus, UPC#746033906550, Kaimana Jerky, Wicked Wahoo Fish Jerky - Spicy Hot Chili, UPC#746033906543, Kaimana Jerky, Ahi Tuna Jerky - Teriyaki, UPC#746033905195, Kaimana Jerky, Ahi Tuna Jerky - Peppered, UPC#746033905164, Kaimana Jerky, Ahi Tuna Jerky - Spicy Sriracha, UPC#850000114449, Kaimana Jerky, Ahi Tuna Jerky - Honey Glazed, UPC#746033905188, Kaimana Jerky, Salmon Jerky - Original, UPC#746033906185, Kaimana Jerky, Salmon Jerky - Teriyaki, UPC#746033906192, Kaimana Jerky, Salmon Jerky - Spicy, UPC#746033906208",food,food
Vinyl/PVC Tool Grips,textile_or_soft_goods,textile_or_soft_goods
Ceramic Salt and Pepper Shakers With Exterior Decorations,food_contact,food_contact
Happy Baby Organic Teethers,children_products,children_products
Orange Ostrich Pattern Purse / Handbag (Ross SKU 400242470867),textile_or_soft_goods,textile_or_soft_goods
Vinyl clothing,textile_or_soft_goods,textile_or_soft_goods
Ceramicware with Exterior Artwork,food_contact,food_contact
Nutritional Snack/Meal Bars,food,food
Sofa Saver bag,textile_or_soft_goods,textile_or_soft_goods
"Shampoo Sunflower & Coconut 075724237315, Hand Soap savon des belles- Melon 767014005802, Hand Soap savon des belles- Peach 767014005802, Hand Soap savon des belles- Citrus Mint 767014005697, Hand Soap savon des belles- Lemon 767014005802, Hand Soap savon des belles- Lavender 767014005802, Hand Soap savon des belles- Coconut 767014005802, Hand Soap savon des belles- Vanilla 767014005802, Shampoo Daily Defense Green Apple 870223026947, Shampoo Daily Defense Coconut 870223026961, Shampoo Salon Selectives Deep 7 870223027807, Shampoo Salon Selectives Gentle 3 870223027791, Shampoo Daily Defense Keratin 870223028040, Shampoo T+Plus Gel 048155921672, Hand Soap DCL Citrus Hand Soap 722429640871",personal_care,personal_care
Kale Chips,food,food
Parle Bakesmith Marie Cookies,food,food
"Flo Master Commercial Sprayer Hose, UPC No. 026156910376",household_cleaner,household_cleaner
"Korova Chocolate Chip Cookie 150 mg, Korova Mint Dip Cookie 250 mg, Korova Triple Chocolate Brownie 150 mg, Cheeba Chews Hybrid 70 mg, Cheeba Chews Deca Dose 175 mg",food,food
Laura Ashley Under The Bed Storage Bag in Almeida Item # D496245S,textile_or_soft_goods,textile_or_soft_goods
"topical creams, supplements, tonics and other products containing androstenedione",personal_care,personal_care
Glassware and Ceramic Products,food_contact,food_contact
Rice,food,food
Rice,food,food
Brass Plates,food_contact,food_contact
"Vega One All-In-One Nutritional Shake, Chocolate",food,food
Peanut Oil,food,food
Wallet,textile_or_soft_goods,textile_or_soft_goods
Roasted Seaweed Snack Wasabi,food,food
Inka Plantain Chips,food,food
Alcoholic beverages,food,food
"Spices Village, Orange Peel Powder, UPC#X003L1W365",food,food
vinyl bedding storage cases,textile_or_soft_goods,textile_or_soft_goods
Zipper bags,textile_or_soft_goods,textile_or_soft_goods
Seaweed Snacks,food,food
Spinach Rice Paper,food,food
Bottled water,food_contact,food_contact
Lead-Based Fishing Sinkers,food,food
Handbags,textile_or_soft_goods,textile_or_soft_goods
vinyl bedding storage cases,textile_or_soft_goods,textile_or_soft_goods
Ceramic Products,food_contact,food_contact
Vinyl/PVC Kettlebells,textile_or_soft_goods,textile_or_soft_goods
"Terrasoul Superfoods, Ginger Root Powder, UPC#X001EC4FJL",food,food
Working Hands PVC Coated Rubber Glove,textile_or_soft_goods,textile_or_soft_goods
Sardines in Tomato Sauce,food,food
EltaMD Body Lotion,personal_care,personal_care
Commercial Vehicle Seats with Vinyl/PVC Upholstery,textile_or_soft_goods,textile_or_soft_goods
"Korova Black Bar 1000mg, Kushy Punch Hybrid Tropical Punch 100 mg, Kushy Punch TKO 200 mg, Korova Black Bar 1000mg, Korova Fifty One Fifty Bar 500 mg, Cheeba Chews Sativa 70 mg, Cheeba Chews Hybrid 70 mg, Korova Triple Chocolate Brownie 150 mg, Cheeba Chews Deca Dose 175 mg",food,food
Vinyl pouches,textile_or_soft_goods,textile_or_soft_goods
Mini Chips Ahoy!,food,food
"Fish and shellfish in the form of meals containing ahi tuna, lobster, salmon, mahi mahi, sea bass, grouper, yellowfin ahi, halibut, shark and swordfish.",food,food
Shirakiku Mochiko-Sweet Rice Flour,food,food
"purses, bags, clutches, and wallets",textile_or_soft_goods,textile_or_soft_goods
Toys With Vinyl Suction Cups,food_contact,food_contact
Detergent,household_cleaner,household_cleaner
handbags,textile_or_soft_goods,textile_or_soft_goods
Miracle Noodles,food,food
Spicy Sakura Prawn Soup Noodles,food,food
"Chemicals in bulk (or smaller quantities) as straight chemicals, solvent blnds, strippers, cleaners, adhesives, resins and thinners.",household_cleaner,household_cleaner
Cecile Maison Bag,textile_or_soft_goods,textile_or_soft_goods
Southwind Foods Shrimp Fajita,food,food
Ceramic vases,food_contact,food_contact
Vinyl/PVC stools,textile_or_soft_goods,textile_or_soft_goods
Sardines in Tomato Sauce,food,food
Burley Dry Bag,textile_or_soft_goods,textile_or_soft_goods
"Totes, Pouches, Sleeves for Laptops and Other Electronic Devices, Backpacks, Shoulder Bags and Luggage Made With Leather, Vinyl or Imitation Leather Materials",textile_or_soft_goods,textile_or_soft_goods
Ceramic Candle Holders With Exterior Descorations,food_contact,food_contact
nasal spray,household_cleaner,household_cleaner
Black Diamond Wooden Roll Fire Starters,furniture_or_building,furniture_or_building
Baby bibs,children_products,children_products
S Suniness Clear Stadium crossbody bag,textile_or_soft_goods,textile_or_soft_goods
Lizard Skins Komodo V2 Batting Gloves,textile_or_soft_goods,textile_or_soft_goods
Bellapierre Cosmetics Brush Travel Set,personal_care,personal_care
Imagitarium Creative Comforts Driftwood,furniture_or_building,furniture_or_building
Sweet Potato Noodle,food,food
Alcoholic beverages,food,food
nasal sprays,household_cleaner,household_cleaner
Creamy French Cookie (Chocolate),food,food
"Shampoo and Liquid Soaps Such as Hand Soap, Body Wash and Bubble Bath",personal_care,personal_care
"Greenbrier International Inc., Home Style Select Restaurant Style Tortilla Chips, UPC#639277409782",food,food
Dry Bags,textile_or_soft_goods,textile_or_soft_goods
Glassware with Colored Artwork or Designs on the Exterior,food_contact,food_contact
Tools with vinyl grips,textile_or_soft_goods,textile_or_soft_goods
Small Buggy Bag,textile_or_soft_goods,textile_or_soft_goods
"Update International Measuring Cup, UPC No. 7 55576 02711 0",food_contact,food_contact
Bags with vinyl/PVC components,textile_or_soft_goods,textile_or_soft_goods
Shrimp Sauce,food,food
cosmetics cases,personal_care,personal_care
Shroomeats Mushroom Balls,food,food
Bob Ross Finishing Spray Varnish,household_cleaner,household_cleaner
Candy,food,food
Trader Joe's Chile Spiced Mango,food,food
Fried Vegetable-Based Snack Products,food,food
Ceramic Disc Cartridges,food_contact,food_contact
Happy Flight Vinyl Travel Accessories,textile_or_soft_goods,textile_or_soft_goods
Ironclad Ranchworx gloves,textile_or_soft_goods,textile_or_soft_goods
"The Girlfriend Doctor Dr. Anna Cabeca Mighty Maca Plus Superfood Drink Mix, The Girlfriend Doctor Dr. Anna Cabeca Keto-Alkaline Protein Shake Fortifying Vanilla Protein Shake, The Girlfriend Doctor Dr. Anna Cabeca Keto-Green Plant-Based Protein Shake All-In-One Revitalizing Meal Replacement Chocolate, The Girlfriend Doctor Dr. Anna Cabeca Mighty Maca Plus 30 Superfoods Energy Vitality Stamina Drink Mix, The Girlfriend Doctor Dr. Anna Cabeca Keto-Green Plant Based Protein Shake with MCT Oil All-In-One Revitalizing Meal Replacement Chocolate",food,food
Vinyl/PVC Coated Padlocks,textile_or_soft_goods,textile_or_soft_goods
"Urban Remedy Organic Green Berry Meal Shake, Urban Remedy Organic Golden Turmeric Coconut Cashew Milk, Urban Remedy Organic Chocolate Protein Collagen Meal Shake, Urban Remedy Organic Vanilla Protein Collagen Meal Shake, Urban Remedy Organic Chocolate Banana Meal Shake",food,food
Furniture,furniture_or_building,furniture_or_building
vinyl tapes,textile_or_soft_goods,textile_or_soft_goods
Postum coffee substitute,food,food
Vinyl/PVC Recipe Boxes,textile_or_soft_goods,textile_or_soft_goods
"Spicewalla, Golden Milk, UPC#810022760390",food,food
TORTILLA CHIPS,food,food
Oil-Based Grounds,food,food
"YoeeJob 3 Holes Clear PVC Zipper Binder , VENTURE 4TH Premium Hanging Travel Toiletry Bag",food,food
Superfood Snacks,food,food
Vacuums with Vinyl/PVC Hoses,textile_or_soft_goods,textile_or_soft_goods
Reusable plastic container of Boy Zone Comforter Set,food_contact,food_contact
Vinyl/PVC Badge Holders,textile_or_soft_goods,textile_or_soft_goods
"Nasal sprays, ointments and eye care products",household_cleaner,household_cleaner
Skooba design bag,textile_or_soft_goods,textile_or_soft_goods
Glassware With Exterior Designs,food_contact,food_contact
Glassware,food_contact,food_contact
"Project #1 Nutrition, Vegan Protein - Salted Caramel, UPC#762998643576, Project #1 Nutrition, Greens (Superfood Greens Powder) - Apple Mint, UPC#660251521121",food,food
St. Nicholas Square Ceramic Blessing Tree,food_contact,food_contact
Alcoholic beverages,food,food
"KorovaBlack Bar 1000mg , Korova Chocolate Chip Cookie 150 mg, Korova Fifty One Fifty Bar 500 mg",food,food
Scribers with Vinyl Components,textile_or_soft_goods,textile_or_soft_goods
Sesame Teriyaki Noodle Bowl,food,food
Cooked White Rice with Seaweed Soup Mix UPC No. 8-0717671036-4,food,food
PUFF.ME Dry Texture Spray,household_cleaner,household_cleaner
Provani Cream,personal_care,personal_care
"Vinyl/PVC Golf Ball Retriever Grips , Vinyl/PVC Golf Ball Monogrammer Grips",textile_or_soft_goods,textile_or_soft_goods
Vinyl coating on wire ropes,textile_or_soft_goods,textile_or_soft_goods
Black Opal Oil Absorbing Pressed Powder - Queen Sugar,food,food
Travel bag,textile_or_soft_goods,textile_or_soft_goods
Alcoholic beverage,food,food
Vinyl tool grips,textile_or_soft_goods,textile_or_soft_goods
Glassware Products,food_contact,food_contact
Beverage Dispensers,food,food
Tools with Vinyl/PVC Grips,textile_or_soft_goods,textile_or_soft_goods
Panera Bread Chicken Noodle Soup,food,food
Ceramic Mugs with Exterior Designs,food_contact,food_contact
Vinyl Plant Ties,textile_or_soft_goods,textile_or_soft_goods
La Barca Small Sardines in Olive Oil,food,food
Vinyl Waterproof Outdoor Bags and Accessories,textile_or_soft_goods,textile_or_soft_goods
"Earth & Soil, Mandarin Crunchy Dried Slices, UPC#8681917251352, SDA Foods, Organic Sun, Dried Power Berries, UPC#828093003469, SDA Foods, Organic Sun, Dried Apricots, UPC#828093003179",food,food
ProSobee Soy Infant Formula for Sensitive Tummy,children_products,children_products
"American Dream Double Butter Crunch Peanut Butter, American Dream Candy Cane Kisses Dream Cake, American Dream Cookie Batter Dream Cake, American Dream Brownie Batter Dream Cake, American Dream Gingerdoodle Dream Cake",food,food
"jelly sandals, pump sprayers",household_cleaner,household_cleaner
Interstate Pneumatics HR34-015 Red Polyurethane Recoil Hose Swivel Fittings UPC791674940524,food,children_products
Beetroot Rice Paper,food,food
"Footwear with leather , vinyl and imitation leather components",textile_or_soft_goods,textile_or_soft_goods
"Notepad holder, Vinyl kit bag",textile_or_soft_goods,textile_or_soft_goods
Vinyl Gloves,textile_or_soft_goods,textile_or_soft_goods
SUMMER FRIDAYS RICH CUSHION CREAM ULTRA PLUMPING MOISTURIZER,personal_care,personal_care
Handbag with Polymer Components,textile_or_soft_goods,textile_or_soft_goods
Global Beauty VITAMIN C EXTRACT MAKEUP CLEANSING WIPES,personal_care,personal_care
Blue Bowl Receipt,food_contact,food_contact
Fishing tackle,food,food
vinyl bedding storage cases,textile_or_soft_goods,textile_or_soft_goods
Vinyl flooring,textile_or_soft_goods,textile_or_soft_goods
Rice Flour,food,food
"Vinyl bags, Plush toys, Keychains",children_products,children_products
Great American Seafood White Shrimp,food,food
Nautica children's shoes,children_products,children_products
Teas in plastic tea bags,food,food
"Baby Cuttlefish Whole Cleaned (UPC: 854336202863), Baby Cuttlefish Whole Cleaned (UPC: 854336202870)",food,children_products
Ginger and Fruit Snack Food,food,food
Cauliflower Mac Bowl,food_contact,food_contact
Vinyl/PVC Cutting Mats,textile_or_soft_goods,textile_or_soft_goods
"Ninja Supplements, Guardian (Reds and Greens) - Mango Crush, UPC#748515976464, Ninja Supplements, Zen (Sleep Aid) - Mango Ginger Tea, UPC#748515976570, Ninja Supplements, Up Pre-Workout - Pineapple Sangria, UPC#748515976211",food,food
Baar Olivae Shampoo,personal_care,personal_care
Taokaenoi Toasted Seaweed,food,food
"Indus Farms Superfoods, Freeze Dried Fruit Java Plum, UPC#765531347030",food,food
Ceramic Mugs with Exterior Designs,food_contact,food_contact
"Miracle Noodle, Spinach Angel Hair, UPC#850033235036",food,food
Ceramic Mugs With Exterior Designs,food_contact,food_contact
Glass and Ceramic Products,food_contact,food_contact
Vinyl inflatable structures,textile_or_soft_goods,textile_or_soft_goods
Potato Chips with Seaweed and Salt,food,food
Quest Tortilla Style Protein Chips Loaded Taco,food,food
Mussels In Garlic Butter Sauce,food,food
Valves with Vinyl/PVC Grips,textile_or_soft_goods,textile_or_soft_goods
Charcoals/Steam Stones used for smoking Hookah,food,food
"Environmental Exposures; Occupational Exposures; and Product Exposures (Alcoholic Beverages (bars, mini bars); Swimming Pool/Hot Tubs; Food and Beverage Operations; Automobile Parking Facilities; Hotel Transportation Vehicles; Kitchen; Fireplaces and Patio Heaters; Valet (shoeshine and dry cleaning delivery); Candles; Sterno Cooking Fuel; Second-hand Smoke and Smokeless Tobacco Products; Cleaning Supplies/Janitorial; Maintenance/Power Tools; Furniture/Furnishings/Window Treatments; Public and Guest Bathrooms; Medical/First Aid Supplies; Internal Combustion (“IC”) Engines, Boilers and other Gas Burning Devices, and Fireplaces; Electronic Equipment, Electric Equipment and Associated Cables Wires and Batteries; Office Supplies and Office Equipment; Hand Tools, Hardware and Brass Keys; and Fertilizers, Soil Amendments, and Pesticides and Herbicides).",food,food
Alcoholic beverage,food,food
Ceramic Mugs With Exterior Decorations,food_contact,food_contact
Glassware with exterior artwork,food_contact,food_contact
Fishing Sinker,food,food
Tar based dandruff shampoo,personal_care,personal_care
"Big Picture Foods, Organic Capers Wild Foraged, UPC#850018267038",food,food
Tools with vinyl grips,textile_or_soft_goods,textile_or_soft_goods
spray paints,household_cleaner,household_cleaner
"SKIN-LIGHTENING, WHITENING AND ""SMOOTHING"" CREAMS CONTAINING MERCURY OR MERCURY COMPOUNDS, GOREE BRAND SKIN-LIGHTENING, WHITENING AND ""SMOOTHING"" CREAMS CONTAINING MERCURY OR MERCURY COMPOUNDS, FACE FRESH BRAND SKIN-LIGHTENING, WHITENING AND ""SMOOTHING"" CREAMS CONTAINING MERCURY OR MERCURY COMPOUNDS, NUNN CARE BRAND SKIN-LIGHTENING, WHITENING AND ""SMOOTHING"" CREAMS CONTAINING MERCURY OR MERCURY COMPOUNDS, CHANDNI BRAND SKIN-LIGHTENING, WHITENING AND ""SMOOTHING"" CREAMS CONTAINING MERCURY OR MERCURY COMPOUNDS, POLLA BRAND SKIN-LIGHTENING, WHITENING AND ""SMOOTHING"" CREAMS CONTAINING MERCURY OR MERCURY COMPOUNDS, CREMA LA MILAGROSA BRAND SKIN-LIGHTENING, WHITENING AND ""SMOOTHING"" CREAMS CONTAINING MERCURY OR MERCURY COMPOUNDS, PIEL ETERNAMENTE JOVEN BRAND SKIN-LIGHTENING, WHITENING AND ""SMOOTHING"" CREAMS CONTAINING MERCURY OR MERCURY COMPOUNDS, NATURAL FACE BRAND SKIN-LIGHTENING, WHITENING AND ""SMOOTHING"" CREAMS CONTAINING MERCURY OR MERCURY COMPOUNDS",personal_care,personal_care
Cole’s Mackerel in Olive Oil - UPC No. 8-9195300102-8,food,food
Books with Vinyl/PVC Covers,textile_or_soft_goods,textile_or_soft_goods
"Kroger Gluten Free Spaghetti, Kroger Snack Tray",food,food
Readywise Outdoor Pro Adventure Meal Beef Bulgogi & Kimchi Fried Rice,food,food
Cassava Chips,food,food
"Amato Leather Gloves, UPC# 795072032263",textile_or_soft_goods,textile_or_soft_goods
Fried Sprats in Tomato Sauce,food,food
Ceramic Trays With Decorations,food_contact,food_contact
Enfamil Nutramigen with Enflora LGG - Hypoallergenic Infant Formula,children_products,children_products
"Belts Made With Leather, Vinyl or Imitation Leather Materials",textile_or_soft_goods,textile_or_soft_goods
"Bellino, Anchovies with Capers in Olive Oil, UPC#070796210143",food,food
Anthropologie “All Spruced Up” Mug,food_contact,food_contact
La Verde Vita Tuscany Hand Cream Lavender,personal_care,personal_care
Ceramic Mugs With Exterior Designs,food_contact,food_contact
LÄRABAR PEANUT BUTTER CHOCOLATE CHIP BAR,food,food
Foam-Cushioned Upholstered Furniture,furniture_or_building,furniture_or_building
Benelli range bag,textile_or_soft_goods,textile_or_soft_goods
Stonewall Kitchen Chocolate Cherry Almond Biscotti Crisps,food,food
Vinyl/PVC Jackets,textile_or_soft_goods,textile_or_soft_goods
Ceramic and Glass Containers with Exterior Artwork,food_contact,food_contact
"Diophy Handbag - Clear Plastic, Style#TM-6684, D1521 C5466, 400176874847",textile_or_soft_goods,textile_or_soft_goods
Alcoholic beverage,food,food
Upholstered furniture including chairs,furniture_or_building,furniture_or_building
Upholstered furniture including chairs,furniture_or_building,furniture_or_building
alcoholic beverages,food,food
Make-up Bag/Toiletry Organizers,food,textile_or_soft_goods
"Hamilton Beach Blender Container, UPC No. 0 4009491073 1",food_contact,food_contact
Sweet Potato Glass Noodle,food,food
Zippers bag,textile_or_soft_goods,textile_or_soft_goods
"Dr. Praeger’s Purely Sensible Foods Kids Broc Star! Broccoli Littles, Dr. Praeger’s Purely Sensible Foods Kids Kale & Potatoes – Oh My! Kale Littles, Dr. Praeger’s Purely Sensible Foods Kids It’s Easy Being Green! Spinach Littles, Dr. Praeger’s Purely Sensible Foods Kids Sweet Sunshine Sweet Potato Littles",food,food
Chinese Special Spices,food,food
vinyl bedding storage cases,textile_or_soft_goods,textile_or_soft_goods
Sardines in Tomato Sauce,food,food
Complete Plant-Based Protein Plus BCAA and Creatine Delicious Cookies 'n Cream Natural Flavor,food,food
LUSETA Jamacian Black Castor Oil Shampoo,food,personal_care
Ceramic Candles With Exterior Designs,food_contact,food_contact
"Tool Grips, Vinyl/PVC Hoses",textile_or_soft_goods,textile_or_soft_goods
JORCC Fishing Weights Fishing Sinker Drop Shot Weights Lead Fishing Weights Kit with Fishing Beads-85 Pcs,food,food
"Glass Bottles with Exterior Decoration, Coasters, Ceramic Mugs with Exterior Decoration",food_contact,food_contact
"Bath Books, Children's Vinyl Bags, Children's Vinyl Jackets/Apparel",children_products,children_products
"Imoshion Fanny Pack, PO# 0750, Imoshion Cosmetic Bag, PO# 1170",personal_care,personal_care
Vinyl/PVC Journal Covers,textile_or_soft_goods,textile_or_soft_goods
"Cheeba Chews Sativa 70 mg, Cheeba Chews Hybrid 70 mg, TKO Peanut Butter Cookie 160 mg",food,food
"Cheeba Chews Sativa 70mg, Cheeba Chews Hybrid 70mg, Korova Black Bar 1000mg, Korova Chocolate Chip Cookie 150mg, Korova Fifty One Fifty Bar 500mg, Korova Mint Dip Cookie 250mg, Kushy Punch Hybrid Tropical Punch 100mg, Kushy Punch TKO 200mg, Korova Triple Chocolate Brownie 150mg, Korova Mint Dip Cookie 250mg, Cheeba Chews Deca Dose 175mg",food,food
Vinyl/PVC Shoulder Strap Pads,textile_or_soft_goods,textile_or_soft_goods
Ceramic Bowls With Exterior Designs,food_contact,food_contact
Fried Carp Fish with Curry Paste,food,food
Candy,food,food
"Korova Black Bar 1000mg, Korova Fifty One Fifty Bar 500 mg, Cheeba Chews Hybrid 70 mg, Korova Mint Dip Cookie 250 mg, Korova Chocolate Chip Cookie 150 mg, Korova Triple Chocolate Brownie 150 mg, Cheeba Chews Sativa 70 mg, Kushy Punch Hybrid Tropical Punch 100 mg, Kushy Punch TKO 200 mg, TKO Peanut Butter Cookie 160 mg",food,food
Lead-Based Fishing Weights,food,food
"Woodstock Farms, Ginger Slices, UPC#075239004730",furniture_or_building,furniture_or_building
Newman’s Own Organics Super Dark Chocolate Bar 70% Cocoa,food,food
"Farmhouse, Rice Pilaf with Garden Vegetables, UPC#740500972505",food,food
"Two Brothers India Farms, Moringa Powder (Naturally Dried), UPC#8908016002358, Two Brothers India Farms, Lakadong Turmeric Powder, UPC#8906153882772, Two Brothers India Farms, Golden Milk Mix (Spice Mix), UPC#8906153884509",food,food
Alcoholic beverage,food,food
RW Garcia Sweet Potato Crackers,food,food
Spinach Noodle,food,food
Belts with Vinyl Components,textile_or_soft_goods,textile_or_soft_goods
"Mortan & Bassett, Chinese Five Spice, UPC#016291441583",food,food
Steamed & Peeled Baby Beets,food,children_products
Vinyl Gloves,textile_or_soft_goods,textile_or_soft_goods
Alcoholic beverage,food,food
Western Hearth Country Potato Bread,food,food
KENRA Clarify Shampoo,personal_care,personal_care
Alcoholic beverages,food,food
Vinyl coated galvanized cable,textile_or_soft_goods,textile_or_soft_goods
"Tean's Gourmet, Paste For Chicken Curry, UPC#9555144300109",food,food
GO BETTER Keto Chocolate Bark,food,food
"Upholstered Chairs with Foam Padding containing Tris(1,3-dichloro-2-propyl) phosphate, Upholstered Chairs with Foam Padding containing Tris(2-chloroethyl) phosphate, Chairs with Vinyl/PVC Upholstery containing Di(2-ethylhexyl)phthalate",textile_or_soft_goods,textile_or_soft_goods
"Jojo’s Chocolate, Goes Hawaiian, UPC#850008237041",food,food
Vinyl Hoses,textile_or_soft_goods,textile_or_soft_goods
White Cosmetic Bag with “I Woke Up like This” Print SKU#40­171841,personal_care,personal_care
"Bear Creek Hearty Soup Bowl, Creamy Potato, 1.9 Ounce",food_contact,food_contact
Vinyl/PVC chairs,textile_or_soft_goods,textile_or_soft_goods
Ceramic Mugs With Exterior Designs,food_contact,food_contact
Vinyl coated fasteners,textile_or_soft_goods,textile_or_soft_goods
Atomy Herbal Hair Shampoo,personal_care,personal_care
"La Barca, Sardines in Olive Oil, UPC#850039119415, La Barca, Small Sardines in Olive Oil, UPC#850039119422",food,food
"Environmental Exposures; Occupational Exposures; and Product Exposures (Swimming Pool/Hot Tubs; Automobile Parking Facilities; Matches; Second-hand Smoke and Smokeless Tobacco Products; Cleaning Supplies/Janitorial; Maintenance/Power Tools; Furniture/Furnishings/Window Treatments; Public and Guest Bathrooms; Medical/First Aid Supplies; Internal Combustion (“IC”) Engines, Boilers and other Gas Burning Devices, and Fireplaces; Electronic Equipment, Electric Equipment and Associated Cables Wires and Batteries; Office Supplies and Office Equipment; Hand Tools, Hardware and Brass Keys; and Fertilizers, Soil Amendments, and Pesticides and Herbicides).",food,food
Toiletry Bag,food,food
Pinky Up Chloe Ceramic Leopard Mug,food_contact,food_contact
Plain Brick Oven Pita Bread,food,food
Glassware Products,food_contact,food_contact
"SHAN ACHAR GOSHT, SHAN CHICKEN MASALA, SHAN MALAY CHICKEN BIRYANI, SHAN- ZAFRANI GARAM MASALA POWDER, SHAN- STRAWBERRY CUSTARD POWDER, SHAN- VANILLA CUSTARD POWDER, SHAN (JAR)- CHILI PICKLE, SHAN PAYA, SHAN KOFTA, SHAN KARAHI, SHAN NIHARI, SHAN MEAT MASALA, SHAN PASANDA MASALA, SHAN CHICKEN WHITE KARAHI, SHAN CHICKEN HANDI, SHAN BUTTER CHICKEN, SHAN FISH BIRYANI, SHAN BIRYANI, SHAN TIKKA SEEKH KABAB, SHAN TIKKA, SHAN PANI PURI MASALA, SHAN KEEMA, SHAN CHAPLI KABAB, SHAN LAHORI FISH, SHAN FRIED FISH, SHAN- PILAU BIRYANI, SHAN- PUNJABI YAKHNI PILAU, SHAN- GINGER PASTE",food,food
"Belts, Jewelry, Charms and zipper pulls, Gloves and headwear",textile_or_soft_goods,textile_or_soft_goods
"Food Earth, Tikka Masala Simmer Sauce, UPC#810609023122, Food Earth, Coconut Curry Simmer Sauce, UPC#810609023139",food,food
"Diaspora Spice Co., Masala Chai (Tea & Spice Blend), UPC#850056898355, Diaspora Spice Co., Basiya Ginger Powder, UPC#850056898300",food,food
Ashland Happy Harvest Soap Dispenser,personal_care,personal_care
"Vinyl/PVC Bracelets, Vinyl/PVC Binder Inserts",textile_or_soft_goods,textile_or_soft_goods
Ceramic containers with Exterior Artwork,food_contact,food_contact
Heart & Soil Pure American Liver 500 MG Each 180 Capsules,food,food
Nectar Clothing Receipt,textile_or_soft_goods,textile_or_soft_goods
Suction Cups,food_contact,food_contact
Nature’s Greatest Foods Coconut Cream,food,personal_care
Cooked Top Snail W/ Coconut Juice,food,food
Alcoholic beverages,food,food
Glassware and Ceramics w/Exterior Artwork,food_contact,food_contact
"Korova Black Bar 1000mg, Korova Triple Chocolate Brownie 150 mg",food,food
Shrimp Sauce,food,food
Teas in plastic tea bags,food,food
"Mindright, Popped Chips Cinnamon Churro, UPC#850022566455",food,food
"Plastic bag for folding bike covers, Potential storage case of thermoelectric throws",textile_or_soft_goods,textile_or_soft_goods
Ceramic beverage container,food,food
"Green Foods, True Vitality Plant Protein Shake Vanilla, UPC#083851207774",food,food
"Go-To-Work Kit, G-Tek Gloves, 34-C232/L, Go-To-Work Kit, Ear Plug (red cord), 265-100C/NRR32",textile_or_soft_goods,textile_or_soft_goods
Vinyl shower curtain,textile_or_soft_goods,textile_or_soft_goods
Seaweed Chips,food,food
Chest Plate,food_contact,food_contact
"Blueprint Bryan Johnson Nutty Pudding Ready-to-Mix Proteins and Polyphenols Chocolate and Other Natural Flavors, Blueprint Bryan Johnson Cocoa Powder 7.5% Flavanols 800+ MG Per Serving Unsweetened",food,food
Ceramic Bowls With Exterior Designs,food_contact,food_contact
"Luau Inflatable Monkey, Sassy Chic Handbag, Mothers Care El Babero Del Bebe, 2 Pack Inflatable Keychain, Sassy Chic Keyring, Knockdown Game, Spider-Man 3 4"" Softee Balls, Scholastic Clifford The Big Red Dog Water Squirters, 6 pk Favors, The Amazing Spider-Man LCD Watch",textile_or_soft_goods,textile_or_soft_goods
"Ijevan, Grape Leaves Tinned, UPC#4850001035190, Ijevan, Pasuts Tolma with Grape Leaves Tinned, UPC#4850001037637, Ijevan, Pasuts Tolma with Cabbage Leaves Tinned, UPC#4850001037644, Ijevan, Pasuts Tolma, UPC#4850001037644",textile_or_soft_goods,textile_or_soft_goods
"Pink Haley Tote Bag, 817115023844",textile_or_soft_goods,textile_or_soft_goods
Ceramic Mugs With Exterior Designs,food_contact,food_contact
Goodmark Black Cream Makeup,personal_care,personal_care
"(1) Thread Clear Bag SKU 0517936900019 , (2) Madilyn Suede Bag SKU 0524435402012",textile_or_soft_goods,textile_or_soft_goods
Pearhead Promoted to Godmother Mug,food_contact,food_contact
Disney makeup cases,personal_care,personal_care
"Environmental Exposures; Occupational Exposures; and Product Exposures (Automobile Parking Facilities; Kitchen; Second-hand Smoke and Smokeless Tobacco Products; Cleaning Supplies/Janitorial; Maintenance/Power Tools; Furniture/Furnishings/Window Treatments; Public and Guest Bathrooms; Medical/First Aid Supplies; Internal Combustion (“IC”) Engines, Boilers and other Gas Burning Devices, and Fireplaces; Electronic Equipment, Electric Equipment and Associated Cables Wires and Batteries; Office Supplies and Office Equipment; Hand Tools, Hardware and Brass Keys; and Fertilizers, Soil Amendments, and Pesticides and Herbicides).",food,food
"Oxford MIR Micro Magnetic Tank Bag - Clear Plastic, 5030009102004",textile_or_soft_goods,textile_or_soft_goods
Dried Seaweed Snack Foods,food,food
JY Toys Bambina Children’s Bag,children_products,children_products
Goodfellow & Co. Wallet,textile_or_soft_goods,textile_or_soft_goods
"Ascent 100% Whey Native Whey Protein Blend Chocolate, Ascent Plant Protein Powder Chocolate, Ascent 100% Casein Micellar Casein Isolate Protein Powder Chocolate",food,food
Insulated Wine Bag,textile_or_soft_goods,textile_or_soft_goods
Baby bibs,children_products,children_products
Food supplements,food,food
Travel Tote Bag; UPC: 815672021679; CD-CBG-201,textile_or_soft_goods,textile_or_soft_goods
Novex Collagen Organic Infusion Shampoo,personal_care,personal_care
Primos Mexican Food Receipt,food,food
Glassware Products,food_contact,food_contact
"Mateo's Gourmet Spices, Hot Chipotle Taco Seasoning, UPC#858102420079",food,food
Vinyl/PVC Tool Grips,textile_or_soft_goods,textile_or_soft_goods
"Korova Chocolate Chip Cookie 150 mg, Korova Fifty One Fifty Bar 500 mg, Kushy Punch Hybrid Tropical Punch 100 mg, Korova Chocolate Chip Cookie 150 m, Korova Triple Chocolate Brownie 150 mg",food,food
Baby bibs,children_products,children_products
TKO Peanut Butter Cookie 160 mg,food,food
Alcoholic beverages,food,food
Woodstock Chime Wind Chime Garden Bells with Base,furniture_or_building,furniture_or_building
Superior Nut & Candy sunflower kernels,food,food
"Seats with Vinyl Upholstery, Hoses",textile_or_soft_goods,textile_or_soft_goods
Mugs with Colored Artwork or Designs on the Exterior and Tableware with Colored Artwork or Designs on the Exterior,food_contact,food_contact
Tuna,food,food
"Upholstered Office Chairs with Foam Padding containing Tris(1,3-dichloro-2-propyl) phosphate, Stools with Vinyl/PVC Upholstery containing Di(2-ethylhexyl)phthalate",textile_or_soft_goods,textile_or_soft_goods
"Sunnylife Burn Baby Burn Bag - Clear Plastic, 00829591011",children_products,textile_or_soft_goods
Upholstered furniture including chairs,furniture_or_building,furniture_or_building
Cannisco's Mint Dark Chocolate Bar,food,food
Merona Button Tab Gloves (Yellow),textile_or_soft_goods,textile_or_soft_goods
Spring Clamps with Vinyl Grips and Tips,textile_or_soft_goods,textile_or_soft_goods
Alcoholic beverage,food,food
Vinyl Cases,textile_or_soft_goods,textile_or_soft_goods
wood pellets and energy logs,furniture_or_building,furniture_or_building
Crystallized Ginger Snack Food,food,food
"Great Value No Stir Crunchy Natural Peanut Butter Spread, Great Value Creamy Peanut Butter, Great Value Crunchy Peanut Butter, Great Value Honey Roasted Creamy Peanut & Honey Spread, Great Value No Stir Creamy Natural Peanut Butter Spread",personal_care,personal_care
Tea for One Teapot by Tea Emporium,food,food
Glassware,food_contact,food_contact
Sprout Organic Baby Food Pouch - Homestyle Vegetables & Pear (3.5 oz),food,food
TKO Peanut Butter Cookie 160 mg,food,food
"Aarco Products Burlap Weave Vinyl Bulletin Board, DVI1218837, AARC6727",textile_or_soft_goods,textile_or_soft_goods
Portola Coffee Roasters Ganashe Tin for Homemade Mocha,food,food
Vinyl pool and beach furniture,textile_or_soft_goods,textile_or_soft_goods
"SKIN-LIGHTENING, WHITENING AND ""SMOOTHING"" CREAMS CONTAINING MERCURY OR MERCURY COMPOUNDS, GOREE BRAND SKIN-LIGHTENING, WHITENING AND ""SMOOTHING"" CREAMS CONTAINING MERCURY OR MERCURY COMPOUNDS, FACE FRESH BRAND SKIN-LIGHTENING, WHITENING AND ""SMOOTHING"" CREAMS CONTAINING MERCURY OR MERCURY COMPOUNDS, NUNN CARE BRAND SKIN-LIGHTENING, WHITENING AND ""SMOOTHING"" CREAMS CONTAINING MERCURY OR MERCURY COMPOUNDS, CHANDNI BRAND SKIN-LIGHTENING, WHITENING AND ""SMOOTHING"" CREAMS CONTAINING MERCURY OR MERCURY COMPOUNDS, POLLA BRAND SKIN-LIGHTENING, WHITENING AND ""SMOOTHING"" CREAMS CONTAINING MERCURY OR MERCURY COMPOUNDS, CREMA LA MILAGROSA BRAND SKIN-LIGHTENING, WHITENING AND ""SMOOTHING"" CREAMS CONTAINING MERCURY OR MERCURY COMPOUNDS, PIEL ETERNAMENTE JOVEN BRAND SKIN-LIGHTENING, WHITENING AND ""SMOOTHING"" CREAMS CONTAINING MERCURY OR MERCURY COMPOUNDS, NATURAL FACE BRAND SKIN-LIGHTENING, WHITENING AND ""SMOOTHING"" CREAMS CONTAINING MERCURY OR MERCURY COMPOUNDS",personal_care,personal_care
Food products,food,food
"Whole Foods, Basil Pesto, UPC#099482423650",food,food
"AväntGreens Advanced Daily Nutrition, Solle Complete Protein Plus Natural Vanilla Crème, Solle Complete Protein Plus Double Dutch Cocoa, Solle Complete Protein Plus Natural Gluten and Lactose Free",food,food
Glass beverage container,food,food
handbags,textile_or_soft_goods,textile_or_soft_goods
"girl's chokers, crossbody phone bags",textile_or_soft_goods,textile_or_soft_goods
Vinyl/PVC Pet Tie-Out Cables,textile_or_soft_goods,textile_or_soft_goods
Handbag,textile_or_soft_goods,textile_or_soft_goods
Mussels in Escabeche Sauce,food,food
Ceramic Mugs With Exterior Designs,food_contact,food_contact
"Carrington Farms, Keto Bread Crumbs Italian Seasoned, UPC#742392000410, Carrington Farms, Mushroom Powder, UPC#742392001042",food,food
Cosmetic Kits,personal_care,personal_care
"Wai Lana, Veggie Chips Herb & Garlic, UPC#660217819873, TJX#175081, Wai Lana, Veggie Chips Lime Chili, UPC#660217819880, TJX#175086",food,food
Clear Handbag with Polymer Components,textile_or_soft_goods,textile_or_soft_goods
Split Firwood-Oak,furniture_or_building,furniture_or_building
Ciel Collection brand of bags,textile_or_soft_goods,textile_or_soft_goods
Pacifica Dreamy Youth Super Peptide Cream for Unisex,personal_care,personal_care
"firewood, mesquite charcoal",furniture_or_building,furniture_or_building
"Gourmet Kitchen 20 Piece Magnetic Bag Clips, SKU: 16419353106135",textile_or_soft_goods,textile_or_soft_goods
"Aqua Iridescent Handbag - Iridescent Part of bag, UPC#840611162212",textile_or_soft_goods,textile_or_soft_goods
Asos bags/handbags,textile_or_soft_goods,textile_or_soft_goods
Women's Plastic Handbag,textile_or_soft_goods,textile_or_soft_goods
Vinyl/PVC Cases for Electronics,textile_or_soft_goods,textile_or_soft_goods
Fish Paste,food,food
"Trader Joe's Imported from Belgium Pound Plus; Product Code: 00488754, Trader Joe's Organic Dark Chocolate 73%; Product Code: 00705615",food,food
"Vineyard Berries Hand Soap - UPC: 0667533196404, Caribbean Escape Hand Soap - UPC: 0667531805612, Bourbon Peach Hand Soap - UPC: 0667533321103, Crimson Plum Hand Soap - UPC: 0667533267005, Farmstand Apple Hand Soap - UPC: 0667533266527, Wildberry Fresia Hand Soap - UPC: 0667532577884, Dancing Waters Hand Soap - UPC: 0667531805636, Heirloom Pear Hand Soap - UPC: 0667533266510, Lavender & Chamomile Hand Soap - UPC: 050428540442, Clean Anti bacterial Hand Soap - UPC: 050428288214, Softsoap Soothing Aloe Vera Hand Soap - UPC: 074182270810, Softsoap Milk & Golden Honey Hand Soap - UPC: 074182292546, Softsoap Wintermint Wonderland Hand Soap - UPC: 074182269463, Lilac & Freesia Hand Soap - UPC: 074182262525, Prell Shampoo - UPC: 855093430131",personal_care,personal_care
Glassware and Ceramic Products,food_contact,food_contact
Ceramic Dispensers With Exterior Designs,food_contact,food_contact
"Sprouts pasta & veggie sauce, Sprouts veggie power bowl",food,food
"Brad's Raw Chips, LLC",food,food
cleaning gloves,textile_or_soft_goods,textile_or_soft_goods
Ceramic Mugs with Exterior Designs,food_contact,food_contact
Vita Mango Juice Drink - UPC No: 4-891028665700,food,food
Handbag,textile_or_soft_goods,textile_or_soft_goods
"EC Sports Greens N' Reds Blend Superfoods Mental Boost - Probiotics - Adaptogens Pineapple Punch, EC Sports Greens N' Reds Blend Superfoods Mental Boost - Probiotics - Adaptogens Peach Berry, EC Sports Whey+ with Digestive Enzymes Protein Powder + Collagen Peptides Double Chocolate, EC Sports Xtreme Force X Extreme Pre-Workout Juicy Peach, EC Sports Xtreme Force X Extreme Pre-Workout Rocket Pop, EC Sports Non-Stim Pump Pre-Workout Juicy Peach",food,food
mercury in nasal sprays,household_cleaner,household_cleaner
Well Beginnings Baby Powder,children_products,children_products
Totebag,textile_or_soft_goods,food
handbags,textile_or_soft_goods,textile_or_soft_goods
"Upholstered Office/Task Chairs with Foam Padding containing Tris(1,3-dichloro-2-propyl) phosphate, Upholstered Recliners with Foam Padding containing Tris(1,3-dichloro-2-propyl) phosphate, Recliners with Vinyl/PVC Upholstery containing Di(2-ethylhexyl)phthalate",textile_or_soft_goods,textile_or_soft_goods
Trader Joe's Laceys Cookies Dark Chocolate Almond,food,food
Ben’s Original Creamy Mushroom Risotto,personal_care,personal_care
"Cheeba Chews Sativa 70 mg, Korova Black Bar 1000mg, Korova Fifty One Fifty Bar 500 mg, Korova Mint Dip Cookie 250 mg, Korova Triple Chocolate Brownie 150 mg, Kushy Punch TKO 200 mg, Cheeba Chews Hybrid 70 mg, Kushy Punch Hybrid Tropical Punch 100 mg, Cheeba Chews Deca Dose 175 mg",food,food
Canes with Vinyl Handles,textile_or_soft_goods,textile_or_soft_goods
"Aqua Lung Sport Bag w/ Snorkel Gear, UPC No. 457142344300240013",textile_or_soft_goods,textile_or_soft_goods
Salerm Cosmetics’ Stop Stress Shampoing-Gel,personal_care,personal_care
"Evolve, Omega Lemon Turmeric Snack Mix, UPC#X00304IF5L",food,food
Glassware and Ceramic Products,food_contact,food_contact
Alcoholic beverages,food,food
"Noir by Allure Vinyl/PVC Lace Up Teddy, UPC No. 8 83045 46057 8",textile_or_soft_goods,textile_or_soft_goods
Brass fittings in espresso or coffee machines,food,food
Pawsitivity Fun Ceramic Treat Jar,food_contact,food_contact
BUMBLE&BUMBLE Illuminated Tone Enhancing Leave In Conditioner,personal_care,personal_care
"Korova Black Bar 1000mg, Korova Fifty One Fifty Bar 500 mg, Kushy Punch Hybrid Tropical Punch 100 mg, Kushy Punch TKO 200 mg, Cheeba Chews Sativa 70 mg, Cheeba Chews Hybrid 70 mg, Korova Mint Dip Cookie 250 mg, Korova Chocolate Chip Cookie 150 mg, Korova Triple Chocolate Brownie 150 mg, Caviar Gold Cavi Cone Strawberry 60 mg, Caviar Gold Cavi Cone Apple, Caviar Gold Cavi Cone Grape, Caviar Gold Cavi Cone Original",food,food
Krusteaz Cinnamon Swirl Crumb Cake & Muffin Mix,food,food
"pot head mugs, stay close mugs",food_contact,food_contact
"firewood, woodchips, charcoal",food,food
Soap & Glory Flake Away Exfoliating Body Scrub,personal_care,personal_care
"DryCase 2015 Liberty Duffle Bag, UPC No. 6 73034 03311 7",textile_or_soft_goods,textile_or_soft_goods
Glory Foods Simply Seasoned Collard Greens,food,food
Ceramic Trays With Surface Designs,food_contact,food_contact
"Oceankist Whole Blue Mussels with Natural Broth – Cadmium, Pete's Seafood Garlic Butter Clams – Lead, Pete's Seafood BBQ Butter Mussels – Lead, Sanford Sustainable Seafood New Zealand Greenshell Mussels on the Half Shell – Lead",food,food
Spicy Sujebi Seafood Flavor,food,food
Kuromi Ceramic Tabletop,food_contact,food_contact
"neck holders, tablet stands, pvc wash gloves, flashlights",textile_or_soft_goods,textile_or_soft_goods
Darsee & David’s Bag,textile_or_soft_goods,textile_or_soft_goods
"Galderma, Ionil-T Therapeutic Coal Tar Shampoo, Ionil-T Plus Therapeutic Coal Tar Shampoo",personal_care,personal_care
Vinyl/PVC Gloves,textile_or_soft_goods,textile_or_soft_goods
Women’s Plastic Purse,textile_or_soft_goods,textile_or_soft_goods
Anchor Brass Pin Vise Set and Vinyl Case,textile_or_soft_goods,textile_or_soft_goods
Packaged Dried Green Teas,food,food
Plastic purses,textile_or_soft_goods,textile_or_soft_goods
Wood Treatment,furniture_or_building,furniture_or_building
Lotion Dispensers,personal_care,personal_care
"Glass Candle Containers, Ceramic Products",food_contact,food_contact
Alcoholic beverage,food,food
alcoholic beverages,food,food
Mugs and Other Tableware with Colored Artwork or Designs on the Exterior.,food_contact,food_contact
Women's Wallet,textile_or_soft_goods,textile_or_soft_goods
Gloves with Vinyl/PVC Components,textile_or_soft_goods,textile_or_soft_goods
"Near East, Rice Pilaf Wild Mushroom & Herb, UPC#072251002164",food,food
Pouches with Vinyl/PVC Components,textile_or_soft_goods,textile_or_soft_goods
"Dr. Morse's Herbal Health, Superfood Explosion, UPC#850042543146",food,food
"Inflatable Vinyl Toys, Children's Soft Vinyl Bags",children_products,children_products
mercury in nasal sprays,household_cleaner,household_cleaner
"Millenium Collection Soft Toilet Seat, UPC No. 738980783308",food,food
Shrimp Sauce,food,food
Ceramic Fragrance Warmers With Exterior Designs,food_contact,food_contact
365 Whole Foods Market chopped spinach,food,food
Alcoholic beverage,food,food
Alcoholic beverages,food,food
Crossbody Bag,textile_or_soft_goods,textile_or_soft_goods
"nivea bath care, mascara, eye cream",personal_care,personal_care
Oil and acrylic paints,food,food
copper cookware with brass components,food_contact,food_contact
Bulk Dark Chocolate Nonpareils Candy 1.5 lb Bag - Product Code 766204791228,food,food
Comfort Haven Counter Accessories Ceramic Dispenser,food_contact,food_contact
Shellfish,food,food
"Korova Black Bar 1000mg, Cheeba Chews Sativa 70 mg, Cheeba Chews Hybrid 70 mg, Korova Fifty One Fifty Bar 500 mg, Kushy Punch Hybrid Tropical Punch 100 mg, Kushy Punch TKO 200 mg, Korova Chocolate Chip Cookie 150 mg, Korova Triple Chocolate Brownie 150 mg, Cheeba Chews Deca Dose 175 mg",food,food
Ready To Eat Breakfast Cereals,food,food
Cosmetic/toiletries bags,food,food
Teas in plastic tea bags,food,food
Obagi Clinical Vitamin C Eye Brightener,textile_or_soft_goods,personal_care
Crossbody Bag,textile_or_soft_goods,textile_or_soft_goods
Bio-Med Tar-Sulfur Shampoo (Veterinary Strength),personal_care,personal_care
LTH Vegan + All-In-One Naturally Flavored Chocolate with Other Natural Flavors Fuel,food,food
Glassware and Ceramic Products,food_contact,food_contact
Chi Shine Infusion Hair Shine Spray,household_cleaner,household_cleaner
Absolutely Gluten Free Everything Flatbread,food,food
"Cento, White Clam Sauce, UPC#070796699986, Cento, Double Concentrated Tomato Paste, UPC#070796400100",food,food
Grain Free Tortilla Chips,food,food
"NUI Nutrition, Matcha 100% Organic Green Tea Powder, UPC#X002NKV0O1",food,food
"Wood-burning outdoor heating products such as fire pits, fire rings, fire tables and chimineas",furniture_or_building,furniture_or_building
Handbags with Plastic Components,textile_or_soft_goods,textile_or_soft_goods
Ceramic Table Top Platter,food_contact,food_contact
"General Violations including Tobacco Smoke; Combustion Products and Materials; Hobby-Related Products and Materials; Apartment Properties Construction Materials; Potable Water Systems; Paints, Finishes and Coatings; Furniture Furnishing and Window Treatments; Brass Hardware, Metal Surfaces, and Electrical Wiring/Fixtures; Natural Gas, Liquid Fuel Gases and Fuel Oil Combustion; Automobile Parking Facilities, Designated Loading/Unloading Locations and Transportation Services; Apartment Cleaning and Maintenance; Exterior and Common Area Maintenance and Cleaning; Landscaping Maintenance Activities and Pesticides; Electronic and Electric Equipment and Associated Cables, Wires and Batteries; Office Supplies and Office Equipment.",food,food
Searam Brand Baby Clams,children_products,children_products
Clear Weekender Travel Bag with Plastic Components,textile_or_soft_goods,textile_or_soft_goods
Namaste Foods Gluten Free Flour Blend,food,food
"Vinyl/PVC Grips Knife Grips, Vinyl/PVC Grips Knife Grips",textile_or_soft_goods,textile_or_soft_goods
Guangyou Mian Yang Rice Noodle,food,food
CoverOn brand of wallet/phone cases,textile_or_soft_goods,textile_or_soft_goods
Children's shoes,children_products,children_products
Impacto Gloves,textile_or_soft_goods,textile_or_soft_goods
Vinyl/PVC Tubing,textile_or_soft_goods,textile_or_soft_goods
"Annie Chun’s, Hot & Sour Soup Bowl, UPC#765667100202",food_contact,food_contact
Ceramic,food_contact,food_contact
"Craize, Seeded Corn Crackers, UPC#860001574920",food,food
"Tea Zone Seasoning Powder - Pepper, Salt, & Herbal Spices - Bag (2.2 lbs) - Tea Zone",food,food
Clear Braided Vinyl Gas Hose,textile_or_soft_goods,textile_or_soft_goods
Glassware with colored artwork or designs on the exterior,food_contact,food_contact
Shellfish,food,food
"Cheeba Chews Sativa 70mg, Cheeba Chews Hybrid 70mg, Korova Mint Dip Cookie 250mg, Korova Chocolate Chip Cookie 150mg, Korova Fifty One Fifty Bar 500mg, Korova Black Bar 1000mg, Cheeba Chews Deca Dose 175mg, Korova Chocolate Brownie 150mg",food,food
Alcoholic beverage,food,food
Wristlet Wallets With PVC Components,textile_or_soft_goods,textile_or_soft_goods
Oil and acrylic paints,food,food
Toiletry/cosmetic bags,food,personal_care
Cosmetic/toiletries bag,food,food
"Celebrate it Plate, UPC# 1 95158 85044 4",food_contact,food_contact
"Le Sauce & Co., Tomato Basil, UPC#856781008359",food,food
Vinyl/PVC Tape,textile_or_soft_goods,textile_or_soft_goods
Keto Bread Mix,food,food
Tuna fish,food,food
Vinyl/PVC ID Pouches,textile_or_soft_goods,textile_or_soft_goods
Vinyl Banners,textile_or_soft_goods,textile_or_soft_goods
Foam-Cushioned Upholstered Furniture,furniture_or_building,furniture_or_building
Clarins Gentle Peeling Smooth Away Cream,personal_care,personal_care
Toston Plantain Snacks,food,food
Clothes storage bag organizer,textile_or_soft_goods,textile_or_soft_goods
Books or journals with vinyl covers,textile_or_soft_goods,textile_or_soft_goods
Ritchey Rolltop Saddle Bag,textile_or_soft_goods,textile_or_soft_goods
alcoholic beverages,food,food
Steve Madden Pink Wallet (Component tested was the clear plastic id holder),textile_or_soft_goods,textile_or_soft_goods
Ceramic Reed Diffusers With Exterior Designs,food_contact,food_contact
Ceramic Jars With Exterior Designs,food_contact,food_contact
"Doctor Murray Superfoods, 3 Seed Protein Powder, UPC#850010353173",food,food
Nail polish,household_cleaner,household_cleaner
Tools with Vinyl/PVC Grips,textile_or_soft_goods,textile_or_soft_goods
Grafco Vinyl Utility Apron UPC717076044899,textile_or_soft_goods,textile_or_soft_goods
Glass Soda Bottle Products,food_contact,food_contact
With Love Ceramic Plate,food_contact,food_contact
Inno Foods Garden Crisp Mini Crackers,food,food
Ceramic Mugs With Exterior Designs,food_contact,food_contact
Pursonic Anti-Cellulite Hot Cream,personal_care,personal_care
"Cosmetic Bag, UPC No. 7 8831245136 8",personal_care,personal_care
gfJules Certified Gluten Free Bread Baking Mix,food,food
"Cambro 34CW135 Food Pan, UPC No. 099511326655",food,food
Moroccan Oil Hydrating Shampoo,food,personal_care
boxing gloves,textile_or_soft_goods,textile_or_soft_goods
Srixon All Weather Glove,textile_or_soft_goods,textile_or_soft_goods
Cosmetic/toiletries bag,food,food
card holders in cosmetics sets,personal_care,personal_care
Sprayers with Vinyl/PVC Tubing,household_cleaner,household_cleaner
"Deco style Vinyl Floor Tile, UPC# 0 41498 15366 3, Item# 5366, Pattern No: 273D, Lot Number: 25.11.2011",textile_or_soft_goods,textile_or_soft_goods
Belts with Vinyl/PVC Components,textile_or_soft_goods,textile_or_soft_goods
"American Dream Double Butter Crunch Peanut Butter, American Dream Candy Cane Kisses Dream Cake, American Dream Cookie Batter Dream Cake, American Dream Brownie Batter Dream Cake, American Dream Gingerdoodle Dream Cake",food,food
Archipelago Botanicals Lavender Lotion,personal_care,personal_care
Alcoholic beverage,food,food
Glassware with colored artwork or designs on the exterior,food_contact,food_contact
Alcoholic beverage,food,food
Floral Mug,food_contact,food_contact
"Season Brand, Sardines in Olive Oil, UPC#070303022160",food,food
Ceramic Products,food_contact,food_contact
Nora Kitchen Tamarind Shrimp Noodles,food,food
"Vinyl, Oilcloth or Imitation Leather Fabric",food,textile_or_soft_goods
"Baby King 3 Squeeze Ducks, Plaza Sesamo Crumbcatcher Bib, Rubber Ducks, Baby Bibs and Other Soft Child Care Articles and Toys",children_products,children_products
Fermented Fish Chili Paste,food,food
"Korova Chocolate Chip Cookie 150 mg, Korova Mint Dip Cookie 250 mg, Korova Triple Chocolate Brownie 150 mg, TKO Peanut Butter Cookie 160 mg, Korova Chocolate Chip Cookie 150 mg",food,food
Yogi Ginger Tea,food,food
Children's Sport Toys,children_products,children_products
Clear Handbag,textile_or_soft_goods,textile_or_soft_goods
Vinyl/PVC Tape,textile_or_soft_goods,textile_or_soft_goods
Ceramic Products,food_contact,food_contact
padded vinyl armrests and leg rests,textile_or_soft_goods,textile_or_soft_goods
Alcoholic beverages,food,food
Alcoholic beverage,food,food
"Semi-refined petroleum, Crude Oil",food,food
Alcoholic beverage,food,food
"Ear Muffs with Vinyl Components, Gloves with Vinyl Components",textile_or_soft_goods,textile_or_soft_goods
Private Selection Crabmeat,food,food
Vinyl/PVC Hoses,textile_or_soft_goods,textile_or_soft_goods
Bullet Weights Fishing Sinkers 1 oz. Bank Sinker,food,food
"Chairs with Vinyl/PVC Upholstery, Chairs with Foam Padding",textile_or_soft_goods,textile_or_soft_goods
Dominique Cosmetics Unconditional Palette,personal_care,personal_care
TL Advanced Tightening Neck Cream Light,personal_care,personal_care
"44Lx33W 6mil, Vinyl Blu Raw-Edge Medium-Heavy Duty, CPP Apron",textile_or_soft_goods,textile_or_soft_goods
Glassware with Exterior Artwork,food_contact,food_contact
Foods Alive Salsa Fresca Sprouted Crisps,food,food
Firemaster Premium Wood Pellets,furniture_or_building,furniture_or_building
Clear plastic cover of Amish Outfitters fishing pad,food,textile_or_soft_goods
Work and Gardening Gloves Made With Leather Materials,textile_or_soft_goods,textile_or_soft_goods
"Korova Triple Chocolate Brownie 150 mg, Korova Fifty One Fifty Bar 500 mg, Kushy Punch TKO 200 mg, Kushy Punch Hybrid Tropical Punch 100 mg, Korova Black Bar 1000mg, TKO Peanut Butter Cookie 160 mg",food,food
Mesh Yarn Bag by Loops & Threads,textile_or_soft_goods,textile_or_soft_goods
"Cheeba Chews Hybrid 70 mg, Cheeba Chews Sativa 70 mg, Korova Black Bar 1000mg, Korova Chocolate Chip Cookie 150 mg, Korova Fifty One Fifty Bar 500 mg, Korova Triple Chocolate Brownie 150 mg, TKO Peanut Butter Cookie 160 mg, Cheeba Chews Deca Dose 175 mg",food,food
"Vinyl/PVC Exercise Mats, Vinyl/PVC Exercise Mats",textile_or_soft_goods,textile_or_soft_goods
Pet Carriers with Vinyl/PVC Components,textile_or_soft_goods,textile_or_soft_goods
vinyl coated hooks,textile_or_soft_goods,textile_or_soft_goods
Glass beverage container,food,food
Tuna,food,food
Seasoned Filefish Cutted,food,food
365 Whole Foods Market Organic Chopped Spinach,food,food
Star Kist Selects Canned Albacore Tuna in Water - Chunk White (4.5 oz),food,food
365 organic fair-trade cocoa powder,food,food
Handbags,textile_or_soft_goods,textile_or_soft_goods
Mugs with Vinyl/PVC Sleeves,food_contact,food_contact
Ascent Battery Supply Vinyl Charge & Sync Cables,textile_or_soft_goods,textile_or_soft_goods
Natura Bisse C+C Vitamin Body Cream,personal_care,personal_care
"General Violations including Tobacco Smoke; Combustion Products and Materials; Hobby-Related Products and Materials; Apartment Properties Construction Materials; Potable Water Systems; Paints, Finishes and Coatings; Furniture Furnishing and Window Treatments; Brass Hardware, Metal Surfaces, and Electrical Wiring/Fixtures; Natural Gas, Liquid Fuel Gases and Fuel Oil Combustion; Automobile Parking Facilities, Designated Loading/Unloading Locations and Transportation Services; Apartment Cleaning and Maintenance; Exterior and Common Area Maintenance and Cleaning; Landscaping Maintenance Activities and Pesticides; Electronic and Electric Equipment and Associated Cables, Wires and Batteries; Office Supplies and Office Equipment.",food,food
Frozen Cooked Mussel Meat,food,food
Clear Cosmetic Bag,personal_care,personal_care
"Fisher Price Cozy Fit Infant/Toddler High Chair, ID No. B2110-1000",food,children_products
"Headphones with Vinyl/PVC Ear Cushions, Vinyl/PVC Headphone Bags",textile_or_soft_goods,textile_or_soft_goods
Paperboard Storage Containers,food_contact,food_contact
Vinyl tool grips,textile_or_soft_goods,textile_or_soft_goods
"TruHeight Kids and Teens Growth Protein Shake Pea Protein Chocolate, TruHeight Kids and Teens Growth Protein Shake Pea Protein Vanilla",food,food
Alcoholic beverage,food,food
Crimping Tools with Vinyl Grips,textile_or_soft_goods,textile_or_soft_goods
Shellfish,food,food
Vinyl/PVC Apparel,textile_or_soft_goods,textile_or_soft_goods
Beet Heat Beet Root Circulation Superfood,food,food
"Bath Books, Children's Vinyl Bags, Children's Vinyl Jackets/Apparel",children_products,children_products
ORACAL 651 Multi-Color Vinyl Starter Kit Bundle,textile_or_soft_goods,textile_or_soft_goods
Tutubi Banana Chips,food,food
MCT Oil Powder,food,food
PerCara baby lotion,children_products,children_products
SKIN NUTR Collagen Hyaluronic Wrinkle Smoothing Cream,personal_care,personal_care
"Title Boxing Classic Pro Training Gloves - Black outside material and Plastic Title emblem, 205007981695",textile_or_soft_goods,textile_or_soft_goods
"Whole Foods Wild Caught Cockles Clams, Mussel King Pei Mussels in Garlic & Butter Flavored Sauce, Whole Foods Farm-Raised Littleneck Clams, Whole Foods Farm Raised Makana o Ke Kai Gift of the Sea Pacific Oysters, Whole Foods Farm Raised Takara Pacific Oysters, Whole Foods Farm Raised Chebooktook Oysters, Whole Foods Farm Raised Atlantic Wellfleet Oysters, Whole Foods Farm Raised Atlantic Wellfleet Oysters, Amazon Fresh Bay Scallops, Whole Foods Wild Caught Sea Scallops 10/20, Whole Foods Farm Raised Misty Point Oysters, Whole Foods Farm Raised Nirvana Oysters, Whole Foods Farm Raised Atlantic Blue Point Oysters, FruitsDeMer Mussels with Garlic Mediterranean Style, Whole Foods Farm Raised Black Mussels, Whole Foods Farm Raised Happy Oysters, Whole Foods Farm Raised Atlantic Blue Point Oysters",food,food
Artisan Tropic Plantain Chips,food,food
The Daily Crave Bourbon BBQ Quinoa Chips,food,food
Pants Saver runner mat,textile_or_soft_goods,textile_or_soft_goods
Vinyl tool grips,textile_or_soft_goods,textile_or_soft_goods
Alcoholic beverages,food,food
"Brass door, cabinet and wall hardware",furniture_or_building,furniture_or_building
La Bourse Best Anti Hair Loss Shampoo Hair Regrowth Treatment Repair Dotox Detoxification Revival Strengthening with Garlic Herbal Extract; ASIN: B07QP1NJ2C,personal_care,personal_care
"Sur La Table Snowy Lane Plate, 4410692, PLT S/4",food_contact,food_contact
"Fried Bombay Duck Fish, Fried Dragon Head Fish",food,food
Ceramic Trays With Decorations,food_contact,food_contact
Speakers With PVC Suction Cups,food_contact,food_contact
"firewood, woodchips, charcoal",food,food
"GiGi New York, Leigh Ann Leather Trim PVC Crossbody Bag - Clear Plastic, UPC#00400995512487",textile_or_soft_goods,textile_or_soft_goods
Clear plastic storage bag containing masks,textile_or_soft_goods,textile_or_soft_goods
Vinyl/PVC Gloves,textile_or_soft_goods,textile_or_soft_goods
"Musclesport, Fruits & Greens Revolution - Peach Mango, UPC#754697664020, Musclesport, Lifted Preworkout - Mango Mania, UPC#754697670397, Musclesport, PreLean Revolution - Jungle Juice, UPC#850069175313",food,food
GoodSam Dark Chocolate Mint,food,food
Umpire Game Wallet,textile_or_soft_goods,textile_or_soft_goods
"Channel Islands CI Fin Wallet - white, shiny plastic, 216623, 283271",textile_or_soft_goods,textile_or_soft_goods
"Korova Chocolate Chip Cookie 150 mg, Korova Triple Chocolate Brownie 150 mg, Kushy Punch Hybrid Tropical Punch 100 mg, Cheeba Chews Hybrid 70 mg, Cheeba Chews Sativa 70 mg, Cheeba Chews Deca Dose 175 mg",food,food
Beetroot Chips 4oz,food,food
"Simply You Clear Plastic Tote Bag, 12HNBG9008",textile_or_soft_goods,textile_or_soft_goods
Alcoholic beverages,food,food
Vinyl/PVC Stickers,textile_or_soft_goods,textile_or_soft_goods
"Maine Lobster Now Marshall Cove Maine Mussels Fresh , Maine Lobster Now Steamer Clams Fresh",food,food
Tote Bag,textile_or_soft_goods,textile_or_soft_goods
"Cheeba Chews Sativa 70 mg , Cheeba Chews Hybrid 70 mg , Kushy Punch TKO 200 mg , Kushy Punch Hybrid Tropical Punch 100 mg , Korova Black Bar 1000mg , Korova Fifty One Fifty Bar 500 mg , Korova Mint Dip Cookie 250 mg , Korova Triple Chocolate Brownie 150 mg , Korova Chocolate Chip Cookie 150 mg , Cheeba Chews Deca Dose 175 mg",food,food
makeup organizers,personal_care,personal_care
"Wallets, handbags, purses, and clutches",textile_or_soft_goods,textile_or_soft_goods
"Cheeba Chews Sativa 70 mg, Cheeba Chews Hybrid 70 mg, Korova Black Bar 1000mg, Korova Chocolate Chip Cookie 150 mg, Korova Fifty One Fifty Bar 500 mg, Korova Mint Dip Cookie 250 mg, Korova Triple Chocolate Brownie 150 mg, TKO Peanut Butter Cookie 160 mg",food,food
"Ceramic Canisters with Exterior Designs, Metal and Glass Lanterns, Metal and Glass Candleholders",food_contact,food_contact
American Supply cart bag,textile_or_soft_goods,textile_or_soft_goods
Wood burning outdoor heating products,furniture_or_building,furniture_or_building
Evolve Plant Based Protein Powder Double Chocolate,food,food
mercury in nasal sprays,household_cleaner,household_cleaner
"Vinyl/PVC Backpacks, Vinyl/PVC Headphone Components",textile_or_soft_goods,textile_or_soft_goods
Dolores tuna,food,food
"Five Spices Powder, Galangal Powder",food,food
Beverage dispensers w/brass valves,food,food
Christian Arts Gifts Mug,food_contact,food_contact
"Lew's Speed Boat Bag, UPC No. 8 15227 01060 8",textile_or_soft_goods,textile_or_soft_goods
"Nasal sprays, ointments and eye care products",household_cleaner,household_cleaner
"Baylis & Harding Bag, UPC No. 017854082564",textile_or_soft_goods,textile_or_soft_goods
lead coinbag seals,textile_or_soft_goods,textile_or_soft_goods
"American Dream Double Butter Crunch Peanut Butter, American Dream Candy Cane Kisses Dream Cake, American Dream Cookie Batter Dream Cake, American Dream Brownie Batter Dream Cake, American Dream Gingerdoodle Dream Cake",food,food
Broken Rice,food,food
A Bonne' Spa Coffee Milk Creamy Salt; ASIN: B07T51RB5B,food,personal_care
"Halloween Costumes containing one or more of the chemicals listed herein., Halloween Costume Accessories, specifically wigs, masks, gloves, footwear, belts, bags, hats, costume props, hosiery, weapons and jewelry intended to accessorize a costume (but excluding makeup) containing one or more of the chemicals listed herein.",personal_care,personal_care
nasal sprays,household_cleaner,household_cleaner
Wine Glasses and Other Glassware with Colored Artwork or Designs on the Exterior.,food_contact,food_contact
Glassware Products,food_contact,food_contact
Floral Mug,food_contact,food_contact
Ancient Provisions – Grain Free Crackers – Cheddar Cheezish; UPC #: 8 50011 08101 3,food,food
"Stauffer's Animal Crackers, Gerber Lil' Biscuits Vanilla Wheat, Gerber Arrowroot Cookies",food,food
Post Mortem Kit Vinyl,textile_or_soft_goods,textile_or_soft_goods
"MegaMex Foods, Inc, Dona Maria Mole Ready to Serve Mexican Sauce",food,food
"Terra Chips, Real Vegetable Chips Original Sea Salt, UPC#728229014508, Terra Chips, Real Vegetable Chips Sweets & Beets, UPC#728229013150",food,food
Spectracide Malathion Insect Spray Concentrate,household_cleaner,household_cleaner
Breakfast cereals,food,food
YumButter Organic Sunflower Butter Creamy,personal_care,personal_care
Children's Sandals,children_products,children_products
Totally Tiffany Easy 2 Organize Storage System Debra Buddy Bag UPC #855556000154 SKU#SNG09,textile_or_soft_goods,textile_or_soft_goods
CoverOn brand of wallet/phone cases,textile_or_soft_goods,textile_or_soft_goods
Upholstered furniture including ottomans,furniture_or_building,furniture_or_building
Everyday Initial Mug,food_contact,food_contact
kids sleeping bag,textile_or_soft_goods,textile_or_soft_goods
Styletech Matte Black Permanent Adhesive Vinyl Roll,textile_or_soft_goods,textile_or_soft_goods
Grace Teaware Tea Canister,food,food
"Hawaiian Haze CBD Hemp Flower, Skywalker OG CBD Hemp Flower, Cherry Wine CBD Hemp Flower, OG Kush CBD Hemp Flower, Sour Diesel CBD Hemp Flower, Sour Space Candy CBD Hemp Flower Pre-Roll 5-Pack, Orange Bliss Hemp Body Lotion, Jack Herer CBD Hemp Vape Cartridge",food,food
Nerf tennis bag,textile_or_soft_goods,textile_or_soft_goods
Plastic Soap Holder with Suction Cups,food_contact,food_contact
"Deco style Vinyl Floor Tile, UPC# 0 41498 15366 3, Item# 5366, Pattern No: 273D, Lot Number: 25.11.2011",textile_or_soft_goods,textile_or_soft_goods
Jeb Foods Cassava Flour 4lbs,food,food
"VitaHustle, One Superfood Greens - Mixed Berry, UPC#850047812223, VitaHustle, One Superfood Protein Coffee - Cafe Latte Naturally Flavored, UPC#850047812322, VitaHustle, One Superfood Protein - Strawberry Naturally Flavored, UPC#850047812254",food,food
"Bibamm, Dried Shiitake Mushroom, UPC#X003PPNLB",children_products,food
Glassware w/Exterior Artwork,food_contact,food_contact
Children's Soft Vinyl Toys,children_products,children_products
"Vinyl/PVC Hoses, Metal Hose Fittings",textile_or_soft_goods,textile_or_soft_goods
Too Faced Beach To The Streets bag/tote/purse,textile_or_soft_goods,textile_or_soft_goods
"Calamari Tubes and Tentacles, Raw Argentine Red Shrimp, Cleaned Octopus, Cooked Mussel Meat",food,food
Martha Stewart Garden Gift Set Gloves,textile_or_soft_goods,textile_or_soft_goods
Lofthouse Red Velvet Frosted Sugar Cookies,food,food
Oishi Cracklings Salt & Vinegar Chips,food,food
Keyboard Benches with Vinyl/PVC Upholstery,textile_or_soft_goods,textile_or_soft_goods
Studio Mabelle Bag,textile_or_soft_goods,textile_or_soft_goods
"Korova Chocolate Chip Cookie 150 mg, Korova Triple Chocolate Brownie 150 mg, Korova Black Bar 1000mg, Korova Fifty One Fifty Bar 500 mg, Korova Mint Dip Cookie 250 mg, Cheeba Chews Sativa 70 mg, Cheeba Chews Hybrid 70 mg, Cheeba Chews Deca Dose 175 mg",food,food
Vinyl/PVC Cables,textile_or_soft_goods,textile_or_soft_goods
Barbeque-Flavored or Jalapeño-Flavored Fried or Baked Potato or Sweet Potato Based Snack Foods,food,food
Ceramic Mugs With Exterior Designs,food_contact,food_contact
Vinyl Repair Kit,textile_or_soft_goods,textile_or_soft_goods
"Oriental Special Five Spices, Oriental Beef Spice",food,food
Candy,food,food
"Environmental Exposures; Occupational Exposures; and Product Exposures (Swimming Pool/Hot Tubs; Automobile Parking Facilities; Matches; Sterno Cooking Fuel; Second-hand Smoke and Smokeless Tobacco Products; Cleaning Supplies/Janitorial; Maintenance/Power Tools; Furniture/Furnishings/Window Treatments; Public and Guest Bathrooms; Medical/First Aid Supplies; Internal Combustion (“IC”) Engines, Boilers and other Gas Burning Devices, and Fireplaces; Electronic Equipment, Electric Equipment and Associated Cables Wires and Batteries; Office Supplies and Office Equipment; Hand Tools, Hardware and Brass Keys; and Fertilizers, Soil Amendments, and Pesticides and Herbicides).",food,food
copper mugs with brass components,food_contact,food_contact
Oxygen Cylinder Bags with Vinyl Windows and Oxygen Cylinder Dust Caps,textile_or_soft_goods,textile_or_soft_goods
crossbody bags,textile_or_soft_goods,textile_or_soft_goods
Cybele's Free to Eat Superfood rotini,food,food
Soft Food and Beverage Containers,food,food
Alcohol beverages without appropriate signage,food,food
"Cheeba Chews Sativa 70 mg , Korova Fifty One Fifty Bar 500 mg , Korova Black Bar 1000mg , Korova Mint Dip Cookie 250 mg , TKO Peanut Butter Cookie 160 mg , Korova Triple Chocolate Brownie 150 mg , Korova Chocolate Chip Cookie 150 mg , Cheeba Chews Hybrid 70 mg , Cheeba Chews Deca Dose 175 mg , Cheeba Chews Deca Dose 175 mg , Caviar Gold Cavi Cone Strawberry 60 mg , Caviar Gold Cavi Cone Apple , Caviar Gold Cavi Cone Grape , Caviar Gold Cavi Cone Original",food,food
Liberated Specialty Foods Flourless Coconut Bread,food,food
Vinyl comb out capes,textile_or_soft_goods,textile_or_soft_goods
Alcoholic beverage,food,food
Fermented Fish Chili Paste,food,food
Vinyl Flags,textile_or_soft_goods,textile_or_soft_goods
Frozen Oyster Meat,food,food
Mint Candy,food,food
PVC Travel/Makeup/Cosmetic Bags,personal_care,personal_care
Vinyl tool grips,textile_or_soft_goods,textile_or_soft_goods
Seaweed Tempura Snack,food,food
KorovaChocolate Chip Cookie 150 mg,food,food
TMV Motorcycle Parts Bag,textile_or_soft_goods,textile_or_soft_goods
Duffel Bag,textile_or_soft_goods,textile_or_soft_goods
Alcoholic beverage,food,food
Children's Jackets,children_products,children_products
"Environmental Exposures; Occupational Exposures; and Product Exposures (Alcoholic Beverages (bars, mini bars); Swimming Pool/Hot Tubs; Food and Beverage Operations; Automobile Parking Facilities; Kitchen; Matches; Arts & Crafts Supplies and Classes; Sterno Cooking Fuel; Second-hand Smoke and Smokeless Tobacco Products; Cleaning Supplies/Janitorial; Maintenance/Power Tools; Furniture/Furnishings/Window Treatments; Public and Guest Bathrooms; Medical/First Aid Supplies; Internal Combustion (“IC”) Engines, Boilers and other Gas Burning Devices, and Fireplaces; Electronic Equipment, Electric Equipment and Associated Cables Wires and Batteries; Office Supplies and Office Equipment; Hand Tools, Hardware and Brass Keys; and Fertilizers, Soil Amendments, and Pesticides and Herbicides).",food,food
Alcoholic beverage,food,food
Bebe Glossy Red-Brown Purse ID: 19-1001-340016-002499-21-1,textile_or_soft_goods,textile_or_soft_goods
Cobblestone Bread Co. Original Bagels 20 oz,food,food
PuTwo Makeup Brush Holder with White Pearls,personal_care,personal_care
Headphones with Vinyl/PVC Components,textile_or_soft_goods,textile_or_soft_goods
"NATIONAL- BEEF BIRYANI, NATIONAL- ACHAR GOSHT, NATIONAL- BIHARI KABAB, NATIONAL- BIRYANI, NATIONAL- CHAPLI KABAB, NATIONAL- DAAL MAKHNI, NATIONAL- CELHI NIHARI , NATIONAL- CURRY POWDER, NATIONAL- DAIHGI DANEDAR HALEEM, NATIONAL- GARAM MASALA, NATIONAL- HALEEM, NATIONAL- KOFTA, NATIONAL- LAHORI FISH, NATIONAL- MALAI TIKKA, NATIONAL- MASALEDAR BOMBAY BIRYANI, NATIONAL- MUTTON BIRYANI, NATIONAL- PALAK GOSHT, NATIONAL- SEEKH KABAB, NATIONAL- SINDHI BIRYANI, NATIONAL- TURMERIC POWDER, NATIONAL- QUICK COOK HALEEM , NATIONAL- QUORMA, NATIONAL- VEGETABLE BOMBAY BIRYANI, NATIONAL- VEGETABLE PULAO, NATIONAL- WHITE KARAHI",food,food
Chili Spices & Seasoning Mix,food,food
Headsets with Vinyl/PVC Cords,textile_or_soft_goods,textile_or_soft_goods
"José Andrés Foods Razor Clams , José Andrés Galician Style Mussels",food,food
FREZZOR Superfood Raw Energy Powder,food,food
Vinyl/PVC Pillows,textile_or_soft_goods,textile_or_soft_goods
MRM Nutrition Veggie Protein with Superfoods-Vanilla Flavored,food,food
Alcoholic beverage,food,food
candy,food,food
"Bath Tissue, Toilet Paper",food,food
Cigar Fry Biscuits Baked Cookies,food,food
London Fog fabric shower liners,textile_or_soft_goods,textile_or_soft_goods
Equate Hydrocortisone Cream Itch Relief,personal_care,personal_care
"PB Fit Peanut Butter Powder, PB Fit Peanut Butter Powder Chocolate",food,food
pooh mugs,food_contact,food_contact
Alcoholic beverages,food,food
Snack chips,food,food
"Supergoop! SPF 30 w/ vitamin C; UPC: 894280001662, CeraVe wet skin spray SPF 50; UPC: 301872206010, Beyond Coastal Active Facestick SPF 30; UPC: 093039150167, Alba Botanica Hawaiian Greentea SPF 45; UPC: 724742008277, BWC daily facial lotion SPF 18; UPC: 000056454154, Eau Thermale Avene SPF 50; UPC: 838760007898, Kiss my Face Kids defense spray SPF 50; UPC: 028367841975, No. 7 Dual Action SPF 15; UPC: 5000167143218, Coola Sport Unscented SPF 50; UPC: 853319002735, Jason Sun Sport Sunscreen SPF 45; UPC: 078522083207, Baby blanket faces SPF 50; UPC: 050778150032, Strivectin CC plum SPF 20; UPC: 817777007183, SolScents Broad Spectrum Flower BlastSPF 50; UPC: 763319108620, No-Ad Broad Spectrum SPF 85; UPC: 897640002286, Carmex Cherry Lip Balm; UPC: 083078000301, Physicians Formula Wrinkle Corrector SPF 15; UPC: 044386075276, Nonie Crème Colour Prevails Spectrum SPF 20; UPC: 812580020091",food,household_cleaner
"Wood-burning outdoor heating products, such as fire pits, fire rings, fire tables and chimineas",furniture_or_building,furniture_or_building
Healthy Choice Frozen Power Bowls Green Goddess,food_contact,food_contact
365 Whole Foods Market - Seafood Medley,food,food
Ceramic Baking Dishes With Exterior Decorations,food_contact,food_contact
Connections Teapot and Teacup,food,food
VMV Hypoallergenics Hydra Balance Gentle Cream Cleanser for Combination Skin,personal_care,personal_care
Merona Button Tab Gloves (Yellow),textile_or_soft_goods,textile_or_soft_goods
Upholstered furniture,furniture_or_building,furniture_or_building
"Nuts.com Salted Toasted Corn, Nuts.com BBQ Toasted Corn",food,food
Oroweat 100% Whole Wheat Bread,food,food
Glassware and Ceramic Products (Supplemental),food_contact,food_contact
alcoholic beverages,food,food
Mini Gloves,textile_or_soft_goods,textile_or_soft_goods
Vinyl/PVC Cases,textile_or_soft_goods,textile_or_soft_goods
Hand Bags and Glasses Cases,textile_or_soft_goods,textile_or_soft_goods
"Clear and Beige Stadium Handbag, SKU: 400257417321, Zula Gold Peace Out Sliders, SKU: 400257946753, Half Moon Black and Blue Sparkle Purse, SKU: 400254711422, Large Black Purse with Crocodile Skin Details and Padlock, SKU: 400258774485, Luxe Collection 2 Pk Satin Pillowcases, SKU: 400252612615 (plastic storage bag), Small Red Credit Card Holder with Loop and Tassel, SKU: 400252804164",textile_or_soft_goods,textile_or_soft_goods
"Korova Mint Dip Cookie 250 mg, Korova Triple Chocolate Brownie 150 mg, Korova Chocolate Chip Cookie 150 mg, Kushy Punch TKO 200 mg, Kushy Punch Hybrid Tropical Punch 100 mg",food,food
"Nomad Nutrition Caribbean Curry, Nomad Nutrition Irish Shepherd’s Pie, Nomad Nutrition Cali Breakfast Bowl",food_contact,food_contact
Mannatech Superfoods Dietary Supplement,food,food
"X-Seb Shampoo, X-Seb Plus Shampoo, P&S Plus Tar Gel",personal_care,personal_care
Punch Bowl Social Receipt,food_contact,food_contact
Flower Brand Whole Baby Clams,children_products,children_products
Keychains with Vinyl Components,textile_or_soft_goods,textile_or_soft_goods
Lunch Bag with Plastic Components,textile_or_soft_goods,textile_or_soft_goods
Baby Mum-Mum Organic Rice Rusks - Blueberry & Goji (1.76 oz),food,food
La Bourse Best Anti Hair Loss Shampoo Hair Regrowth Treatment Repair Dotox Detoxification Revival Strengthening with Garlic Herbal Extract,personal_care,personal_care
Upholstered furniture including chairs,furniture_or_building,furniture_or_building
Biovea Natural Foods 100% Raw Organic Cacao Powder,food,food
"United by Blue Ridgeline Collection Toiletry Bag - Clear Plastic, UPC#849872054670",food,food
Turbana Plantain Chips Sweet,food,food
Hearing Protection with Vinyl/PVC Components,textile_or_soft_goods,textile_or_soft_goods
Vinyl coated steel cables,textile_or_soft_goods,textile_or_soft_goods
Skigear snow pants,textile_or_soft_goods,textile_or_soft_goods
Nature Bound children's Nature Explorer Backpack,children_products,children_products
Vinyl Cases,textile_or_soft_goods,textile_or_soft_goods
alcoholic beverages,food,food
Reusable PVC Trinket Bags,textile_or_soft_goods,textile_or_soft_goods
"Vinyl/PVC ID Pouches, Vinyl/PVC Manicure Cases",textile_or_soft_goods,textile_or_soft_goods
Moomin Enamel Mug,food_contact,food_contact
Vinyl bedding storage cases,textile_or_soft_goods,textile_or_soft_goods
Ponyo Tea Cup and Saucer Set,food,food
Holly Days Santa Candy Jar,food,food
"Artfood, Pepper Paste Chili, UPC#4850017006399",food,food
Vinyl/PVC Tool Grips,textile_or_soft_goods,textile_or_soft_goods
Seaweed snacks,food,food
"NATIONAL- BEEF BIRYANI, NATIONAL- ACHAR GOSHT, NATIONAL- BIHARI KABAB, NATIONAL- BIRYANI, NATIONAL- CHAPLI KABAB, NATIONAL- DAAL MAKHNI, NATIONAL- CELHI NIHARI , NATIONAL- CURRY POWDER, NATIONAL- DAIHGI DANEDAR HALEEM, NATIONAL- GARAM MASALA, NATIONAL- HALEEM, NATIONAL- KOFTA, NATIONAL- LAHORI FISH, NATIONAL- MALAI TIKKA, NATIONAL- MASALEDAR BOMBAY BIRYANI, NATIONAL- MUTTON BIRYANI, NATIONAL- PALAK GOSHT, NATIONAL- SEEKH KABAB, NATIONAL- SINDHI BIRYANI, NATIONAL- TURMERIC POWDER, NATIONAL- QUICK COOK HALEEM , NATIONAL- QUORMA, NATIONAL- VEGETABLE BOMBAY BIRYANI, NATIONAL- VEGETABLE PULAO, NATIONAL- WHITE KARAHI",food,food
alcoholic beverages,food,food
Tools with vinyl grips,textile_or_soft_goods,textile_or_soft_goods
Glassware and Ceramicware Products,food_contact,food_contact
Alcoholic beverages,food,food
"Dr. O Solutions, Green Detox Mix, UPC#600607582987, Dr. O Solutions, Super Greens-5 (Organic Juice Powder), UPC#600607582963",food,food
"Casa Martinez, Pollo Adobo Cooking Sauce, UPC#743958000066, Casa Martinez, Beef Barbacoa Cooking Sauce, UPC#74395800003",food,food
Alcoholic beverages,food,food
Bags with Vinyl/PVC Components,textile_or_soft_goods,textile_or_soft_goods
Crystal glassware,food_contact,food_contact
Children's Play Tunnels,children_products,children_products
"MUCOS, Stand Up Jig Head Kit, Crappie Jig Head for Fishing (0.18oz/5g/10pcs), UPC#X002L8LX8X",food,food
Vinyl/PVC Gloves,textile_or_soft_goods,textile_or_soft_goods
Cote D'Or 86% Noir Brut Belgian Dark Chocolate Confection (Bar),food,food
"Cento white clam sauce, Bellino anchovies in olive oil",food,food
Plastic toy bags,children_products,children_products
Ceramic Mugs With Exterior Designs,food_contact,food_contact
"Little Secrets Crispy Wafers, Dark Chocolate with Sea Salt, Peanut Butter in Dark Chocolate, Milk Chocolate with Sea Salt, Almond Butter in Dark Chocolate with Sea Salt, Peppermint Bark in Dark Chocolate",food,food
Shellfish,food,food
cases of nail polish sets,household_cleaner,household_cleaner
Vinyl/PVC Earphone Cords,textile_or_soft_goods,textile_or_soft_goods
"Cosywell Clear Toiletry Bag, Ice Wine Bag",food,textile_or_soft_goods
Glassware with exterior artwork,food_contact,food_contact
"ratchet tie downs, oil cans",food,food
"Triscuit Dill, Sea Salt & Olive Oil",food,food
"Country Archer Provisions, Plant-Based Jerky Teriyaki, UPC#850011381922, Country Archer Provisions, Plant-Based Jerky Spiced Bacon, UPC#850011381915",food,food
Vinyl/PVC Gloves,textile_or_soft_goods,textile_or_soft_goods
Olinas Bakehouse Wafer Crackers Natural,food,food
Lindt Excellence 85% Cocoa Extra Dark Chocolate Bar,food,food
Red Vines Black Licorice Sugar Free Vines,food,food
Kiss My Keto Chocolate Bars,food,food
Alcoholic beverage,food,food
Crossbody Bag,textile_or_soft_goods,textile_or_soft_goods
"Photo frames, Vinyl rainwear, Aquarium nets",textile_or_soft_goods,textile_or_soft_goods
nasal sprays,household_cleaner,household_cleaner
Lead Fishing Sinkers/Weights,food,food
Alcoholic beverage,food,food
Codfish in Extra Virgin Olive Oil,food,food
一口田Multigrain Cracker Original,food,food
Alcoholic beverage,food,food
PFB Vanish Bikini Mask Soothing Cream,personal_care,personal_care
ACE Faucet Spray Hose,household_cleaner,household_cleaner
Flower Market Mug,food_contact,food_contact
ONN Mobile Phone Waterproof Bag UPC 6 81131 15858 9,textile_or_soft_goods,textile_or_soft_goods
Merle Norman Moisture Lotion,personal_care,personal_care
Double Old Fashioned Glasses and Other Glassware,food_contact,food_contact
Catherine Malandrino Ceramic Soap Dispenser,food_contact,food_contact
Expert Grill gloves,textile_or_soft_goods,textile_or_soft_goods
"Disney Camp Rock Bag, RN No. 97208, 2Boom Headphones, UPC No. 6 88955 85143 6",textile_or_soft_goods,textile_or_soft_goods
Alcoholic beverages,food,food
"Tru Supplements, Greens Complete (Superfood Formula) - Orange Guava, UPC#850044928668",food,food
"Children's costumes, Children's toys with vinyl components",children_products,children_products
Wide Sweet Potato Noodles,food,food
Alcoholic beverages,food,food
Alcoholic beverage,food,food
Ahmed Foods Carrot Pickle in Oil,food,food
Aqua Iridescent Handbag,textile_or_soft_goods,textile_or_soft_goods
Top Flite gamer glove,textile_or_soft_goods,textile_or_soft_goods
Bags with Vinyl/PVC Handles,textile_or_soft_goods,textile_or_soft_goods
Alcoholic beverage,food,food
Children's Cross Body Carry Bag,children_products,children_products
"handbags, backpacks",textile_or_soft_goods,textile_or_soft_goods
VOS All Purpose bag/tote,textile_or_soft_goods,textile_or_soft_goods
"Magic Wand® Original, HV-260; UPC896909001916, The Girls™ Amie™ Vibratex® Vibrator Toy “Phthalate Free”; UPC896909001954",children_products,children_products
Baby Accessory Set – Toy Pink Purse,children_products,children_products
Squid in Ink Sauce,food,food
Laminate flooring,furniture_or_building,furniture_or_building
"Kushy Punch Hybrid Tropical Punch 100 mg , Kushy Punch TKO 200 mg , Korova Black Bar 1000mg , Korova Fifty One Fifty Bar 500 mg , Cheeba Chews Sativa 70 mg , Cheeba Chews Hybrid 70 mg , Korova Chocolate Chip Cookie 150 mg , Korova Triple Chocolate Brownie 150 mg , Cheeba Chews Deca Dose 175 mg",food,food
"Cosmetic/toiletries bag, Jewelry bag",food,food
Baby Octopus Whole Cleaned,children_products,children_products
Glam Squad Camouflage Accessory Bag,textile_or_soft_goods,textile_or_soft_goods
Lead Foil Discs,food,food
Hose bibbs with PVC grips,children_products,children_products
Mister Landscaper 1/4-in x 30-ft Vinyl Drip Irrigation Distribution Tubing,textile_or_soft_goods,textile_or_soft_goods
"dSecond-hand Tobacco Smoke and Smokeless Tobacco Products; Combustion Products and Materials; Hobby-Related Products and Materials; Apartment Property Construction Materials; Potable Water Systems; Paints, Finishes and Coatings; Furniture, Furnishings and Window Treatments; Brass Hardware, Metal Surfaces, and Electrical Wiring/Fixtures; Natural Gas, Liquid Gases and Fuel Oil Combustion; Automobile Parking Facilities, Designated Loading/Unloading Locations and Transportation Services; Apartment Cleaning and Maintenance; Exterior and Common Area Maintenance and Cleaning; Landscaping Maintenance Activities and Pesticides; Electronic and Electric Equipment and Associated Cables, Wires and Batteries; Office Supplies and Office Equipment.",food,food
Ceramic Mugs With Exterior Designs,food_contact,food_contact
cat mugs,food_contact,food_contact
"Daily Dose, Greens (Superfoods for Motherhood), UPC#732388407200",food,food
"Korova Black Bar 1000mg, Korova Fifty One Fifty Bar 500 mg, Cheeba Chews Sativa 70 mg, Cheeba Chews Hybrid 70 mg, Korova Mint Dip Cookie 250 mg, Korova Chocolate Chip Cookie 150 mg",food,food
Shrimp Sauce,food,food
"TKO Peanut Butter Cookie 160 mg, Kushy Punch Hybrid Tropical Punch 100 mg, Kushy Punch TKO 200 mg",food,food
Bewaltz Novelty Bags with Vinyl Components,textile_or_soft_goods,textile_or_soft_goods
"Vinyl, Oilcloth or Imitation Leather Fabric",food,textile_or_soft_goods
Chai Masala Mulling Spice Mix,food,food
sling bags,textile_or_soft_goods,textile_or_soft_goods
Children's Bath Toys,children_products,children_products
Vinyl/PVC Tool Grips,textile_or_soft_goods,textile_or_soft_goods
Tropical fish treatments,food,food
Cookie Plug Receipt,food,food
Shroomology Mushroom Coffee,food,food
"Korova Black Bar 1000mg , Korova Fifty One Fifty Bar 500 mg , Kushy Punch Hybrid Tropical Punch 100 mg , Kushy Punch TKO 200 mg , Korova Chocolate Chip Cookie 150 mg , Cheeba Chews Sativa 70 mg , Cheeba Chews Hybrid 70 mg , Cheeba Chews Deca Dose 175 mg",food,food
Flanigan Farms Natural Foods Peanuts,food,food
Good & Gather Organic Steam-in-Bag Chopped Spinach,food,food
Char-Broil Santa Fe Charcoal Grill,food,food
"Mother Nature Organics, Organic Black Maca Superfood Powder, UPC#X00150CX8H, Mother Nature Organics, 100% Pure Moringa (Complete Green Superfood), UPC#X0023D0LEN",food,food
Juicing Greens Baby Spinach,children_products,children_products
Alcoholic beverages,food,food
Headsets with Vinyl/PVC Components and/or Cords,textile_or_soft_goods,textile_or_soft_goods
"Dr. Praeger’s Purely Sensible Foods Kids Broc Star! Broccoli Littles, Dr. Praeger’s Purely Sensible Foods Kids Kale & Potatoes – Oh My! Kale Littles, Dr. Praeger’s Purely Sensible Foods Kids It’s Easy Being Green! Spinach Littles, Dr. Praeger’s Purely Sensible Foods Kids Sweet Sunshine Sweet Potato Littles",food,food
"Fridababy Bitty Bundle of Joy, UPC No. 851877006066",children_products,textile_or_soft_goods
Tools with vinyl grips,textile_or_soft_goods,textile_or_soft_goods
Kassatex Soap Pump,personal_care,personal_care
alcoholic beverages,food,food
Cummins Split Leather Palm Glove,textile_or_soft_goods,textile_or_soft_goods
fishing sinkers,food,food
Bon Pig Skin Leather Gloves,textile_or_soft_goods,textile_or_soft_goods
"First Choice Candy, Dried Chili Mango, UPC#X000ZSPCXN",food,food
Little Fish,food,food
"Organics Ocean, Wild Sea Moss + Bladderwrack + Chlorella (Organic Superfood), UPC#X0045YTQ71",food,food
Makeup and cosmetics,personal_care,personal_care
Gingerbread Man Shot Glass,food,food
"Korova Black Bar 1000mg, Korova Chocolate Chip Cookie 150 mg, Korova Triple Chocolate Brownie 150 mg, Korova Fifty One Fifty Bar 500 mg, Kushy Punch Hybrid Tropical Punch 100 mg, Kushy Punch TKO 200 mg, Caviar Gold Cavi Cone Strawberry 60 mg, Caviar Gold Cavi Cone Apple",food,food
Bolani Co Spinach Filled Flatbread,food,food
Reusable plastic container of Re-Stickable Ice Pack,food_contact,food_contact
Upholstered furniture including benches,furniture_or_building,furniture_or_building
Phyto-Active Enzyme Cream Cleanser,personal_care,personal_care
"Chase ‘N Chomp, Reindeer and Santa plush dog toys, SKU# 673460075726000799111 (plastic storage case)",children_products,children_products
Glassware With Exterior Designs,food_contact,food_contact
Garden tools with vinyl grips,textile_or_soft_goods,textile_or_soft_goods
Poppy & Ivy __ beauty __ 5 Piece __ Eye __ Brush Set (with reusable plastic bag),textile_or_soft_goods,textile_or_soft_goods
"Foodies, Pumfu Sausage Crumble, UPC#896165002665",food,food
Tools with Vinyl Grips,textile_or_soft_goods,textile_or_soft_goods
Alcoholic beverage,food,food
Tools with Vinyl/PVC Grips,textile_or_soft_goods,textile_or_soft_goods
"Kushy Punch TKO 200 mg, Kushy Punch Hybrid Tropical Punch 100 mg, Korova Mint Dip Cookie 250mg, Korova Triple Chocolate Brownie 175mg",food,food
Vega Maca Chocolate Bar,food,food
TekSupply brass hose bibbs,children_products,children_products
"Napoleon flat anchovies, Napoleon anchovy paste, Napoleon sardines in tomato sauce",food,food
Superfood Bites,food,food
"Used engine oil from jet skis, etc.",food,food
Alcoholic beverages,food,food
Glassware with Exterior Artwork,food_contact,food_contact
Coffee Products,food,food
Plastic storage bag of greenhouse covers,textile_or_soft_goods,textile_or_soft_goods
Leather Gloves,textile_or_soft_goods,textile_or_soft_goods
Glassware with exterior artwork,food_contact,food_contact
4 Piece Wash Set Bag,textile_or_soft_goods,textile_or_soft_goods
Fried or Baked Potato or Sweet Potato Based Snack Food,food,food
Reusable Clear Bag for Acrylic Brushes,textile_or_soft_goods,textile_or_soft_goods
"Regular-Sized Vinyl Baseball Gloves, Regular-Sized Vinyl Baseball Gloves",textile_or_soft_goods,textile_or_soft_goods
Alcoholic beverages,food,food
MET-Rx Protein Plus Protein Bar Chocolate Fudge Deluxe,food,food
vinyl tips,textile_or_soft_goods,textile_or_soft_goods
Shellfish,food,food
Hot Cocoa Mix,food,food
"Snoop Dogg Death Row Records Do It Fluid (Blood Orange), Snoop Dogg Doggy Spritz (Cherry Limeade), ENDO Tune UP THC Sparkling Beverages (Cherry), Squared THC Sparkling Beverages & Sodas (Pink Lemonade), Squared THC Sparkling Beverage (Grapefruit), NORTH THC Gummies (Berry Lemonade)",food,food
Container Store Clear Cosmetic Box,food_contact,personal_care
"Marigold Market __ Doll Shop __ Doll Components __ doll stand with coating gripper, 5 Piece Set __ glitter paint markers (reusable plastic case), Pink Small Backpack with Mermaid/Fish Tail __ Rainbow Sherbet Collection",food,food_contact
Ability One Vinyl Shower Curtain,textile_or_soft_goods,textile_or_soft_goods
Vinyl/PVC Greenhouse Covers,textile_or_soft_goods,textile_or_soft_goods
Small Buggy Bag,textile_or_soft_goods,textile_or_soft_goods
Infant Shoes,children_products,children_products
Alcoholic beverages,food,food
Ceramic Mugs With Exterior Designs,food_contact,food_contact
Barnana plantain chips,food,food
"Island Sun Fancy Whole Smoked Baby Clams in Sunflower Oil, Island Sun Pieces Smoked Oysters in Sunflower Oil",food,food
Cosmetic Kits,personal_care,personal_care
Vinyl/PVC Tool Grips,textile_or_soft_goods,textile_or_soft_goods
Cosmetic Bag with PVC Components,personal_care,personal_care
Alcoholic beverages,food,food
Tea pot set,food,food
"Footwear Made With Leather, Vinyl or Imitation Leather Materials",textile_or_soft_goods,textile_or_soft_goods
Alcoholic beverage,food,food
Sweet Harvest Pineapple Slices in Pineapple Juice,food,food
laptop bags,textile_or_soft_goods,textile_or_soft_goods
Soaps,personal_care,personal_care
"Environmental Exposures; Occupational Exposures; and Product Exposures (Alcoholic Beverages (bars, mini bars); Swimming Pool/Hot Tubs; Food and Beverage Operations; Automobile Parking Facilities; Kitchen; Valet (shoeshine and dry cleaning delivery); Matches; Arts & Crafts Supplies and Classes; Second-hand Smoke and Smokeless Tobacco Products; Cleaning Supplies/Janitorial; Maintenance/Power Tools; Furniture/Furnishings/Window Treatments; Public and Guest Bathrooms; Medical/First Aid Supplies; Internal Combustion (“IC”) Engines, Boilers and other Gas Burning Devices, and Fireplaces; Electronic Equipment, Electric Equipment and Associated Cables Wires and Batteries; Office Supplies and Office Equipment; Hand Tools, Hardware and Brass Keys; and Fertilizers, Soil Amendments, and Pesticides and Herbicides).",food,food
Glassware,food_contact,food_contact
Brass Valved Beverage Dispensers,food,food
Motor oils,food,food
alcoholic beverages,food,food
Vinyl/PVC Aprons,textile_or_soft_goods,textile_or_soft_goods
"Kushy Punch Hybrid Tropical Punch 100 mg, TKO Peanut Butter Cookie 160 mg, Kushy Punch TKO 200 mg",food,food
Alcoholic beverage,food,food
Teas in plastic tea bags,food,food
"Sprout Living Epic Protein Powder, Chocolate Maca",food,food
Chateau International Cross Body Handbag,food,textile_or_soft_goods
Rice,food,food
"Lipsticks, Flavored Lipsticks and Other Cosmetics Such As Eye Shadows, Lip Liners, Eye Liners, Powders and Blushes",personal_care,personal_care
365 Whole Foods Market Organic Triple Washed Baby Spinach,food,children_products
"Wallets Made with Leather, Vinyl, or Imitation Leather Materials",textile_or_soft_goods,textile_or_soft_goods
Wood Treatment,furniture_or_building,furniture_or_building
"“My love, my style, my neighbor Totoro” coffee mug, CUP22D",food,food_contact
"Cream-Nut Crunchy Natural Peanut Butter, Cream-Nut Smooth Natural Peanut Butter",personal_care,personal_care
Cosmetics,personal_care,personal_care
Alcoholic beverage,food,food
Gina Concepts cosmetic bag,personal_care,personal_care
Beadalon Pliers and Hand Tools with Vinyl Grips,textile_or_soft_goods,textile_or_soft_goods
Clear 2-in-1 Shoulder Bag with Polymer Components,textile_or_soft_goods,textile_or_soft_goods
General Mills Chocolate Chex,food,food
Price Pfister Ceramic Disk Cartridge UPC054374093786,food,food_contact
Walgreens Ultra Athlete’s Foot Cream,personal_care,personal_care
"Environmental Exposures; Occupational Exposures; and Product Exposures (Automobile Parking Facilities; Matches; Second-hand Smoke and Smokeless Tobacco Products; Cleaning Supplies/Janitorial; Maintenance/Power Tools; Furniture/Furnishings/Window Treatments; Public and Guest Bathrooms; Medical/First Aid Supplies; Internal Combustion (“IC”) Engines, Boilers and other Gas Burning Devices, and Fireplaces; Electronic Equipment, Electric Equipment and Associated Cables Wires and Batteries; Office Supplies and Office Equipment; Hand Tools, Hardware and Brass Keys; and Fertilizers, Soil Amendments, and Pesticides and Herbicides).",food,food
Sweet Chili Noodle Bowl with Cooked Hokkien,food,food
Dry cleaning fabric components of commercial aircraft.,textile_or_soft_goods,textile_or_soft_goods
"Talc-containing body, baby, and foot powder products, DG Baby Baby Powder, DG Body Shower & Bath Body Powder, DG Body Medicated Body Powder, Rexall Foot Powder, Rexall Medicated Foot Powder",children_products,children_products
Alcoholic beverage,food,food
"General Violations including Tobacco Smoke; Combustion Products and Materials; Hobby-Related Products and Materials; Apartment Properties Construction Materials; Potable Water Systems; Paints, Finishes and Coatings; Furniture Furnishing and Window Treatments; Brass Hardware, Metal Surfaces, and Electrical Wiring/Fixtures; Natural Gas, Liquid Fuel Gases and Fuel Oil Combustion; Automobile Parking Facilities, Designated Loading/Unloading Locations and Transportation Services; Apartment Cleaning and Maintenance; Exterior and Common Area Maintenance and Cleaning; Landscaping Maintenance Activities and Pesticides; Electronic and Electric Equipment and Associated Cables, Wires and Batteries; Office Supplies and Office Equipment.",food,food
Vinyl/PVC Handheld Exercise Weights,textile_or_soft_goods,textile_or_soft_goods
Tropical fish treatments,food,food
Suction Cups,food_contact,food_contact
Ceramic Plates With Surface Decorations,food_contact,food_contact
Fish Crackers,food,food
Glassware,food_contact,food_contact
Fishing Sinker,food,food
"Chai Spice, Authentic Ground Chai Original, UPC#9350985000016, TJX#157270, Chai Spice, Authentic Ground Chai Bush-Spice, UPC#9350985000023, TJX#157279",food,food
Avene Retrinal 0.05 Cream,personal_care,personal_care
Teas in plastic tea bags,food,food
Plastic Sequin Handbag,textile_or_soft_goods,textile_or_soft_goods
nasal sprays,household_cleaner,household_cleaner
"Lucerne Foods, Inc., Organics Cereal Honey Crunch 'n Oats , Lucerne Foods, Inc., O Organics Organic Raisin Bran Cereal",food,food
"White Flexible PVC Vinyl Vent Duct Hose, 4 in. x 8 ft.",textile_or_soft_goods,textile_or_soft_goods
Alcoholic beverage,food,food
Books or journals with vinyl covers,textile_or_soft_goods,textile_or_soft_goods
Sweet Chili Noodle Bowl,food,food
"Vinyl/PVC Ear Plug Cords, Hearing Protection with Vinyl/PVC Ear Cushions",textile_or_soft_goods,textile_or_soft_goods
Jack Daniel's Barbeque Sauce,food,food
Alcoholic beverage,food,food
"Korova Black Bar 1000mg, Kushy Punch Hybrid Tropical Punch 100 mg, Kushy Punch TKO 200 mg, Cheeba Chews Sativa 70 mg, Cheeba Chews Hybrid 70 mg, Korova Mint Dip Cookie 250 mg, Korova Chocolate Chip Cookie 150 mg, Korova Triple Chocolate Brownie 150 mg",food,food
"Whole Foods Wild Caught Cockles Clam, Mussel King Pei Mussels in Garlic & Butter Flavored Sauce, Whole Foods Farm-Raised Littleneck Clams, Whole Foods Farm Raised Makana o Ke Kai Gift of the Sea Pacific Oysters, Whole Foods Farm Raised Takara Pacific Oysters, Whole Foods Farm Raised Chebooktook Oysters, Whole Foods Farm Raised Atlantic Wellfleet Oysters, Whole Foods Farm Raised Moondancer Oysters, Whole Foods Farm-Raised Black Mussels",food,food
Alcoholic beverage,food,food
Kang Shi Fu Artificial Beef Flavor with Picked Vegetable Noodle Soup,food,food
Ceramic pitchers,food_contact,food_contact
"Dried Green Teas, Dried Oolong Teas",food,food
"Gloves Made With Leather, Vinyl or Imitation Leather Materials",textile_or_soft_goods,textile_or_soft_goods
Homefree Organic Ginger Snap Mini Cookies,food,food
1/4-Inch x 25-Ft. Gray Vinyl Screen Spline,textile_or_soft_goods,textile_or_soft_goods
Fuel Pump Nozzles with Vinyl/PVC Covers,textile_or_soft_goods,textile_or_soft_goods
Vinyl/PVC Gloves,textile_or_soft_goods,textile_or_soft_goods
Alcoholic beverages,food,food
Dried Teas (Loose Leaf and Bagged),food,food
alcoholic beverages,food,food
Jo Malone London Vitamin E Nourishing Hand Cream Treatment,personal_care,personal_care
Alcoholic beverages,food,food
Alcoholic beverage,food,food
Children's PVC Jackets,children_products,children_products
Beam Protein 100% Grass-Fed Whey Protein Isolate for Muscle Recovery & Performance Chocolate Peanut Butter Flavored,food,food
Mint Candy,food,food
alcoholic beverages,food,food
Alcoholic beverages,food,food
"Cosmetic Bag ""In Case of Emergency put Mascara on Yourself Before Helping Others"", Crossbody Bag with Chain Strap (Alien Spaceship Design)",personal_care,personal_care
Glass and ceramicware with exterior artwork,food_contact,food_contact
"Limited Too Sleepover Spa Set, UPC No. 1 92040 02388 7, Limited Too Purse for Girls, UPC No. 7 0999676687 6",textile_or_soft_goods,personal_care
wood pellets and energy logs,furniture_or_building,furniture_or_building
Tuna,food,food
Vinyl/PVC Belts,textile_or_soft_goods,textile_or_soft_goods
Upholstered furniture including ottomans,furniture_or_building,furniture_or_building
Vinyl Coated Tape Measures,textile_or_soft_goods,textile_or_soft_goods
Whole Foods Market Tortilla Chips Heirloom Blue Corn,food,food
"Crossbody Bag, Handbag",textile_or_soft_goods,textile_or_soft_goods
Notebooks with vinyl cover,textile_or_soft_goods,textile_or_soft_goods
Glass and ceramicware with exterior artwork,food_contact,food_contact
Trident dry bag,textile_or_soft_goods,textile_or_soft_goods
Glass beverage container,food,food
"TCHO Natural Cocoa Powder , TCHO Roasted Cacao Nibs",food,food
Tea Light/Votive,food,food
alcoholic beverages,food,food
Spirit Halloween Skeleton Body Paint Makeup Kit,personal_care,personal_care
"Ceramic Teacups, Teapots and Saucers With Exterior Designs",food,food_contact
Marinela Gansito 2 Pack Chocolatey Filled Snake Cake - UPC No.: 074323095012,food,food
"Korova Black Bar 1000mg, Korova Mint Dip Cookie 250 mg, Korova Triple Chocolate Brownie 150 mg, Kushy Punch TKO 200 mg, Cheeba Chews Sativa 70 mg, Cheeba Chews Hybrid 70 mg, Kushy Punch Hybrid Tropical Punch 100 mg, Cheeba Chews Deca Dose 175 mg, Caviar Gold Cavi Cone Strawberry 60 mg, Caviar Gold Cavi Cone Grape, Caviar Gold Cavi Cone Original",food,food
Alcoholic beverage,food,food
"Mary's Gone Crackers, Super Seed Crackers, Seaweed and Black Sesame, 5.5 OZ (155 g) (Product Code: 85366500107)",food,food
Lazer Lil Gekko toddler/child helmet,children_products,children_products
Alcoholic beverage,food,food
Superfood Pinks,food,food
Soft Plastic Fishing Lures,food,food
"Dragon Pharma, Greens & Reds (Organic & Vegan Superfood) - Original, UPC#195893152438, Dragon Pharma, Venom Inferno (Extreme High Stim) Pre-Workout - Sandileta Shot, UPC#850040025934, Dragon Pharma, Mr. Veinz (Extreme Pump Catalyst) - Orange Fury, UPC#850066022153",food,food
Glassware,food_contact,food_contact
The Butcher Chop Shop Extra Dark Chocolate,food,food
"Nasal sprays, ointments and eye care products",household_cleaner,household_cleaner
Sidecar Doughnuts & Coffee Receipt,food,food
"Environmental Exposures; Occupational Exposures; and Product Exposures (Alcoholic Beverages (bars, mini bars); Swimming Pool/Hot Tubs; Food and Beverage Operations; Automobile Parking Facilities; Kitchen; Fireplaces and Patio Heaters; Valet (shoeshine and dry cleaning delivery); Matches; Arts & Crafts Supplies and Classes; Second-hand Smoke and Smokeless Tobacco Products; Cleaning Supplies/Janitorial; Maintenance/Power Tools; Furniture/Furnishings/Window Treatments; Public and Guest Bathrooms; Medical/First Aid Supplies; Internal Combustion (“IC”) Engines, Boilers and other Gas Burning Devices, and Fireplaces; Electronic Equipment, Electric Equipment and Associated Cables Wires and Batteries; Office Supplies and Office Equipment; Hand Tools, Hardware and Brass Keys; and Fertilizers, Soil Amendments, and Pesticides and Herbicides).",food,food
Brass Valved Beverage Dispensers,food,food
Vinyl/PVC Cutting Mats,textile_or_soft_goods,textile_or_soft_goods
Real Simple Solutions Garment Bag; UPC: 444444096999,textile_or_soft_goods,textile_or_soft_goods
Vinyl/PVC Stylus Toppers,textile_or_soft_goods,textile_or_soft_goods
Foam-Cushioned Pads for Infants and Children to Lie On,children_products,children_products
Children's Belts,children_products,children_products
"Progesterone creams, gels or lotions, Testosterone creams, gels or lotions",personal_care,personal_care
cosmetic products,personal_care,personal_care
"Wild Garden, Harissa Smokey Red Pepper Sauce & Dressing, UPC#074265003526, Wild Garden, Tahini Smoked Paprika Sauce & Dressing, UPC#074265003496",food,food
Grain free Better Cookie,food,food
Fishing Sinker,food,food
Plastic Cosmetic Bag,personal_care,personal_care
Alcoholic beverage,food,food
Work Chair with Vinyl/PVC Upholstery,textile_or_soft_goods,textile_or_soft_goods
Eti Tea Biscuits,food,food
Suction cup hooks,food_contact,food_contact
skin lightening creams,personal_care,personal_care
Annie Chun’s Sweet Chili Steamed Hokkien Noodles,food,food
Snack Products,food,food
Chatfield's Unsweetened Cocoa Powder,food,food
Alcoholic beverage,food,food
Vinyl Coated Measuring Tapes,textile_or_soft_goods,textile_or_soft_goods
Biryani Masala and Fish Masala,food,food
Alcoholic beverages,food,food
Orgain Chocolate Peanut Butter,food,food
Premium Steamed Octopus Leg,food,food
Leslie’s Thin and Crispy Honey Dipped Banana Chips,food,food
Glassware and ceramic products,food_contact,food_contact
Alcoholic beverage,food,food
DS Distinctive Style Shirt Pocket Protector 10 Pieces,textile_or_soft_goods,textile_or_soft_goods
Busoha Large Clear Mesh Vinyl Bag,textile_or_soft_goods,textile_or_soft_goods
Wallets with Plastic Components,textile_or_soft_goods,textile_or_soft_goods
Precious Moments Mug,food_contact,food_contact
Child Bath Toys,children_products,children_products
Fishing Sinker,food,food
Upholstered furniture including benches,furniture_or_building,furniture_or_building
Ceramic Coasters With Surface Designs,food_contact,food_contact
Vinyl pouches,textile_or_soft_goods,textile_or_soft_goods
Soft Food and Beverage Containers,food,food
Vinyl/PVC Coated Steel Cables,textile_or_soft_goods,textile_or_soft_goods
Eaton Fine Dining Mug & Bowl Set,food_contact,food_contact
"Zodaca Hanging Cosmetic Bag, X0019KPVVT",personal_care,personal_care
Ceramic Mugs,food_contact,food_contact
"Firewood, firestarters, firebricks and firelogs",furniture_or_building,furniture_or_building
Lord Nelson Brass Telescope Solid Hardwood Walking Stick,furniture_or_building,furniture_or_building
Milly Green Cosmetic Bag,personal_care,personal_care
"Environmental Exposures; Occupational Exposures; and Product Exposures (Alcoholic Beverages (bars, mini bars); Swimming Pool/Hot Tubs; Food and Beverage Operations; Automobile Parking Facilities; Kitchen; Matches; Second-hand Smoke and Smokeless Tobacco Products; Cleaning Supplies/Janitorial; Maintenance/Power Tools; Furniture/Furnishings/Window Treatments; Public and Guest Bathrooms; Medical/First Aid Supplies; Internal Combustion (“IC”) Engines, Boilers and other Gas Burning Devices, and Fireplaces; Electronic Equipment, Electric Equipment and Associated Cables Wires and Batteries; Office Supplies and Office Equipment; Hand Tools, Hardware and Brass Keys; and Fertilizers, Soil Amendments, and Pesticides and Herbicides).",food,food
"Smokehouse All Natural Wood Cherry Chips, Smokehouse All Natural Wood Hickory Chips",food,furniture_or_building
De La Cruz Vitamin E Cream,personal_care,personal_care
Glassware and Ceramic Products,food_contact,food_contact
"Gracie China Summer Rose Chintz All Over Dessert/Salad Plates, Set of 4 (8-Inch)",food_contact,food_contact
Candy,food,food
Alcoholic beverages,food,food
Ai Tropics Since 1970 Banana Chips,food,food
NPW Plant Lady Mug,food_contact,food_contact
Alcoholic beverages,food,food
Han Skincare Cosmetics Blush,personal_care,personal_care
Better Homes & Gardens storage bag,textile_or_soft_goods,textile_or_soft_goods
Octopus in Olive Oil,food,food
"Karma Purple-Striped Bag, S18-1BG20",textile_or_soft_goods,textile_or_soft_goods
Fig & Fern Mug,food_contact,food_contact
"BioSchwartz Greens Superfood + Prebiotic, Probiotic & Digestive Enzymes 30 servings 6.7 Oz",food,food
Santa’s Milk & Cookies Gift Set Tabletop,food,food
"Nader Foods, Funugreek Leaves, UPC#8535700048",food,food
Five Spice Powder,food,food
Bell and Evans Organic Breaded Chicken Breast Nuggets (12 oz),food,food
Global Design Connections Fox Mug,food_contact,food_contact
"Lang, Service Tool pliers with vinyl-coated grips",textile_or_soft_goods,textile_or_soft_goods
Alcoholic beverages,food,food
Rainbow Light Creamy Vanilla Protein Energizer,personal_care,personal_care
Pfaltzgraff “Be Fierce” 18oz Mug,food_contact,food_contact
"firewood, woodchips, charcoal",food,food
"Key Nutrients, Collagen Creamer Chocolate, UPC# X0032VOM8B",food,food
Tote bags,textile_or_soft_goods,textile_or_soft_goods
Purses and backpacks,textile_or_soft_goods,textile_or_soft_goods
"Korova Black Bar 1000mg, Korova Fifty One Fifty Bar 500 mg, Korova Mint Dip Cookie 250 mg, Korova Chocolate Chip Cookie 150 mg, Caviar Gold Cavi Cone Strawberry 60 mg, Caviar Gold Cavi Cone Apple, Caviar Gold Cavi Cone Original",food,food
Toasted Corn Crackers,food,food
Air Line Oilers,food,food
Ceramic and Glassware Products,food_contact,food_contact
stadium crossbody bags,textile_or_soft_goods,textile_or_soft_goods
BFree Naan Bread,food,food
Pennzoil Performax 100 SAE-10W-30 Motor Oil,food,food
furniture protectors,furniture_or_building,furniture_or_building
Leaded glassware,food_contact,food_contact
Painted toy figures,children_products,children_products
"Footwear with leather , vinyl and imitation leather components",textile_or_soft_goods,textile_or_soft_goods
"skin-lightening, whitening, and/or brightening cosmetics containing 1 ppm or more mercury or mercury compounds, Crave Sparkling Glow Beauty Cream, Crema la Milagrosa, Face Fresh Gold Beauty Cream, Hi Glow Beauty Cream, Seven Herbal Ubtan Cream, White Gold Anti-Marks Cream",personal_care,personal_care
Ground Chai Bush Spice,food,food
"Cosmetic/toiletries cases, Handbags, purses, clutches and totes",food,food
Steamed Hilsa Fish,food,food
InstaBomb Curry Seasoning Spice Bomb,food,food
"Instrument Pouches/Cases, Vinyl/PVC Tape Measures",textile_or_soft_goods,textile_or_soft_goods
"Western Alder BBQ Smoking Chips , Western Apple BBQ Smoking Chips, Western Cherry BBQ Smoking Chips , Western Maple BBQ Smoking Chips , Western Mesquite BBQ Smoking Chips , Western Oak Smokin’ Chips , Western Orange Smoking Chips , Western Peach Smoking Chips , Jack Daniel’s Whiskey Barrel Smoking Chips",food,food
Crossbody Bag,textile_or_soft_goods,textile_or_soft_goods
"firewood, woodchips, charcoal",food,food
Crossbody Bags,textile_or_soft_goods,textile_or_soft_goods
Suction Cup Mount Camera,food_contact,food_contact
"Ascent Plant Protein Plant-Powered Post-Workout Recovery Vanilla Bean Plant Protein Powder Blend, Ascent Plant Protein Plant-Powered Post-Workout Recovery Chocolate Plant Protein Powder Blend",food,food
Glass and ceramic products,food_contact,food_contact
Nasal sprays; Vaccines; Ophthalmic Solutions; and Antiseptic Creams and Ointments.,personal_care,household_cleaner
"Vinyl/PVC Seat Consoles, Automotive Seat Cushions with Vinyl/PVC Components",textile_or_soft_goods,textile_or_soft_goods
Vinyl/PVC Holiday Door Decorations,textile_or_soft_goods,textile_or_soft_goods
nasal spray,household_cleaner,household_cleaner
Blue Magic Metal Polish,household_cleaner,household_cleaner
Fishing Sinker,food,food
Task Leather Driver Gloves,textile_or_soft_goods,textile_or_soft_goods
California Mango On The Go Crossbody Bag,textile_or_soft_goods,textile_or_soft_goods
"Regalis Foods, Cockles in Brine, UPC#850052832841, Regalis Foods, Spicy Pepper Stuffed Gordal Olives, UPC#850052832667, Regalis Foods, Marinated Mussels in Olive Oil, UPC#850052832285, Regalis Foods, Petit Scallops in Galician Sauce, UPC#850052832858",food,food
Clamp Lamps with Vinyl/PVC Components,textile_or_soft_goods,textile_or_soft_goods
Salted Hairtail Fish,food,food
"Vinyl/PVC Bags , Vinyl/PVC Zipper Pulls",textile_or_soft_goods,textile_or_soft_goods
Betsey Johnson children’s Sandals,children_products,children_products
nasal sprays,household_cleaner,household_cleaner
3pc Set Cosmetic Bag,personal_care,personal_care
Ten Acre Gifts Grinch Coffee and Cocoa for Two,food,food
Shirakiku rice paper,food,food
"Footwear made with leather, vinyl or imitation leather",textile_or_soft_goods,textile_or_soft_goods
Shaye Clear Festival Bag,textile_or_soft_goods,textile_or_soft_goods
"Trader Joe's Fair Trade Organic Belgium Dark Chocolate 72%; Product Code: 00547833, Trader Joe's Uganda Dark Chocolate Bar 85%; Product Code: 00662925",food,food
Riffe bag,textile_or_soft_goods,textile_or_soft_goods
"Go-To-Work Kit, G-Tek Gloves, 34-C232/L, Go-To-Work Kit, Ear Plug (red cord), 265-100C/NRR32",textile_or_soft_goods,textile_or_soft_goods
Riding Crops with Vinyl/PVC Handles,textile_or_soft_goods,textile_or_soft_goods
"Flagging Tape, Safety Vests with Vinyl Components",textile_or_soft_goods,textile_or_soft_goods
PVC Racquet Bags,textile_or_soft_goods,textile_or_soft_goods
G Fore Collection Men’s Glove,textile_or_soft_goods,textile_or_soft_goods
Beyond Good Uganda Single Origin Toasted Hazelnut 73%; UPC: 9857500305,food,food
"Environmental Exposures; Occupational Exposures; and Product Exposures (Swimming Pool/Hot Tubs; Food and Beverage Operations; Automobile Parking Facilities; Fuel Dispensing; Hotel Transportation Vehicles; Kitchen; Valet (shoeshine and dry cleaning delivery); Second-hand Smoke and Smokeless Tobacco Products; Cleaning Supplies/Janitorial; Maintenance/Power Tools; Furniture/Furnishings/Window Treatments; Public and Guest Bathrooms; Medical/First Aid Supplies; Internal Combustion (“IC”) Engines, Boilers and other Gas Burning Devices, and Fireplaces; Electronic Equipment, Electric Equipment and Associated Cables Wires and Batteries; Office Supplies and Office Equipment; Hand Tools, Hardware and Brass Keys; and Fertilizers, Soil Amendments, and Pesticides and Herbicides).",food,food
Peanut Butter Chocolate Protein Bar,food,food
Duro vinyl letters,textile_or_soft_goods,textile_or_soft_goods
Truth in Food Creamy Pesto Shrimp,food,food
Snapo Jr. Children’s Bag,children_products,children_products
Glassware With Exterior Designs,food_contact,food_contact
Sport duffel bag,textile_or_soft_goods,textile_or_soft_goods
travel car seat bags,textile_or_soft_goods,textile_or_soft_goods
Fishing Sinker,food,food
Del Monte Quality Tomato Sauce,food,food
Cases with Vinyl Components,textile_or_soft_goods,textile_or_soft_goods
"Vinyl Smocks & Other Children's Toys & Accessories, Vinyl Bathroom Toys/Chidren's Items, Sporting Toys/Children's Items, Vinyl Boxing Gloves, Children's Soft Vinyl Balls, Vniyl Placemats, Vinyl Bags",children_products,children_products
Seaweed Chips,food,food
Ceramic beverage containers,food,food
Bag tag,textile_or_soft_goods,textile_or_soft_goods
Rice,food,food
"Functional Formularies Liquid Hope Organic Whole Foods Meal Replacement Original Formula Complete Plant Based Nutrition, Functional Formularies Liquid Hope Organic Whole Foods Meal Replacement Peptide Formula Complete Plant Based Nutrition, Functional Formularies Liquid Hope Organic Whole Foods Meal Replacement Peptide HP Formula High Protein Complete Plant Based Nutrition, Functional Formularies Liquid Hope Organic Whole Foods Meal Replacement Peptide Formula Berry Medley Complete Plant Based Nutrition, Functional Formularies Nourish Organic Whole Foods Meal Replacement Original Formula Complete Plant Based Nutrition, Functional Formularies Nourish Organic Whole Foods Meal Replacement Peptide Formula Complete Plant Based Nutrition, Functional Formularies Nourish Organic Whole Foods Meal Replacement Peptide Formula Berry Medley Complete Plant Based Nutrition, Functional Formularies Keto Organic Whole Food-Based Meal Replacement Ketogenic Formula Plant Based Nutrition",food,food
Cookies,food,food
Precious Moments Mug,food_contact,food_contact
"Sichuan Fuxin Food Co., Crisp Black Fungus, UPC#923807807839",food,food
Vinyl/PVC Audio Cables,textile_or_soft_goods,textile_or_soft_goods
Tools with Vinyl/PVC Handles,textile_or_soft_goods,textile_or_soft_goods
Valves with Vinyl Components,textile_or_soft_goods,textile_or_soft_goods
Kale Chips,food,food
vinyl covered toggle clamps,textile_or_soft_goods,textile_or_soft_goods
"Trader Joe’s Single Origin Chocolate Passport 73% Cacao Bar (Tanzania) [lead and cadmium], Trader Joe’s Single Origin Chocolate Passport 70% Cacao Bar (Sao Tome) [lead], Trader Joe’s Single Origin Chocolate Passport 70% Cacao Bar (Papua New Guinea) [lead and cadmium], Trader Joe’s Single Origin Chocolate Passport 70% Cacao Bar (Dominican Republic) [lead and cadmium], Trader Joe’s Single Origin Chocolate Passport 70% Cacao Bar (Ghana) [lead], Trader Joe’s Single Origin Chocolate Passport 70% Cacao Bar (Venezuela) [lead and cadmium], Trader Joe’s Single Origin Chocolate Passport 66% Cacao Bar (Ecuador) [lead and cadmium], Trader Joe’s Single Origin Chocolate Passport 60% Cacao Bar (Peru) [lead and cadmium]",food,food
cases of kiddie bowling sets,food_contact,food_contact
Bolani Spinach Filled flatbread,food,food
Sage & Emily 3 Piece Cosmetic Set Bag,personal_care,personal_care
Suction Cup Mount Camera,food_contact,food_contact
"Zaaschila brand Salsa Habanero - Mexican Homestyle Salsa, Bufalo brand Picante Bufalo - Salsa Picanta Clasica (Clasica Mexican Hot), Bufalo brand Picante Bufalo - Salsa Chilpotle (Chilpotle Mexican Hot Sauce), Bufalo brand Picante Bufalo - Salsa Jalapeno Rojo (Jalapeno Mexican Hot Sauce)",food,food
Nuri Spiced Sardines in Olive Oil UPC No. 0-3342800800-6,food,food
4-Inch x 20-Ft. White Flexible Vinyl Vent Hose,textile_or_soft_goods,textile_or_soft_goods
Peach Clear Cosmetic Bag,personal_care,personal_care
Rice,food,food
alcoholic beverages,food,food
"6940 Farmdale Ave., North Hollywood, CA 91605",furniture_or_building,furniture_or_building
"Aloha Limited Edition Organic Protein Bar Banana Bread Chocolate Chip Plant-Based Protein, Aloha Organic Protein Bar Almond Butter Cup Plant-Based Protein, Aloha Special Edition Organic Protein Bar The Taro Bar Plant-Based Protein, Aloha Limited Edition Organic Protein Bar Oatmeal Chocolate Chip Plant-Based Protein",food,food
Vinyl/PVC Automobile Seat Covers,textile_or_soft_goods,textile_or_soft_goods
"Beam Greens Superfood Blend for a Healthy Body and Mind Strawberry Kiwi Flavor, Beam Kids All-In-One Greens Superpowder Chocolate Flavor",food,food
Cptoion PVC Cosmetic & Toiletry Bags,food,food
Mugs With Exterior Designs,food_contact,food_contact
Sea Chef Seafood Argentine Red Shrimp,food,food
"OMG Super Foods, Brain Boost Instant Coffee, UPC#857245003040, TJX#174464",food,food
Alcoholic beverages,food,food
Superfood Shake,food,food
JP WinLook Ping Pong Set Cases with Vinyl Windows,textile_or_soft_goods,textile_or_soft_goods
Brown Vinyl Guest Check Presenter/Server Book,textile_or_soft_goods,textile_or_soft_goods
Shellfish,food,food
Glassware w/ Exterior Artwork,food_contact,food_contact
UPC842100122479; CW-0270 Blue Cosmetic Bag; ID: 87-60-190127-000800-41,personal_care,personal_care
Impossible Spicy Ground Sausage Meat From Plants,food,food
Glymed Plus Peptide Cream,personal_care,personal_care
ZonePerfect Nutrition Bar Double Dark Chocolate,food,food
oil fittings,food,food
Peanuts Pie Plate,food_contact,food_contact
Clear Lunch Bag with Cold Pack Compartment,textile_or_soft_goods,textile_or_soft_goods
Solimo sport sunscreen lotion,personal_care,personal_care
"Stormy 2.0 CBD Flower, Chemdawg CBD Flower, Sour Glue CBD Flower, Zittles CBD Flower, Tangie CBD Flower, Stardawg CBD Flower, Sovereign Bubba Kush CBD Flower, Sour Lifter CBD Flower, Skywalker CBD Flower, Mango Kush / Fire CBD Flower, Hercules CBD Flower, Headband CBD Flower, Green Dream CBG Flower, Gamma Kush CBD Flower, Fortified Frosted Freak CBD Flower, Cherry Ultra CBD Flower, Apple Jacks CBD Flower, Wu-5 CBD Flower, Mixed Buds CBD Flower, Abacus Purple Gas CBD Flower, Krypton Kush CBD Flower, Gloria CBD Flower, Ripple CBD Flower, Sunshine Daydream CBD Flower, Hercules CBD Flower, Gloria CBD Flower, Fortified Special Sauce CBD Flower, Lavender Kush CBD Flower, Orange Glaze CBD Flower, Strawberry Delight CBD Flower, Cascade Pineapple CBD Flower, Fortified White Whale CBD Flower, Magic Jordan CBD Flower, Green Gasoline CBD Flower, Bubba Remedy CBD Flower, Cherry Ultra CBD Flower, Peach Kush CBD Flower, Early Blossom CBD Flower, Stargazer CBD Flower, Purple Kush Pop CBD Flower, Sex Panther CBD Flower, Elektra CBD Flower, Suver CBD Flower, White CBG Flower, Hawaiian Haze CBD Flower, Sour Space Candy CBD Flower, Hemp Kush CBD Flower, Lifter CBD Flower, Special Sauce Hemp Flower, Lucky Leaf Hemp Prerolls, Lucky Leaf Menthol Hemp Prerolls, Fortified LA Cheesecake Hemp Prerolls, Caviar Hemp Prerolls, Fortified Sovereign Bubba Kush Hemp Prerolls, Frosted Lime Hemp Prerolls, Eighth Pack Hemp Prerolls, CBG Kief, CBD Kief, Myrcene Terpene Isolate, Full Spectrum CBD Tincture, CBD Full Spectrum Roll-On Stick, Full Spectrum CBD Capsules, Glueberry CBD Flower, Koko Nuggz Peanut Butter Jars + Delta 8",food,food
wine cooler bags,textile_or_soft_goods,textile_or_soft_goods
Asher Golf Evergreen Eggsell Golf Glove 2023 Womencrvi,textile_or_soft_goods,textile_or_soft_goods
Toiletry Bag,food,food
"Earth's Best butternut squash pear baby food pouches, Earth's Best sweet potato & beets baby food pouches",food,food
"Vinyl/PVC Pouches, Stools with Vinyl/PVC Upholstery containing Di(2-ethylhexyl)phthalate",textile_or_soft_goods,textile_or_soft_goods
Safety Vests with Vinyl/PVC Components,textile_or_soft_goods,textile_or_soft_goods
Stackable Ceramic Mugs With Exterior Designs,food_contact,food_contact
Upholstered furniture including chairs,furniture_or_building,furniture_or_building
cosmetics bags,personal_care,personal_care
NGU Superfood Greens Powder & Berries,food,food
Glassware with exterior artwork,food_contact,food_contact
Dried Teas (Loose Leaf and Bagged),food,food
Rice,food,food
"Aloha Organic Protein Bar Chocolate Fudge Brownie Plant-Based Protein, Aloha Organic Protein Bar Chocolate Mint Plant-Based Protein, Aloha Organic Protein Bar Peanut Butter Cup Plant-Based Protein",food,food
Vinyl Coated Tape Measures,textile_or_soft_goods,textile_or_soft_goods
Three Bakers Gluten Free Whole Grain Bread - White,food,food
"Valve Handle Grips, Valve Handle Grips, Vinyl/PVC Tool Pouches, Vinyl/PVC Tool Pouches",textile_or_soft_goods,textile_or_soft_goods
"D2R Handlebar Bag - Clear Plastic, UPC#635340190014",textile_or_soft_goods,textile_or_soft_goods
May Fung Lemon Branches in Checkered Ceramic Pot,food_contact,food_contact
"Ceramic Floral Design Pot, UPC# 8 86153 00920 2",food_contact,food_contact
shampoo products,personal_care,personal_care
Vinyl Tie Cases,textile_or_soft_goods,textile_or_soft_goods
"Fishing Weights, Including Kits Containing Such Items",food,food
Ottomans with Vinyl/PVC Upholstery containing Di(2-ethylhexyl)phthalate,textile_or_soft_goods,textile_or_soft_goods
"DANCO Hot and Cold stem, ACE Faucet Spray Hose, ACE Faucet Stem Diverter, ACE Universal Ball Rod Assembly",household_cleaner,household_cleaner
Aunt Helene Rocks N’ Roll Almond Cookies,food,food
"Imlak'esh Chi, Organic Plant Based Ground Meat Chi-Rizo, UPC#850036166009",food,food
Shroomeats Mushroom Patties,food,food
New Mexico Pinon Wood,furniture_or_building,furniture_or_building
MusclePharm Combat XL Mass Gainer - Chocolate,food,food
Paldo Bibim Rice Cake with Spicy Sauce,food,food
"Progesterone Creams, Testosterone Creams",personal_care,personal_care
Vinyl/PVC Tape Measure Straps,textile_or_soft_goods,textile_or_soft_goods
Flower Brand Baby Clams in Brine,children_products,children_products
Crime Scene Investigation Themed Toy Kits w/Fingerprint Powder,children_products,children_products
Ceramic containers with Exterior Artwork,food_contact,food_contact
White Pleather/Vinyl Storage Ottoman,textile_or_soft_goods,textile_or_soft_goods
Upholstered furniture including chairs,furniture_or_building,furniture_or_building
Trader Joe's Super Seedy Cheese Snack Bites,food,food
"Morning Shrum, Organic Mushroom Infused Coffee, UPC#195893968459",food,food
United Oil Gasoline Receipt,food,food
Studio OH! Lip Balm & Lotion Set (with Vinyl Case),personal_care,personal_care
Fishing Sinker,food,food
Alcoholic beverage,food,food
nasal spray,household_cleaner,household_cleaner
Heart & Soil Pure American Liver 500 MG Each 180 Capsules,food,food
Shellfish,food,food
"Miracle Noodle, Spinach Angel Hair, UPC#850033235036",food,food
Juice Glasses and Other Glassware,food,food_contact
Glassware with exterior artwork,food_contact,food_contact
"Environmental Exposures; Occupational Exposures; and Product Exposures (Alcoholic Beverages (bars, mini bars); Swimming Pool/Hot Tubs; Food and Beverage Operations; Automobile Parking Facilities; Kitchen; Fireplaces and Patio Heaters; Matches; Second-hand Smoke and Smokeless Tobacco Products; Cleaning Supplies/Janitorial; Maintenance/Power Tools; Furniture/Furnishings/Window Treatments; Public and Guest Bathrooms; Medical/First Aid Supplies; Internal Combustion (“IC”) Engines, Boilers and other Gas Burning Devices, and Fireplaces; Electronic Equipment, Electric Equipment and Associated Cables Wires and Batteries; Office Supplies and Office Equipment; Hand Tools, Hardware and Brass Keys; and Fertilizers, Soil Amendments, and Pesticides and Herbicides).",food,food
Fishing Sinker,food,food
"Chairs with Vinyl/PVC Upholstery, Chairs with Foam Padding",textile_or_soft_goods,textile_or_soft_goods
"Handbags, Fashion accessories",textile_or_soft_goods,textile_or_soft_goods
"Cheeba Chews Hybrid 70 mg, Cheeba Chews Sativa 70 mg, Korova Mint Dip Cookie 250 mg, Kushy Punch Hybrid Tropical Punch 100 mg, Kushy Punch TKO 200 mg",food,food
Tote Bag with PVC Components,textile_or_soft_goods,textile_or_soft_goods
"Korova Fifty One Fifty Bar 500 mg, Korova Triple Chocolate Brownie 150 mg",food,food
"Seats with Vinyl/PVC Upholstery, Vinyl/PVC Seat Cushions",textile_or_soft_goods,textile_or_soft_goods
Travel Toiletry Kit,food,food
Central Forge 12pc. Needle File Set Bag,textile_or_soft_goods,textile_or_soft_goods
Wood Handle Sickle Knife Cover,furniture_or_building,furniture_or_building
Cod Liver in Own Oil,food,food
Broken Rice,food,food
Glassware with artwork or designs on the exterior,food_contact,food_contact
Alcoholic beverage,food,food
Fish Mug,food,food_contact
Storage bags,textile_or_soft_goods,textile_or_soft_goods
Aura Cacia Bay Animating Oil,food,food
Blue Elephant Royal Thai Cuisine Yellow Curry Sauce,food,food
Vinyl Pen Pouches,textile_or_soft_goods,textile_or_soft_goods
"Good & Gather Baby Organic Pear, Zucchini, Blueberry + Spinach",children_products,children_products
Pollack Chips,food,food
"Psyllium Husk Powder 5 pound, 10 pound, and 55 pound bag",textile_or_soft_goods,textile_or_soft_goods
Ceramic Pitchers with Exterior Decorations,food_contact,food_contact
HONEY ALMOND Scented Foaming Hand Soap,personal_care,personal_care
vinyl bedding storage cases,textile_or_soft_goods,textile_or_soft_goods
Alcoholic beverages,food,food
Vinyl Floor Mats,textile_or_soft_goods,textile_or_soft_goods
Pennzoil Performax,food,food
Fishing Sinker,food,food
Ollie & Olivia Cosmetic Bag,personal_care,personal_care
Lago Wafer Cookies with Chocolate Cream Filling Sugar Free,food,food
"Birch Benders, Brownie a la Cup, UPC#810001560454",food_contact,food_contact
Ceramic Mugs With Exterior Designs,food_contact,food_contact
Lush Helping Hands Hand Cream,personal_care,personal_care
Aerosol spray paints and coatings and sealing compounds used to seal pipe and other plumbing joints.,household_cleaner,household_cleaner
Glassware Products,food_contact,food_contact
365 Everyday Value - Vegan Cheddar Flavor Almond & Sunflower Seed Flour Cookies,food,food
Envy Fine Clothing Receipt,textile_or_soft_goods,textile_or_soft_goods
Chocolate Chia Beet Bites,food,food
Measuring Cups With Exterior Designs,food_contact,food_contact
Go Macro Macrobar White Chocolate + Macadamia Nuts,food,food
Tuna,food,food
PVC Travel/Makeup/Cosmetic bags,personal_care,personal_care
"Environmental Exposures; Occupational Exposures; and Product Exposures (Alcoholic Beverages (bars, mini bars); Swimming Pool/Hot Tubs; Food and Beverage Operations; Automobile Parking Facilities; Kitchen; Matches; Second-hand Smoke and Smokeless Tobacco Products; Cleaning Supplies/Janitorial; Maintenance/Power Tools; Furniture/Furnishings/Window Treatments; Public and Guest Bathrooms; Medical/First Aid Supplies; Internal Combustion (“IC”) Engines, Boilers and other Gas Burning Devices, and Fireplaces; Electronic Equipment, Electric Equipment and Associated Cables Wires and Batteries; Office Supplies and Office Equipment; Hand Tools, Hardware and Brass Keys; and Fertilizers, Soil Amendments, and Pesticides and Herbicides).",food,food
Bottle Opener and Ice Cream Scoop,food_contact,personal_care
Sweet Potato Shaped Snack,food,food
"Nasal sprays, ointments and eye care products",household_cleaner,household_cleaner
Vinyl Erasers,textile_or_soft_goods,textile_or_soft_goods
Sour Strawberry Cookies Gummies,food,food
Fun World Vampire Blood Makeup,personal_care,personal_care
Life Is Better At The Campsite 4 Pack Mugs,food_contact,food_contact
Children's Bath Toys,children_products,children_products
Dried Green Teas,food,food
handbags,textile_or_soft_goods,textile_or_soft_goods
Seaweed snacks,food,food
Dried Shredded Fish,food,food
Crossbody Bag,textile_or_soft_goods,textile_or_soft_goods
Winter Spirit gloves,textile_or_soft_goods,textile_or_soft_goods
Whole Round Gudgeon Fish,food,food
Alcoholic beverage,food,food
Truly Los Angeles Purse SKU 87512112001499 UPC None,textile_or_soft_goods,textile_or_soft_goods
"Cheeba Chews Sativa 70 mg , Cheeba Chews Hybrid 70 mg , Korova Black Bar 1000mg , Korova Fifty One Fifty Bar 500 mg , Kushy Punch Hybrid Tropical Punch 100 mg , Kushy Punch TKO 200 mg , Korova Triple Chocolate Brownie 150 mg , Cheeba Chews Deca Dose 175 mg , Caviar Gold Cavi Cone Strawberry 60 mg , Caviar Gold Cavi Cone Apple , Caviar Gold Cavi Cone Grape, Caviar Gold Cavi Cone Original",food,food
Valve tools with vinyl/PVC components,textile_or_soft_goods,textile_or_soft_goods
Gloves with Vinyl/PVC Components,textile_or_soft_goods,textile_or_soft_goods
Vinyl infaltable structures,textile_or_soft_goods,textile_or_soft_goods
Clamps lamps with vinyl components,textile_or_soft_goods,textile_or_soft_goods
"Harney & Sons Golden Milk Powder, Turmeric, Ginger, Coconut & Spices, 8 oz Tin",food,food
"Vinyl and Faux Leather Wallets, Handbags, Purses, Clutches & Totes",textile_or_soft_goods,textile_or_soft_goods
Blue Striped Bowl with Floral Bird Lid,food_contact,food_contact
HexArmor Chrome SLT 4060 Glove,textile_or_soft_goods,textile_or_soft_goods
Tools with vinyl grips,textile_or_soft_goods,textile_or_soft_goods
Alcoholic beverage,food,food
Wood Treatment,furniture_or_building,furniture_or_building
Organizer with vinyl/PVC components,textile_or_soft_goods,textile_or_soft_goods
Seasoned Sardine Snack,food,food
Baby Love Bath Book,children_products,children_products
"750 ML Bottle of Bulleit Rye Whiskey listed for sale on delivery.com, All beer products listed under beer section at delivery.com, All wine products listed under wine section at delivery.com, All liquor products listed under the liquor section at delivery.com",food_contact,food_contact
Fried or Baked Potato or Sweet Potato Based Snack Foods,food,food
Lawn & Garden Sprayer hose,household_cleaner,household_cleaner
Upholstered furniture including chairs,furniture_or_building,furniture_or_building
Snack foods,food,food
Vinyl backpacks,textile_or_soft_goods,textile_or_soft_goods
"WERFORU Clear Double Grommet Belts, Winco Insulated Food Delivery Bag",food,textile_or_soft_goods
NuNaturals Cocoa Powder,food,food
Plum Organics Infant Formula with Iron Milk-Based Powder - Organic,children_products,children_products
Vinyl/PVC Buckets,textile_or_soft_goods,textile_or_soft_goods
Instant Flavored Coffee,food,food
New York Flatbreads Everything,food,food
"Perfect Keto Base - Coffee, Perfect Keto Base - Salted, Perfect Keto Medium Chain",food,food
Clairol Root Touch-Up by Nice 'n Easy Color Refreshing Spray for Dark to Medium Blonde,household_cleaner,household_cleaner
"Korova Fifty One Fifty Bar 500 mg, Korova Mint Dip Cookie 250 mg, Korova Triple Chocolate Brownie 150 mg",food,food
Foundations furniture cover,furniture_or_building,furniture_or_building
Lofty Coffee Receipt,food,food
Wooden outdoor furnishings,furniture_or_building,furniture_or_building
Glassware With Exterior Decorations,food_contact,food_contact
Grain Free Cookies,food,food
vinyl cords,textile_or_soft_goods,textile_or_soft_goods
Metal and Glass Containers,food_contact,food_contact
"firewood, woodchips, charcoal",food,food
"hose nozzles, sprinklers, sprinkler supports and bases, wands, shower heads, sprayers, hose couplings, connectors, quick connects, caps, converters, valves",household_cleaner,household_cleaner
"Country Archer Provisions, Plant-Based Jerky Teriyaki, UPC#850011381922, Country Archer Provisions, Plant-Based Jerky Spiced Bacon, UPC#850011381915",food,food
Alcoholic beverage,food,food
"Herbs and herbal products, traditional patent medicines, bulk herbs, infusions, extracted powders, tea pills, traditional pills, patent formulas, bulk teas, liquid extracts and/or capsules that are imported, exported, manufactured, packaged, distributed, marketed and/or sold by Twinlab.",food,food
Vinyl coated wire,textile_or_soft_goods,textile_or_soft_goods
"Glove and Ball Set, Sporting Toys",children_products,children_products
Misha Zadeh 180 Degrees Red Flower Mug,food_contact,food_contact
Pavoni Chocolate Mold,food,food
Foods Alive Dominican Cacao Powder Raw,food,food
Glassware and Ceramic Products,food_contact,food_contact
"Korova Chocolate Chip Cookie 150 mg, Korova Peanut Butter Cookie 160 mg",food,food
Walls t-shirts,textile_or_soft_goods,textile_or_soft_goods
"Henry & Lisa's Natural Seafood, Wild Sardines in Spring Water, UPC#812410000590",food,food
Babycakes Receipt,children_products,children_products
Born Concept Black Purse,textile_or_soft_goods,textile_or_soft_goods
Glassware and Ceramics w/Exterior Artwork,food_contact,food_contact
Vinyl/PVC Gloves,textile_or_soft_goods,textile_or_soft_goods
Canes with Vinyl Grips,textile_or_soft_goods,textile_or_soft_goods
Bebeautiful Professional Makeup Eyeshadow,personal_care,personal_care
Vinyl/PVC Dustpan Grips,textile_or_soft_goods,textile_or_soft_goods
"Vinyl/PVC Memo Pad Covers, Luggage Tags with Vinyl/PVC Components",textile_or_soft_goods,textile_or_soft_goods
Allerseb-T Therapeutic shampoo,personal_care,personal_care
"Garden of Life Raw Protein Beyond Organic - Protein Formula Chocolate Cacao Flavor, Garden of Life Raw Protein Beyond Organic - Protein Formula Original Flavor, Garden of Life Perfect Food Raw Organic Green - Super Food Chocolate Cacao Flavor, Garden of Life Raw Meal Beyond Organic Snack and Meal Replacement Vanilla Spiced Chai Flavor",food,food
"Tiberino, Basmati Rice with Porcini Mushrooms, UPC#814772020032",food,food
Glassware,food_contact,food_contact
Vinyl/PVC Aprons,textile_or_soft_goods,textile_or_soft_goods
Anchovies in Spanish Extra Virgin Olive Oil,food,food
"RAW Organic Protein Powder (all flavors and varieties), RAW Organic Fit Protein Powder (all flavors and varieties), RAW Organic Meal Protein Powder (all flavors and varieties), Whole Foods Exclusive RAW Organic Protein Powder (all flavors and varieties), Whole Foods Exclusive RAW Organic Meal Protein Powder (all flavors and varieties), Perfect Food RAW Organic Powder (all flavors and varieties), Perfect Food Powder (all flavors and varieties), Organic Plant Protein (all flavors and varieties)",food,food
"GNC Total Lean Shake Powder, French Vanilla , GNC Total Lean Shake Powder, Natural Vanilla , GNC Total Lean Shake Powder, Chocolate Peanut Butter, GNC Total Lean Shake Powder, Banana, GNC Total Lean Shake Powder, Mixed Berry, GNC Total Lean Shake Powder, Mango Smoothie, GNC Total Lean Shake Powder, Vanilla Bean, GNC Total Lean Shake Powder, Rich Chocolate",food,food
Sondra Roberts Tote Bag,textile_or_soft_goods,textile_or_soft_goods
365 Everyday Value - Whole Berry Cranberry Sauce Organic (14 oz),food,food
alcoholic beverages,food,food
Waterproof storage dry bag for beach kayak fishing camping,food,textile_or_soft_goods
Vinyl/PVC Helmet Pumps,textile_or_soft_goods,textile_or_soft_goods
Vinyl Bib,children_products,textile_or_soft_goods
Natural Woman Essential Body Cream,personal_care,personal_care
"fire-starters, fire-logs, firewood",furniture_or_building,furniture_or_building
Makeup Foundation and Concealer,personal_care,personal_care
Ceramic Containers and glassware with Exterior Artwork,food_contact,food_contact
"Wallets, Handbags, Purses and Clutches Made With Leather, Vinyl or Imitation Leather Materials",textile_or_soft_goods,textile_or_soft_goods
Headsets with Vinyl/PVC Components,textile_or_soft_goods,textile_or_soft_goods
St. Nicholas Square Gingerbread Spoon Rest,food,food
Raw Food World Cacao Powder,food,food
"Barbeque combustion materials including propane, briquettes, charcoal and wood chips",food,furniture_or_building
Walgreens Co Makeup Clutch,personal_care,personal_care
Mugs with Colored Artwork or Designs,food_contact,food_contact
Back Scratchers with Vinyl/PVC Grips,textile_or_soft_goods,textile_or_soft_goods
Sonia Kashuk Cosmetic Cube,personal_care,personal_care
Vinyl/PVC Tool Grips,textile_or_soft_goods,textile_or_soft_goods
Ceramic Mugs with Exterior Designs,food_contact,food_contact
Alcoholic beverage,food,food
Upholstered furniture including ottomans,furniture_or_building,furniture_or_building
"Comfort Seats Deluxe Soft Seat, Round Toilet Seat, UPC No. 8 17103 003957",food,food
Plum Organics Infant Formula with Iron Milk-Based Powder - Organic,children_products,children_products
My Tagalongs Compass Design Bag,textile_or_soft_goods,textile_or_soft_goods
"Environmental Exposures; Occupational Exposures; and Product Exposures (Alcoholic Beverages (bars, mini bars); Swimming Pool/Hot Tubs; Food and Beverage Operations; Automobile Parking Facilities; Equipment Maintenance; Hotel Transportation Vehicles; Kitchen; Valet (shoeshine and dry cleaning delivery); Candles; Matches; Arts & Crafts Supplies and Classes; Sterno Cooking Fuel; Second-hand Smoke and Smokeless Tobacco Products; Cleaning Supplies/Janitorial; Maintenance/Power Tools; Furniture/Furnishings/Window Treatments; Public and Guest Bathrooms; Medical/First Aid Supplies; Internal Combustion (“IC”) Engines, Boilers and other Gas Burning Devices, and Fireplaces; Electronic Equipment, Electric Equipment and Associated Cables Wires and Batteries; Office Supplies and Office Equipment; Hand Tools, Hardware and Brass Keys; and Fertilizers, Soil Amendments, and Pesticides and Herbicides).",food,food
"Consumer Progesterone & Testosterone Creams, Gels and/or Lotion Products",personal_care,personal_care
Fish Crackers,food,food
Travel Bottle Set,food_contact,food_contact
Ceramic Trays With Surface Decorations,food_contact,food_contact
Vinyl Storage Pouches,textile_or_soft_goods,textile_or_soft_goods
H&M leather glove,textile_or_soft_goods,textile_or_soft_goods
"Environmental Exposures; Occupational Exposures; and Product Exposures (Alcoholic Beverages (bars, mini bars); Swimming Pool/Hot Tubs; Food and Beverage Operations; Automobile Parking Facilities; Equipment Maintenance; Hotel Transportation Vehicles; Kitchen; Valet (shoeshine and dry cleaning delivery); Matches; Sterno Cooking Fuel; Second-hand Smoke and Smokeless Tobacco Products; Cleaning Supplies/Janitorial; Maintenance/Power Tools; Furniture/Furnishings/Window Treatments; Public and Guest Bathrooms; Medical/First Aid Supplies; Internal Combustion (“IC”) Engines, Boilers and other Gas Burning Devices, and Fireplaces; Electronic Equipment, Electric Equipment and Associated Cables Wires and Batteries; Office Supplies and Office Equipment; Hand Tools, Hardware and Brass Keys; and Fertilizers, Soil Amendments, and Pesticides and Herbicides).",food,food
Ginger and Fruit Snack Food,food,food
Vintage Summer Vacay Blue Tote Bag; RN174919; UPC: 817586028041,textile_or_soft_goods,textile_or_soft_goods
Glassware Products,food_contact,food_contact
Ceramic Mugs With Exterior Designs,food_contact,food_contact
Ahi Tuna Steak and Swordfish Steak,food,food
Alcoholic beverages,food,food
Coffee Partner Ground Chicory,food,food
"Cheeba Chews Hybrid 70 mg, Korova Black Bar 1000mg, Korova Mint Dip Cookie 250 mg, Korova Fifty One Fifty Bar 500 mg, Kushy Punch TKO 200 mg, Cheeba Chews Sativa 70 mg, Cheeba Chews Deca Dose 175 mg",food,food
"Pampa Boiled Oysters, Pampa Fancy Smoked Mussels in Vegetable Oil",food,food
Shellfish,food,food
"MacroLife Naturals, Macro Greens Superfood, UPC#852434001012",food,food
Vinyl/PVC Spring Clamp Grips,textile_or_soft_goods,textile_or_soft_goods
Gloves,textile_or_soft_goods,textile_or_soft_goods
Bracelets with Vinyl Charm Plugs,textile_or_soft_goods,textile_or_soft_goods
Clothing and Rainwear,textile_or_soft_goods,textile_or_soft_goods
Clothing made of PVC,textile_or_soft_goods,textile_or_soft_goods
Suave aloe soothing lotion,personal_care,personal_care
Cosmetic Bags,personal_care,personal_care
"Patak's, Mango Pickle Relish, UPC#069276012056, Patak's, Hot Curry Spice Paste, UPC#069276032009, Patak's, Tandoori Marinade Paste, UPC#069276032153",food,food
Foam-Cushioned Upholstered Furniture,furniture_or_building,furniture_or_building
Wallet with PVC Components,textile_or_soft_goods,textile_or_soft_goods
Glassware with exterior artwork,food_contact,food_contact
Pocas Bowl Noodle Soup Spicy Beef Flavor,food,food
"Environmental Exposures; Occupational Exposures; and Product Exposures (Swimming Pool/Hot Tubs; Food and Beverage Operations; Automobile Parking Facilities; Equipment Maintenance; Kitchen; Fireplaces and Patio Heaters; Valet (shoeshine and dry cleaning delivery); Candles; Matches; Sterno Cooking Fuel; Second-hand Smoke and Smokeless Tobacco Products; Cleaning Supplies/Janitorial; Maintenance/Power Tools; Furniture/Furnishings/Window Treatments; Public and Guest Bathrooms; Medical/First Aid Supplies; Internal Combustion (“IC”) Engines, Boilers and other Gas Burning Devices, and Fireplaces; Electronic Equipment, Electric Equipment and Associated Cables Wires and Batteries; Office Supplies and Office Equipment; Hand Tools, Hardware and Brass Keys; and Fertilizers, Soil Amendments, and Pesticides and Herbicides).",food,food
Wang Glass Noodle,food,food
Artistic Krystal Nonglare Deskmat - Rectangle - Polyvinyl,textile_or_soft_goods,food
Soft Plastic Fishing Lures,food,food
"Xelement Motorcycle Bag, Style No. 14",textile_or_soft_goods,textile_or_soft_goods
Vinyl/PVC Cutting Mats,textile_or_soft_goods,textile_or_soft_goods
Gloves with Vinyl/PVC Components,textile_or_soft_goods,textile_or_soft_goods
"Conservas de Cambados mussels from Galicia in Marinade, Conservas de Cambados small scallops in Galician Sauce",food,food
Sunglasses with Vinyl Nosepiece,textile_or_soft_goods,textile_or_soft_goods
"Korova Black Bar 1000mg, Korova Fifty One Fifty Bar 500 mg, TKO Peanut Butter Cookie 160 mg",food,food
Vinyl/PVC Cutting Mats,textile_or_soft_goods,textile_or_soft_goods
Mackerel in Extra Virgin Olive Oil with Piri-Piri,food,food
Shellfish,food,food
Biologique Recherche Lotion P50 PIGM 400 Exfoliating and Brightening P50 Lotion,personal_care,personal_care
Glassware and Ceramic Products,food_contact,food_contact
Glassware with Exterior Designs,food_contact,food_contact
Novex Doctor Castor Shampoo,personal_care,personal_care
Ceramicware with exterior artwork,food_contact,food_contact
Alcoholic beverage,food,food
"Baby Cuttlefish Whole Cleaned (UPC: 854336202863), Baby Cuttlefish Whole Cleaned (UPC: 854336202870)",food,children_products
Unique Bargains Round Split Shot Fishing Sinker Weight 100 Pcs,food,food
Ceramic Mugs With Exterior Designs,food_contact,food_contact
Cookware,food_contact,food_contact
"apple chips,cherry chips,hickory chips, hickory chunks,mesquite chips,mesquite chunks,oak chunks",food,food
Glassware,food_contact,food_contact
"Flackers, Flax Seed Crackers Savory, UPC#893615002008",food,food
Vinyl Bags,textile_or_soft_goods,textile_or_soft_goods
Cosmetic/toiletry bags,food,food
Glassware with exterior artwork,food_contact,food_contact
cosmetics cases,personal_care,personal_care
"Stello Foods, Fig Infused Dark Balsamic Vinegar, UPC#751971001007, Stello Foods, Traditional Style Infused Dark Balsamic Vinegar, UPC#751971001021",food,food
"MaxFli Shoe Bag, Color: black, UPC#8 86081 74182 3, MX14Shoe",textile_or_soft_goods,textile_or_soft_goods
Professional Gloves,textile_or_soft_goods,textile_or_soft_goods
LED Butterfly Lights with Suction Cups,food_contact,food_contact
"Shampoo and Liquid Soaps Such as Hand Soap, Body Wash and Bubble Bath",personal_care,personal_care
Canned shellfish,food,food
Shoreline Marine Wire Fishing Rod Holder with Mount UPC013893766632,food,food
"Delizie di Calabria, Bomba Calabrese Hot Pepper Sauce, UPC#8007548005810",food,food
Gaming chips,food,food
"Micro Ingredients, Super Greens Superfood Powder - Original, UPC#X004FMP0OB",food,food
Earth Therapeutics Tea Tree Oil Moisturizing Foot Mask,food,food
Threaded Bowl Plugs,food_contact,food_contact
Moana 2 Bag,textile_or_soft_goods,textile_or_soft_goods
Alcoholic beverage,food,food
Whole Foods Market Heirloom White Corn Tortilla Chips,food,food
Moisturizing Creams,personal_care,personal_care
Kylie Cosmetics Blush,personal_care,personal_care
Milk-Based Powder Infant Formula with Iron,children_products,children_products
Raley's Purely Made Organic Baby Spinach Triple Washed,children_products,children_products
Ceramicware,food_contact,food_contact
Seaweed Chips,food,food
Glassware and Ceramicware Products,food_contact,food_contact
SunButter On The Go Chocolate Sunflower Seed Butter (SKU # 73753919646),food,food
"Whole Foods Wild Caught Cockles Clam, Mussel King Pei Mussels in Garlic & Butter Flavored Sauce, Whole Foods Farm-Raised Littleneck Clams, Whole Foods Farm Raised Makana o Ke Kai Gift of the Sea Pacific Oysters, Whole Foods Farm Raised Takara Pacific Oysters, Whole Foods Farm Raised Chebooktook Oysters, Whole Foods Farm Raised Atlantic Wellfleet Oysters, Whole Foods Farm Raised Moondancer Oysters, Whole Foods Farm-Raised Black Mussels",food,food
Glassware with Exterior Artwork,food_contact,food_contact
Carbonaut gluten free bagels,textile_or_soft_goods,textile_or_soft_goods
Mehron Makeup Mixing Liquid,personal_care,personal_care
Sharetea Receipt,food,children_products
"Korova Black Bar 1000mg, Korova Mint Dip Cookie 250 mg, Korova Chocolate Chip Cookie 150 mg",food,food
MyTagalongs pouch/bag/clutch,textile_or_soft_goods,textile_or_soft_goods
Vinyl/PVC Extension Cords,textile_or_soft_goods,textile_or_soft_goods
"Twin Peaks Ingredients, Protein Puffs Nacho Cheese Flavor, UPC#850000796324, Twin Peaks Ingredients, Protein Puffs Sour Cream & Onion Flavor, UPC#850000796348",personal_care,personal_care
handbags,textile_or_soft_goods,textile_or_soft_goods
Bottle stopper,food_contact,food_contact
Carter Beauty Blusher Palette Cupid,food_contact,personal_care
"Wallets, Handbags, Purses, and Clutches Made with Leather, Vinyl or Imitation Leather Materials",textile_or_soft_goods,textile_or_soft_goods
Upholstered furniture including chairs,furniture_or_building,furniture_or_building
Blend Mineral Cosmetics Pure Pigment Eyeshadow - Ultramine Blue,personal_care,personal_care
Sardines in Tomato Sauce,food,food
Tea Monks Receipt,food,food
Organic Triscuit Cracked Pepper & Olive Oil,food,food
Bore Cleaner,household_cleaner,household_cleaner
Fish oil dietary supplements,food,food
Inflatable Ring Cushions with Vinyl/PVC Air Valves,textile_or_soft_goods,textile_or_soft_goods
Gloves with Vinyl/PVC Components,textile_or_soft_goods,textile_or_soft_goods
tank bags,textile_or_soft_goods,textile_or_soft_goods
Vinyl/PVC Tie-Out Cables,textile_or_soft_goods,textile_or_soft_goods
Bowl with Animal Attachment,food_contact,food_contact
Seaweed Snack,food,food
Knife roll bags,textile_or_soft_goods,textile_or_soft_goods
Premium Steamed Octopus Leg,food,food
"CheebaChews Hybrid 70 mg, Cheeba Chews Sativa 70 mg, Cheeba Chews Deca Dose 175 mg, TKO Peanut Butter Cookie 160 mg",food,food
"XOXO Black wallet, UPC: 196540382000, SKU: 400257644086",textile_or_soft_goods,textile_or_soft_goods
Tool Bags Made With Vinyl-Coated Nylon,textile_or_soft_goods,textile_or_soft_goods
Benches with Vinyl/PVC Upholstery containing Di(2-ethylhexyl)phthalate,textile_or_soft_goods,textile_or_soft_goods
Seafood Mix,food,food
Glassware with Exterior Artwork,food_contact,food_contact
"UPC841643117126; Item 13332 Vera® Reagan Full Queen 3 Piece Set; ID: 60-7066-106783-001999-10-2, UPC842100122479; CW-0270 Blue Cosmetic Bag; ID: 87-60-190127-000800-41, P.O. #YW-00001; Style 66-0003; Color: Blue; TJ-2301 “Hey Beautiful” Cosmetic Bag; ID: 87-6006-215162-000699-10-2, P.O.#: YW-00001; Style: 66-0008; Color: Pink Clear Bag with Gold Trim; ID: 87-6007-186560-000999-10-2, UPC5052599016189 Dream Odyssey Blue Cosmetic Bag A Gift From the Gods; ID: 87-160668-000499, UPC841179115887; SN21013NIK Bino® Shower Caddy",personal_care,personal_care
Vinyl/PVC Guitar Straps,textile_or_soft_goods,textile_or_soft_goods
Lead-core fishing line,food,food
Vinyl Covered Cushion Toilet Seat,food,textile_or_soft_goods
Steve Madden fabric shower liners,textile_or_soft_goods,textile_or_soft_goods
